time,funding
2025-09-06 20:00:00.002000+00:00,1.25e-05
2025-09-06 21:00:00.008000+00:00,9.462e-06
2025-09-06 22:00:00.026000+00:00,1.25e-05
2025-09-06 23:00:00.056000+00:00,9.2932e-06
2025-09-07 00:00:00.012000+00:00,9.4793e-06
2025-09-07 01:00:00.027000+00:00,1.25e-05
2025-09-07 02:00:00.006000+00:00,1.16247e-05
2025-09-07 03:00:00.048000+00:00,1.20847e-05
2025-09-07 04:00:00.054000+00:00,1.25e-05
2025-09-07 05:00:00.006000+00:00,1.10714e-05
2025-09-07 06:00:00.121000+00:00,1.0959e-05
2025-09-07 07:00:00.062000+00:00,1.17446e-05
2025-09-07 08:00:00.034000+00:00,1.25e-05
2025-09-07 09:00:00.039000+00:00,1.25e-05
2025-09-07 10:00:00.001000+00:00,1.25e-05
2025-09-07 11:00:00.055000+00:00,9.1604e-06
2025-09-07 12:00:00.020000+00:00,9.4443e-06
2025-09-07 13:00:00.003000+00:00,1.25e-05
2025-09-07 14:00:00.011000+00:00,1.25e-05
2025-09-07 15:00:00.109000+00:00,1.25e-05
2025-09-07 16:00:00.046000+00:00,1.25e-05
2025-09-07 17:00:00.034000+00:00,1.25e-05
2025-09-07 18:00:00.050000+00:00,1.25e-05
2025-09-07 19:00:00.022000+00:00,1.25e-05
2025-09-07 20:00:00.102000+00:00,1.25e-05
2025-09-07 21:00:00.013000+00:00,1.25e-05
2025-09-07 22:00:00.031000+00:00,1.25e-05
2025-09-07 23:00:00.036000+00:00,1.25e-05
2025-09-08 00:00:00.089000+00:00,1.25e-05
2025-09-08 01:00:00+00:00,1.25e-05
2025-09-08 02:00:00.018000+00:00,1.25e-05
2025-09-08 03:00:00.054000+00:00,1.25e-05
2025-09-08 04:00:00.002000+00:00,1.25e-05
2025-09-08 05:00:00.116000+00:00,1.25e-05
2025-09-08 06:00:00.061000+00:00,1.25e-05
2025-09-08 07:00:00.040000+00:00,1.25e-05
2025-09-08 08:00:00.066000+00:00,1.25e-05
2025-09-08 09:00:00.092000+00:00,1.25e-05
2025-09-08 10:00:00.019000+00:00,1.25e-05
2025-09-08 11:00:00.029000+00:00,1.25e-05
2025-09-08 12:00:00.030000+00:00,1.25e-05
2025-09-08 13:00:00.100000+00:00,1.25e-05
2025-09-08 14:00:00.016000+00:00,1.25e-05
2025-09-08 15:00:00.068000+00:00,1.25e-05
2025-09-08 16:00:00.050000+00:00,1.25e-05
2025-09-08 17:00:00.111000+00:00,1.25e-05
2025-09-08 18:00:00.057000+00:00,1.25e-05
2025-09-08 19:00:00.010000+00:00,1.25e-05
2025-09-08 20:00:00.073000+00:00,1.25e-05
2025-09-08 21:00:00.040000+00:00,1.25e-05
2025-09-08 22:00:00.039000+00:00,1.25e-05
2025-09-08 23:00:00.057000+00:00,1.25e-05
2025-09-09 00:00:00.071000+00:00,1.25e-05
2025-09-09 01:00:00.055000+00:00,1.25e-05
2025-09-09 02:00:00.059000+00:00,1.25e-05
2025-09-09 03:00:00.047000+00:00,1.25e-05
2025-09-09 04:00:00.039000+00:00,1.25e-05
2025-09-09 05:00:00.039000+00:00,1.25e-05
2025-09-09 06:00:00.110000+00:00,1.25e-05
2025-09-09 07:00:00.007000+00:00,1.25e-05
2025-09-09 08:00:00.017000+00:00,1.25e-05
2025-09-09 09:00:00.038000+00:00,1.25e-05
2025-09-09 10:00:00.059000+00:00,1.25e-05
2025-09-09 11:00:00.047000+00:00,1.25e-05
2025-09-09 12:00:00.031000+00:00,1.25e-05
2025-09-09 13:00:00.048000+00:00,1.25e-05
2025-09-09 14:00:00.019000+00:00,1.25e-05
2025-09-09 15:00:00.041000+00:00,1.25e-05
2025-09-09 16:00:00.051000+00:00,1.25e-05
2025-09-09 17:00:00.032000+00:00,1.25e-05
2025-09-09 18:00:00.037000+00:00,1.25e-05
2025-09-09 19:00:00.034000+00:00,1.25e-05
2025-09-09 20:00:00.054000+00:00,1.25e-05
2025-09-09 21:00:00.029000+00:00,1.25e-05
2025-09-09 22:00:00.044000+00:00,1.25e-05
2025-09-09 23:00:00+00:00,1.25e-05
2025-09-10 00:00:00.029000+00:00,1.25e-05
2025-09-10 01:00:00.014000+00:00,1.25e-05
2025-09-10 02:00:00.014000+00:00,1.25e-05
2025-09-10 03:00:00.037000+00:00,1.25e-05
2025-09-10 04:00:00.083000+00:00,1.25e-05
2025-09-10 05:00:00.009000+00:00,1.25e-05
2025-09-10 06:00:00.097000+00:00,1.25e-05
2025-09-10 07:00:00.063000+00:00,1.25e-05
2025-09-10 08:00:00.058000+00:00,1.25e-05
2025-09-10 09:00:00.087000+00:00,1.25e-05
2025-09-10 10:00:00.038000+00:00,1.25e-05
2025-09-10 11:00:00.127000+00:00,1.25e-05
2025-09-10 12:00:00.084000+00:00,1.25e-05
2025-09-10 13:00:00.100000+00:00,1.25e-05
2025-09-10 14:00:00.042000+00:00,1.25e-05
2025-09-10 15:00:00.099000+00:00,1.25e-05
2025-09-10 16:00:00.044000+00:00,1.25e-05
2025-09-10 17:00:00.005000+00:00,1.25e-05
2025-09-10 18:00:00.032000+00:00,1.25e-05
2025-09-10 19:00:00.003000+00:00,1.25e-05
2025-09-10 20:00:00.050000+00:00,1.25e-05
2025-09-10 21:00:00.008000+00:00,1.25e-05
2025-09-10 22:00:00.018000+00:00,1.25e-05
2025-09-10 23:00:00.009000+00:00,1.25e-05
2025-09-11 00:00:00.090000+00:00,1.25e-05
2025-09-11 01:00:00.051000+00:00,1.25e-05
2025-09-11 02:00:00.011000+00:00,1.25e-05
2025-09-11 03:00:00.096000+00:00,1.34829e-05
2025-09-11 04:00:00.016000+00:00,1.58828e-05
2025-09-11 05:00:00.032000+00:00,1.5794e-05
2025-09-11 06:00:00.077000+00:00,1.25e-05
2025-09-11 07:00:00.052000+00:00,1.25e-05
2025-09-11 08:00:00.065000+00:00,1.25e-05
2025-09-11 09:00:00.055000+00:00,1.25e-05
2025-09-11 10:00:00.014000+00:00,1.25e-05
2025-09-11 11:00:00.002000+00:00,1.25e-05
2025-09-11 12:00:00.045000+00:00,1.25e-05
2025-09-11 13:00:00.020000+00:00,1.25e-05
2025-09-11 14:00:00.059000+00:00,1.25e-05
2025-09-11 15:00:00.142000+00:00,1.25e-05
2025-09-11 16:00:00.001000+00:00,1.25e-05
2025-09-11 17:00:00.077000+00:00,1.25e-05
2025-09-11 18:00:00.082000+00:00,1.25e-05
2025-09-11 19:00:00.007000+00:00,1.25e-05
2025-09-11 20:00:00.007000+00:00,1.25e-05
2025-09-11 21:00:00.078000+00:00,1.25e-05
2025-09-11 22:00:00.029000+00:00,1.25e-05
2025-09-11 23:00:00.037000+00:00,1.25e-05
2025-09-12 00:00:00.055000+00:00,1.36991e-05
2025-09-12 01:00:00.004000+00:00,1.25416e-05
2025-09-12 02:00:00.060000+00:00,1.4341e-05
2025-09-12 03:00:00.053000+00:00,1.59083e-05
2025-09-12 04:00:00.037000+00:00,1.50153e-05
2025-09-12 05:00:00.006000+00:00,1.94856e-05
2025-09-12 06:00:00.027000+00:00,2.49676e-05
2025-09-12 07:00:00.044000+00:00,2.19996e-05
2025-09-12 08:00:00.005000+00:00,1.37351e-05
2025-09-12 09:00:00.066000+00:00,1.25e-05
2025-09-12 10:00:00.100000+00:00,1.25e-05
2025-09-12 11:00:00.040000+00:00,1.25e-05
2025-09-12 12:00:00.062000+00:00,1.25e-05
2025-09-12 13:00:00.062000+00:00,1.25e-05
2025-09-12 14:00:00.038000+00:00,1.25e-05
2025-09-12 15:00:00.048000+00:00,1.30608e-05
2025-09-12 16:00:00.064000+00:00,1.25e-05
2025-09-12 17:00:00.018000+00:00,1.25e-05
2025-09-12 18:00:00.026000+00:00,1.25e-05
2025-09-12 19:00:00.066000+00:00,1.45935e-05
2025-09-12 20:00:00.057000+00:00,1.49656e-05
2025-09-12 21:00:00.007000+00:00,2.15153e-05
2025-09-12 22:00:00.031000+00:00,2.4131e-05
2025-09-12 23:00:00.007000+00:00,2.64588e-05
2025-09-13 00:00:00.038000+00:00,1.25e-05
2025-09-13 01:00:00.008000+00:00,1.87822e-05
2025-09-13 02:00:00.011000+00:00,2.78398e-05
2025-09-13 03:00:00.107000+00:00,2.29251e-05
2025-09-13 04:00:00+00:00,2.55003e-05
2025-09-13 05:00:00.060000+00:00,2.0773e-05
2025-09-13 06:00:00.032000+00:00,2.92318e-05
2025-09-13 07:00:00.040000+00:00,3.2564e-05
2025-09-13 08:00:00.064000+00:00,3.59791e-05
2025-09-13 09:00:00.005000+00:00,3.33068e-05
2025-09-13 10:00:00.044000+00:00,4.70666e-05
2025-09-13 11:00:00.042000+00:00,4.39241e-05
2025-09-13 12:00:00.046000+00:00,3.79633e-05
2025-09-13 13:00:00.035000+00:00,2.4696e-05
2025-09-13 14:00:00.053000+00:00,3.10508e-05
2025-09-13 15:00:00.013000+00:00,4.16945e-05
2025-09-13 16:00:00.049000+00:00,3.62243e-05
2025-09-13 17:00:00.030000+00:00,3.15084e-05
2025-09-13 18:00:00.037000+00:00,3.33902e-05
2025-09-13 19:00:00.042000+00:00,3.76935e-05
2025-09-13 20:00:00.032000+00:00,1.63638e-05
2025-09-13 21:00:00.082000+00:00,2.41852e-05
2025-09-13 22:00:00.128000+00:00,2.77165e-05
2025-09-13 23:00:00.121000+00:00,1.63593e-05
2025-09-14 00:00:00.036000+00:00,2.36909e-05
2025-09-14 01:00:00.008000+00:00,1.25e-05
2025-09-14 02:00:00.034000+00:00,1.25e-05
2025-09-14 03:00:00.007000+00:00,1.25e-05
2025-09-14 04:00:00.044000+00:00,1.25e-05
2025-09-14 05:00:00.080000+00:00,1.25e-05
2025-09-14 06:00:00.022000+00:00,1.42234e-05
2025-09-14 07:00:00.026000+00:00,1.25e-05
2025-09-14 08:00:00.033000+00:00,1.25e-05
2025-09-14 09:00:00.057000+00:00,1.25e-05
2025-09-14 10:00:00.048000+00:00,1.25e-05
2025-09-14 11:00:00.030000+00:00,1.25e-05
2025-09-14 12:00:00.037000+00:00,1.25e-05
2025-09-14 13:00:00.025000+00:00,1.25e-05
2025-09-14 14:00:00.084000+00:00,1.25e-05
2025-09-14 15:00:00.078000+00:00,1.25e-05
2025-09-14 16:00:00.118000+00:00,1.25e-05
2025-09-14 17:00:00.032000+00:00,1.25e-05
2025-09-14 18:00:00.027000+00:00,1.25e-05
2025-09-14 19:00:00.060000+00:00,1.25e-05
2025-09-14 20:00:00.028000+00:00,1.25e-05
2025-09-14 21:00:00.035000+00:00,1.25e-05
2025-09-14 22:00:00.007000+00:00,1.25e-05
2025-09-14 23:00:00.009000+00:00,1.25e-05
2025-09-15 00:00:00.027000+00:00,1.25e-05
2025-09-15 01:00:00.015000+00:00,1.25e-05
2025-09-15 02:00:00.009000+00:00,1.25e-05
2025-09-15 03:00:00.066000+00:00,1.25e-05
2025-09-15 04:00:00.008000+00:00,1.25e-05
2025-09-15 05:00:00.050000+00:00,1.25e-05
2025-09-15 06:00:00.044000+00:00,1.25e-05
2025-09-15 07:00:00.013000+00:00,1.25e-05
2025-09-15 08:00:00.017000+00:00,1.25e-05
2025-09-15 09:00:00.001000+00:00,1.25e-05
2025-09-15 10:00:00.048000+00:00,1.25e-05
2025-09-15 11:00:00.076000+00:00,1.25e-05
2025-09-15 12:00:00.020000+00:00,1.25e-05
2025-09-15 13:00:00.014000+00:00,1.25e-05
2025-09-15 14:00:00.116000+00:00,1.25e-05
2025-09-15 15:00:00.031000+00:00,1.25e-05
2025-09-15 16:00:00.022000+00:00,1.25e-05
2025-09-15 17:00:00.099000+00:00,1.25e-05
2025-09-15 18:00:00.041000+00:00,1.25e-05
2025-09-15 19:00:00.063000+00:00,1.25e-05
2025-09-15 20:00:00.092000+00:00,1.25e-05
2025-09-15 21:00:00.047000+00:00,1.25e-05
2025-09-15 22:00:00.030000+00:00,1.25e-05
2025-09-15 23:00:00.060000+00:00,1.25e-05
2025-09-16 00:00:00.021000+00:00,1.25e-05
2025-09-16 01:00:00.020000+00:00,1.25e-05
2025-09-16 02:00:00.103000+00:00,1.25e-05
2025-09-16 03:00:00.020000+00:00,1.25e-05
2025-09-16 04:00:00.055000+00:00,1.25e-05
2025-09-16 05:00:00.033000+00:00,1.25e-05
2025-09-16 06:00:00+00:00,1.25e-05
2025-09-16 07:00:00.117000+00:00,1.25e-05
2025-09-16 08:00:00.093000+00:00,1.25e-05
2025-09-16 09:00:00.063000+00:00,1.25e-05
2025-09-16 10:00:00.055000+00:00,1.25e-05
2025-09-16 11:00:00.005000+00:00,1.25e-05
2025-09-16 12:00:00.032000+00:00,1.25e-05
2025-09-16 13:00:00.053000+00:00,1.25e-05
2025-09-16 14:00:00.018000+00:00,1.25e-05
2025-09-16 15:00:00.026000+00:00,1.25e-05
2025-09-16 16:00:00.021000+00:00,1.25e-05
2025-09-16 17:00:00.002000+00:00,1.25e-05
2025-09-16 18:00:00.032000+00:00,1.25e-05
2025-09-16 19:00:00.049000+00:00,1.25e-05
2025-09-16 20:00:00.044000+00:00,1.25e-05
2025-09-16 21:00:00.073000+00:00,1.25e-05
2025-09-16 22:00:00.078000+00:00,1.25e-05
2025-09-16 23:00:00.027000+00:00,1.25e-05
2025-09-17 00:00:00.089000+00:00,1.25e-05
2025-09-17 01:00:00.035000+00:00,1.25e-05
2025-09-17 02:00:00.074000+00:00,1.25e-05
2025-09-17 03:00:00.013000+00:00,1.25e-05
2025-09-17 04:00:00.030000+00:00,1.25e-05
2025-09-17 05:00:00.084000+00:00,1.25e-05
2025-09-17 06:00:00.012000+00:00,1.25e-05
2025-09-17 07:00:00.059000+00:00,1.25e-05
2025-09-17 08:00:00.061000+00:00,1.25e-05
2025-09-17 09:00:00.064000+00:00,1.25e-05
2025-09-17 10:00:00.017000+00:00,1.25e-05
2025-09-17 11:00:00.055000+00:00,1.25e-05
2025-09-17 12:00:00.040000+00:00,1.25e-05
2025-09-17 13:00:00.061000+00:00,1.25e-05
2025-09-17 14:00:00.016000+00:00,1.25e-05
2025-09-17 15:00:00.015000+00:00,1.25e-05
2025-09-17 16:00:00.001000+00:00,1.25e-05
2025-09-17 17:00:00.085000+00:00,1.25e-05
2025-09-17 18:00:00.038000+00:00,1.25e-05
2025-09-17 19:00:00.017000+00:00,1.25e-05
2025-09-17 20:00:00.076000+00:00,1.25e-05
2025-09-17 21:00:00.089000+00:00,1.25e-05
2025-09-17 22:00:00.039000+00:00,1.25e-05
2025-09-17 23:00:00.061000+00:00,1.25e-05
2025-09-18 00:00:00.010000+00:00,1.25e-05
2025-09-18 01:00:00.065000+00:00,1.25e-05
2025-09-18 02:00:00.072000+00:00,1.25e-05
2025-09-18 03:00:00.061000+00:00,1.71642e-05
2025-09-18 04:00:00.067000+00:00,1.60905e-05
2025-09-18 05:00:00.024000+00:00,1.38142e-05
2025-09-18 06:00:00.022000+00:00,1.25e-05
2025-09-18 07:00:00.030000+00:00,1.25e-05
2025-09-18 08:00:00.017000+00:00,1.25e-05
2025-09-18 09:00:00.056000+00:00,1.25e-05
2025-09-18 10:00:00.033000+00:00,1.25e-05
2025-09-18 11:00:00.053000+00:00,1.61415e-05
2025-09-18 12:00:00.068000+00:00,1.75617e-05
2025-09-18 13:00:00.082000+00:00,1.25e-05
2025-09-18 14:00:00.008000+00:00,1.25e-05
2025-09-18 15:00:00.185000+00:00,1.38894e-05
2025-09-18 16:00:00.048000+00:00,1.68346e-05
2025-09-18 17:00:00.100000+00:00,2.13625e-05
2025-09-18 18:00:00.087000+00:00,2.11634e-05
2025-09-18 19:00:00.062000+00:00,2.58179e-05
2025-09-18 20:00:00.010000+00:00,1.25e-05
2025-09-18 21:00:00.001000+00:00,1.25e-05
2025-09-18 22:00:00.021000+00:00,1.25e-05
2025-09-18 23:00:00.114000+00:00,1.25e-05
2025-09-19 00:00:00.070000+00:00,1.25e-05
2025-09-19 01:00:00.048000+00:00,1.25e-05
2025-09-19 02:00:00.098000+00:00,1.25773e-05
2025-09-19 03:00:00.047000+00:00,1.25e-05
2025-09-19 04:00:00.064000+00:00,1.40159e-05
2025-09-19 05:00:00.018000+00:00,1.42266e-05
2025-09-19 06:00:00.076000+00:00,1.324e-05
2025-09-19 07:00:00.001000+00:00,1.25826e-05
2025-09-19 08:00:00.030000+00:00,1.25e-05
2025-09-19 09:00:00.109000+00:00,1.25e-05
2025-09-19 10:00:00.042000+00:00,1.38564e-05
2025-09-19 11:00:00.063000+00:00,1.25e-05
2025-09-19 12:00:00.001000+00:00,1.25e-05
2025-09-19 13:00:00.038000+00:00,1.48651e-05
2025-09-19 14:00:00.041000+00:00,1.25e-05
2025-09-19 15:00:00.012000+00:00,1.25e-05
2025-09-19 16:00:00.032000+00:00,1.25e-05
2025-09-19 17:00:00.052000+00:00,1.25e-05
2025-09-19 18:00:00.047000+00:00,1.28628e-05
2025-09-19 19:00:00.049000+00:00,1.56643e-05
2025-09-19 20:00:00.023000+00:00,1.25e-05
2025-09-19 21:00:00.022000+00:00,1.40516e-05
2025-09-19 22:00:00.053000+00:00,1.39188e-05
2025-09-19 23:00:00.020000+00:00,1.48341e-05
2025-09-20 00:00:00.068000+00:00,1.43458e-05
2025-09-20 01:00:00.039000+00:00,1.39232e-05
2025-09-20 02:00:00.064000+00:00,1.25e-05
2025-09-20 03:00:00.060000+00:00,1.25e-05
2025-09-20 04:00:00.045000+00:00,1.25e-05
2025-09-20 05:00:00.047000+00:00,1.25e-05
2025-09-20 06:00:00.066000+00:00,1.25e-05
2025-09-20 07:00:00.027000+00:00,1.25e-05
2025-09-20 08:00:00.039000+00:00,1.25e-05
2025-09-20 09:00:00.037000+00:00,1.25e-05
2025-09-20 10:00:00.045000+00:00,1.25e-05
2025-09-20 11:00:00.029000+00:00,1.25e-05
2025-09-20 12:00:00.058000+00:00,1.25e-05
2025-09-20 13:00:00.066000+00:00,1.25e-05
2025-09-20 14:00:00.052000+00:00,1.25e-05
2025-09-20 15:00:00.015000+00:00,1.25e-05
2025-09-20 16:00:00.082000+00:00,1.25e-05
2025-09-20 17:00:00.089000+00:00,1.25e-05
2025-09-20 18:00:00.108000+00:00,1.25e-05
2025-09-20 19:00:00.077000+00:00,1.25e-05
2025-09-20 20:00:00.086000+00:00,1.25e-05
2025-09-20 21:00:00.062000+00:00,1.25e-05
2025-09-20 22:00:00.039000+00:00,1.25e-05
2025-09-20 23:00:00.039000+00:00,1.25e-05
2025-09-21 00:00:00.041000+00:00,1.25e-05
2025-09-21 01:00:00.054000+00:00,1.25e-05
2025-09-21 02:00:00.091000+00:00,1.25e-05
2025-09-21 03:00:00.037000+00:00,1.25e-05
2025-09-21 04:00:00.092000+00:00,1.25e-05
2025-09-21 05:00:00.037000+00:00,1.25e-05
2025-09-21 06:00:00.033000+00:00,1.25e-05
2025-09-21 07:00:00.060000+00:00,1.25e-05
2025-09-21 08:00:00.018000+00:00,1.25e-05
2025-09-21 09:00:00.030000+00:00,1.25e-05
2025-09-21 10:00:00.048000+00:00,1.25e-05
2025-09-21 11:00:00.031000+00:00,1.25e-05
2025-09-21 12:00:00.050000+00:00,1.25e-05
2025-09-21 13:00:00.064000+00:00,1.25e-05
2025-09-21 14:00:00.056000+00:00,1.25e-05
2025-09-21 15:00:00.069000+00:00,1.25e-05
2025-09-21 16:00:00.028000+00:00,1.25e-05
2025-09-21 17:00:00.007000+00:00,1.25e-05
2025-09-21 18:00:00.002000+00:00,1.25e-05
2025-09-21 19:00:00.108000+00:00,1.25e-05
2025-09-21 20:00:00.107000+00:00,1.25e-05
2025-09-21 21:00:00.032000+00:00,1.25e-05
2025-09-21 22:00:00.091000+00:00,1.25e-05
2025-09-21 23:00:00.106000+00:00,1.25e-05
2025-09-22 00:00:00.090000+00:00,1.25e-05
2025-09-22 01:00:00.068000+00:00,1.25e-05
2025-09-22 02:00:00+00:00,1.25e-05
2025-09-22 03:00:00.040000+00:00,1.25e-05
2025-09-22 04:00:00.033000+00:00,1.25e-05
2025-09-22 05:00:00.062000+00:00,1.25e-05
2025-09-22 06:00:00.095000+00:00,1.25e-05
2025-09-22 07:00:00.026000+00:00,1.25e-05
2025-09-22 08:00:00.036000+00:00,1.25e-05
2025-09-22 09:00:00.021000+00:00,1.25e-05
2025-09-22 10:00:00.097000+00:00,1.25e-05
2025-09-22 11:00:00.090000+00:00,1.25e-05
2025-09-22 12:00:00.057000+00:00,1.25e-05
2025-09-22 13:00:00.008000+00:00,1.25e-05
2025-09-22 14:00:00.074000+00:00,1.25e-05
2025-09-22 15:00:00.010000+00:00,1.25e-05
2025-09-22 16:00:00.001000+00:00,1.25e-05
2025-09-22 17:00:00.106000+00:00,1.25e-05
2025-09-22 18:00:00.026000+00:00,1.25e-05
2025-09-22 19:00:00.058000+00:00,1.25e-05
2025-09-22 20:00:00.076000+00:00,1.25e-05
2025-09-22 21:00:00.091000+00:00,1.25e-05
2025-09-22 22:00:00.056000+00:00,1.25e-05
2025-09-22 23:00:00.030000+00:00,1.25e-05
2025-09-23 00:00:00.047000+00:00,1.25e-05
2025-09-23 01:00:00.005000+00:00,1.25e-05
2025-09-23 02:00:00.101000+00:00,1.25e-05
2025-09-23 03:00:00.062000+00:00,1.25e-05
2025-09-23 04:00:00.013000+00:00,1.25e-05
2025-09-23 05:00:00.077000+00:00,1.25e-05
2025-09-23 06:00:00.005000+00:00,1.25e-05
2025-09-23 07:00:00.003000+00:00,1.25e-05
2025-09-23 08:00:00.038000+00:00,1.25e-05
2025-09-23 09:00:00.072000+00:00,1.25e-05
2025-09-23 10:00:00.042000+00:00,1.25e-05
2025-09-23 11:00:00.022000+00:00,1.25e-05
2025-09-23 12:00:00.009000+00:00,1.25e-05
2025-09-23 13:00:00.046000+00:00,1.25e-05
2025-09-23 14:00:00.106000+00:00,1.25e-05
2025-09-23 15:00:00.055000+00:00,1.25e-05
2025-09-23 16:00:00.051000+00:00,1.25e-05
2025-09-23 17:00:00.043000+00:00,1.25e-05
2025-09-23 18:00:00.083000+00:00,1.25e-05
2025-09-23 19:00:00.011000+00:00,1.25e-05
2025-09-23 20:00:00.002000+00:00,1.25e-05
2025-09-23 21:00:00.028000+00:00,1.25e-05
2025-09-23 22:00:00.031000+00:00,1.25e-05
2025-09-23 23:00:00.001000+00:00,1.25e-05
2025-09-24 00:00:00.067000+00:00,1.25e-05
2025-09-24 01:00:00.042000+00:00,1.25e-05
2025-09-24 02:00:00.101000+00:00,1.25e-05
2025-09-24 03:00:00.031000+00:00,1.25e-05
2025-09-24 04:00:00.022000+00:00,1.25e-05
2025-09-24 05:00:00.088000+00:00,1.25e-05
2025-09-24 06:00:00.049000+00:00,1.25e-05
2025-09-24 07:00:00.062000+00:00,1.25e-05
2025-09-24 08:00:00.052000+00:00,1.25e-05
2025-09-24 09:00:00.014000+00:00,1.25e-05
2025-09-24 10:00:00.083000+00:00,1.25e-05
2025-09-24 11:00:00.025000+00:00,1.25e-05
2025-09-24 12:00:00.029000+00:00,1.25e-05
2025-09-24 13:00:00.014000+00:00,1.25e-05
2025-09-24 14:00:00.029000+00:00,1.25e-05
2025-09-24 15:00:00.013000+00:00,1.25e-05
2025-09-24 16:00:00.040000+00:00,1.25e-05
2025-09-24 17:00:00.098000+00:00,1.25e-05
2025-09-24 18:00:00.052000+00:00,1.25e-05
2025-09-24 19:00:00.007000+00:00,1.25e-05
2025-09-24 20:00:00.014000+00:00,1.25e-05
2025-09-24 21:00:00.070000+00:00,1.25e-05
2025-09-24 22:00:00.049000+00:00,1.25e-05
2025-09-24 23:00:00.021000+00:00,1.25e-05
2025-09-25 00:00:00.226000+00:00,1.25e-05
2025-09-25 01:00:00.067000+00:00,1.25e-05
2025-09-25 02:00:00.028000+00:00,1.25e-05
2025-09-25 03:00:00.070000+00:00,1.25e-05
2025-09-25 04:00:00.049000+00:00,1.25e-05
2025-09-25 05:00:00.054000+00:00,1.25e-05
2025-09-25 06:00:00.001000+00:00,1.25e-05
2025-09-25 07:00:00.049000+00:00,1.25e-05
2025-09-25 08:00:00.077000+00:00,1.25e-05
2025-09-25 09:00:00.034000+00:00,1.20977e-05
2025-09-25 10:00:00.004000+00:00,1.09247e-05
2025-09-25 11:00:00.011000+00:00,1.25e-05
2025-09-25 12:00:00.048000+00:00,1.25e-05
2025-09-25 13:00:00.068000+00:00,1.25e-05
2025-09-25 14:00:00.103000+00:00,1.25e-05
2025-09-25 15:00:00.006000+00:00,1.25e-05
2025-09-25 16:00:00.033000+00:00,1.25e-05
2025-09-25 17:00:00.026000+00:00,1.25e-05
2025-09-25 18:00:00.017000+00:00,1.25e-05
2025-09-25 19:00:00.029000+00:00,1.25e-05
2025-09-25 20:00:00.011000+00:00,7.474e-06
2025-09-25 21:00:00.060000+00:00,7.159e-06
2025-09-25 22:00:00.062000+00:00,4.3632e-06
2025-09-25 23:00:00.051000+00:00,9.8998e-06
2025-09-26 00:00:00.107000+00:00,4.4178e-06
2025-09-26 01:00:00.013000+00:00,7.2444e-06
2025-09-26 02:00:00.031000+00:00,1.25e-05
2025-09-26 03:00:00.020000+00:00,1.25e-05
2025-09-26 04:00:00.087000+00:00,1.20155e-05
2025-09-26 05:00:00.086000+00:00,1.25e-05
2025-09-26 06:00:00.023000+00:00,1.25e-05
2025-09-26 07:00:00.012000+00:00,8.2743e-06
2025-09-26 08:00:00.009000+00:00,1.25e-05
2025-09-26 09:00:00.095000+00:00,1.25e-05
2025-09-26 10:00:00.012000+00:00,1.25e-05
2025-09-26 11:00:00.010000+00:00,1.25e-05
2025-09-26 12:00:00.071000+00:00,8.7927e-06
2025-09-26 13:00:00.053000+00:00,6.4661e-06
2025-09-26 14:00:00.002000+00:00,7.2411e-06
2025-09-26 15:00:00.060000+00:00,4.792e-07
2025-09-26 16:00:00.048000+00:00,1.25e-05
2025-09-26 17:00:00.062000+00:00,1.25e-05
2025-09-26 18:00:00.108000+00:00,1.25e-05
2025-09-26 19:00:00.105000+00:00,1.25e-05
2025-09-26 20:00:00.024000+00:00,1.25e-05
2025-09-26 21:00:00.002000+00:00,1.25e-05
2025-09-26 22:00:00.024000+00:00,1.25e-05
2025-09-26 23:00:00.029000+00:00,1.25e-05
2025-09-27 00:00:00.099000+00:00,1.25e-05
2025-09-27 01:00:00.050000+00:00,1.25e-05
2025-09-27 02:00:00.019000+00:00,1.25e-05
2025-09-27 03:00:00.048000+00:00,1.25e-05
2025-09-27 04:00:00.008000+00:00,1.25e-05
2025-09-27 05:00:00.029000+00:00,1.25e-05
2025-09-27 06:00:00.028000+00:00,1.25e-05
2025-09-27 07:00:00.002000+00:00,1.25e-05
2025-09-27 08:00:00.051000+00:00,1.25e-05
2025-09-27 09:00:00.004000+00:00,1.25e-05
2025-09-27 10:00:00.021000+00:00,1.25e-05
2025-09-27 11:00:00.013000+00:00,1.25e-05
2025-09-27 12:00:00.078000+00:00,1.25e-05
2025-09-27 13:00:00.060000+00:00,1.25e-05
2025-09-27 14:00:00.030000+00:00,1.25e-05
2025-09-27 15:00:00.062000+00:00,1.25e-05
2025-09-27 16:00:00.007000+00:00,1.25e-05
2025-09-27 17:00:00.005000+00:00,1.25e-05
2025-09-27 18:00:00.024000+00:00,1.25e-05
2025-09-27 19:00:00.061000+00:00,1.25e-05
2025-09-27 20:00:00.008000+00:00,1.25e-05
2025-09-27 21:00:00.004000+00:00,1.25e-05
2025-09-27 22:00:00.086000+00:00,1.25e-05
2025-09-27 23:00:00.005000+00:00,1.25e-05
2025-09-28 00:00:00.025000+00:00,1.25e-05
2025-09-28 01:00:00.028000+00:00,1.25e-05
2025-09-28 02:00:00.035000+00:00,1.25e-05
2025-09-28 03:00:00.010000+00:00,1.25e-05
2025-09-28 04:00:00.061000+00:00,1.25e-05
2025-09-28 05:00:00.013000+00:00,1.25e-05
2025-09-28 06:00:00.111000+00:00,1.25e-05
2025-09-28 07:00:00.049000+00:00,1.25e-05
2025-09-28 08:00:00.007000+00:00,1.25e-05
2025-09-28 09:00:00.040000+00:00,1.25e-05
2025-09-28 10:00:00.027000+00:00,1.25e-05
2025-09-28 11:00:00.011000+00:00,1.25e-05
2025-09-28 12:00:00.071000+00:00,1.25e-05
2025-09-28 13:00:00.011000+00:00,1.25e-05
2025-09-28 14:00:00.050000+00:00,1.25e-05
2025-09-28 15:00:00.065000+00:00,1.25e-05
2025-09-28 16:00:00.022000+00:00,1.25e-05
2025-09-28 17:00:00.040000+00:00,1.25e-05
2025-09-28 18:00:00.027000+00:00,1.25e-05
2025-09-28 19:00:00.127000+00:00,1.25e-05
2025-09-28 20:00:00.004000+00:00,1.25e-05
2025-09-28 21:00:00.011000+00:00,1.25e-05
2025-09-28 22:00:00.035000+00:00,1.25e-05
2025-09-28 23:00:00.053000+00:00,1.25e-05
2025-09-29 00:00:00.006000+00:00,1.25e-05
2025-09-29 01:00:00.022000+00:00,1.25e-05
2025-09-29 02:00:00.111000+00:00,1.25e-05
2025-09-29 03:00:00.011000+00:00,1.25e-05
2025-09-29 04:00:00.017000+00:00,1.25e-05
2025-09-29 05:00:00.062000+00:00,1.25e-05
2025-09-29 06:00:00.090000+00:00,1.25e-05
2025-09-29 07:00:00.062000+00:00,1.25e-05
2025-09-29 08:00:00.058000+00:00,1.25e-05
2025-09-29 09:00:00.034000+00:00,1.25e-05
2025-09-29 10:00:00.007000+00:00,1.25e-05
2025-09-29 11:00:00.002000+00:00,1.25e-05
2025-09-29 12:00:00.045000+00:00,1.25e-05
2025-09-29 13:00:00.066000+00:00,1.25e-05
2025-09-29 14:00:00.081000+00:00,1.25e-05
2025-09-29 15:00:00.027000+00:00,1.25e-05
2025-09-29 16:00:00.050000+00:00,1.25e-05
2025-09-29 17:00:00.145000+00:00,1.25e-05
2025-09-29 18:00:00.077000+00:00,1.25e-05
2025-09-29 19:00:00.082000+00:00,1.25e-05
2025-09-29 20:00:00.048000+00:00,1.25e-05
2025-09-29 21:00:00.054000+00:00,1.25e-05
2025-09-29 22:00:00.018000+00:00,1.25e-05
2025-09-29 23:00:00.050000+00:00,1.25e-05
2025-09-30 00:00:00.020000+00:00,1.25e-05
2025-09-30 01:00:00.079000+00:00,1.25e-05
2025-09-30 02:00:00.029000+00:00,1.25e-05
2025-09-30 03:00:00.090000+00:00,1.25e-05
2025-09-30 04:00:00.014000+00:00,1.25e-05
2025-09-30 05:00:00.051000+00:00,1.25e-05
2025-09-30 06:00:00.040000+00:00,1.25e-05
2025-09-30 07:00:00.009000+00:00,1.25e-05
2025-09-30 08:00:00.064000+00:00,1.25e-05
2025-09-30 09:00:00.034000+00:00,1.25e-05
2025-09-30 10:00:00.033000+00:00,1.25e-05
2025-09-30 11:00:00.021000+00:00,1.16379e-05
2025-09-30 12:00:00.050000+00:00,1.25e-05
2025-09-30 13:00:00.009000+00:00,1.2106e-05
2025-09-30 14:00:00.020000+00:00,1.06642e-05
2025-09-30 15:00:00+00:00,1.14655e-05
2025-09-30 16:00:00.051000+00:00,1.25e-05
2025-09-30 17:00:00.008000+00:00,1.25e-05
2025-09-30 18:00:00.069000+00:00,1.25e-05
2025-09-30 19:00:00.040000+00:00,1.25e-05
2025-09-30 20:00:00.043000+00:00,1.25e-05
2025-09-30 21:00:00.030000+00:00,1.25e-05
2025-09-30 22:00:00.021000+00:00,1.25e-05
2025-09-30 23:00:00.007000+00:00,1.25e-05
2025-10-01 00:00:00.098000+00:00,1.25e-05
2025-10-01 01:00:00.054000+00:00,1.25e-05
2025-10-01 02:00:00.041000+00:00,1.25e-05
2025-10-01 03:00:00.042000+00:00,1.25e-05
2025-10-01 04:00:00.054000+00:00,1.25e-05
2025-10-01 05:00:00.012000+00:00,1.25e-05
2025-10-01 06:00:00.068000+00:00,1.25e-05
2025-10-01 07:00:00.008000+00:00,1.25e-05
2025-10-01 08:00:00.041000+00:00,1.25e-05
2025-10-01 09:00:00.031000+00:00,1.25e-05
2025-10-01 10:00:00.020000+00:00,1.25e-05
2025-10-01 11:00:00.030000+00:00,1.25e-05
2025-10-01 12:00:00.021000+00:00,1.25e-05
2025-10-01 13:00:00.045000+00:00,1.25e-05
2025-10-01 14:00:00.081000+00:00,1.25e-05
2025-10-01 15:00:00.109000+00:00,1.25e-05
2025-10-01 16:00:00.038000+00:00,1.25e-05
2025-10-01 17:00:00.083000+00:00,1.25e-05
2025-10-01 18:00:00.062000+00:00,1.25e-05
2025-10-01 19:00:00.083000+00:00,1.25e-05
2025-10-01 20:00:00.086000+00:00,1.25e-05
2025-10-01 21:00:00.026000+00:00,1.25e-05
2025-10-01 22:00:00.034000+00:00,1.25e-05
2025-10-01 23:00:00+00:00,1.25e-05
2025-10-02 00:00:00.016000+00:00,1.25e-05
2025-10-02 01:00:00.056000+00:00,1.25e-05
2025-10-02 02:00:00.057000+00:00,1.25e-05
2025-10-02 03:00:00.013000+00:00,1.25e-05
2025-10-02 04:00:00.018000+00:00,1.25e-05
2025-10-02 05:00:00.005000+00:00,1.25e-05
2025-10-02 06:00:00.017000+00:00,1.25e-05
2025-10-02 07:00:00.027000+00:00,1.25e-05
2025-10-02 08:00:00.063000+00:00,1.25e-05
2025-10-02 09:00:00.005000+00:00,1.25e-05
2025-10-02 10:00:00.024000+00:00,1.25e-05
2025-10-02 11:00:00.016000+00:00,1.25e-05
2025-10-02 12:00:00.036000+00:00,1.25e-05
2025-10-02 13:00:00.057000+00:00,1.25e-05
2025-10-02 14:00:00.020000+00:00,1.25e-05
2025-10-02 15:00:00.057000+00:00,1.25e-05
2025-10-02 16:00:00.033000+00:00,1.25e-05
2025-10-02 17:00:00.014000+00:00,1.25e-05
2025-10-02 18:00:00.012000+00:00,1.25e-05
2025-10-02 19:00:00.040000+00:00,1.25e-05
2025-10-02 20:00:00.064000+00:00,1.25e-05
2025-10-02 21:00:00.025000+00:00,1.25e-05
2025-10-02 22:00:00.095000+00:00,1.25e-05
2025-10-02 23:00:00.006000+00:00,1.25e-05
2025-10-03 00:00:00.008000+00:00,1.25e-05
2025-10-03 01:00:00.071000+00:00,1.25e-05
2025-10-03 02:00:00.012000+00:00,1.25e-05
2025-10-03 03:00:00.017000+00:00,1.25e-05
2025-10-03 04:00:00.028000+00:00,1.25e-05
2025-10-03 05:00:00.069000+00:00,1.25e-05
2025-10-03 06:00:00.014000+00:00,1.25e-05
2025-10-03 07:00:00.070000+00:00,1.25e-05
2025-10-03 08:00:00.028000+00:00,1.50298e-05
2025-10-03 09:00:00.073000+00:00,1.62214e-05
2025-10-03 10:00:00.007000+00:00,1.25e-05
2025-10-03 11:00:00.007000+00:00,1.25e-05
2025-10-03 12:00:00.020000+00:00,1.39437e-05
2025-10-03 13:00:00.015000+00:00,1.73875e-05
2025-10-03 14:00:00.013000+00:00,1.74343e-05
2025-10-03 15:00:00.033000+00:00,1.62347e-05
2025-10-03 16:00:00.030000+00:00,2.87214e-05
2025-10-03 17:00:00.016000+00:00,3.80749e-05
2025-10-03 18:00:00.018000+00:00,2.75865e-05
2025-10-03 19:00:00.105000+00:00,2.4716e-05
2025-10-03 20:00:00.048000+00:00,2.15521e-05
2025-10-03 21:00:00.197000+00:00,2.14748e-05
2025-10-03 22:00:00.055000+00:00,3.79454e-05
2025-10-03 23:00:00.035000+00:00,3.92065e-05
2025-10-04 00:00:00.006000+00:00,4.00937e-05
2025-10-04 01:00:00.026000+00:00,3.72123e-05
2025-10-04 02:00:00.070000+00:00,2.59341e-05
2025-10-04 03:00:00.062000+00:00,2.75277e-05
2025-10-04 04:00:00.046000+00:00,2.38104e-05
2025-10-04 05:00:00.098000+00:00,2.34327e-05
2025-10-04 06:00:00.044000+00:00,2.32162e-05
2025-10-04 07:00:00.112000+00:00,2.89706e-05
2025-10-04 08:00:00.019000+00:00,2.51131e-05
2025-10-04 09:00:00.059000+00:00,1.25e-05
2025-10-04 10:00:00.014000+00:00,1.25e-05
2025-10-04 11:00:00.010000+00:00,1.25e-05
2025-10-04 12:00:00.009000+00:00,1.25e-05
2025-10-04 13:00:00.001000+00:00,1.41352e-05
2025-10-04 14:00:00.055000+00:00,1.56144e-05
2025-10-04 15:00:00.060000+00:00,1.25e-05
2025-10-04 16:00:00.016000+00:00,1.25e-05
2025-10-04 17:00:00.068000+00:00,1.25e-05
2025-10-04 18:00:00.073000+00:00,1.32498e-05
2025-10-04 19:00:00+00:00,1.47216e-05
2025-10-04 20:00:00.015000+00:00,2.09002e-05
2025-10-04 21:00:00.073000+00:00,1.50973e-05
2025-10-04 22:00:00.047000+00:00,1.25e-05
2025-10-04 23:00:00.018000+00:00,2.73467e-05
2025-10-05 00:00:00.101000+00:00,2.73461e-05
2025-10-05 01:00:00.062000+00:00,2.92646e-05
2025-10-05 02:00:00.055000+00:00,3.28759e-05
2025-10-05 03:00:00.033000+00:00,3.27686e-05
2025-10-05 04:00:00.041000+00:00,3.94938e-05
2025-10-05 05:00:00.084000+00:00,3.72711e-05
2025-10-05 06:00:00.055000+00:00,4.58564e-05
2025-10-05 07:00:00.050000+00:00,5.39095e-05
2025-10-05 08:00:00.014000+00:00,6.60253e-05
2025-10-05 09:00:00.033000+00:00,4.81246e-05
2025-10-05 10:00:00.043000+00:00,4.22072e-05
2025-10-05 11:00:00.002000+00:00,4.08644e-05
2025-10-05 12:00:00.050000+00:00,3.13106e-05
2025-10-05 13:00:00.081000+00:00,2.80115e-05
2025-10-05 14:00:00.121000+00:00,2.87235e-05
2025-10-05 15:00:00.088000+00:00,2.15961e-05
2025-10-05 16:00:00.047000+00:00,3.25446e-05
2025-10-05 17:00:00.035000+00:00,2.90833e-05
2025-10-05 18:00:00.062000+00:00,2.7508e-05
2025-10-05 19:00:00.032000+00:00,2.34472e-05
2025-10-05 20:00:00.084000+00:00,1.59531e-05
2025-10-05 21:00:00.108000+00:00,1.68759e-05
2025-10-05 22:00:00.050000+00:00,1.27155e-05
2025-10-05 23:00:00.071000+00:00,1.89656e-05
2025-10-06 00:00:00.043000+00:00,1.98894e-05
2025-10-06 01:00:00.027000+00:00,1.86039e-05
2025-10-06 02:00:00.023000+00:00,2.40593e-05
2025-10-06 03:00:00.082000+00:00,2.47811e-05
2025-10-06 04:00:00.091000+00:00,3.15886e-05
2025-10-06 05:00:00.019000+00:00,3.07804e-05
2025-10-06 06:00:00.111000+00:00,3.14205e-05
2025-10-06 07:00:00.032000+00:00,3.71323e-05
2025-10-06 08:00:00.097000+00:00,2.56441e-05
2025-10-06 09:00:00.055000+00:00,2.4821e-05
2025-10-06 10:00:00.016000+00:00,2.13639e-05
2025-10-06 11:00:00.026000+00:00,2.06853e-05
2025-10-06 12:00:00.074000+00:00,1.8582e-05
2025-10-06 13:00:00.017000+00:00,1.55287e-05
2025-10-06 14:00:00.005000+00:00,2.00074e-05
2025-10-06 15:00:00.043000+00:00,2.28978e-05
2025-10-06 16:00:00.064000+00:00,2.92189e-05
2025-10-06 17:00:00.051000+00:00,2.47193e-05
2025-10-06 18:00:00.087000+00:00,3.49552e-05
2025-10-06 19:00:00.084000+00:00,4.13368e-05
2025-10-06 20:00:00.023000+00:00,3.12662e-05
2025-10-06 21:00:00.015000+00:00,3.05226e-05
2025-10-06 22:00:00.075000+00:00,2.66627e-05
2025-10-06 23:00:00.068000+00:00,2.75094e-05
2025-10-07 00:00:00.002000+00:00,2.37908e-05
2025-10-07 01:00:00.012000+00:00,1.54471e-05
2025-10-07 02:00:00.064000+00:00,1.76476e-05
2025-10-07 03:00:00.050000+00:00,2.08841e-05
2025-10-07 04:00:00.039000+00:00,1.89415e-05
2025-10-07 05:00:00.032000+00:00,1.84415e-05
2025-10-07 06:00:00.019000+00:00,2.7807e-05
2025-10-07 07:00:00.042000+00:00,2.01335e-05
2025-10-07 08:00:00.014000+00:00,2.48485e-05
2025-10-07 09:00:00.010000+00:00,1.25e-05
2025-10-07 10:00:00.059000+00:00,1.25e-05
2025-10-07 11:00:00.022000+00:00,1.25e-05
2025-10-07 12:00:00+00:00,1.25e-05
2025-10-07 13:00:00.076000+00:00,1.61154e-05
2025-10-07 14:00:00.138000+00:00,2.60197e-05
2025-10-07 15:00:00.114000+00:00,1.25e-05
2025-10-07 16:00:00.069000+00:00,1.25e-05
2025-10-07 17:00:00.026000+00:00,1.25e-05
2025-10-07 18:00:00.077000+00:00,1.25e-05
2025-10-07 19:00:00.033000+00:00,1.25e-05
2025-10-07 20:00:00.006000+00:00,1.25e-05
2025-10-07 21:00:00.062000+00:00,1.71361e-05
2025-10-07 22:00:00.055000+00:00,2.04704e-05
2025-10-07 23:00:00.098000+00:00,2.67813e-05
2025-10-08 00:00:00.010000+00:00,2.32622e-05
2025-10-08 01:00:00.133000+00:00,1.60521e-05
2025-10-08 02:00:00.028000+00:00,1.9753e-05
2025-10-08 03:00:00.068000+00:00,2.00236e-05
2025-10-08 04:00:00.019000+00:00,1.25e-05
2025-10-08 05:00:00.056000+00:00,1.25e-05
2025-10-08 06:00:00.002000+00:00,1.25e-05
2025-10-08 07:00:00.022000+00:00,1.25e-05
2025-10-08 08:00:00.026000+00:00,1.25e-05
2025-10-08 09:00:00.065000+00:00,1.25e-05
2025-10-08 10:00:00.019000+00:00,1.25e-05
2025-10-08 11:00:00.005000+00:00,1.56954e-05
2025-10-08 12:00:00.108000+00:00,1.75477e-05
2025-10-08 13:00:00.001000+00:00,2.18105e-05
2025-10-08 14:00:00.002000+00:00,1.61293e-05
2025-10-08 15:00:00.058000+00:00,1.25e-05
2025-10-08 16:00:00.119000+00:00,1.25e-05
2025-10-08 17:00:00.028000+00:00,1.25e-05
2025-10-08 18:00:00.105000+00:00,2.4116e-05
2025-10-08 19:00:00.018000+00:00,1.84098e-05
2025-10-08 20:00:00.072000+00:00,2.12293e-05
2025-10-08 21:00:00.085000+00:00,2.42182e-05
2025-10-08 22:00:00.055000+00:00,2.21093e-05
2025-10-08 23:00:00.039000+00:00,2.59031e-05
2025-10-09 00:00:00.053000+00:00,2.79374e-05
2025-10-09 01:00:00.011000+00:00,2.49178e-05
2025-10-09 02:00:00.038000+00:00,2.1577e-05
2025-10-09 03:00:00.020000+00:00,1.25e-05
2025-10-09 04:00:00.064000+00:00,1.25e-05
2025-10-09 05:00:00.076000+00:00,1.25e-05
2025-10-09 06:00:00.013000+00:00,1.25e-05
2025-10-09 07:00:00.036000+00:00,1.25e-05
2025-10-09 08:00:00.110000+00:00,1.25e-05
2025-10-09 09:00:00.028000+00:00,1.25e-05
2025-10-09 10:00:00.032000+00:00,1.25e-05
2025-10-09 11:00:00.052000+00:00,1.25e-05
2025-10-09 12:00:00.015000+00:00,1.25e-05
2025-10-09 13:00:00.011000+00:00,1.25e-05
2025-10-09 14:00:00.037000+00:00,1.25e-05
2025-10-09 15:00:00.074000+00:00,1.25e-05
2025-10-09 16:00:00.019000+00:00,1.25e-05
2025-10-09 17:00:00.013000+00:00,1.25e-05
2025-10-09 18:00:00.077000+00:00,1.25e-05
2025-10-09 19:00:00.013000+00:00,1.25e-05
2025-10-09 20:00:00.003000+00:00,1.25e-05
2025-10-09 21:00:00.009000+00:00,1.25e-05
2025-10-09 22:00:00.078000+00:00,1.25e-05
2025-10-09 23:00:00.084000+00:00,1.25e-05
2025-10-10 00:00:00.017000+00:00,1.25e-05
2025-10-10 01:00:00.038000+00:00,1.25e-05
2025-10-10 02:00:00.022000+00:00,1.25e-05
2025-10-10 03:00:00.040000+00:00,1.25e-05
2025-10-10 04:00:00.008000+00:00,1.25e-05
2025-10-10 05:00:00.082000+00:00,1.25e-05
2025-10-10 06:00:00.013000+00:00,1.25e-05
2025-10-10 07:00:00.056000+00:00,1.25e-05
2025-10-10 08:00:00.014000+00:00,1.25e-05
2025-10-10 09:00:00.012000+00:00,1.25e-05
2025-10-10 10:00:00.089000+00:00,1.25e-05
2025-10-10 11:00:00.035000+00:00,1.25e-05
2025-10-10 12:00:00.023000+00:00,1.25e-05
2025-10-10 13:00:00.059000+00:00,1.25e-05
2025-10-10 14:00:00.055000+00:00,1.25e-05
2025-10-10 15:00:00.072000+00:00,1.25e-05
2025-10-10 16:00:00.042000+00:00,1.25e-05
2025-10-10 17:00:00.040000+00:00,1.25e-05
2025-10-10 18:00:00.009000+00:00,1.25e-05
2025-10-10 19:00:00.032000+00:00,1.25e-05
2025-10-10 20:00:00.062000+00:00,1.25e-05
2025-10-10 21:00:00.014000+00:00,1.25e-05
2025-10-10 22:00:00.084000+00:00,-0.0012470355
2025-10-10 23:00:00.035000+00:00,-0.0003732888
2025-10-11 00:00:00.023000+00:00,-0.0001015863
2025-10-11 01:00:00.034000+00:00,-1.29665e-05
2025-10-11 02:00:00.015000+00:00,-2.48332e-05
2025-10-11 03:00:00.003000+00:00,-1.2232e-05
2025-10-11 04:00:00.016000+00:00,-2.60957e-05
2025-10-11 05:00:00.063000+00:00,-2.32354e-05
2025-10-11 06:00:00.153000+00:00,-3.39973e-05
2025-10-11 07:00:00.073000+00:00,-3.02849e-05
2025-10-11 08:00:00.013000+00:00,-2.18914e-05
2025-10-11 09:00:00.050000+00:00,-9.3465e-06
2025-10-11 10:00:00.034000+00:00,-1.33617e-05
2025-10-11 11:00:00.019000+00:00,-1.72429e-05
2025-10-11 12:00:00.084000+00:00,-1.30861e-05
2025-10-11 13:00:00.002000+00:00,-1.63208e-05
2025-10-11 14:00:00.014000+00:00,-4.6607e-06
2025-10-11 15:00:00.044000+00:00,-9.527e-07
2025-10-11 16:00:00.129000+00:00,-2.7482e-06
2025-10-11 17:00:00.043000+00:00,-8.6201e-06
2025-10-11 18:00:00.027000+00:00,1.4834e-06
2025-10-11 19:00:00.071000+00:00,-4.1654e-06
2025-10-11 20:00:00.041000+00:00,-1.06584e-05
2025-10-11 21:00:00.089000+00:00,-6.7566e-06
2025-10-11 22:00:00.073000+00:00,-1.22398e-05
2025-10-11 23:00:00.004000+00:00,-1.82317e-05
2025-10-12 00:00:00.048000+00:00,-2.14924e-05
2025-10-12 01:00:00.060000+00:00,-2.15345e-05
2025-10-12 02:00:00.086000+00:00,-2.36982e-05
2025-10-12 03:00:00.015000+00:00,-2.40578e-05
2025-10-12 04:00:00.017000+00:00,-1.20356e-05
2025-10-12 05:00:00.030000+00:00,-8.7658e-06
2025-10-12 06:00:00.046000+00:00,-5.8169e-06
2025-10-12 07:00:00.051000+00:00,-5.6156e-06
2025-10-12 08:00:00.128000+00:00,-9.1567e-06
2025-10-12 09:00:00.019000+00:00,-1.74969e-05
2025-10-12 10:00:00.032000+00:00,-1.7808e-05
2025-10-12 11:00:00.015000+00:00,-1.66825e-05
2025-10-12 12:00:00.041000+00:00,-1.72024e-05
2025-10-12 13:00:00.018000+00:00,-1.6899e-05
2025-10-12 14:00:00.010000+00:00,-1.73011e-05
2025-10-12 15:00:00.058000+00:00,-8.2685e-06
2025-10-12 16:00:00+00:00,-3.2456e-06
2025-10-12 17:00:00.053000+00:00,1.7609e-06
2025-10-12 18:00:00.083000+00:00,2.1992e-06
2025-10-12 19:00:00.034000+00:00,-4.723e-07
2025-10-12 20:00:00.037000+00:00,6.4033e-06
2025-10-12 21:00:00.008000+00:00,5.1008e-06
2025-10-12 22:00:00.034000+00:00,3.8399e-06
2025-10-12 23:00:00.039000+00:00,4.1648e-06
2025-10-13 00:00:00.022000+00:00,6.5364e-06
2025-10-13 01:00:00.056000+00:00,8.5658e-06
2025-10-13 02:00:00.109000+00:00,9.083e-06
2025-10-13 03:00:00.041000+00:00,5.1874e-06
2025-10-13 04:00:00.081000+00:00,1.25e-05
2025-10-13 05:00:00.010000+00:00,1.04646e-05
2025-10-13 06:00:00.068000+00:00,7.211e-07
2025-10-13 07:00:00.011000+00:00,5.2318e-06
2025-10-13 08:00:00.029000+00:00,7.0719e-06
2025-10-13 09:00:00.097000+00:00,7.0663e-06
2025-10-13 10:00:00.037000+00:00,8.6622e-06
2025-10-13 11:00:00.044000+00:00,1.25e-05
2025-10-13 12:00:00.094000+00:00,1.11916e-05
2025-10-13 13:00:00.067000+00:00,1.14349e-05
2025-10-13 14:00:00.029000+00:00,1.25e-05
2025-10-13 15:00:00.052000+00:00,1.00381e-05
2025-10-13 16:00:00.027000+00:00,1.25e-05
2025-10-13 17:00:00.008000+00:00,1.25e-05
2025-10-13 18:00:00.013000+00:00,1.25e-05
2025-10-13 19:00:00.032000+00:00,1.25e-05
2025-10-13 20:00:00.049000+00:00,1.25e-05
2025-10-13 21:00:00.049000+00:00,1.25e-05
2025-10-13 22:00:00.002000+00:00,1.25e-05
2025-10-13 23:00:00.006000+00:00,1.25e-05
2025-10-14 00:00:00.054000+00:00,1.25e-05
2025-10-14 01:00:00.064000+00:00,1.25e-05
2025-10-14 02:00:00.032000+00:00,1.25e-05
2025-10-14 03:00:00.114000+00:00,-2.9775e-06
2025-10-14 04:00:00.019000+00:00,-4.8577e-06
2025-10-14 05:00:00.079000+00:00,-8.2125e-06
2025-10-14 06:00:00.009000+00:00,-4.9539e-06
2025-10-14 07:00:00.007000+00:00,-4.2754e-06
2025-10-14 08:00:00.001000+00:00,3.9976e-06
2025-10-14 09:00:00.098000+00:00,-1.8039e-06
2025-10-14 10:00:00.066000+00:00,-5.1044e-06
2025-10-14 11:00:00.045000+00:00,-8.6916e-06
2025-10-14 12:00:00.009000+00:00,-6.006e-07
2025-10-14 13:00:00.044000+00:00,2.4199e-06
2025-10-14 14:00:00.060000+00:00,3.3987e-06
2025-10-14 15:00:00.027000+00:00,8.397e-07
2025-10-14 16:00:00.021000+00:00,3.207e-07
2025-10-14 17:00:00.070000+00:00,3.448e-06
2025-10-14 18:00:00.036000+00:00,5.5006e-06
2025-10-14 19:00:00.043000+00:00,2.6362e-06
2025-10-14 20:00:00.090000+00:00,5.8538e-06
2025-10-14 21:00:00.040000+00:00,6.1928e-06
2025-10-14 22:00:00.030000+00:00,4.4112e-06
2025-10-14 23:00:00.016000+00:00,6.9421e-06
2025-10-15 00:00:00.106000+00:00,7.1178e-06
2025-10-15 01:00:00.001000+00:00,9.7737e-06
2025-10-15 02:00:00.048000+00:00,1.233e-06
2025-10-15 03:00:00.060000+00:00,5.3967e-06
2025-10-15 04:00:00.092000+00:00,2.702e-06
2025-10-15 05:00:00.054000+00:00,5.0536e-06
2025-10-15 06:00:00.025000+00:00,2.411e-07
2025-10-15 07:00:00+00:00,1.5137e-06
2025-10-15 08:00:00.090000+00:00,7.814e-06
2025-10-15 09:00:00.045000+00:00,1.18234e-05
2025-10-15 10:00:00.038000+00:00,3.9042e-06
2025-10-15 11:00:00.014000+00:00,-5.593e-07
2025-10-15 12:00:00.071000+00:00,6.913e-07
2025-10-15 13:00:00.024000+00:00,1.084e-07
2025-10-15 14:00:00.088000+00:00,-1.8685e-06
2025-10-15 15:00:00.082000+00:00,6.907e-07
2025-10-15 16:00:00.002000+00:00,-1.6599e-06
2025-10-15 17:00:00.091000+00:00,3.9731e-06
2025-10-15 18:00:00.014000+00:00,-1.06137e-05
2025-10-15 19:00:00.043000+00:00,-1.1159e-06
2025-10-15 20:00:00.048000+00:00,-9.1546e-06
2025-10-15 21:00:00.066000+00:00,-1.38273e-05
2025-10-15 22:00:00.068000+00:00,-2.00523e-05
2025-10-15 23:00:00.063000+00:00,-2.57075e-05
2025-10-16 00:00:00.003000+00:00,-2.62356e-05
2025-10-16 01:00:00.006000+00:00,-2.10397e-05
2025-10-16 02:00:00.024000+00:00,-1.9629e-05
2025-10-16 03:00:00.057000+00:00,-3.9085e-06
2025-10-16 04:00:00.105000+00:00,4.4414e-06
2025-10-16 05:00:00.050000+00:00,-5.2119e-06
2025-10-16 06:00:00.093000+00:00,-1.8666e-05
2025-10-16 07:00:00.001000+00:00,-1.96936e-05
2025-10-16 08:00:00.038000+00:00,-1.77705e-05
2025-10-16 09:00:00.082000+00:00,-3.9119e-06
2025-10-16 10:00:00.013000+00:00,1.6944e-06
2025-10-16 11:00:00.020000+00:00,2.4685e-06
2025-10-16 12:00:00.046000+00:00,-2.77e-08
2025-10-16 13:00:00.058000+00:00,1.25e-05
2025-10-16 14:00:00.059000+00:00,1.25e-05
2025-10-16 15:00:00+00:00,1.25e-05
2025-10-16 16:00:00.046000+00:00,7.9605e-06
2025-10-16 17:00:00.067000+00:00,1.25e-05
2025-10-16 18:00:00.028000+00:00,9.0012e-06
2025-10-16 19:00:00.035000+00:00,1.10739e-05
2025-10-16 20:00:00.004000+00:00,1.25e-05
2025-10-16 21:00:00.058000+00:00,9.3753e-06
2025-10-16 22:00:00.015000+00:00,8.6595e-06
2025-10-16 23:00:00.005000+00:00,6.7651e-06
2025-10-17 00:00:00.017000+00:00,1.25e-05
2025-10-17 01:00:00.071000+00:00,1.25e-05
2025-10-17 02:00:00.052000+00:00,1.10533e-05
2025-10-17 03:00:00.028000+00:00,6.9617e-06
2025-10-17 04:00:00.012000+00:00,9.443e-06
2025-10-17 05:00:00.047000+00:00,1.25e-05
2025-10-17 06:00:00.002000+00:00,4.7168e-06
2025-10-17 07:00:00.082000+00:00,4.7904e-06
2025-10-17 08:00:00.040000+00:00,9.3764e-06
2025-10-17 09:00:00.084000+00:00,8.2067e-06
2025-10-17 10:00:00.049000+00:00,6.762e-06
2025-10-17 11:00:00.013000+00:00,5.969e-06
2025-10-17 12:00:00.077000+00:00,8.7098e-06
2025-10-17 13:00:00.034000+00:00,2.762e-06
2025-10-17 14:00:00.009000+00:00,1.25e-05
2025-10-17 15:00:00.120000+00:00,7.2224e-06
2025-10-17 16:00:00.040000+00:00,6.5828e-06
2025-10-17 17:00:00.015000+00:00,-6.094e-07
2025-10-17 18:00:00.007000+00:00,-7.1044e-06
2025-10-17 19:00:00.019000+00:00,6.6218e-06
2025-10-17 20:00:00.028000+00:00,1.14314e-05
2025-10-17 21:00:00.016000+00:00,1.19363e-05
2025-10-17 22:00:00.018000+00:00,1.03962e-05
2025-10-17 23:00:00.049000+00:00,9.6561e-06
2025-10-18 00:00:00.129000+00:00,1.0968e-05
2025-10-18 01:00:00.018000+00:00,4.6393e-06
2025-10-18 02:00:00.084000+00:00,3.287e-06
2025-10-18 03:00:00.037000+00:00,-5.6262e-06
2025-10-18 04:00:00.070000+00:00,-4.1138e-06
2025-10-18 05:00:00.106000+00:00,-8.0261e-06
2025-10-18 06:00:00.001000+00:00,-1.6341e-06
2025-10-18 07:00:00.089000+00:00,4.5097e-06
2025-10-18 08:00:00.022000+00:00,1.1403e-06
2025-10-18 09:00:00.003000+00:00,1.1982e-06
2025-10-18 10:00:00.005000+00:00,-1.1173e-06
2025-10-18 11:00:00.034000+00:00,-4.8354e-06
2025-10-18 12:00:00+00:00,-1.5433e-06
2025-10-18 13:00:00.017000+00:00,-6.462e-06
2025-10-18 14:00:00.045000+00:00,-1.9373e-06
2025-10-18 15:00:00.069000+00:00,-3.937e-07
2025-10-18 16:00:00.107000+00:00,6.857e-06
2025-10-18 17:00:00.041000+00:00,5.7345e-06
2025-10-18 18:00:00.003000+00:00,2.5413e-06
2025-10-18 19:00:00.020000+00:00,4.8842e-06
2025-10-18 20:00:00.014000+00:00,2.4344e-06
2025-10-18 21:00:00.056000+00:00,2.275e-06
2025-10-18 22:00:00.086000+00:00,1.7054e-06
2025-10-18 23:00:00.018000+00:00,1.0347e-06
2025-10-19 00:00:00.092000+00:00,3.3699e-06
2025-10-19 01:00:00.033000+00:00,2.881e-07
2025-10-19 02:00:00.096000+00:00,3.259e-07
2025-10-19 03:00:00.108000+00:00,-2.279e-06
2025-10-19 04:00:00.025000+00:00,-8.934e-07
2025-10-19 05:00:00.003000+00:00,-8.215e-07
2025-10-19 06:00:00.048000+00:00,-2.7231e-06
2025-10-19 07:00:00.062000+00:00,-8.3174e-06
2025-10-19 08:00:00.041000+00:00,-1.23023e-05
2025-10-19 09:00:00.022000+00:00,-1.2395e-05
2025-10-19 10:00:00.085000+00:00,-3.5483e-06
2025-10-19 11:00:00.055000+00:00,-2.624e-07
2025-10-19 12:00:00.055000+00:00,-5.802e-06
2025-10-19 13:00:00.079000+00:00,-5.8934e-06
2025-10-19 14:00:00.090000+00:00,-2.9675e-06
2025-10-19 15:00:00.068000+00:00,3.511e-07
2025-10-19 16:00:00.015000+00:00,-4.9418e-06
2025-10-19 17:00:00.027000+00:00,-8.317e-07
2025-10-19 18:00:00.002000+00:00,-2.679e-06
2025-10-19 19:00:00.081000+00:00,-7.4738e-06
2025-10-19 20:00:00.001000+00:00,-1.47999e-05
2025-10-19 21:00:00+00:00,-1.39902e-05
2025-10-19 22:00:00.051000+00:00,-1.31228e-05
2025-10-19 23:00:00.023000+00:00,-1.17172e-05
2025-10-20 00:00:00.001000+00:00,-1.34643e-05
2025-10-20 01:00:00.091000+00:00,-1.37059e-05
2025-10-20 02:00:00.012000+00:00,-9.6418e-06
2025-10-20 03:00:00.011000+00:00,-6.6694e-06
2025-10-20 04:00:00.027000+00:00,8.5633e-06
2025-10-20 05:00:00.027000+00:00,8.4265e-06
2025-10-20 06:00:00.067000+00:00,3.1307e-06
2025-10-20 07:00:00.099000+00:00,-2.75e-08
2025-10-20 08:00:00.102000+00:00,3.7608e-06
2025-10-20 09:00:00.121000+00:00,9.6167e-06
2025-10-20 10:00:00.031000+00:00,1.25e-05
2025-10-20 11:00:00.001000+00:00,1.25e-05
2025-10-20 12:00:00.008000+00:00,6.3696e-06
2025-10-20 13:00:00.016000+00:00,2.5203e-06
2025-10-20 14:00:00.008000+00:00,7.278e-07
2025-10-20 15:00:00.038000+00:00,4.5155e-06
2025-10-20 16:00:00.065000+00:00,1.12916e-05
2025-10-20 17:00:00.004000+00:00,6.2292e-06
2025-10-20 18:00:00.050000+00:00,5.776e-07
2025-10-20 19:00:00.049000+00:00,4.4385e-06
2025-10-20 20:00:00.017000+00:00,3.9634e-06
2025-10-20 21:00:00.028000+00:00,-8.245e-07
2025-10-20 22:00:00.031000+00:00,5.8877e-06
2025-10-20 23:00:00.065000+00:00,8.2086e-06
2025-10-21 00:00:00.019000+00:00,7.8855e-06
2025-10-21 01:00:00.007000+00:00,1.01144e-05
2025-10-21 02:00:00.031000+00:00,-1.672e-06
2025-10-21 03:00:00.071000+00:00,4.6777e-06
2025-10-21 04:00:00.035000+00:00,4.2486e-06
2025-10-21 05:00:00.063000+00:00,1.0245e-06
2025-10-21 06:00:00.008000+00:00,-4.7528e-06
2025-10-21 07:00:00.118000+00:00,-5.7943e-06
2025-10-21 08:00:00.010000+00:00,-5.1358e-06
2025-10-21 09:00:00.003000+00:00,-7.3139e-06
2025-10-21 10:00:00.028000+00:00,1.3304e-06
2025-10-21 11:00:00.076000+00:00,-6.099e-07
2025-10-21 12:00:00.078000+00:00,-4.5649e-06
2025-10-21 13:00:00.030000+00:00,-8.6815e-06
2025-10-21 14:00:00.096000+00:00,-5.732e-06
2025-10-21 15:00:00.047000+00:00,-2.7066e-06
2025-10-21 16:00:00.042000+00:00,1.25e-05
2025-10-21 17:00:00.058000+00:00,1.25e-05
2025-10-21 18:00:00.016000+00:00,1.22358e-05
2025-10-21 19:00:00.080000+00:00,-9.6161e-06
2025-10-21 20:00:00.060000+00:00,-1.22542e-05
2025-10-21 21:00:00.019000+00:00,-8.4186e-06
2025-10-21 22:00:00.011000+00:00,-1.1129e-05
2025-10-21 23:00:00.060000+00:00,-1.09522e-05
2025-10-22 00:00:00.025000+00:00,-1.24149e-05
2025-10-22 01:00:00.050000+00:00,-4.7248e-06
2025-10-22 02:00:00.020000+00:00,-1.6003e-06
2025-10-22 03:00:00.081000+00:00,-3.367e-06
2025-10-22 04:00:00.076000+00:00,-8.5215e-06
2025-10-22 05:00:00.035000+00:00,-1.38744e-05
2025-10-22 06:00:00.009000+00:00,-1.28456e-05
2025-10-22 07:00:00.071000+00:00,-4.3547e-06
2025-10-22 08:00:00.062000+00:00,-2.6199e-06
2025-10-22 09:00:00.059000+00:00,9.386e-07
2025-10-22 10:00:00.074000+00:00,-4.9891e-06
2025-10-22 11:00:00.056000+00:00,1.3977e-06
2025-10-22 12:00:00.032000+00:00,-4.6361e-06
2025-10-22 13:00:00.031000+00:00,-1.29325e-05
2025-10-22 14:00:00.029000+00:00,-1.56126e-05
2025-10-22 15:00:00.025000+00:00,-5.2481e-06
2025-10-22 16:00:00.036000+00:00,-1.2238e-06
2025-10-22 17:00:00.033000+00:00,-3.9348e-06
2025-10-22 18:00:00.008000+00:00,-4.7334e-06
2025-10-22 19:00:00.089000+00:00,1.2432e-06
2025-10-22 20:00:00.002000+00:00,4.9199e-06
2025-10-22 21:00:00.025000+00:00,-7.266e-07
2025-10-22 22:00:00.027000+00:00,-6.716e-06
2025-10-22 23:00:00.005000+00:00,-5.9483e-06
2025-10-23 00:00:00.009000+00:00,3.0069e-06
2025-10-23 01:00:00.016000+00:00,1.25e-05
2025-10-23 02:00:00.031000+00:00,1.02084e-05
2025-10-23 03:00:00.006000+00:00,1.25e-05
2025-10-23 04:00:00.069000+00:00,7.7359e-06
2025-10-23 05:00:00.027000+00:00,4.632e-06
2025-10-23 06:00:00.059000+00:00,9.0357e-06
2025-10-23 07:00:00.050000+00:00,7.2068e-06
2025-10-23 08:00:00.047000+00:00,7.5746e-06
2025-10-23 09:00:00.058000+00:00,1.25e-05
2025-10-23 10:00:00.041000+00:00,1.25e-05
2025-10-23 11:00:00.009000+00:00,1.25e-05
2025-10-23 12:00:00.003000+00:00,1.24779e-05
2025-10-23 13:00:00.028000+00:00,9.4488e-06
2025-10-23 14:00:00.017000+00:00,1.00375e-05
2025-10-23 15:00:00.071000+00:00,1.25e-05
2025-10-23 16:00:00.077000+00:00,1.25e-05
2025-10-23 17:00:00.066000+00:00,1.25e-05
2025-10-23 18:00:00.067000+00:00,1.25e-05
2025-10-23 19:00:00.064000+00:00,1.25e-05
2025-10-23 20:00:00.111000+00:00,1.25e-05
2025-10-23 21:00:00.075000+00:00,1.08898e-05
2025-10-23 22:00:00.059000+00:00,8.4558e-06
2025-10-23 23:00:00.061000+00:00,-6.889e-06
2025-10-24 00:00:00.027000+00:00,-2.3889e-06
2025-10-24 01:00:00.017000+00:00,2.4132e-06
2025-10-24 02:00:00.037000+00:00,2.6365e-06
2025-10-24 03:00:00.019000+00:00,1.17684e-05
2025-10-24 04:00:00.025000+00:00,9.1479e-06
2025-10-24 05:00:00.030000+00:00,1.05474e-05
2025-10-24 06:00:00.025000+00:00,1.25e-05
2025-10-24 07:00:00.071000+00:00,1.25e-05
2025-10-24 08:00:00.077000+00:00,1.15384e-05
2025-10-24 09:00:00.061000+00:00,4.8541e-06
2025-10-24 10:00:00.120000+00:00,1.0582e-05
2025-10-24 11:00:00.104000+00:00,9.0363e-06
2025-10-24 12:00:00.013000+00:00,4.5373e-06
2025-10-24 13:00:00.033000+00:00,1.04676e-05
2025-10-24 14:00:00.009000+00:00,8.9501e-06
2025-10-24 15:00:00.027000+00:00,8.2537e-06
2025-10-24 16:00:00.171000+00:00,8.0002e-06
2025-10-24 17:00:00.036000+00:00,9.6923e-06
2025-10-24 18:00:00.052000+00:00,1.02491e-05
2025-10-24 19:00:00.043000+00:00,6.4737e-06
2025-10-24 20:00:00.021000+00:00,4.9487e-06
2025-10-24 21:00:00.031000+00:00,5.1412e-06
2025-10-24 22:00:00.007000+00:00,1.25e-05
2025-10-24 23:00:00.032000+00:00,1.25e-05
2025-10-25 00:00:00.014000+00:00,1.25e-05
2025-10-25 01:00:00.081000+00:00,1.25e-05
2025-10-25 02:00:00.085000+00:00,1.25e-05
2025-10-25 03:00:00.008000+00:00,1.25e-05
2025-10-25 04:00:00.066000+00:00,9.4267e-06
2025-10-25 05:00:00.028000+00:00,1.12434e-05
2025-10-25 06:00:00.036000+00:00,7.9357e-06
2025-10-25 07:00:00.008000+00:00,4.6449e-06
2025-10-25 08:00:00.043000+00:00,3.5851e-06
2025-10-25 09:00:00.025000+00:00,-1.8443e-06
2025-10-25 10:00:00.021000+00:00,9.3074e-06
2025-10-25 11:00:00.057000+00:00,7.5404e-06
2025-10-25 12:00:00.047000+00:00,1.25e-05
2025-10-25 13:00:00.046000+00:00,1.25e-05
2025-10-25 14:00:00.058000+00:00,1.25e-05
2025-10-25 15:00:00.016000+00:00,1.25e-05
2025-10-25 16:00:00.041000+00:00,1.25e-05
2025-10-25 17:00:00.015000+00:00,1.23703e-05
2025-10-25 18:00:00.027000+00:00,1.25e-05
2025-10-25 19:00:00.030000+00:00,1.25e-05
2025-10-25 20:00:00.002000+00:00,1.25e-05
2025-10-25 21:00:00.073000+00:00,1.25e-05
2025-10-25 22:00:00.055000+00:00,1.25e-05
2025-10-25 23:00:00.044000+00:00,1.25e-05
2025-10-26 00:00:00.032000+00:00,1.25e-05
2025-10-26 01:00:00.040000+00:00,1.25e-05
2025-10-26 02:00:00.006000+00:00,1.18529e-05
2025-10-26 03:00:00.063000+00:00,1.05468e-05
2025-10-26 04:00:00.133000+00:00,1.09234e-05
2025-10-26 05:00:00.021000+00:00,1.18022e-05
2025-10-26 06:00:00.088000+00:00,1.08478e-05
2025-10-26 07:00:00.054000+00:00,9.3537e-06
2025-10-26 08:00:00.009000+00:00,1.25e-05
2025-10-26 09:00:00.041000+00:00,1.25e-05
2025-10-26 10:00:00.028000+00:00,1.25e-05
2025-10-26 11:00:00.068000+00:00,1.25e-05
2025-10-26 12:00:00.084000+00:00,1.25e-05
2025-10-26 13:00:00.054000+00:00,1.25e-05
2025-10-26 14:00:00.041000+00:00,1.25e-05
2025-10-26 15:00:00.079000+00:00,1.25e-05
2025-10-26 16:00:00.039000+00:00,1.25e-05
2025-10-26 17:00:00.074000+00:00,1.25e-05
2025-10-26 18:00:00.030000+00:00,1.1197e-05
2025-10-26 19:00:00.059000+00:00,9.6771e-06
2025-10-26 20:00:00.056000+00:00,8.6124e-06
2025-10-26 21:00:00.033000+00:00,1.17746e-05
2025-10-26 22:00:00.019000+00:00,8.4104e-06
2025-10-26 23:00:00.009000+00:00,1.25e-05
2025-10-27 00:00:00.020000+00:00,1.25e-05
2025-10-27 01:00:00.007000+00:00,1.25e-05
2025-10-27 02:00:00.080000+00:00,1.25e-05
2025-10-27 03:00:00.034000+00:00,1.25e-05
2025-10-27 04:00:00.050000+00:00,1.25e-05
2025-10-27 05:00:00.056000+00:00,1.25e-05
2025-10-27 06:00:00.073000+00:00,1.25e-05
2025-10-27 07:00:00.002000+00:00,1.25e-05
2025-10-27 08:00:00.067000+00:00,1.25e-05
2025-10-27 09:00:00.016000+00:00,1.25e-05
2025-10-27 10:00:00.082000+00:00,1.25e-05
2025-10-27 11:00:00.067000+00:00,1.25e-05
2025-10-27 12:00:00.052000+00:00,1.25e-05
2025-10-27 13:00:00.132000+00:00,1.25e-05
2025-10-27 14:00:00.028000+00:00,1.25e-05
2025-10-27 15:00:00.090000+00:00,1.25e-05
2025-10-27 16:00:00.054000+00:00,1.25e-05
2025-10-27 17:00:00.078000+00:00,1.25e-05
2025-10-27 18:00:00.053000+00:00,1.25e-05
2025-10-27 19:00:00.055000+00:00,1.25e-05
2025-10-27 20:00:00.077000+00:00,1.25e-05
2025-10-27 21:00:00.065000+00:00,8.0107e-06
2025-10-27 22:00:00.010000+00:00,6.4343e-06
2025-10-27 23:00:00.071000+00:00,5.4979e-06
2025-10-28 00:00:00.041000+00:00,5.9693e-06
2025-10-28 01:00:00.058000+00:00,5.9152e-06
2025-10-28 02:00:00.012000+00:00,4.9115e-06
2025-10-28 03:00:00.031000+00:00,6.087e-07
2025-10-28 04:00:00.021000+00:00,5.2741e-06
2025-10-28 05:00:00.020000+00:00,1.10092e-05
2025-10-28 06:00:00.053000+00:00,1.25e-05
2025-10-28 07:00:00.074000+00:00,4.5166e-06
2025-10-28 08:00:00.069000+00:00,5.2866e-06
2025-10-28 09:00:00.046000+00:00,1.25e-05
2025-10-28 10:00:00.036000+00:00,1.1489e-05
2025-10-28 11:00:00.005000+00:00,1.25e-05
2025-10-28 12:00:00.001000+00:00,1.17763e-05
2025-10-28 13:00:00.109000+00:00,1.1482e-05
2025-10-28 14:00:00.010000+00:00,1.25e-05
2025-10-28 15:00:00.019000+00:00,1.25e-05
2025-10-28 16:00:00.046000+00:00,1.25e-05
2025-10-28 17:00:00.059000+00:00,1.25e-05
2025-10-28 18:00:00.091000+00:00,9.0682e-06
2025-10-28 19:00:00.102000+00:00,1.25e-05
2025-10-28 20:00:00.058000+00:00,1.24115e-05
2025-10-28 21:00:00.077000+00:00,9.0731e-06
2025-10-28 22:00:00.030000+00:00,7.4522e-06
2025-10-28 23:00:00.042000+00:00,7.2399e-06
2025-10-29 00:00:00.102000+00:00,6.826e-07
2025-10-29 01:00:00.042000+00:00,-3.1378e-06
2025-10-29 02:00:00.077000+00:00,1.11941e-05
2025-10-29 03:00:00.042000+00:00,7.1538e-06
2025-10-29 04:00:00.036000+00:00,7.4778e-06
2025-10-29 05:00:00.043000+00:00,8.1757e-06
2025-10-29 06:00:00.006000+00:00,9.5736e-06
2025-10-29 07:00:00.020000+00:00,1.15596e-05
2025-10-29 08:00:00.053000+00:00,6.9263e-06
2025-10-29 09:00:00.061000+00:00,1.25e-05
2025-10-29 10:00:00.044000+00:00,1.25e-05
2025-10-29 11:00:00.044000+00:00,1.03763e-05
2025-10-29 12:00:00.098000+00:00,1.24045e-05
2025-10-29 13:00:00+00:00,8.9205e-06
2025-10-29 14:00:00.006000+00:00,2.9095e-06
2025-10-29 15:00:00.035000+00:00,-8.832e-07
2025-10-29 16:00:00.064000+00:00,-1.18881e-05
2025-10-29 17:00:00.196000+00:00,-7.9607e-06
2025-10-29 18:00:00.117000+00:00,-1.0318e-06
2025-10-29 19:00:00.037000+00:00,2.297e-07
2025-10-29 20:00:00.043000+00:00,1.05014e-05
2025-10-29 21:00:00.014000+00:00,1.25e-05
2025-10-29 22:00:00.025000+00:00,1.25e-05
2025-10-29 23:00:00.061000+00:00,1.25e-05
2025-10-30 00:00:00.035000+00:00,1.25e-05
2025-10-30 01:00:00.015000+00:00,1.15519e-05
2025-10-30 02:00:00.037000+00:00,1.25e-05
2025-10-30 03:00:00.041000+00:00,1.25e-05
2025-10-30 04:00:00.122000+00:00,1.25e-05
2025-10-30 05:00:00.021000+00:00,1.25e-05
2025-10-30 06:00:00.021000+00:00,1.25e-05
2025-10-30 07:00:00.062000+00:00,1.13716e-05
2025-10-30 08:00:00.024000+00:00,1.02914e-05
2025-10-30 09:00:00.007000+00:00,1.25e-05
2025-10-30 10:00:00.042000+00:00,1.25e-05
2025-10-30 11:00:00.045000+00:00,1.25e-05
2025-10-30 12:00:00.003000+00:00,1.25e-05
2025-10-30 13:00:00.048000+00:00,1.25e-05
2025-10-30 14:00:00.048000+00:00,5.8375e-06
2025-10-30 15:00:00.044000+00:00,5.5063e-06
2025-10-30 16:00:00.037000+00:00,-5.058e-06
2025-10-30 17:00:00.008000+00:00,5.6777e-06
2025-10-30 18:00:00.032000+00:00,-4.311e-07
2025-10-30 19:00:00.088000+00:00,5.892e-07
2025-10-30 20:00:00.034000+00:00,7.9836e-06
2025-10-30 21:00:00.071000+00:00,1.25e-05
2025-10-30 22:00:00.092000+00:00,8.9324e-06
2025-10-30 23:00:00.006000+00:00,7.3511e-06
2025-10-31 00:00:00.006000+00:00,1.03297e-05
2025-10-31 01:00:00.082000+00:00,9.8277e-06
2025-10-31 02:00:00.068000+00:00,1.8699e-06
2025-10-31 03:00:00.072000+00:00,2.8674e-06
2025-10-31 04:00:00.038000+00:00,4.2461e-06
2025-10-31 05:00:00.105000+00:00,-1.169e-07
2025-10-31 06:00:00.081000+00:00,3.8747e-06
2025-10-31 07:00:00.066000+00:00,5.9006e-06
2025-10-31 08:00:00.065000+00:00,1.8536e-06
2025-10-31 09:00:00.071000+00:00,-3.6778e-06
2025-10-31 10:00:00.002000+00:00,3.314e-07
2025-10-31 11:00:00.027000+00:00,2.7388e-06
2025-10-31 12:00:00.145000+00:00,2.3325e-06
2025-10-31 13:00:00.016000+00:00,1.25e-05
2025-10-31 14:00:00.066000+00:00,1.25e-05
2025-10-31 15:00:00.074000+00:00,3.1432e-06
2025-10-31 16:00:00.068000+00:00,-7.9453e-06
2025-10-31 17:00:00.021000+00:00,-1.47601e-05
2025-10-31 18:00:00.067000+00:00,-4.073e-07
2025-10-31 19:00:00.009000+00:00,-1.13614e-05
2025-10-31 20:00:00.030000+00:00,-4.8516e-06
2025-10-31 21:00:00.040000+00:00,-7.0622e-06
2025-10-31 22:00:00.089000+00:00,-4.5098e-06
2025-10-31 23:00:00.037000+00:00,-8.6764e-06
2025-11-01 00:00:00.078000+00:00,-1.6398e-06
2025-11-01 01:00:00.002000+00:00,-6.6399e-06
2025-11-01 02:00:00+00:00,-3.3841e-06
2025-11-01 03:00:00.108000+00:00,3.8943e-06
2025-11-01 04:00:00.053000+00:00,-1.1005e-06
2025-11-01 05:00:00.085000+00:00,-5.8e-07
2025-11-01 06:00:00.046000+00:00,-5.7601e-06
2025-11-01 07:00:00.032000+00:00,-8.8557e-06
2025-11-01 08:00:00.039000+00:00,-1.8621e-06
2025-11-01 09:00:00.075000+00:00,-1.23e-06
2025-11-01 10:00:00.010000+00:00,1.4087e-06
2025-11-01 11:00:00.062000+00:00,1.7259e-06
2025-11-01 12:00:00.072000+00:00,-7.08e-06
2025-11-01 13:00:00.047000+00:00,-2.49107e-05
2025-11-01 14:00:00.013000+00:00,-9.6779e-06
2025-11-01 15:00:00.106000+00:00,-8.1229e-06
2025-11-01 16:00:00.044000+00:00,-8.6961e-06
2025-11-01 17:00:00.100000+00:00,-1.22432e-05
2025-11-01 18:00:00.005000+00:00,-9.2934e-06
2025-11-01 19:00:00.116000+00:00,-5.5973e-06
2025-11-01 20:00:00.002000+00:00,-1.64649e-05
2025-11-01 21:00:00.008000+00:00,-1.32361e-05
2025-11-01 22:00:00.031000+00:00,-1.3256e-05
2025-11-01 23:00:00.014000+00:00,-1.3781e-05
2025-11-02 00:00:00.094000+00:00,-1.05037e-05
2025-11-02 01:00:00+00:00,-1.36581e-05
2025-11-02 02:00:00.052000+00:00,-1.18223e-05
2025-11-02 03:00:00.004000+00:00,-1.2153e-05
2025-11-02 04:00:00.012000+00:00,-1.36331e-05
2025-11-02 05:00:00.099000+00:00,-8.9495e-06
2025-11-02 06:00:00.007000+00:00,-6.6812e-06
2025-11-02 07:00:00.053000+00:00,-9.6278e-06
2025-11-02 08:00:00.040000+00:00,7.931e-07
2025-11-02 09:00:00.053000+00:00,-4.6749e-06
2025-11-02 10:00:00.020000+00:00,-8.9968e-06
2025-11-02 11:00:00.019000+00:00,-1.51221e-05
2025-11-02 12:00:00.027000+00:00,-1.0281e-05
2025-11-02 13:00:00.003000+00:00,-1.30479e-05
2025-11-02 14:00:00.057000+00:00,-9.8144e-06
2025-11-02 15:00:00.055000+00:00,-1.50146e-05
2025-11-02 16:00:00.038000+00:00,-1.80273e-05
2025-11-02 17:00:00.043000+00:00,-2.00224e-05
2025-11-02 18:00:00.014000+00:00,-1.71067e-05
2025-11-02 19:00:00.050000+00:00,-1.63665e-05
2025-11-02 20:00:00.024000+00:00,-2.75249e-05
2025-11-02 21:00:00.063000+00:00,-2.54012e-05
2025-11-02 22:00:00.055000+00:00,-1.45154e-05
2025-11-02 23:00:00.127000+00:00,-2.60378e-05
2025-11-03 00:00:00.108000+00:00,-1.83997e-05
2025-11-03 01:00:00.005000+00:00,-1.05834e-05
2025-11-03 02:00:00.074000+00:00,-1.31043e-05
2025-11-03 03:00:00.048000+00:00,-2.48777e-05
2025-11-03 04:00:00.069000+00:00,-1.57792e-05
2025-11-03 05:00:00.062000+00:00,-1.8481e-06
2025-11-03 06:00:00.081000+00:00,-1.62313e-05
2025-11-03 07:00:00.041000+00:00,-2.40607e-05
2025-11-03 08:00:00.009000+00:00,-1.17555e-05
2025-11-03 09:00:00.014000+00:00,-2.7142e-06
2025-11-03 10:00:00.019000+00:00,-7.343e-06
2025-11-03 11:00:00.065000+00:00,-1.3396e-06
2025-11-03 12:00:00.073000+00:00,4.399e-06
2025-11-03 13:00:00.022000+00:00,8.47e-07
2025-11-03 14:00:00.040000+00:00,4.7719e-06
2025-11-03 15:00:00.059000+00:00,2.1464e-06
2025-11-03 16:00:00.024000+00:00,-1.86756e-05
2025-11-03 17:00:00.019000+00:00,-2.29301e-05
2025-11-03 18:00:00.009000+00:00,-1.53811e-05
2025-11-03 19:00:00.094000+00:00,-1.20456e-05
2025-11-03 20:00:00.046000+00:00,1.0917e-06
2025-11-03 21:00:00+00:00,-4.3961e-06
2025-11-03 22:00:00.013000+00:00,2.0821e-06
2025-11-03 23:00:00.040000+00:00,1.448e-07
2025-11-04 00:00:00.009000+00:00,-5.454e-07
2025-11-04 01:00:00.022000+00:00,-1.5022e-06
2025-11-04 02:00:00.049000+00:00,-1.6783e-06
2025-11-04 03:00:00.014000+00:00,1.1521e-06
2025-11-04 04:00:00.074000+00:00,3.8783e-06
2025-11-04 05:00:00.042000+00:00,1.01915e-05
2025-11-04 06:00:00.054000+00:00,6.5498e-06
2025-11-04 07:00:00.052000+00:00,-3.0811e-06
2025-11-04 08:00:00.064000+00:00,3.269e-06
2025-11-04 09:00:00.001000+00:00,1.25e-05
2025-11-04 10:00:00.042000+00:00,1.25e-05
2025-11-04 11:00:00.018000+00:00,1.25e-05
2025-11-04 12:00:00.053000+00:00,1.05799e-05
2025-11-04 13:00:00.065000+00:00,4.6733e-06
2025-11-04 14:00:00.077000+00:00,5.222e-07
2025-11-04 15:00:00.003000+00:00,1.0074e-06
2025-11-04 16:00:00+00:00,4.6208e-06
2025-11-04 17:00:00.006000+00:00,1.7395e-06
2025-11-04 18:00:00.062000+00:00,6.1356e-06
2025-11-04 19:00:00.079000+00:00,1.25e-05
2025-11-04 20:00:00.059000+00:00,1.25e-05
2025-11-04 21:00:00.034000+00:00,1.25e-05
2025-11-04 22:00:00.024000+00:00,1.25e-05
2025-11-04 23:00:00.105000+00:00,1.25e-05
2025-11-05 00:00:00.005000+00:00,1.25e-05
2025-11-05 01:00:00.045000+00:00,1.25e-05
2025-11-05 02:00:00.095000+00:00,1.25e-05
2025-11-05 03:00:00.037000+00:00,1.25e-05
2025-11-05 04:00:00.029000+00:00,1.07369e-05
2025-11-05 05:00:00.020000+00:00,1.01871e-05
2025-11-05 06:00:00.033000+00:00,8.0433e-06
2025-11-05 07:00:00.044000+00:00,1.10723e-05
2025-11-05 08:00:00.051000+00:00,7.2402e-06
2025-11-05 09:00:00.029000+00:00,1.25e-05
2025-11-05 10:00:00.009000+00:00,1.25e-05
2025-11-05 11:00:00.001000+00:00,1.25e-05
2025-11-05 12:00:00.024000+00:00,1.25e-05
2025-11-05 13:00:00.088000+00:00,1.25e-05
2025-11-05 14:00:00.043000+00:00,1.25e-05
2025-11-05 15:00:00.072000+00:00,1.25e-05
2025-11-05 16:00:00.017000+00:00,1.25e-05
2025-11-05 17:00:00.026000+00:00,1.25e-05
2025-11-05 18:00:00.042000+00:00,1.4933e-06
2025-11-05 19:00:00+00:00,7.3572e-06
2025-11-05 20:00:00+00:00,1.08519e-05
2025-11-05 21:00:00.095000+00:00,1.25e-05
2025-11-05 22:00:00.015000+00:00,1.25e-05
2025-11-05 23:00:00+00:00,1.25e-05
2025-11-06 00:00:00.097000+00:00,1.25e-05
2025-11-06 01:00:00.003000+00:00,1.25e-05
2025-11-06 02:00:00.026000+00:00,1.25e-05
2025-11-06 03:00:00.007000+00:00,1.25e-05
2025-11-06 04:00:00.087000+00:00,1.25e-05
2025-11-06 05:00:00.131000+00:00,1.25e-05
2025-11-06 06:00:00.042000+00:00,1.25e-05
2025-11-06 07:00:00.071000+00:00,5.537e-06
2025-11-06 08:00:00.018000+00:00,2.4351e-06
2025-11-06 09:00:00.140000+00:00,8.5026e-06
2025-11-06 10:00:00.001000+00:00,-1.77891e-05
2025-11-06 11:00:00.102000+00:00,-1.88714e-05
2025-11-06 12:00:00.043000+00:00,-7.2096e-06
2025-11-06 13:00:00.022000+00:00,-7.0968e-06
2025-11-06 14:00:00.005000+00:00,-1.22019e-05
2025-11-06 15:00:00.021000+00:00,-2.02885e-05
2025-11-06 16:00:00.024000+00:00,-2.28758e-05
2025-11-06 17:00:00.081000+00:00,-2.12242e-05
2025-11-06 18:00:00.040000+00:00,-7.9364e-06
2025-11-06 19:00:00.042000+00:00,-1.19744e-05
2025-11-06 20:00:00.018000+00:00,-1.16427e-05
2025-11-06 21:00:00.048000+00:00,-8.8646e-06
2025-11-06 22:00:00.027000+00:00,-1.1819e-06
2025-11-06 23:00:00.047000+00:00,-6.9831e-06
2025-11-07 00:00:00.115000+00:00,-6.5219e-06
2025-11-07 01:00:00.033000+00:00,-1.6197e-06
2025-11-07 02:00:00.013000+00:00,-1.1469e-06
2025-11-07 03:00:00.014000+00:00,5.6928e-06
2025-11-07 04:00:00.064000+00:00,1.1389e-05
2025-11-07 05:00:00.056000+00:00,1.25e-05
2025-11-07 06:00:00.072000+00:00,1.25e-05
2025-11-07 07:00:00.016000+00:00,1.05388e-05
2025-11-07 08:00:00.013000+00:00,1.12733e-05
2025-11-07 09:00:00.038000+00:00,7.038e-06
2025-11-07 10:00:00.027000+00:00,-2.73e-08
2025-11-07 11:00:00.002000+00:00,-2.682e-07
2025-11-07 12:00:00.029000+00:00,1.5495e-06
2025-11-07 13:00:00.135000+00:00,2.7488e-06
2025-11-07 14:00:00.085000+00:00,1.25e-05
2025-11-07 15:00:00.034000+00:00,1.25e-05
2025-11-07 16:00:00.018000+00:00,1.25e-05
2025-11-07 17:00:00.021000+00:00,1.25e-05
2025-11-07 18:00:00.079000+00:00,1.25e-05
2025-11-07 19:00:00.010000+00:00,1.25e-05
2025-11-07 20:00:00.026000+00:00,1.25e-05
2025-11-07 21:00:00.021000+00:00,1.25e-05
2025-11-07 22:00:00.043000+00:00,1.25e-05
2025-11-07 23:00:00.141000+00:00,1.25e-05
2025-11-08 00:00:00.094000+00:00,1.25e-05
2025-11-08 01:00:00.067000+00:00,1.25e-05
2025-11-08 02:00:00.022000+00:00,8.765e-07
2025-11-08 03:00:00.023000+00:00,-3.0674e-06
2025-11-08 04:00:00.013000+00:00,-1.5672e-06
2025-11-08 05:00:00.085000+00:00,1.5584e-06
2025-11-08 06:00:00.078000+00:00,5.3061e-06
2025-11-08 07:00:00.036000+00:00,8.628e-06
2025-11-08 08:00:00.058000+00:00,1.00304e-05
2025-11-08 09:00:00.085000+00:00,1.25e-05
2025-11-08 10:00:00.029000+00:00,1.14852e-05
2025-11-08 11:00:00.034000+00:00,1.25e-05
2025-11-08 12:00:00.091000+00:00,9.263e-06
2025-11-08 13:00:00.036000+00:00,-8.074e-07
2025-11-08 14:00:00.019000+00:00,-1.31109e-05
2025-11-08 15:00:00.056000+00:00,1.0083e-06
2025-11-08 16:00:00.029000+00:00,1.519e-06
2025-11-08 17:00:00.024000+00:00,1.25e-05
2025-11-08 18:00:00.085000+00:00,9.0591e-06
2025-11-08 19:00:00.082000+00:00,8.005e-06
2025-11-08 20:00:00.100000+00:00,1.16444e-05
2025-11-08 21:00:00.090000+00:00,1.25e-05
2025-11-08 22:00:00.035000+00:00,8.26e-06
2025-11-08 23:00:00.043000+00:00,6.148e-06
2025-11-09 00:00:00.028000+00:00,8.8757e-06
2025-11-09 01:00:00.002000+00:00,7.7306e-06
2025-11-09 02:00:00.185000+00:00,8.3358e-06
2025-11-09 03:00:00.067000+00:00,9.2861e-06
2025-11-09 04:00:00.004000+00:00,2.9948e-06
2025-11-09 05:00:00.022000+00:00,4.4733e-06
2025-11-09 06:00:00.090000+00:00,1.2698e-06
2025-11-09 07:00:00.058000+00:00,6.6451e-06
2025-11-09 08:00:00.038000+00:00,1.25e-05
2025-11-09 09:00:00.012000+00:00,1.25e-05
2025-11-09 10:00:00.045000+00:00,1.25e-05
2025-11-09 11:00:00.046000+00:00,1.0596e-05
2025-11-09 12:00:00.040000+00:00,9.8424e-06
2025-11-09 13:00:00.061000+00:00,1.4507e-06
2025-11-09 14:00:00.027000+00:00,1.24881e-05
2025-11-09 15:00:00.050000+00:00,1.25e-05
2025-11-09 16:00:00.039000+00:00,1.25e-05
2025-11-09 17:00:00.109000+00:00,1.25e-05
2025-11-09 18:00:00.052000+00:00,1.25e-05
2025-11-09 19:00:00.066000+00:00,1.25e-05
2025-11-09 20:00:00.007000+00:00,1.25e-05
2025-11-09 21:00:00.092000+00:00,1.25e-05
2025-11-09 22:00:00.073000+00:00,1.25e-05
2025-11-09 23:00:00.047000+00:00,1.25e-05
2025-11-10 00:00:00.049000+00:00,1.25e-05
2025-11-10 01:00:00+00:00,1.25e-05
2025-11-10 02:00:00.010000+00:00,1.25e-05
2025-11-10 03:00:00.055000+00:00,1.25e-05
2025-11-10 04:00:00.076000+00:00,1.25e-05
2025-11-10 05:00:00.075000+00:00,1.25e-05
2025-11-10 06:00:00.071000+00:00,1.25e-05
2025-11-10 07:00:00.051000+00:00,1.25e-05
2025-11-10 08:00:00.042000+00:00,1.25e-05
2025-11-10 09:00:00.026000+00:00,1.25e-05
2025-11-10 10:00:00.131000+00:00,1.25e-05
2025-11-10 11:00:00.024000+00:00,1.25e-05
2025-11-10 12:00:00.125000+00:00,1.25e-05
2025-11-10 13:00:00.057000+00:00,1.25e-05
2025-11-10 14:00:00.062000+00:00,1.25e-05
2025-11-10 15:00:00.004000+00:00,1.25e-05
2025-11-10 16:00:00.048000+00:00,1.25e-05
2025-11-10 17:00:00.036000+00:00,1.25e-05
2025-11-10 18:00:00.053000+00:00,1.25e-05
2025-11-10 19:00:00.043000+00:00,1.25e-05
2025-11-10 20:00:00.045000+00:00,1.25e-05
2025-11-10 21:00:00.074000+00:00,1.25e-05
2025-11-10 22:00:00.005000+00:00,1.25e-05
2025-11-10 23:00:00.001000+00:00,1.25e-05
2025-11-11 00:00:00.073000+00:00,1.25e-05
2025-11-11 01:00:00.054000+00:00,1.25e-05
2025-11-11 02:00:00.011000+00:00,1.25e-05
2025-11-11 03:00:00.076000+00:00,1.25e-05
2025-11-11 04:00:00.153000+00:00,1.25e-05
2025-11-11 05:00:00.043000+00:00,1.25e-05
2025-11-11 06:00:00.043000+00:00,1.25e-05
2025-11-11 07:00:00.040000+00:00,1.25e-05
2025-11-11 08:00:00.049000+00:00,1.25e-05
2025-11-11 09:00:00.026000+00:00,8.7776e-06
2025-11-11 10:00:00.055000+00:00,1.17013e-05
2025-11-11 11:00:00.060000+00:00,7.6146e-06
2025-11-11 12:00:00.002000+00:00,9.4672e-06
2025-11-11 13:00:00.058000+00:00,1.12939e-05
2025-11-11 14:00:00.061000+00:00,-4.1723e-06
2025-11-11 15:00:00.027000+00:00,-1.26443e-05
2025-11-11 16:00:00.015000+00:00,-2.2667e-06
2025-11-11 17:00:00.073000+00:00,1.4026e-06
2025-11-11 18:00:00.026000+00:00,1.15094e-05
2025-11-11 19:00:00.016000+00:00,1.25e-05
2025-11-11 20:00:00.013000+00:00,1.25e-05
2025-11-11 21:00:00.050000+00:00,1.25e-05
2025-11-11 22:00:00.008000+00:00,7.9096e-06
2025-11-11 23:00:00.015000+00:00,6.3263e-06
2025-11-12 00:00:00.096000+00:00,1.25e-05
2025-11-12 01:00:00.040000+00:00,1.25e-05
2025-11-12 02:00:00.123000+00:00,1.25e-05
2025-11-12 03:00:00.006000+00:00,1.25e-05
2025-11-12 04:00:00.014000+00:00,1.25e-05
2025-11-12 05:00:00.084000+00:00,1.25e-05
2025-11-12 06:00:00.107000+00:00,1.25e-05
2025-11-12 07:00:00.073000+00:00,1.25e-05
2025-11-12 08:00:00.004000+00:00,5.8532e-06
2025-11-12 09:00:00.040000+00:00,1.25e-05
2025-11-12 10:00:00.021000+00:00,1.25e-05
2025-11-12 11:00:00.044000+00:00,1.25e-05
2025-11-12 12:00:00.007000+00:00,1.25e-05
2025-11-12 13:00:00.063000+00:00,1.25e-05
2025-11-12 14:00:00.043000+00:00,1.25e-05
2025-11-12 15:00:00.019000+00:00,1.25e-05
2025-11-12 16:00:00.001000+00:00,2.2135e-06
2025-11-12 17:00:00.045000+00:00,-1.714e-07
2025-11-12 18:00:00.036000+00:00,-3.6057e-06
2025-11-12 19:00:00.032000+00:00,-6.6568e-06
2025-11-12 20:00:00.038000+00:00,-9.7362e-06
2025-11-12 21:00:00.057000+00:00,1.25e-05
2025-11-12 22:00:00.019000+00:00,1.25e-05
2025-11-12 23:00:00.045000+00:00,1.25e-05
2025-11-13 00:00:00.007000+00:00,1.25e-05
2025-11-13 01:00:00.079000+00:00,1.25e-05
2025-11-13 02:00:00.052000+00:00,1.25e-05
2025-11-13 03:00:00.067000+00:00,1.25e-05
2025-11-13 04:00:00.039000+00:00,1.25e-05
2025-11-13 05:00:00.072000+00:00,1.25e-05
2025-11-13 06:00:00.028000+00:00,1.25e-05
2025-11-13 07:00:00.014000+00:00,1.25e-05
2025-11-13 08:00:00.053000+00:00,1.25e-05
2025-11-13 09:00:00.007000+00:00,1.25e-05
2025-11-13 10:00:00.062000+00:00,1.25e-05
2025-11-13 11:00:00.092000+00:00,1.25e-05
2025-11-13 12:00:00.022000+00:00,1.25e-05
2025-11-13 13:00:00.024000+00:00,1.25e-05
2025-11-13 14:00:00.070000+00:00,4.8504e-06
2025-11-13 15:00:00.014000+00:00,5.1912e-06
2025-11-13 16:00:00.012000+00:00,-6.9593e-06
2025-11-13 17:00:00.042000+00:00,1.25e-05
2025-11-13 18:00:00.058000+00:00,1.25e-05
2025-11-13 19:00:00.062000+00:00,1.25e-05
2025-11-13 20:00:00.061000+00:00,1.25e-05
2025-11-13 21:00:00.046000+00:00,1.25e-05
2025-11-13 22:00:00.013000+00:00,-7.4957e-06
2025-11-13 23:00:00.059000+00:00,3.7569e-06
2025-11-14 00:00:00.130000+00:00,1.25e-05
2025-11-14 01:00:00.014000+00:00,1.25e-05
2025-11-14 02:00:00.069000+00:00,1.25e-05
2025-11-14 03:00:00.085000+00:00,1.25e-05
2025-11-14 04:00:00.024000+00:00,1.25e-05
2025-11-14 05:00:00.029000+00:00,1.25e-05
2025-11-14 06:00:00.096000+00:00,1.25e-05
2025-11-14 07:00:00.019000+00:00,1.25e-05
2025-11-14 08:00:00.098000+00:00,1.25e-05
2025-11-14 09:00:00.137000+00:00,1.25e-05
2025-11-14 10:00:00.036000+00:00,1.25e-05
2025-11-14 11:00:00.052000+00:00,1.25e-05
2025-11-14 12:00:00.046000+00:00,1.25e-05
2025-11-14 13:00:00.041000+00:00,1.25e-05
2025-11-14 14:00:00.034000+00:00,1.95765e-05
2025-11-14 15:00:00.013000+00:00,1.40639e-05
2025-11-14 16:00:00.014000+00:00,1.60245e-05
2025-11-14 17:00:00.079000+00:00,1.41502e-05
2025-11-14 18:00:00.020000+00:00,1.25e-05
2025-11-14 19:00:00.005000+00:00,1.25e-05
2025-11-14 20:00:00.054000+00:00,1.25e-05
2025-11-14 21:00:00.011000+00:00,1.25e-05
2025-11-14 22:00:00.091000+00:00,1.25e-05
2025-11-14 23:00:00.037000+00:00,1.25e-05
2025-11-15 00:00:00.028000+00:00,4.59882e-05
2025-11-15 01:00:00.133000+00:00,5.14049e-05
2025-11-15 02:00:00.009000+00:00,5.17473e-05
2025-11-15 03:00:00.036000+00:00,4.53535e-05
2025-11-15 04:00:00.065000+00:00,2.59159e-05
2025-11-15 05:00:00.009000+00:00,1.77596e-05
2025-11-15 06:00:00.014000+00:00,1.25e-05
2025-11-15 07:00:00.047000+00:00,1.27002e-05
2025-11-15 08:00:00.089000+00:00,1.25e-05
2025-11-15 09:00:00.051000+00:00,1.25e-05
2025-11-15 10:00:00.102000+00:00,1.66863e-05
2025-11-15 11:00:00.069000+00:00,1.49939e-05
2025-11-15 12:00:00.005000+00:00,1.25109e-05
2025-11-15 13:00:00.021000+00:00,1.25e-05
2025-11-15 14:00:00.091000+00:00,1.61874e-05
2025-11-15 15:00:00.034000+00:00,1.47437e-05
2025-11-15 16:00:00.015000+00:00,1.25e-05
2025-11-15 17:00:00.035000+00:00,1.25e-05
2025-11-15 18:00:00.023000+00:00,1.25e-05
2025-11-15 19:00:00.004000+00:00,1.25e-05
2025-11-15 20:00:00.052000+00:00,1.25e-05
2025-11-15 21:00:00.109000+00:00,1.25e-05
2025-11-15 22:00:00.042000+00:00,1.25e-05
2025-11-15 23:00:00.047000+00:00,1.25e-05
2025-11-16 00:00:00.002000+00:00,1.25e-05
2025-11-16 01:00:00.042000+00:00,1.25e-05
2025-11-16 02:00:00.028000+00:00,1.25e-05
2025-11-16 03:00:00.028000+00:00,1.25e-05
2025-11-16 04:00:00.042000+00:00,1.25e-05
2025-11-16 05:00:00.061000+00:00,1.25e-05
2025-11-16 06:00:00.020000+00:00,1.25e-05
2025-11-16 07:00:00.060000+00:00,1.25e-05
2025-11-16 08:00:00.087000+00:00,1.25e-05
2025-11-16 09:00:00.076000+00:00,1.25e-05
2025-11-16 10:00:00.068000+00:00,1.25e-05
2025-11-16 11:00:00.119000+00:00,1.25e-05
2025-11-16 12:00:00.087000+00:00,1.25e-05
2025-11-16 13:00:00.043000+00:00,1.25e-05
2025-11-16 14:00:00.073000+00:00,1.25e-05
2025-11-16 15:00:00.030000+00:00,1.25e-05
2025-11-16 16:00:00.012000+00:00,1.25e-05
2025-11-16 17:00:00.053000+00:00,1.25e-05
2025-11-16 18:00:00.003000+00:00,1.25e-05
2025-11-16 19:00:00.068000+00:00,1.25e-05
2025-11-16 20:00:00.033000+00:00,1.25e-05
2025-11-16 21:00:00.059000+00:00,1.25e-05
2025-11-16 22:00:00.007000+00:00,1.25e-05
2025-11-16 23:00:00.049000+00:00,1.25e-05
2025-11-17 00:00:00.032000+00:00,1.25e-05
2025-11-17 01:00:00.020000+00:00,1.25e-05
2025-11-17 02:00:00.028000+00:00,1.25e-05
2025-11-17 03:00:00.050000+00:00,2.04831e-05
2025-11-17 04:00:00.026000+00:00,1.83849e-05
2025-11-17 05:00:00.122000+00:00,2.22636e-05
2025-11-17 06:00:00.073000+00:00,1.94812e-05
2025-11-17 07:00:00.069000+00:00,2.07666e-05
2025-11-17 08:00:00.018000+00:00,1.45499e-05
2025-11-17 09:00:00.061000+00:00,1.35923e-05
2025-11-17 10:00:00.009000+00:00,1.25e-05
2025-11-17 11:00:00.051000+00:00,1.25e-05
2025-11-17 12:00:00.042000+00:00,1.25e-05
2025-11-17 13:00:00.062000+00:00,1.451e-05
2025-11-17 14:00:00.072000+00:00,1.25e-05
2025-11-17 15:00:00.017000+00:00,1.32311e-05
2025-11-17 16:00:00.091000+00:00,4.6042e-05
2025-11-17 17:00:00.031000+00:00,2.1002e-05
2025-11-17 18:00:00.033000+00:00,1.25e-05
2025-11-17 19:00:00.029000+00:00,1.25e-05
2025-11-17 20:00:00.047000+00:00,1.25e-05
2025-11-17 21:00:00.069000+00:00,1.25e-05
2025-11-17 22:00:00.074000+00:00,2.4379e-05
2025-11-17 23:00:00.045000+00:00,3.39645e-05
2025-11-18 00:00:00.005000+00:00,4.53842e-05
2025-11-18 01:00:00.008000+00:00,4.78658e-05
2025-11-18 02:00:00.088000+00:00,5.02059e-05
2025-11-18 03:00:00.016000+00:00,4.3464e-05
2025-11-18 04:00:00.090000+00:00,4.85105e-05
2025-11-18 05:00:00.014000+00:00,4.35745e-05
2025-11-18 06:00:00.071000+00:00,3.23514e-05
2025-11-18 07:00:00.106000+00:00,1.75169e-05
2025-11-18 08:00:00.038000+00:00,2.54168e-05
2025-11-18 09:00:00.045000+00:00,3.15904e-05
2025-11-18 10:00:00.075000+00:00,3.80343e-05
2025-11-18 11:00:00.001000+00:00,4.46613e-05
2025-11-18 12:00:00.035000+00:00,4.40552e-05
2025-11-18 13:00:00.032000+00:00,3.16984e-05
2025-11-18 14:00:00.037000+00:00,2.50582e-05
2025-11-18 15:00:00.046000+00:00,1.60719e-05
2025-11-18 16:00:00.046000+00:00,1.25e-05
2025-11-18 17:00:00.013000+00:00,3.54152e-05
2025-11-18 18:00:00.026000+00:00,3.77831e-05
2025-11-18 19:00:00.025000+00:00,3.39361e-05
2025-11-18 20:00:00.006000+00:00,2.10251e-05
2025-11-18 21:00:00.030000+00:00,1.40562e-05
2025-11-18 22:00:00.011000+00:00,1.96634e-05
2025-11-18 23:00:00.026000+00:00,2.28379e-05
2025-11-19 00:00:00.026000+00:00,1.25e-05
2025-11-19 01:00:00.092000+00:00,1.25e-05
2025-11-19 02:00:00.049000+00:00,1.25e-05
2025-11-19 03:00:00.012000+00:00,1.25e-05
2025-11-19 04:00:00.054000+00:00,1.25e-05
2025-11-19 05:00:00.003000+00:00,1.25e-05
2025-11-19 06:00:00.026000+00:00,1.25e-05
2025-11-19 07:00:00.048000+00:00,1.25e-05
2025-11-19 08:00:00.018000+00:00,1.25e-05
2025-11-19 09:00:00.048000+00:00,1.25e-05
2025-11-19 10:00:00.012000+00:00,1.25e-05
2025-11-19 11:00:00.095000+00:00,1.25e-05
2025-11-19 12:00:00.026000+00:00,1.25e-05
2025-11-19 13:00:00.042000+00:00,1.25e-05
2025-11-19 14:00:00.002000+00:00,1.25e-05
2025-11-19 15:00:00.004000+00:00,1.25e-05
2025-11-19 16:00:00.036000+00:00,1.25e-05
2025-11-19 17:00:00.080000+00:00,1.25e-05
2025-11-19 18:00:00.054000+00:00,1.25e-05
2025-11-19 19:00:00.006000+00:00,1.25e-05
2025-11-19 20:00:00.045000+00:00,1.25e-05
2025-11-19 21:00:00.018000+00:00,1.25e-05
2025-11-19 22:00:00.034000+00:00,1.25e-05
2025-11-19 23:00:00.027000+00:00,1.25e-05
2025-11-20 00:00:00.071000+00:00,1.25e-05
2025-11-20 01:00:00.114000+00:00,1.25e-05
2025-11-20 02:00:00.030000+00:00,1.25e-05
2025-11-20 03:00:00.050000+00:00,1.25e-05
2025-11-20 04:00:00.005000+00:00,1.9464e-05
2025-11-20 05:00:00.045000+00:00,1.48336e-05
2025-11-20 06:00:00.003000+00:00,1.25e-05
2025-11-20 07:00:00.046000+00:00,1.25e-05
2025-11-20 08:00:00+00:00,1.77681e-05
2025-11-20 09:00:00.039000+00:00,1.70721e-05
2025-11-20 10:00:00.112000+00:00,1.25e-05
2025-11-20 11:00:00.052000+00:00,1.25e-05
2025-11-20 12:00:00.004000+00:00,1.25e-05
2025-11-20 13:00:00.051000+00:00,1.25e-05
2025-11-20 14:00:00.045000+00:00,1.25e-05
2025-11-20 15:00:00.022000+00:00,1.25e-05
2025-11-20 16:00:00.039000+00:00,1.25e-05
2025-11-20 17:00:00.059000+00:00,1.25e-05
2025-11-20 18:00:00.035000+00:00,1.25e-05
2025-11-20 19:00:00.088000+00:00,1.25e-05
2025-11-20 20:00:00.054000+00:00,1.25e-05
2025-11-20 21:00:00+00:00,1.25e-05
2025-11-20 22:00:00.129000+00:00,1.53233e-05
2025-11-20 23:00:00.006000+00:00,1.92426e-05
2025-11-21 00:00:00.037000+00:00,1.25e-05
2025-11-21 01:00:00.053000+00:00,2.66306e-05
2025-11-21 02:00:00.169000+00:00,1.25e-05
2025-11-21 03:00:00.141000+00:00,1.64414e-05
2025-11-21 04:00:00.006000+00:00,1.25e-05
2025-11-21 05:00:00.005000+00:00,1.25e-05
2025-11-21 06:00:00.054000+00:00,1.25e-05
2025-11-21 07:00:00.092000+00:00,1.25e-05
2025-11-21 08:00:00.103000+00:00,1.25e-05
2025-11-21 09:00:00.003000+00:00,1.25e-05
2025-11-21 10:00:00.007000+00:00,1.25e-05
2025-11-21 11:00:00.009000+00:00,1.25e-05
2025-11-21 12:00:00.005000+00:00,1.25e-05
2025-11-21 13:00:00.102000+00:00,1.25e-05
2025-11-21 14:00:00.044000+00:00,1.25e-05
2025-11-21 15:00:00.047000+00:00,1.25e-05
2025-11-21 16:00:00.015000+00:00,1.25e-05
2025-11-21 17:00:00.023000+00:00,1.25e-05
2025-11-21 18:00:00.006000+00:00,1.25e-05
2025-11-21 19:00:00.093000+00:00,1.25e-05
2025-11-21 20:00:00.034000+00:00,1.25e-05
2025-11-21 21:00:00.031000+00:00,1.13582e-05
2025-11-21 22:00:00.066000+00:00,1.25e-05
2025-11-21 23:00:00.002000+00:00,1.25e-05
2025-11-22 00:00:00.049000+00:00,1.25e-05
2025-11-22 01:00:00.034000+00:00,1.25e-05
2025-11-22 02:00:00.035000+00:00,1.25e-05
2025-11-22 03:00:00.083000+00:00,1.25e-05
2025-11-22 04:00:00.070000+00:00,1.25e-05
2025-11-22 05:00:00.036000+00:00,1.25e-05
2025-11-22 06:00:00.033000+00:00,1.25e-05
2025-11-22 07:00:00.060000+00:00,1.25e-05
2025-11-22 08:00:00.063000+00:00,1.25e-05
2025-11-22 09:00:00.011000+00:00,1.25e-05
2025-11-22 10:00:00.052000+00:00,1.25e-05
2025-11-22 11:00:00.092000+00:00,1.25e-05
2025-11-22 12:00:00.045000+00:00,1.25e-05
2025-11-22 13:00:00.078000+00:00,1.25e-05
2025-11-22 14:00:00.013000+00:00,1.25e-05
2025-11-22 15:00:00.010000+00:00,1.25e-05
2025-11-22 16:00:00.011000+00:00,1.25e-05
2025-11-22 17:00:00.019000+00:00,1.25e-05
2025-11-22 18:00:00.003000+00:00,1.25e-05
2025-11-22 19:00:00.027000+00:00,1.25e-05
2025-11-22 20:00:00.045000+00:00,1.02855e-05
2025-11-22 21:00:00.055000+00:00,1.0338e-05
2025-11-22 22:00:00.053000+00:00,1.25e-05
2025-11-22 23:00:00.085000+00:00,1.18999e-05
2025-11-23 00:00:00.020000+00:00,1.25e-05
2025-11-23 01:00:00.093000+00:00,9.5884e-06
2025-11-23 02:00:00.046000+00:00,1.25e-05
2025-11-23 03:00:00.024000+00:00,1.25e-05
2025-11-23 04:00:00.004000+00:00,1.25e-05
2025-11-23 05:00:00.012000+00:00,1.25e-05
2025-11-23 06:00:00.007000+00:00,1.25e-05
2025-11-23 07:00:00.051000+00:00,1.25e-05
2025-11-23 08:00:00.064000+00:00,1.25e-05
2025-11-23 09:00:00.008000+00:00,1.25e-05
2025-11-23 10:00:00.023000+00:00,4.3161e-06
2025-11-23 11:00:00.097000+00:00,1.21184e-05
2025-11-23 12:00:00.010000+00:00,1.09128e-05
2025-11-23 13:00:00.086000+00:00,1.02667e-05
2025-11-23 14:00:00.004000+00:00,6.8983e-06
2025-11-23 15:00:00.040000+00:00,2.8928e-06
2025-11-23 16:00:00.021000+00:00,1.18192e-05
2025-11-23 17:00:00.005000+00:00,1.06881e-05
2025-11-23 18:00:00.020000+00:00,1.25e-05
2025-11-23 19:00:00.042000+00:00,1.01776e-05
2025-11-23 20:00:00.076000+00:00,8.4471e-06
2025-11-23 21:00:00.083000+00:00,3.7183e-06
2025-11-23 22:00:00.032000+00:00,1.25e-05
2025-11-23 23:00:00.050000+00:00,7.0698e-06
2025-11-24 00:00:00.051000+00:00,1.25e-05
2025-11-24 01:00:00.030000+00:00,1.25e-05
2025-11-24 02:00:00.067000+00:00,1.25e-05
2025-11-24 03:00:00.010000+00:00,1.25e-05
2025-11-24 04:00:00.034000+00:00,1.25e-05
2025-11-24 05:00:00.042000+00:00,1.25e-05
2025-11-24 06:00:00.036000+00:00,1.25e-05
2025-11-24 07:00:00.028000+00:00,1.25e-05
2025-11-24 08:00:00.025000+00:00,1.25e-05
2025-11-24 09:00:00.049000+00:00,1.25e-05
2025-11-24 10:00:00.007000+00:00,1.25e-05
2025-11-24 11:00:00.049000+00:00,1.25e-05
2025-11-24 12:00:00.056000+00:00,1.25e-05
2025-11-24 13:00:00.014000+00:00,1.25e-05
2025-11-24 14:00:00.035000+00:00,1.25e-05
2025-11-24 15:00:00.015000+00:00,1.25e-05
2025-11-24 16:00:00.011000+00:00,1.25e-05
2025-11-24 17:00:00.041000+00:00,1.25e-05
2025-11-24 18:00:00.097000+00:00,1.25e-05
2025-11-24 19:00:00.065000+00:00,1.25e-05
2025-11-24 20:00:00.083000+00:00,1.25e-05
2025-11-24 21:00:00.134000+00:00,1.25e-05
2025-11-24 22:00:00.018000+00:00,1.25e-05
2025-11-24 23:00:00.013000+00:00,1.25e-05
2025-11-25 00:00:00.027000+00:00,1.25e-05
2025-11-25 01:00:00.029000+00:00,1.25e-05
2025-11-25 02:00:00.065000+00:00,1.25e-05
2025-11-25 03:00:00.062000+00:00,1.25e-05
2025-11-25 04:00:00.057000+00:00,1.25e-05
2025-11-25 05:00:00.061000+00:00,1.25e-05
2025-11-25 06:00:00.056000+00:00,1.25e-05
2025-11-25 07:00:00.004000+00:00,1.25e-05
2025-11-25 08:00:00+00:00,1.25e-05
2025-11-25 09:00:00.065000+00:00,1.25e-05
2025-11-25 10:00:00.014000+00:00,1.25e-05
2025-11-25 11:00:00.010000+00:00,1.25e-05
2025-11-25 12:00:00.055000+00:00,1.25e-05
2025-11-25 13:00:00.083000+00:00,1.25e-05
2025-11-25 14:00:00.039000+00:00,1.25e-05
2025-11-25 15:00:00.004000+00:00,1.25e-05
2025-11-25 16:00:00.060000+00:00,1.25e-05
2025-11-25 17:00:00.006000+00:00,1.25e-05
2025-11-25 18:00:00.054000+00:00,1.25e-05
2025-11-25 19:00:00.061000+00:00,1.25e-05
2025-11-25 20:00:00.015000+00:00,1.25e-05
2025-11-25 21:00:00.012000+00:00,1.25e-05
2025-11-25 22:00:00.013000+00:00,1.25e-05
2025-11-25 23:00:00.092000+00:00,1.25e-05
2025-11-26 00:00:00.203000+00:00,1.25e-05
2025-11-26 01:00:00.056000+00:00,1.25e-05
2025-11-26 02:00:00.030000+00:00,1.25e-05
2025-11-26 03:00:00.063000+00:00,1.25e-05
2025-11-26 04:00:00.014000+00:00,1.25e-05
2025-11-26 05:00:00.044000+00:00,1.25e-05
2025-11-26 06:00:00.016000+00:00,1.25e-05
2025-11-26 07:00:00.022000+00:00,1.25e-05
2025-11-26 08:00:00.098000+00:00,1.25e-05
2025-11-26 09:00:00.091000+00:00,1.25e-05
2025-11-26 10:00:00.025000+00:00,1.25e-05
2025-11-26 11:00:00.023000+00:00,1.25e-05
2025-11-26 12:00:00.100000+00:00,1.25e-05
2025-11-26 13:00:00.034000+00:00,1.25e-05
2025-11-26 14:00:00.047000+00:00,1.25e-05
2025-11-26 15:00:00.012000+00:00,1.25e-05
2025-11-26 16:00:00.062000+00:00,1.25e-05
2025-11-26 17:00:00.062000+00:00,1.25e-05
2025-11-26 18:00:00.073000+00:00,1.25e-05
2025-11-26 19:00:00.048000+00:00,1.25e-05
2025-11-26 20:00:00.065000+00:00,1.25e-05
2025-11-26 21:00:00.032000+00:00,1.25e-05
2025-11-26 22:00:00.029000+00:00,1.25e-05
2025-11-26 23:00:00.032000+00:00,1.25e-05
2025-11-27 00:00:00.024000+00:00,1.25e-05
2025-11-27 01:00:00.006000+00:00,1.25e-05
2025-11-27 02:00:00.090000+00:00,1.25e-05
2025-11-27 03:00:00.036000+00:00,1.25e-05
2025-11-27 04:00:00.062000+00:00,1.25e-05
2025-11-27 05:00:00.069000+00:00,1.25e-05
2025-11-27 06:00:00.027000+00:00,1.25e-05
2025-11-27 07:00:00.004000+00:00,1.25e-05
2025-11-27 08:00:00.031000+00:00,1.25e-05
2025-11-27 09:00:00.030000+00:00,1.25e-05
2025-11-27 10:00:00.037000+00:00,1.25e-05
2025-11-27 11:00:00.006000+00:00,1.25e-05
2025-11-27 12:00:00.056000+00:00,1.25e-05
2025-11-27 13:00:00.129000+00:00,9.7586e-06
2025-11-27 14:00:00.083000+00:00,1.25e-05
2025-11-27 15:00:00.013000+00:00,1.25e-05
2025-11-27 16:00:00.038000+00:00,1.25e-05
2025-11-27 17:00:00.030000+00:00,1.25e-05
2025-11-27 18:00:00.008000+00:00,1.25e-05
2025-11-27 19:00:00.043000+00:00,1.25e-05
2025-11-27 20:00:00.031000+00:00,1.25e-05
2025-11-27 21:00:00.068000+00:00,1.25e-05
2025-11-27 22:00:00.021000+00:00,1.25e-05
2025-11-27 23:00:00.015000+00:00,1.25e-05
2025-11-28 00:00:00.003000+00:00,1.25e-05
2025-11-28 01:00:00.096000+00:00,1.25e-05
2025-11-28 02:00:00.007000+00:00,1.25e-05
2025-11-28 03:00:00.026000+00:00,1.25e-05
2025-11-28 04:00:00.060000+00:00,1.25e-05
2025-11-28 05:00:00.102000+00:00,1.25e-05
2025-11-28 06:00:00.089000+00:00,1.25e-05
2025-11-28 07:00:00.032000+00:00,1.25e-05
2025-11-28 08:00:00.007000+00:00,1.25e-05
2025-11-28 09:00:00.007000+00:00,1.25e-05
2025-11-28 10:00:00.046000+00:00,1.25e-05
2025-11-28 11:00:00.039000+00:00,1.25e-05
2025-11-28 12:00:00.055000+00:00,1.25e-05
2025-11-28 13:00:00.037000+00:00,1.25e-05
2025-11-28 14:00:00.032000+00:00,1.25e-05
2025-11-28 15:00:00+00:00,1.25e-05
2025-11-28 16:00:00.028000+00:00,1.25e-05
2025-11-28 17:00:00.067000+00:00,1.25e-05
2025-11-28 18:00:00.002000+00:00,1.25e-05
2025-11-28 19:00:00.074000+00:00,1.25e-05
2025-11-28 20:00:00.023000+00:00,1.03469e-05
2025-11-28 21:00:00.034000+00:00,1.25e-05
2025-11-28 22:00:00.030000+00:00,1.25e-05
2025-11-28 23:00:00.038000+00:00,1.25e-05
2025-11-29 00:00:00.025000+00:00,1.25e-05
2025-11-29 01:00:00.081000+00:00,6.3225e-06
2025-11-29 02:00:00.015000+00:00,5.2472e-06
2025-11-29 03:00:00.061000+00:00,6.8528e-06
2025-11-29 04:00:00.003000+00:00,7.845e-06
2025-11-29 05:00:00.146000+00:00,4.5686e-06
2025-11-29 06:00:00.061000+00:00,5.1056e-06
2025-11-29 07:00:00.067000+00:00,6.962e-06
2025-11-29 08:00:00.067000+00:00,1.25e-05
2025-11-29 09:00:00.005000+00:00,1.25e-05
2025-11-29 10:00:00.028000+00:00,1.25e-05
2025-11-29 11:00:00.053000+00:00,1.25e-05
2025-11-29 12:00:00+00:00,1.25e-05
2025-11-29 13:00:00.051000+00:00,1.25e-05
2025-11-29 14:00:00.026000+00:00,1.25e-05
2025-11-29 15:00:00.007000+00:00,1.25e-05
2025-11-29 16:00:00.017000+00:00,1.25e-05
2025-11-29 17:00:00.109000+00:00,1.25e-05
2025-11-29 18:00:00.004000+00:00,1.25e-05
2025-11-29 19:00:00.022000+00:00,1.25e-05
2025-11-29 20:00:00.051000+00:00,1.25e-05
2025-11-29 21:00:00.028000+00:00,1.25e-05
2025-11-29 22:00:00.035000+00:00,1.25e-05
2025-11-29 23:00:00.051000+00:00,1.25e-05
2025-11-30 00:00:00.082000+00:00,1.25e-05
2025-11-30 01:00:00.030000+00:00,1.25e-05
2025-11-30 02:00:00.075000+00:00,1.25e-05
2025-11-30 03:00:00.044000+00:00,1.25e-05
2025-11-30 04:00:00.090000+00:00,1.25e-05
2025-11-30 05:00:00.004000+00:00,1.25e-05
2025-11-30 06:00:00.004000+00:00,1.25e-05
2025-11-30 07:00:00.045000+00:00,1.25e-05
2025-11-30 08:00:00.065000+00:00,1.25e-05
2025-11-30 09:00:00.051000+00:00,1.25e-05
2025-11-30 10:00:00.075000+00:00,1.25e-05
2025-11-30 11:00:00.070000+00:00,1.25e-05
2025-11-30 12:00:00.054000+00:00,1.25e-05
2025-11-30 13:00:00.060000+00:00,8.6301e-06
2025-11-30 14:00:00.007000+00:00,9.8905e-06
2025-11-30 15:00:00.066000+00:00,1.1532e-05
2025-11-30 16:00:00.049000+00:00,5.8191e-06
2025-11-30 17:00:00.046000+00:00,1.25e-05
2025-11-30 18:00:00.097000+00:00,1.25e-05
2025-11-30 19:00:00.015000+00:00,1.25e-05
2025-11-30 20:00:00.096000+00:00,1.2365e-05
2025-11-30 21:00:00.035000+00:00,8.5351e-06
2025-11-30 22:00:00.056000+00:00,4.5148e-06
2025-11-30 23:00:00.008000+00:00,1.25e-05
2025-12-01 00:00:00.073000+00:00,-3.291e-07
2025-12-01 01:00:00.076000+00:00,1.25e-05
2025-12-01 02:00:00.003000+00:00,1.25e-05
2025-12-01 03:00:00.027000+00:00,1.25e-05
2025-12-01 04:00:00.028000+00:00,1.25e-05
2025-12-01 05:00:00.048000+00:00,1.25e-05
2025-12-01 06:00:00.029000+00:00,1.25e-05
2025-12-01 07:00:00.034000+00:00,1.25e-05
2025-12-01 08:00:00.014000+00:00,9.2932e-06
2025-12-01 09:00:00.010000+00:00,3.6902e-06
2025-12-01 10:00:00.038000+00:00,7.9875e-06
2025-12-01 11:00:00.036000+00:00,1.25e-05
2025-12-01 12:00:00.066000+00:00,1.25e-05
2025-12-01 13:00:00.024000+00:00,1.25e-05
2025-12-01 14:00:00.024000+00:00,1.25e-05
2025-12-01 15:00:00.067000+00:00,1.25e-05
2025-12-01 16:00:00.069000+00:00,1.25e-05
2025-12-01 17:00:00.021000+00:00,1.25e-05
2025-12-01 18:00:00.060000+00:00,1.25e-05
2025-12-01 19:00:00+00:00,1.25e-05
2025-12-01 20:00:00.070000+00:00,1.25e-05
2025-12-01 21:00:00.006000+00:00,1.25e-05
2025-12-01 22:00:00.103000+00:00,1.25e-05
2025-12-01 23:00:00.062000+00:00,1.25e-05
2025-12-02 00:00:00.052000+00:00,1.25e-05
2025-12-02 01:00:00.062000+00:00,1.25e-05
2025-12-02 02:00:00.027000+00:00,1.25e-05
2025-12-02 03:00:00.060000+00:00,1.25e-05
2025-12-02 04:00:00.023000+00:00,1.25e-05
2025-12-02 05:00:00.061000+00:00,1.25e-05
2025-12-02 06:00:00.036000+00:00,1.25e-05
2025-12-02 07:00:00.001000+00:00,1.25e-05
2025-12-02 08:00:00.104000+00:00,1.25e-05
2025-12-02 09:00:00.038000+00:00,6.9923e-06
2025-12-02 10:00:00.047000+00:00,1.25e-05
2025-12-02 11:00:00.037000+00:00,1.25e-05
2025-12-02 12:00:00.092000+00:00,1.25e-05
2025-12-02 13:00:00.029000+00:00,1.04686e-05
2025-12-02 14:00:00.078000+00:00,1.25e-05
2025-12-02 15:00:00.070000+00:00,1.21034e-05
2025-12-02 16:00:00.048000+00:00,1.25e-05
2025-12-02 17:00:00.058000+00:00,1.25e-05
2025-12-02 18:00:00.022000+00:00,1.25e-05
2025-12-02 19:00:00.027000+00:00,1.25e-05
2025-12-02 20:00:00.007000+00:00,1.25e-05
2025-12-02 21:00:00.115000+00:00,1.25e-05
2025-12-02 22:00:00.050000+00:00,1.25e-05
2025-12-02 23:00:00.064000+00:00,1.25e-05
2025-12-03 00:00:00.098000+00:00,1.25e-05
2025-12-03 01:00:00.052000+00:00,1.25e-05
2025-12-03 02:00:00.028000+00:00,1.25e-05
2025-12-03 03:00:00.017000+00:00,1.25e-05
2025-12-03 04:00:00.010000+00:00,1.25e-05
2025-12-03 05:00:00.062000+00:00,1.25e-05
2025-12-03 06:00:00.007000+00:00,1.25e-05
2025-12-03 07:00:00.016000+00:00,1.25e-05
2025-12-03 08:00:00.016000+00:00,1.25e-05
2025-12-03 09:00:00.099000+00:00,1.25e-05
2025-12-03 10:00:00.051000+00:00,1.25e-05
2025-12-03 11:00:00.008000+00:00,1.25e-05
2025-12-03 12:00:00.008000+00:00,1.25e-05
2025-12-03 13:00:00.033000+00:00,1.25e-05
2025-12-03 14:00:00.068000+00:00,1.25e-05
2025-12-03 15:00:00.020000+00:00,1.25e-05
2025-12-03 16:00:00.116000+00:00,1.25e-05
2025-12-03 17:00:00.035000+00:00,1.25e-05
2025-12-03 18:00:00.043000+00:00,1.25e-05
2025-12-03 19:00:00+00:00,1.25e-05
2025-12-03 20:00:00.036000+00:00,1.25e-05
2025-12-03 21:00:00.027000+00:00,1.25e-05
2025-12-03 22:00:00.024000+00:00,1.25e-05
2025-12-03 23:00:00.029000+00:00,1.25e-05
2025-12-04 00:00:00.032000+00:00,1.25e-05
2025-12-04 01:00:00.010000+00:00,1.25e-05
2025-12-04 02:00:00.079000+00:00,1.25e-05
2025-12-04 03:00:00.010000+00:00,1.25e-05
2025-12-04 04:00:00.038000+00:00,1.25e-05
2025-12-04 05:00:00.064000+00:00,1.25e-05
2025-12-04 06:00:00.059000+00:00,1.25e-05
2025-12-04 07:00:00.011000+00:00,1.25e-05
2025-12-04 08:00:00.049000+00:00,1.25e-05
2025-12-04 09:00:00.085000+00:00,1.25e-05
2025-12-04 10:00:00.081000+00:00,1.25e-05
2025-12-04 11:00:00.050000+00:00,1.25e-05
2025-12-04 12:00:00.031000+00:00,1.25e-05
2025-12-04 13:00:00.064000+00:00,1.25e-05
2025-12-04 14:00:00.041000+00:00,1.25e-05
2025-12-04 15:00:00.047000+00:00,1.25e-05
2025-12-04 16:00:00.010000+00:00,1.25e-05
2025-12-04 17:00:00.054000+00:00,1.25e-05
2025-12-04 18:00:00.008000+00:00,1.25e-05
2025-12-04 19:00:00.044000+00:00,1.25e-05
2025-12-04 20:00:00.021000+00:00,1.25e-05
2025-12-04 21:00:00.078000+00:00,1.25e-05
2025-12-04 22:00:00.034000+00:00,1.25e-05
2025-12-04 23:00:00.015000+00:00,1.25e-05
2025-12-05 00:00:00.002000+00:00,1.25e-05
2025-12-05 01:00:00.035000+00:00,1.25e-05
2025-12-05 02:00:00.021000+00:00,1.25e-05
2025-12-05 03:00:00.048000+00:00,1.25e-05
2025-12-05 04:00:00.066000+00:00,1.25e-05
2025-12-05 05:00:00.044000+00:00,1.25e-05
2025-12-05 06:00:00.033000+00:00,9.2862e-06
2025-12-05 07:00:00.050000+00:00,9.9696e-06
2025-12-05 08:00:00.032000+00:00,1.25e-05
2025-12-05 09:00:00.019000+00:00,1.00559e-05
2025-12-05 10:00:00.035000+00:00,9.0901e-06
2025-12-05 11:00:00.077000+00:00,1.1022e-05
2025-12-05 12:00:00.030000+00:00,7.4477e-06
2025-12-05 13:00:00.062000+00:00,1.25e-05
2025-12-05 14:00:00.047000+00:00,1.25e-05
2025-12-05 15:00:00.036000+00:00,1.25e-05
2025-12-05 16:00:00+00:00,1.25e-05
2025-12-05 17:00:00.026000+00:00,1.25e-05
2025-12-05 18:00:00.054000+00:00,1.25e-05
2025-12-05 19:00:00.086000+00:00,1.25e-05
2025-12-05 20:00:00.004000+00:00,1.25e-05
2025-12-05 21:00:00.036000+00:00,1.25e-05
2025-12-05 22:00:00.035000+00:00,1.25e-05
2025-12-05 23:00:00.012000+00:00,1.25e-05
2025-12-06 00:00:00.052000+00:00,1.25e-05
2025-12-06 01:00:00.110000+00:00,1.25e-05
2025-12-06 02:00:00.011000+00:00,1.25e-05
2025-12-06 03:00:00.053000+00:00,1.25e-05
2025-12-06 04:00:00.025000+00:00,1.25e-05
2025-12-06 05:00:00.044000+00:00,1.25e-05
2025-12-06 06:00:00.010000+00:00,1.25e-05
2025-12-06 07:00:00.052000+00:00,1.25e-05
2025-12-06 08:00:00.049000+00:00,1.25e-05
2025-12-06 09:00:00.050000+00:00,1.25e-05
2025-12-06 10:00:00.024000+00:00,1.25e-05
2025-12-06 11:00:00.005000+00:00,1.25e-05
2025-12-06 12:00:00.038000+00:00,1.25e-05
2025-12-06 13:00:00.034000+00:00,1.25e-05
2025-12-06 14:00:00.047000+00:00,1.25e-05
2025-12-06 15:00:00.028000+00:00,1.25e-05
2025-12-06 16:00:00.107000+00:00,1.25e-05
2025-12-06 17:00:00.025000+00:00,1.25e-05
2025-12-06 18:00:00.046000+00:00,7.9896e-06
2025-12-06 19:00:00.065000+00:00,1.25e-05
2025-12-06 20:00:00.038000+00:00,1.18893e-05
2025-12-06 21:00:00.067000+00:00,1.25e-05
2025-12-06 22:00:00.120000+00:00,1.25e-05
2025-12-06 23:00:00.058000+00:00,1.25e-05
2025-12-07 00:00:00.005000+00:00,1.25e-05
2025-12-07 01:00:00.048000+00:00,1.25e-05
2025-12-07 02:00:00.012000+00:00,1.25e-05
2025-12-07 03:00:00.047000+00:00,1.25e-05
2025-12-07 04:00:00.147000+00:00,1.19228e-05
2025-12-07 05:00:00.081000+00:00,1.25e-05
2025-12-07 06:00:00.041000+00:00,1.25e-05
2025-12-07 07:00:00.003000+00:00,1.25e-05
2025-12-07 08:00:00.025000+00:00,2.3875e-06
2025-12-07 09:00:00.033000+00:00,1.25e-05
2025-12-07 10:00:00.096000+00:00,6.8384e-06
2025-12-07 11:00:00.107000+00:00,5.4854e-06
2025-12-07 12:00:00.022000+00:00,1.25e-05
2025-12-07 13:00:00.015000+00:00,4.7224e-06
2025-12-07 14:00:00.007000+00:00,1.10989e-05
2025-12-07 15:00:00.003000+00:00,3.7091e-06
2025-12-07 16:00:00.031000+00:00,7.3674e-06
2025-12-07 17:00:00.002000+00:00,6.7698e-06
2025-12-07 18:00:00.040000+00:00,1.08741e-05
2025-12-07 19:00:00.096000+00:00,7.3054e-06
2025-12-07 20:00:00.036000+00:00,7.5285e-06
2025-12-07 21:00:00.009000+00:00,1.11411e-05
2025-12-07 22:00:00.031000+00:00,1.25e-05
2025-12-07 23:00:00.067000+00:00,1.21289e-05
2025-12-08 00:00:00.031000+00:00,1.06371e-05
2025-12-08 01:00:00.152000+00:00,6.9901e-06
2025-12-08 02:00:00.010000+00:00,9.7121e-06
2025-12-08 03:00:00.024000+00:00,1.06855e-05
2025-12-08 04:00:00.007000+00:00,1.25e-05
2025-12-08 05:00:00.036000+00:00,1.25e-05
2025-12-08 06:00:00.056000+00:00,1.25e-05
2025-12-08 07:00:00.006000+00:00,1.25e-05
2025-12-08 08:00:00.113000+00:00,1.25e-05
2025-12-08 09:00:00.062000+00:00,1.25e-05
2025-12-08 10:00:00.041000+00:00,1.25e-05
2025-12-08 11:00:00.085000+00:00,1.25e-05
2025-12-08 12:00:00.019000+00:00,1.25e-05
2025-12-08 13:00:00.077000+00:00,1.25e-05
2025-12-08 14:00:00.056000+00:00,1.25e-05
2025-12-08 15:00:00.011000+00:00,1.25e-05
2025-12-08 16:00:00.037000+00:00,1.25e-05
2025-12-08 17:00:00.037000+00:00,1.25e-05
2025-12-08 18:00:00.053000+00:00,1.25e-05
2025-12-08 19:00:00.047000+00:00,1.25e-05
2025-12-08 20:00:00.021000+00:00,1.25e-05
2025-12-08 21:00:00.150000+00:00,1.25e-05
2025-12-08 22:00:00.004000+00:00,1.25e-05
2025-12-08 23:00:00.059000+00:00,1.25e-05
2025-12-09 00:00:00.087000+00:00,1.25e-05
2025-12-09 01:00:00.022000+00:00,1.25e-05
2025-12-09 02:00:00.045000+00:00,1.25e-05
2025-12-09 03:00:00.064000+00:00,1.25e-05
2025-12-09 04:00:00.033000+00:00,1.25e-05
2025-12-09 05:00:00.043000+00:00,1.25e-05
2025-12-09 06:00:00.001000+00:00,1.25e-05
2025-12-09 07:00:00.090000+00:00,1.25e-05
2025-12-09 08:00:00.041000+00:00,1.25e-05
2025-12-09 09:00:00.045000+00:00,1.25e-05
2025-12-09 10:00:00.025000+00:00,1.25e-05
2025-12-09 11:00:00.029000+00:00,1.25e-05
2025-12-09 12:00:00.077000+00:00,1.25e-05
2025-12-09 13:00:00.052000+00:00,1.25e-05
2025-12-09 14:00:00.043000+00:00,1.25e-05
2025-12-09 15:00:00.058000+00:00,1.25e-05
2025-12-09 16:00:00.007000+00:00,1.25e-05
2025-12-09 17:00:00.005000+00:00,1.25e-05
2025-12-09 18:00:00.021000+00:00,1.25e-05
2025-12-09 19:00:00.066000+00:00,1.25e-05
2025-12-09 20:00:00.008000+00:00,1.25e-05
2025-12-09 21:00:00.033000+00:00,1.25e-05
2025-12-09 22:00:00.103000+00:00,1.25e-05
2025-12-09 23:00:00.008000+00:00,1.25e-05
2025-12-10 00:00:00.013000+00:00,1.25e-05
2025-12-10 01:00:00.046000+00:00,1.25e-05
2025-12-10 02:00:00.101000+00:00,1.25e-05
2025-12-10 03:00:00+00:00,1.25e-05
2025-12-10 04:00:00.090000+00:00,1.25e-05
2025-12-10 05:00:00.079000+00:00,1.25e-05
2025-12-10 06:00:00.065000+00:00,1.25e-05
2025-12-10 07:00:00.025000+00:00,1.25e-05
2025-12-10 08:00:00.023000+00:00,1.25e-05
2025-12-10 09:00:00.031000+00:00,1.25e-05
2025-12-10 10:00:00.108000+00:00,1.25e-05
2025-12-10 11:00:00.050000+00:00,1.25e-05
2025-12-10 12:00:00.051000+00:00,1.25e-05
2025-12-10 13:00:00.033000+00:00,1.25e-05
2025-12-10 14:00:00.003000+00:00,1.25e-05
2025-12-10 15:00:00.139000+00:00,1.25e-05
2025-12-10 16:00:00.003000+00:00,1.25e-05
2025-12-10 17:00:00.019000+00:00,1.25e-05
2025-12-10 18:00:00.058000+00:00,1.25e-05
2025-12-10 19:00:00.036000+00:00,1.25e-05
2025-12-10 20:00:00.105000+00:00,1.25e-05
2025-12-10 21:00:00.013000+00:00,1.25e-05
2025-12-10 22:00:00.057000+00:00,1.25e-05
2025-12-10 23:00:00+00:00,1.25e-05
2025-12-11 00:00:00.043000+00:00,1.25e-05
2025-12-11 01:00:00.002000+00:00,1.0547e-05
2025-12-11 02:00:00.017000+00:00,7.2643e-06
2025-12-11 03:00:00.029000+00:00,5.5165e-06
2025-12-11 04:00:00.035000+00:00,3.0776e-06
2025-12-11 05:00:00.039000+00:00,3.7564e-06
2025-12-11 06:00:00.044000+00:00,7.3247e-06
2025-12-11 07:00:00.030000+00:00,7.0189e-06
2025-12-11 08:00:00.002000+00:00,6.4919e-06
2025-12-11 09:00:00.086000+00:00,2.3173e-06
2025-12-11 10:00:00.017000+00:00,4.601e-06
2025-12-11 11:00:00.074000+00:00,3.1162e-06
2025-12-11 12:00:00.085000+00:00,2.1512e-06
2025-12-11 13:00:00.016000+00:00,5.5283e-06
2025-12-11 14:00:00.053000+00:00,2.1134e-06
2025-12-11 15:00:00.033000+00:00,2.5199e-06
2025-12-11 16:00:00.037000+00:00,6.3345e-06
2025-12-11 17:00:00.009000+00:00,5.1349e-06
2025-12-11 18:00:00.065000+00:00,3.5503e-06
2025-12-11 19:00:00.050000+00:00,4.4456e-06
2025-12-11 20:00:00.102000+00:00,5.327e-06
2025-12-11 21:00:00.008000+00:00,2.4841e-06
2025-12-11 22:00:00.002000+00:00,1.25e-05
2025-12-11 23:00:00.050000+00:00,1.25e-05
2025-12-12 00:00:00.018000+00:00,1.25e-05
2025-12-12 01:00:00.171000+00:00,1.25e-05
2025-12-12 02:00:00.053000+00:00,1.25e-05
2025-12-12 03:00:00.087000+00:00,1.25e-05
2025-12-12 04:00:00.006000+00:00,1.25e-05
2025-12-12 05:00:00.009000+00:00,1.25e-05
2025-12-12 06:00:00.066000+00:00,1.25e-05
2025-12-12 07:00:00.063000+00:00,1.25e-05
2025-12-12 08:00:00.062000+00:00,1.25e-05
2025-12-12 09:00:00.026000+00:00,1.25e-05
2025-12-12 10:00:00.066000+00:00,1.25e-05
2025-12-12 11:00:00.038000+00:00,1.25e-05
2025-12-12 12:00:00.034000+00:00,1.25e-05
2025-12-12 13:00:00.065000+00:00,1.25e-05
2025-12-12 14:00:00.016000+00:00,1.25e-05
2025-12-12 15:00:00.036000+00:00,1.25e-05
2025-12-12 16:00:00.063000+00:00,1.25e-05
2025-12-12 17:00:00.048000+00:00,1.25e-05
2025-12-12 18:00:00.100000+00:00,1.25e-05
2025-12-12 19:00:00.047000+00:00,1.25e-05
2025-12-12 20:00:00.061000+00:00,1.25e-05
2025-12-12 21:00:00.053000+00:00,9.7852e-06
2025-12-12 22:00:00.043000+00:00,1.25e-05
2025-12-12 23:00:00.048000+00:00,1.25e-05
2025-12-13 00:00:00.091000+00:00,1.25e-05
2025-12-13 01:00:00.043000+00:00,1.25e-05
2025-12-13 02:00:00.027000+00:00,1.25e-05
2025-12-13 03:00:00.090000+00:00,1.25e-05
2025-12-13 04:00:00.011000+00:00,1.25e-05
2025-12-13 05:00:00.068000+00:00,1.25e-05
2025-12-13 06:00:00.030000+00:00,1.25e-05
2025-12-13 07:00:00.002000+00:00,1.25e-05
2025-12-13 08:00:00.054000+00:00,1.25e-05
2025-12-13 09:00:00.047000+00:00,1.25e-05
2025-12-13 10:00:00.009000+00:00,1.25e-05
2025-12-13 11:00:00.027000+00:00,1.25e-05
2025-12-13 12:00:00.024000+00:00,1.25e-05
2025-12-13 13:00:00.079000+00:00,1.25e-05
2025-12-13 14:00:00.061000+00:00,1.25e-05
2025-12-13 15:00:00.113000+00:00,1.25e-05
2025-12-13 16:00:00.054000+00:00,1.25e-05
2025-12-13 17:00:00.085000+00:00,1.25e-05
2025-12-13 18:00:00.079000+00:00,1.25e-05
2025-12-13 19:00:00.003000+00:00,1.25e-05
2025-12-13 20:00:00.137000+00:00,1.25e-05
2025-12-13 21:00:00.031000+00:00,1.25e-05
2025-12-13 22:00:00.014000+00:00,1.25e-05
2025-12-13 23:00:00.022000+00:00,1.25e-05
2025-12-14 00:00:00.071000+00:00,1.25e-05
2025-12-14 01:00:00.077000+00:00,1.25e-05
2025-12-14 02:00:00.004000+00:00,1.25e-05
2025-12-14 03:00:00.045000+00:00,1.25e-05
2025-12-14 04:00:00.070000+00:00,1.25e-05
2025-12-14 05:00:00.007000+00:00,1.25e-05
2025-12-14 06:00:00.066000+00:00,1.451e-07
2025-12-14 07:00:00.048000+00:00,1.25e-05
2025-12-14 08:00:00.098000+00:00,1.25e-05
2025-12-14 09:00:00.052000+00:00,1.25e-05
2025-12-14 10:00:00.041000+00:00,1.25e-05
2025-12-14 11:00:00.121000+00:00,1.25e-05
2025-12-14 12:00:00.014000+00:00,1.25e-05
2025-12-14 13:00:00.017000+00:00,1.25e-05
2025-12-14 14:00:00.060000+00:00,1.25e-05
2025-12-14 15:00:00.031000+00:00,1.25e-05
2025-12-14 16:00:00.070000+00:00,-3.9579e-06
2025-12-14 17:00:00.069000+00:00,3.3581e-06
2025-12-14 18:00:00.047000+00:00,2.1669e-06
2025-12-14 19:00:00.044000+00:00,6.859e-07
2025-12-14 20:00:00.047000+00:00,-2.2601e-06
2025-12-14 21:00:00.068000+00:00,1.2437e-06
2025-12-14 22:00:00.087000+00:00,-2.4923e-06
2025-12-14 23:00:00.015000+00:00,1.2305e-06
2025-12-15 00:00:00.088000+00:00,-4.142e-07
2025-12-15 01:00:00.010000+00:00,9.5843e-06
2025-12-15 02:00:00.047000+00:00,3.69e-07
2025-12-15 03:00:00.076000+00:00,5.8499e-06
2025-12-15 04:00:00.021000+00:00,2.6213e-06
2025-12-15 05:00:00.059000+00:00,1.8028e-06
2025-12-15 06:00:00.047000+00:00,1.7883e-06
2025-12-15 07:00:00.042000+00:00,-1.3492e-06
2025-12-15 08:00:00.082000+00:00,-6.881e-07
2025-12-15 09:00:00.059000+00:00,4.0683e-06
2025-12-15 10:00:00.075000+00:00,9.5365e-06
2025-12-15 11:00:00.123000+00:00,1.25e-05
2025-12-15 12:00:00.009000+00:00,1.25e-05
2025-12-15 13:00:00.004000+00:00,3.1135e-06
2025-12-15 14:00:00.067000+00:00,4.6865e-06
2025-12-15 15:00:00.001000+00:00,-3.8097e-06
2025-12-15 16:00:00.063000+00:00,7.2763e-06
2025-12-15 17:00:00.112000+00:00,3.3834e-06
2025-12-15 18:00:00.057000+00:00,1.53e-06
2025-12-15 19:00:00.060000+00:00,3.2931e-06
2025-12-15 20:00:00.032000+00:00,9.4482e-06
2025-12-15 21:00:00.059000+00:00,9.6578e-06
2025-12-15 22:00:00.047000+00:00,-1.2495e-06
2025-12-15 23:00:00.069000+00:00,5.1336e-06
2025-12-16 00:00:00.079000+00:00,5.4069e-06
2025-12-16 01:00:00.072000+00:00,3.8248e-06
2025-12-16 02:00:00.054000+00:00,-8.3599e-06
2025-12-16 03:00:00.051000+00:00,-3.0714e-06
2025-12-16 04:00:00.068000+00:00,-1.2072e-06
2025-12-16 05:00:00.036000+00:00,-8.031e-07
2025-12-16 06:00:00.047000+00:00,7.1773e-06
2025-12-16 07:00:00.012000+00:00,1.25e-05
2025-12-16 08:00:00.101000+00:00,4.5351e-06
2025-12-16 09:00:00.077000+00:00,-6.798e-07
2025-12-16 10:00:00.029000+00:00,5.6014e-06
2025-12-16 11:00:00.055000+00:00,1.25e-05
2025-12-16 12:00:00.047000+00:00,1.69e-07
2025-12-16 13:00:00.026000+00:00,1.25e-05
2025-12-16 14:00:00.003000+00:00,-4.1617e-06
2025-12-16 15:00:00.025000+00:00,7.4133e-06
2025-12-16 16:00:00.075000+00:00,2.0028e-06
2025-12-16 17:00:00.045000+00:00,-2.2402e-06
2025-12-16 18:00:00.063000+00:00,4.0367e-06
2025-12-16 19:00:00.014000+00:00,7.0774e-06
2025-12-16 20:00:00.180000+00:00,7.7805e-06
2025-12-16 21:00:00.001000+00:00,8.3802e-06
2025-12-16 22:00:00.081000+00:00,5.9484e-06
2025-12-16 23:00:00.079000+00:00,5.8178e-06
2025-12-17 00:00:00.013000+00:00,1.25e-05
2025-12-17 01:00:00.109000+00:00,1.13129e-05
2025-12-17 02:00:00.088000+00:00,4.2476e-06
2025-12-17 03:00:00.065000+00:00,1.5972e-06
2025-12-17 04:00:00.020000+00:00,-4.3139e-06
2025-12-17 05:00:00.122000+00:00,-1.9789e-06
2025-12-17 06:00:00.024000+00:00,1.25e-05
2025-12-17 07:00:00.010000+00:00,1.25e-05
2025-12-17 08:00:00.022000+00:00,9.0518e-06
2025-12-17 09:00:00.055000+00:00,1.08789e-05
2025-12-17 10:00:00.016000+00:00,1.16362e-05
2025-12-17 11:00:00.072000+00:00,1.14219e-05
2025-12-17 12:00:00.021000+00:00,1.25e-05
2025-12-17 13:00:00.083000+00:00,1.01133e-05
2025-12-17 14:00:00.018000+00:00,1.25e-05
2025-12-17 15:00:00.040000+00:00,1.25e-05
2025-12-17 16:00:00.034000+00:00,5.4936e-06
2025-12-17 17:00:00.038000+00:00,3.0965e-06
2025-12-17 18:00:00.074000+00:00,-9.2027e-06
2025-12-17 19:00:00.014000+00:00,-3.4385e-06
2025-12-17 20:00:00.061000+00:00,1.314e-07
2025-12-17 21:00:00.032000+00:00,1.3547e-06
2025-12-17 22:00:00.073000+00:00,-1.6088e-06
2025-12-17 23:00:00+00:00,-7.7156e-06
2025-12-18 00:00:00.033000+00:00,-2.35e-06
2025-12-18 01:00:00.079000+00:00,7.25e-07
2025-12-18 02:00:00.030000+00:00,-6.3336e-06
2025-12-18 03:00:00.055000+00:00,3.7023e-06
2025-12-18 04:00:00.029000+00:00,-3.4149e-06
2025-12-18 05:00:00.055000+00:00,-3.2202e-06
2025-12-18 06:00:00.044000+00:00,-3.5265e-06
2025-12-18 07:00:00.025000+00:00,1.4827e-06
2025-12-18 08:00:00.050000+00:00,1.8893e-06
2025-12-18 09:00:00.003000+00:00,-6.61e-08
2025-12-18 10:00:00.091000+00:00,-1.9739e-06
2025-12-18 11:00:00.056000+00:00,-3.281e-06
2025-12-18 12:00:00.039000+00:00,3.2498e-06
2025-12-18 13:00:00.003000+00:00,1.22237e-05
2025-12-18 14:00:00.026000+00:00,1.25e-05
2025-12-18 15:00:00.050000+00:00,1.25e-05
2025-12-18 16:00:00.031000+00:00,1.25e-05
2025-12-18 17:00:00.074000+00:00,1.25e-05
2025-12-18 18:00:00.080000+00:00,1.25e-05
2025-12-18 19:00:00.016000+00:00,1.25e-05
2025-12-18 20:00:00.077000+00:00,8.1149e-06
2025-12-18 21:00:00.013000+00:00,2.0576e-06
2025-12-18 22:00:00.073000+00:00,2.3071e-06
2025-12-18 23:00:00.067000+00:00,-2.8172e-06
2025-12-19 00:00:00.067000+00:00,-2.6407e-06
2025-12-19 01:00:00.032000+00:00,3.3022e-06
2025-12-19 02:00:00.061000+00:00,6.0876e-06
2025-12-19 03:00:00.012000+00:00,1.12483e-05
2025-12-19 04:00:00.009000+00:00,1.7496e-06
2025-12-19 05:00:00.067000+00:00,5.829e-07
2025-12-19 06:00:00.047000+00:00,1.11691e-05
2025-12-19 07:00:00.033000+00:00,1.22178e-05
2025-12-19 08:00:00.054000+00:00,1.25e-05
2025-12-19 09:00:00.013000+00:00,5.627e-06
2025-12-19 10:00:00.046000+00:00,1.25e-05
2025-12-19 11:00:00.006000+00:00,1.25e-05
2025-12-19 12:00:00.061000+00:00,1.25e-05
2025-12-19 13:00:00.006000+00:00,1.25e-05
2025-12-19 14:00:00.026000+00:00,1.25e-05
2025-12-19 15:00:00.126000+00:00,1.25e-05
2025-12-19 16:00:00.091000+00:00,1.25e-05
2025-12-19 17:00:00.109000+00:00,1.25e-05
2025-12-19 18:00:00.025000+00:00,1.25e-05
2025-12-19 19:00:00.014000+00:00,1.25e-05
2025-12-19 20:00:00.036000+00:00,1.09257e-05
2025-12-19 21:00:00.021000+00:00,1.12443e-05
2025-12-19 22:00:00.013000+00:00,9.773e-06
2025-12-19 23:00:00.045000+00:00,1.25e-05
2025-12-20 00:00:00.049000+00:00,1.25e-05
2025-12-20 01:00:00.054000+00:00,1.1262e-05
2025-12-20 02:00:00.052000+00:00,6.2247e-06
2025-12-20 03:00:00.088000+00:00,1.24813e-05
2025-12-20 04:00:00.068000+00:00,1.23536e-05
2025-12-20 05:00:00.010000+00:00,1.25e-05
2025-12-20 06:00:00.061000+00:00,1.25e-05
2025-12-20 07:00:00.016000+00:00,9.1887e-06
2025-12-20 08:00:00.027000+00:00,1.7963e-06
2025-12-20 09:00:00.085000+00:00,-2.7267e-06
2025-12-20 10:00:00.128000+00:00,4.6512e-06
2025-12-20 11:00:00.020000+00:00,1.25e-05
2025-12-20 12:00:00.008000+00:00,1.25e-05
2025-12-20 13:00:00.029000+00:00,1.25e-05
2025-12-20 14:00:00.160000+00:00,1.25e-05
2025-12-20 15:00:00.007000+00:00,1.25e-05
2025-12-20 16:00:00.049000+00:00,1.25e-05
2025-12-20 17:00:00.090000+00:00,1.25e-05
2025-12-20 18:00:00.003000+00:00,1.25e-05
2025-12-20 19:00:00.040000+00:00,1.25e-05
2025-12-20 20:00:00.009000+00:00,1.25e-05
2025-12-20 21:00:00.059000+00:00,1.25e-05
2025-12-20 22:00:00.093000+00:00,1.25e-05
2025-12-20 23:00:00.087000+00:00,1.25e-05
2025-12-21 00:00:00.121000+00:00,1.25e-05
2025-12-21 01:00:00.035000+00:00,1.25e-05
2025-12-21 02:00:00.051000+00:00,1.25e-05
2025-12-21 03:00:00.019000+00:00,1.25e-05
2025-12-21 04:00:00.042000+00:00,1.25e-05
2025-12-21 05:00:00.026000+00:00,1.25e-05
2025-12-21 06:00:00.033000+00:00,1.25e-05
2025-12-21 07:00:00.023000+00:00,1.25e-05
2025-12-21 08:00:00.005000+00:00,1.25e-05
2025-12-21 09:00:00.041000+00:00,1.25e-05
2025-12-21 10:00:00.026000+00:00,1.25e-05
2025-12-21 11:00:00.001000+00:00,1.25e-05
2025-12-21 12:00:00.014000+00:00,1.25e-05
2025-12-21 13:00:00.104000+00:00,1.25e-05
2025-12-21 14:00:00.061000+00:00,1.8675e-06
2025-12-21 15:00:00.046000+00:00,4.4702e-06
2025-12-21 16:00:00.090000+00:00,6.805e-06
2025-12-21 17:00:00.081000+00:00,6.5546e-06
2025-12-21 18:00:00.005000+00:00,5.3441e-06
2025-12-21 19:00:00.103000+00:00,6.1668e-06
2025-12-21 20:00:00.004000+00:00,4.3886e-06
2025-12-21 21:00:00.091000+00:00,7.7405e-06
2025-12-21 22:00:00.043000+00:00,1.25e-05
2025-12-21 23:00:00.179000+00:00,1.12538e-05
2025-12-22 00:00:00.034000+00:00,1.25e-05
2025-12-22 01:00:00.030000+00:00,1.25e-05
2025-12-22 02:00:00.054000+00:00,1.25e-05
2025-12-22 03:00:00.057000+00:00,1.25e-05
2025-12-22 04:00:00.017000+00:00,1.25e-05
2025-12-22 05:00:00.041000+00:00,1.25e-05
2025-12-22 06:00:00.079000+00:00,1.25e-05
2025-12-22 07:00:00.012000+00:00,1.25e-05
2025-12-22 08:00:00.066000+00:00,1.03186e-05
2025-12-22 09:00:00.042000+00:00,1.25e-05
2025-12-22 10:00:00.028000+00:00,1.22559e-05
2025-12-22 11:00:00.073000+00:00,1.25e-05
2025-12-22 12:00:00.028000+00:00,1.25e-05
2025-12-22 13:00:00.031000+00:00,1.25e-05
2025-12-22 14:00:00.065000+00:00,1.25e-05
2025-12-22 15:00:00.012000+00:00,8.1561e-06
2025-12-22 16:00:00.031000+00:00,7.4986e-06
2025-12-22 17:00:00.050000+00:00,1.25e-05
2025-12-22 18:00:00.030000+00:00,1.25e-05
2025-12-22 19:00:00.006000+00:00,1.25e-05
2025-12-22 20:00:00.046000+00:00,7.4884e-06
2025-12-22 21:00:00+00:00,-1.59578e-05
2025-12-22 22:00:00.036000+00:00,-1.96601e-05
2025-12-22 23:00:00.053000+00:00,-7.482e-06
2025-12-23 00:00:00.002000+00:00,-9.7049e-06
2025-12-23 01:00:00.098000+00:00,-1.3414e-06
2025-12-23 02:00:00.053000+00:00,3.156e-06
2025-12-23 03:00:00.060000+00:00,5.4943e-06
2025-12-23 04:00:00.059000+00:00,6.1956e-06
2025-12-23 05:00:00.066000+00:00,1.09079e-05
2025-12-23 06:00:00.065000+00:00,-3.4706e-06
2025-12-23 07:00:00.033000+00:00,1.7376e-06
2025-12-23 08:00:00.066000+00:00,1.9323e-06
2025-12-23 09:00:00.061000+00:00,2.9e-09
2025-12-23 10:00:00.050000+00:00,8.83e-08
2025-12-23 11:00:00.027000+00:00,-1.4457e-06
2025-12-23 12:00:00.062000+00:00,6.48e-07
2025-12-23 13:00:00.067000+00:00,-2.263e-07
2025-12-23 14:00:00.025000+00:00,-1.1727e-06
2025-12-23 15:00:00.117000+00:00,-5.7931e-06
2025-12-23 16:00:00.036000+00:00,-7.6189e-06
2025-12-23 17:00:00.118000+00:00,3.8092e-06
2025-12-23 18:00:00.008000+00:00,1.25e-05
2025-12-23 19:00:00.021000+00:00,1.25e-05
2025-12-23 20:00:00.206000+00:00,1.25e-05
2025-12-23 21:00:00.067000+00:00,3.3701e-06
2025-12-23 22:00:00.021000+00:00,1.25e-05
2025-12-23 23:00:00.051000+00:00,9.0199e-06
2025-12-24 00:00:00.088000+00:00,7.4437e-06
2025-12-24 01:00:00.030000+00:00,1.25e-05
2025-12-24 02:00:00.077000+00:00,1.25e-05
2025-12-24 03:00:00.005000+00:00,1.24333e-05
2025-12-24 04:00:00.045000+00:00,1.25e-05
2025-12-24 05:00:00.039000+00:00,8.1409e-06
2025-12-24 06:00:00.027000+00:00,7.4794e-06
2025-12-24 07:00:00.010000+00:00,5.2844e-06
2025-12-24 08:00:00.074000+00:00,8.3167e-06
2025-12-24 09:00:00.035000+00:00,3.6812e-06
2025-12-24 10:00:00.079000+00:00,2.7384e-06
2025-12-24 11:00:00.034000+00:00,7.3042e-06
2025-12-24 12:00:00.028000+00:00,4.7903e-06
2025-12-24 13:00:00.012000+00:00,9.3706e-06
2025-12-24 14:00:00.025000+00:00,1.25e-05
2025-12-24 15:00:00.087000+00:00,1.25e-05
2025-12-24 16:00:00.002000+00:00,1.25e-05
2025-12-24 17:00:00.013000+00:00,1.25e-05
2025-12-24 18:00:00.037000+00:00,1.25e-05
2025-12-24 19:00:00.010000+00:00,1.25e-05
2025-12-24 20:00:00.012000+00:00,1.25e-05
2025-12-24 21:00:00.014000+00:00,1.25e-05
2025-12-24 22:00:00.001000+00:00,1.25e-05
2025-12-24 23:00:00.087000+00:00,1.25e-05
2025-12-25 00:00:00.009000+00:00,1.25e-05
2025-12-25 01:00:00.033000+00:00,1.25e-05
2025-12-25 02:00:00.085000+00:00,1.25e-05
2025-12-25 03:00:00.030000+00:00,1.25e-05
2025-12-25 04:00:00.034000+00:00,1.25e-05
2025-12-25 05:00:00.023000+00:00,1.25e-05
2025-12-25 06:00:00.056000+00:00,1.25e-05
2025-12-25 07:00:00.023000+00:00,1.25e-05
2025-12-25 08:00:00.045000+00:00,1.25e-05
2025-12-25 09:00:00.041000+00:00,1.25e-05
2025-12-25 10:00:00.018000+00:00,1.25e-05
2025-12-25 11:00:00.029000+00:00,1.25e-05
2025-12-25 12:00:00.064000+00:00,1.25e-05
2025-12-25 13:00:00.067000+00:00,1.25e-05
2025-12-25 14:00:00.102000+00:00,1.25e-05
2025-12-25 15:00:00.042000+00:00,1.25e-05
2025-12-25 16:00:00.058000+00:00,1.25e-05
2025-12-25 17:00:00.056000+00:00,1.25e-05
2025-12-25 18:00:00.010000+00:00,1.25e-05
2025-12-25 19:00:00.040000+00:00,1.25e-05
2025-12-25 20:00:00.060000+00:00,1.09775e-05
2025-12-25 21:00:00.080000+00:00,1.25e-05
2025-12-25 22:00:00.003000+00:00,1.25e-05
2025-12-25 23:00:00.019000+00:00,1.20721e-05
2025-12-26 00:00:00.022000+00:00,1.09119e-05
2025-12-26 01:00:00.008000+00:00,6.6748e-06
2025-12-26 02:00:00.062000+00:00,-4.72e-07
2025-12-26 03:00:00+00:00,9.1808e-06
2025-12-26 04:00:00.056000+00:00,8.5742e-06
2025-12-26 05:00:00.092000+00:00,6.0432e-06
2025-12-26 06:00:00.012000+00:00,5.5905e-06
2025-12-26 07:00:00.039000+00:00,9.4844e-06
2025-12-26 08:00:00.040000+00:00,1.25e-05
2025-12-26 09:00:00.017000+00:00,1.25e-05
2025-12-26 10:00:00.113000+00:00,1.25e-05
2025-12-26 11:00:00.164000+00:00,1.25e-05
2025-12-26 12:00:00.040000+00:00,1.25e-05
2025-12-26 13:00:00.030000+00:00,1.25e-05
2025-12-26 14:00:00.015000+00:00,1.25e-05
2025-12-26 15:00:00.077000+00:00,1.25e-05
2025-12-26 16:00:00.036000+00:00,6.6545e-06
2025-12-26 17:00:00.019000+00:00,2.3551e-06
2025-12-26 18:00:00.088000+00:00,-3.6953e-06
2025-12-26 19:00:00.033000+00:00,-3.6638e-06
2025-12-26 20:00:00.045000+00:00,-1.2815e-06
2025-12-26 21:00:00.004000+00:00,-2.2123e-06
2025-12-26 22:00:00.040000+00:00,4.859e-06
2025-12-26 23:00:00.040000+00:00,7.438e-06
2025-12-27 00:00:00.023000+00:00,9.8556e-06
2025-12-27 01:00:00.020000+00:00,7.5359e-06
2025-12-27 02:00:00.019000+00:00,8.0964e-06
2025-12-27 03:00:00.083000+00:00,1.00586e-05
2025-12-27 04:00:00+00:00,9.6748e-06
2025-12-27 05:00:00.022000+00:00,1.2255e-05
2025-12-27 06:00:00.022000+00:00,8.257e-06
2025-12-27 07:00:00.101000+00:00,1.21515e-05
2025-12-27 08:00:00.049000+00:00,1.08609e-05
2025-12-27 09:00:00.024000+00:00,1.00634e-05
2025-12-27 10:00:00.051000+00:00,1.25e-05
2025-12-27 11:00:00.058000+00:00,9.8919e-06
2025-12-27 12:00:00.048000+00:00,1.03931e-05
2025-12-27 13:00:00.049000+00:00,6.1803e-06
2025-12-27 14:00:00.129000+00:00,5.3994e-06
2025-12-27 15:00:00.130000+00:00,7.1498e-06
2025-12-27 16:00:00.019000+00:00,4.3779e-06
2025-12-27 17:00:00.106000+00:00,3.5786e-06
2025-12-27 18:00:00.021000+00:00,7.3763e-06
2025-12-27 19:00:00.007000+00:00,4.0193e-06
2025-12-27 20:00:00.057000+00:00,3.9932e-06
2025-12-27 21:00:00.027000+00:00,8.3325e-06
2025-12-27 22:00:00.034000+00:00,1.19171e-05
2025-12-27 23:00:00.018000+00:00,1.11177e-05
2025-12-28 00:00:00.072000+00:00,1.25e-05
2025-12-28 01:00:00.041000+00:00,1.25e-05
2025-12-28 02:00:00.027000+00:00,1.25e-05
2025-12-28 03:00:00.017000+00:00,1.25e-05
2025-12-28 04:00:00.024000+00:00,1.25e-05
2025-12-28 05:00:00.062000+00:00,1.25e-05
2025-12-28 06:00:00.060000+00:00,1.18326e-05
2025-12-28 07:00:00.028000+00:00,1.25e-05
2025-12-28 08:00:00.040000+00:00,1.07838e-05
2025-12-28 09:00:00.005000+00:00,1.25e-05
2025-12-28 10:00:00.074000+00:00,1.00645e-05
2025-12-28 11:00:00.057000+00:00,1.25e-05
2025-12-28 12:00:00.046000+00:00,1.25e-05
2025-12-28 13:00:00.095000+00:00,1.25e-05
2025-12-28 14:00:00.095000+00:00,1.25e-05
2025-12-28 15:00:00.109000+00:00,1.25e-05
2025-12-28 16:00:00.008000+00:00,1.25e-05
2025-12-28 17:00:00.074000+00:00,1.25e-05
2025-12-28 18:00:00.041000+00:00,1.25e-05
2025-12-28 19:00:00.019000+00:00,1.25e-05
2025-12-28 20:00:00.016000+00:00,1.25e-05
2025-12-28 21:00:00.047000+00:00,1.25e-05
2025-12-28 22:00:00.072000+00:00,1.25e-05
2025-12-28 23:00:00.045000+00:00,1.25e-05
2025-12-29 00:00:00.132000+00:00,1.25e-05
2025-12-29 01:00:00.082000+00:00,1.25e-05
2025-12-29 02:00:00.076000+00:00,1.25e-05
2025-12-29 03:00:00.049000+00:00,1.25e-05
2025-12-29 04:00:00.132000+00:00,1.25e-05
2025-12-29 05:00:00.006000+00:00,1.25e-05
2025-12-29 06:00:00.005000+00:00,1.25e-05
2025-12-29 07:00:00.018000+00:00,1.25e-05
2025-12-29 08:00:00.014000+00:00,1.25e-05
2025-12-29 09:00:00.030000+00:00,1.25e-05
2025-12-29 10:00:00.008000+00:00,1.25e-05
2025-12-29 11:00:00.098000+00:00,1.25e-05
2025-12-29 12:00:00.026000+00:00,1.25e-05
2025-12-29 13:00:00.001000+00:00,2.16e-07
2025-12-29 14:00:00.028000+00:00,5.5727e-06
2025-12-29 15:00:00.031000+00:00,8.8744e-06
2025-12-29 16:00:00.014000+00:00,1.488e-06
2025-12-29 17:00:00.019000+00:00,9.195e-06
2025-12-29 18:00:00.031000+00:00,9.3687e-06
2025-12-29 19:00:00.026000+00:00,7.8701e-06
2025-12-29 20:00:00.055000+00:00,1.25e-05
2025-12-29 21:00:00.006000+00:00,2.6149e-06
2025-12-29 22:00:00.075000+00:00,1.1501e-05
2025-12-29 23:00:00.040000+00:00,1.08718e-05
2025-12-30 00:00:00.010000+00:00,5.537e-06
2025-12-30 01:00:00.049000+00:00,4.4294e-06
2025-12-30 02:00:00.033000+00:00,-1.147e-07
2025-12-30 03:00:00.041000+00:00,1.0342e-06
2025-12-30 04:00:00.063000+00:00,9.7784e-06
2025-12-30 05:00:00.069000+00:00,7.8278e-06
2025-12-30 06:00:00.067000+00:00,3.5914e-06
2025-12-30 07:00:00.062000+00:00,2.6631e-06
2025-12-30 08:00:00.028000+00:00,1.4869e-06
2025-12-30 09:00:00.045000+00:00,-5.1675e-06
2025-12-30 10:00:00.080000+00:00,7.541e-07
2025-12-30 11:00:00.054000+00:00,2.5441e-06
2025-12-30 12:00:00.003000+00:00,3.4033e-06
2025-12-30 13:00:00.121000+00:00,6.3215e-06
2025-12-30 14:00:00.031000+00:00,1.1969e-05
2025-12-30 15:00:00.036000+00:00,9.6586e-06
2025-12-30 16:00:00.039000+00:00,1.25e-05
2025-12-30 17:00:00.051000+00:00,1.25e-05
2025-12-30 18:00:00.071000+00:00,1.25e-05
2025-12-30 19:00:00.033000+00:00,1.25e-05
2025-12-30 20:00:00.120000+00:00,1.25e-05
2025-12-30 21:00:00.041000+00:00,1.25e-05
2025-12-30 22:00:00.003000+00:00,1.23941e-05
2025-12-30 23:00:00.047000+00:00,1.25e-05
2025-12-31 00:00:00.021000+00:00,1.25e-05
2025-12-31 01:00:00.022000+00:00,1.25e-05
2025-12-31 02:00:00.037000+00:00,1.25e-05
2025-12-31 03:00:00.053000+00:00,1.25e-05
2025-12-31 04:00:00.057000+00:00,1.25e-05
2025-12-31 05:00:00.011000+00:00,1.25e-05
2025-12-31 06:00:00.002000+00:00,1.25e-05
2025-12-31 07:00:00.029000+00:00,1.25e-05
2025-12-31 08:00:00.063000+00:00,1.25e-05
2025-12-31 09:00:00.019000+00:00,1.25e-05
2025-12-31 10:00:00.002000+00:00,1.25e-05
2025-12-31 11:00:00.050000+00:00,1.25e-05
2025-12-31 12:00:00.095000+00:00,1.25e-05
2025-12-31 13:00:00.002000+00:00,1.25e-05
2025-12-31 14:00:00.008000+00:00,1.25e-05
2025-12-31 15:00:00.015000+00:00,1.25e-05
2025-12-31 16:00:00.089000+00:00,1.25e-05
2025-12-31 17:00:00.072000+00:00,1.25e-05
2025-12-31 18:00:00.050000+00:00,1.25e-05
2025-12-31 19:00:00.053000+00:00,1.25e-05
2025-12-31 20:00:00.058000+00:00,1.25e-05
2025-12-31 21:00:00.043000+00:00,1.25e-05
2025-12-31 22:00:00.100000+00:00,1.25e-05
2025-12-31 23:00:00.093000+00:00,1.25e-05
2026-01-01 00:00:00.063000+00:00,1.19937e-05
2026-01-01 01:00:00.053000+00:00,8.2887e-06
2026-01-01 02:00:00.024000+00:00,9.3356e-06
2026-01-01 03:00:00.012000+00:00,1.25e-05
2026-01-01 04:00:00.036000+00:00,1.25e-05
2026-01-01 05:00:00.040000+00:00,1.25e-05
2026-01-01 06:00:00.053000+00:00,1.25e-05
2026-01-01 07:00:00.011000+00:00,1.25e-05
2026-01-01 08:00:00.045000+00:00,1.25e-05
2026-01-01 09:00:00.098000+00:00,1.25e-05
2026-01-01 10:00:00.010000+00:00,1.25e-05
2026-01-01 11:00:00.034000+00:00,1.25e-05
2026-01-01 12:00:00.051000+00:00,1.25e-05
2026-01-01 13:00:00.101000+00:00,1.25e-05
2026-01-01 14:00:00.010000+00:00,1.25e-05
2026-01-01 15:00:00.003000+00:00,1.25e-05
2026-01-01 16:00:00.025000+00:00,1.25e-05
2026-01-01 17:00:00.034000+00:00,1.25e-05
2026-01-01 18:00:00.042000+00:00,1.25e-05
2026-01-01 19:00:00.029000+00:00,1.25e-05
2026-01-01 20:00:00.043000+00:00,1.25e-05
2026-01-01 21:00:00.069000+00:00,1.25e-05
2026-01-01 22:00:00.047000+00:00,1.25e-05
2026-01-01 23:00:00.023000+00:00,1.25e-05
2026-01-02 00:00:00.042000+00:00,1.25e-05
2026-01-02 01:00:00.032000+00:00,1.25e-05
2026-01-02 02:00:00.057000+00:00,1.25e-05
2026-01-02 03:00:00.019000+00:00,1.25e-05
2026-01-02 04:00:00.139000+00:00,1.25e-05
2026-01-02 05:00:00.110000+00:00,1.25e-05
2026-01-02 06:00:00.022000+00:00,1.25e-05
2026-01-02 07:00:00.003000+00:00,1.25e-05
2026-01-02 08:00:00.081000+00:00,1.25e-05
2026-01-02 09:00:00.003000+00:00,1.25e-05
2026-01-02 10:00:00.091000+00:00,1.25e-05
2026-01-02 11:00:00.048000+00:00,1.25e-05
2026-01-02 12:00:00.042000+00:00,1.25e-05
2026-01-02 13:00:00.114000+00:00,1.25e-05
2026-01-02 14:00:00.009000+00:00,1.25e-05
2026-01-02 15:00:00.105000+00:00,1.25e-05
2026-01-02 16:00:00.038000+00:00,1.25e-05
2026-01-02 17:00:00.047000+00:00,1.25e-05
2026-01-02 18:00:00.034000+00:00,1.25e-05
2026-01-02 19:00:00.026000+00:00,1.25e-05
2026-01-02 20:00:00.027000+00:00,1.25e-05
2026-01-02 21:00:00+00:00,1.25e-05
2026-01-02 22:00:00.042000+00:00,1.25e-05
2026-01-02 23:00:00.022000+00:00,1.25e-05
2026-01-03 00:00:00.008000+00:00,1.03713e-05
2026-01-03 01:00:00.018000+00:00,1.25e-05
2026-01-03 02:00:00.008000+00:00,1.05284e-05
2026-01-03 03:00:00.074000+00:00,6.1942e-06
2026-01-03 04:00:00.011000+00:00,5.0278e-06
2026-01-03 05:00:00.006000+00:00,2.4502e-06
2026-01-03 06:00:00.019000+00:00,7.0139e-06
2026-01-03 07:00:00.004000+00:00,7.2984e-06
2026-01-03 08:00:00.011000+00:00,-3.2126e-06
2026-01-03 09:00:00.067000+00:00,9.6376e-06
2026-01-03 10:00:00.026000+00:00,8.6974e-06
2026-01-03 11:00:00.060000+00:00,6.1985e-06
2026-01-03 12:00:00.095000+00:00,7.5462e-06
2026-01-03 13:00:00.083000+00:00,9.319e-06
2026-01-03 14:00:00.043000+00:00,1.25e-05
2026-01-03 15:00:00.072000+00:00,1.25e-05
2026-01-03 16:00:00.044000+00:00,9.0806e-06
2026-01-03 17:00:00.083000+00:00,1.25e-05
2026-01-03 18:00:00.061000+00:00,-3.9896e-06
2026-01-03 19:00:00.032000+00:00,1.13012e-05
2026-01-03 20:00:00.019000+00:00,1.15477e-05
2026-01-03 21:00:00.128000+00:00,4.1824e-06
2026-01-03 22:00:00.077000+00:00,4.8963e-06
2026-01-03 23:00:00.046000+00:00,1.14289e-05
2026-01-04 00:00:00.024000+00:00,1.25e-05
2026-01-04 01:00:00.010000+00:00,1.17437e-05
2026-01-04 02:00:00.026000+00:00,6.0142e-06
2026-01-04 03:00:00.011000+00:00,3.0838e-06
2026-01-04 04:00:00.063000+00:00,8.496e-07
2026-01-04 05:00:00.060000+00:00,1.25e-05
2026-01-04 06:00:00.066000+00:00,1.25e-05
2026-01-04 07:00:00.031000+00:00,3.0867e-06
2026-01-04 08:00:00.036000+00:00,8.4531e-06
2026-01-04 09:00:00.001000+00:00,1.25e-05
2026-01-04 10:00:00.051000+00:00,1.7279e-06
2026-01-04 11:00:00.051000+00:00,1.00336e-05
2026-01-04 12:00:00.052000+00:00,-2.4856e-06
2026-01-04 13:00:00.062000+00:00,3.1801e-06
2026-01-04 14:00:00.019000+00:00,4.8838e-06
2026-01-04 15:00:00.078000+00:00,1.11857e-05
2026-01-04 16:00:00.098000+00:00,1.17786e-05
2026-01-04 17:00:00.020000+00:00,1.25e-05
2026-01-04 18:00:00.054000+00:00,1.25e-05
2026-01-04 19:00:00.024000+00:00,1.05939e-05
2026-01-04 20:00:00.062000+00:00,1.25e-05
2026-01-04 21:00:00+00:00,8.6946e-06
2026-01-04 22:00:00.037000+00:00,1.10063e-05
2026-01-04 23:00:00.111000+00:00,1.11371e-05
2026-01-05 00:00:00+00:00,1.25e-05
2026-01-05 01:00:00.014000+00:00,1.25e-05
2026-01-05 02:00:00.009000+00:00,8.7492e-06
2026-01-05 03:00:00.010000+00:00,2.3362e-06
2026-01-05 04:00:00.044000+00:00,9.3992e-06
2026-01-05 05:00:00.042000+00:00,1.18415e-05
2026-01-05 06:00:00.026000+00:00,1.25e-05
2026-01-05 07:00:00.067000+00:00,4.972e-06
2026-01-05 08:00:00.060000+00:00,7.3985e-06
2026-01-05 09:00:00.043000+00:00,7.6432e-06
2026-01-05 10:00:00.038000+00:00,-7.5539e-06
2026-01-05 11:00:00.040000+00:00,-2.0678e-06
2026-01-05 12:00:00.068000+00:00,3.0288e-06
2026-01-05 13:00:00.054000+00:00,2.9542e-06
2026-01-05 14:00:00.015000+00:00,3.39e-08
2026-01-05 15:00:00.020000+00:00,9.4294e-06
2026-01-05 16:00:00.051000+00:00,1.25e-05
2026-01-05 17:00:00.085000+00:00,9.2354e-06
2026-01-05 18:00:00.081000+00:00,9.1567e-06
2026-01-05 19:00:00.056000+00:00,6.8908e-06
2026-01-05 20:00:00.045000+00:00,1.25e-05
2026-01-05 21:00:00.022000+00:00,9.6232e-06
2026-01-05 22:00:00.008000+00:00,1.06018e-05
2026-01-05 23:00:00.068000+00:00,1.24168e-05
2026-01-06 00:00:00.017000+00:00,1.25e-05
2026-01-06 01:00:00.086000+00:00,1.25e-05
2026-01-06 02:00:00.073000+00:00,1.25e-05
2026-01-06 03:00:00.033000+00:00,1.25e-05
2026-01-06 04:00:00.036000+00:00,1.25e-05
2026-01-06 05:00:00.075000+00:00,1.25e-05
2026-01-06 06:00:00.013000+00:00,1.25e-05
2026-01-06 07:00:00.008000+00:00,8.5388e-06
2026-01-06 08:00:00.066000+00:00,5.2676e-06
2026-01-06 09:00:00.059000+00:00,1.08722e-05
2026-01-06 10:00:00.012000+00:00,1.00356e-05
2026-01-06 11:00:00.060000+00:00,1.15022e-05
2026-01-06 12:00:00.017000+00:00,1.22135e-05
2026-01-06 13:00:00.002000+00:00,5.8432e-06
2026-01-06 14:00:00.046000+00:00,5.2025e-06
2026-01-06 15:00:00.076000+00:00,1.25e-05
2026-01-06 16:00:00.036000+00:00,7.061e-06
2026-01-06 17:00:00.012000+00:00,7.4814e-06
2026-01-06 18:00:00.001000+00:00,1.25e-05
2026-01-06 19:00:00.037000+00:00,1.25e-05
2026-01-06 20:00:00.018000+00:00,7.3275e-06
2026-01-06 21:00:00.062000+00:00,1.25e-05
2026-01-06 22:00:00.005000+00:00,1.17467e-05
2026-01-06 23:00:00.008000+00:00,1.25e-05
2026-01-07 00:00:00.119000+00:00,1.22051e-05
2026-01-07 01:00:00.007000+00:00,1.25e-05
2026-01-07 02:00:00.010000+00:00,1.25e-05
2026-01-07 03:00:00.017000+00:00,1.25e-05
2026-01-07 04:00:00.033000+00:00,1.25e-05
2026-01-07 05:00:00.087000+00:00,1.25e-05
2026-01-07 06:00:00.009000+00:00,1.25e-05
2026-01-07 07:00:00.014000+00:00,1.25e-05
2026-01-07 08:00:00.062000+00:00,1.25e-05
2026-01-07 09:00:00.082000+00:00,1.25e-05
2026-01-07 10:00:00.029000+00:00,1.25e-05
2026-01-07 11:00:00.048000+00:00,1.25e-05
2026-01-07 12:00:00.096000+00:00,1.25e-05
2026-01-07 13:00:00.074000+00:00,1.25e-05
2026-01-07 14:00:00.040000+00:00,1.25e-05
2026-01-07 15:00:00.099000+00:00,1.25e-05
2026-01-07 16:00:00.081000+00:00,1.25e-05
2026-01-07 17:00:00.013000+00:00,1.25e-05
2026-01-07 18:00:00.014000+00:00,1.25e-05
2026-01-07 19:00:00.055000+00:00,1.05977e-05
2026-01-07 20:00:00.113000+00:00,6.7313e-06
2026-01-07 21:00:00.117000+00:00,4.2941e-06
2026-01-07 22:00:00.043000+00:00,7.9801e-06
2026-01-07 23:00:00.090000+00:00,7.5014e-06
2026-01-08 00:00:00.001000+00:00,7.8692e-06
2026-01-08 01:00:00.035000+00:00,7.6662e-06
2026-01-08 02:00:00.029000+00:00,3.3878e-06
2026-01-08 03:00:00.014000+00:00,-2.8249e-06
2026-01-08 04:00:00.069000+00:00,1.8914e-06
2026-01-08 05:00:00.155000+00:00,4.638e-07
2026-01-08 06:00:00.094000+00:00,4.3405e-06
2026-01-08 07:00:00.010000+00:00,3.658e-06
2026-01-08 08:00:00.089000+00:00,-5.67e-07
2026-01-08 09:00:00.077000+00:00,-4.876e-07
2026-01-08 10:00:00.037000+00:00,1.9458e-06
2026-01-08 11:00:00.015000+00:00,5.2217e-06
2026-01-08 12:00:00.137000+00:00,6.6965e-06
2026-01-08 13:00:00.040000+00:00,6.0529e-06
2026-01-08 14:00:00+00:00,5.3078e-06
2026-01-08 15:00:00.106000+00:00,1.25e-05
2026-01-08 16:00:00.063000+00:00,1.25e-05
2026-01-08 17:00:00.004000+00:00,1.53965e-05
2026-01-08 18:00:00.008000+00:00,1.25e-05
2026-01-08 19:00:00.013000+00:00,1.25e-05
2026-01-08 20:00:00.098000+00:00,1.25e-05
2026-01-08 21:00:00.116000+00:00,1.25e-05
2026-01-08 22:00:00.008000+00:00,1.25e-05
2026-01-08 23:00:00.085000+00:00,1.25e-05
2026-01-09 00:00:00.020000+00:00,1.25e-05
2026-01-09 01:00:00.016000+00:00,1.25e-05
2026-01-09 02:00:00.063000+00:00,1.25e-05
2026-01-09 03:00:00.059000+00:00,1.25e-05
2026-01-09 04:00:00.100000+00:00,1.25e-05
2026-01-09 05:00:00.158000+00:00,1.25e-05
2026-01-09 06:00:00.046000+00:00,1.25e-05
2026-01-09 07:00:00.012000+00:00,1.25e-05
2026-01-09 08:00:00.028000+00:00,1.25e-05
2026-01-09 09:00:00.072000+00:00,1.25e-05
2026-01-09 10:00:00.077000+00:00,1.25e-05
2026-01-09 11:00:00.050000+00:00,1.25e-05
2026-01-09 12:00:00.041000+00:00,1.25e-05
2026-01-09 13:00:00.005000+00:00,1.25e-05
2026-01-09 14:00:00.032000+00:00,1.25e-05
2026-01-09 15:00:00.042000+00:00,1.25e-05
2026-01-09 16:00:00.002000+00:00,1.25e-05
2026-01-09 17:00:00.004000+00:00,1.25e-05
2026-01-09 18:00:00.018000+00:00,1.25e-05
2026-01-09 19:00:00.042000+00:00,1.25e-05
2026-01-09 20:00:00.065000+00:00,1.25e-05
2026-01-09 21:00:00+00:00,1.25e-05
2026-01-09 22:00:00.018000+00:00,1.25e-05
2026-01-09 23:00:00.025000+00:00,1.25e-05
2026-01-10 00:00:00.103000+00:00,1.25e-05
2026-01-10 01:00:00.110000+00:00,1.25e-05
2026-01-10 02:00:00.064000+00:00,1.25e-05
2026-01-10 03:00:00.039000+00:00,1.25e-05
2026-01-10 04:00:00.085000+00:00,1.24247e-05
2026-01-10 05:00:00.065000+00:00,9.7205e-06
2026-01-10 06:00:00.034000+00:00,1.25e-05
2026-01-10 07:00:00.035000+00:00,1.25e-05
2026-01-10 08:00:00.072000+00:00,1.25e-05
2026-01-10 09:00:00.033000+00:00,1.25e-05
2026-01-10 10:00:00.024000+00:00,1.25e-05
2026-01-10 11:00:00.060000+00:00,1.25e-05
2026-01-10 12:00:00.034000+00:00,1.25e-05
2026-01-10 13:00:00.030000+00:00,1.25e-05
2026-01-10 14:00:00.051000+00:00,1.25e-05
2026-01-10 15:00:00.017000+00:00,1.25e-05
2026-01-10 16:00:00.003000+00:00,1.25e-05
2026-01-10 17:00:00.066000+00:00,1.25e-05
2026-01-10 18:00:00.054000+00:00,1.25e-05
2026-01-10 19:00:00.025000+00:00,1.25e-05
2026-01-10 20:00:00.081000+00:00,1.0773e-05
2026-01-10 21:00:00.083000+00:00,6.1017e-06
2026-01-10 22:00:00.025000+00:00,8.1786e-06
2026-01-10 23:00:00.047000+00:00,1.22978e-05
2026-01-11 00:00:00.007000+00:00,8.698e-06
2026-01-11 01:00:00.046000+00:00,9.1414e-06
2026-01-11 02:00:00.078000+00:00,1.22327e-05
2026-01-11 03:00:00.099000+00:00,1.23223e-05
2026-01-11 04:00:00.011000+00:00,1.13224e-05
2026-01-11 05:00:00.012000+00:00,1.25e-05
2026-01-11 06:00:00.038000+00:00,1.25e-05
2026-01-11 07:00:00.049000+00:00,1.25e-05
2026-01-11 08:00:00.066000+00:00,9.5461e-06
2026-01-11 09:00:00.045000+00:00,1.0604e-05
2026-01-11 10:00:00.103000+00:00,1.23493e-05
2026-01-11 11:00:00.105000+00:00,9.5331e-06
2026-01-11 12:00:00.018000+00:00,1.07457e-05
2026-01-11 13:00:00.035000+00:00,1.25e-05
2026-01-11 14:00:00.034000+00:00,1.25e-05
2026-01-11 15:00:00.124000+00:00,1.19587e-05
2026-01-11 16:00:00.122000+00:00,1.25e-05
2026-01-11 17:00:00.061000+00:00,1.22166e-05
2026-01-11 18:00:00.004000+00:00,1.18008e-05
2026-01-11 19:00:00.023000+00:00,1.06933e-05
2026-01-11 20:00:00.002000+00:00,8.8182e-06
2026-01-11 21:00:00.010000+00:00,8.637e-06
2026-01-11 22:00:00.083000+00:00,6.8393e-06
2026-01-11 23:00:00.127000+00:00,3.2374e-06
2026-01-12 00:00:00.053000+00:00,1.25e-05
2026-01-12 01:00:00.080000+00:00,1.25e-05
2026-01-12 02:00:00.090000+00:00,1.25e-05
2026-01-12 03:00:00.016000+00:00,1.25e-05
2026-01-12 04:00:00.021000+00:00,1.25e-05
2026-01-12 05:00:00.027000+00:00,1.25e-05
2026-01-12 06:00:00.025000+00:00,1.25e-05
2026-01-12 07:00:00.061000+00:00,1.25e-05
2026-01-12 08:00:00.053000+00:00,1.25e-05
2026-01-12 09:00:00.088000+00:00,1.25e-05
2026-01-12 10:00:00.042000+00:00,1.25e-05
2026-01-12 11:00:00.003000+00:00,1.25e-05
2026-01-12 12:00:00.088000+00:00,1.25e-05
2026-01-12 13:00:00.053000+00:00,1.25e-05
2026-01-12 14:00:00.107000+00:00,1.25e-05
2026-01-12 15:00:00.059000+00:00,1.20425e-05
2026-01-12 16:00:00.040000+00:00,5.7957e-06
2026-01-12 17:00:00.086000+00:00,1.25e-05
2026-01-12 18:00:00.057000+00:00,7.4119e-06
2026-01-12 19:00:00.008000+00:00,5.5194e-06
2026-01-12 20:00:00.098000+00:00,1.13918e-05
2026-01-12 21:00:00.078000+00:00,7.0278e-06
2026-01-12 22:00:00.075000+00:00,7.7096e-06
2026-01-12 23:00:00.024000+00:00,7.7256e-06
2026-01-13 00:00:00.109000+00:00,5.485e-07
2026-01-13 01:00:00.121000+00:00,-1.623e-07
2026-01-13 02:00:00.017000+00:00,5.7527e-06
2026-01-13 03:00:00.043000+00:00,1.00243e-05
2026-01-13 04:00:00.068000+00:00,7.2212e-06
2026-01-13 05:00:00.079000+00:00,7.5515e-06
2026-01-13 06:00:00.029000+00:00,1.11548e-05
2026-01-13 07:00:00.089000+00:00,1.25e-05
2026-01-13 08:00:00.032000+00:00,1.25e-05
2026-01-13 09:00:00.003000+00:00,1.25e-05
2026-01-13 10:00:00.232000+00:00,1.25e-05
2026-01-13 11:00:00.011000+00:00,1.25e-05
2026-01-13 12:00:00.032000+00:00,1.25e-05
2026-01-13 13:00:00.083000+00:00,1.09802e-05
2026-01-13 14:00:00.043000+00:00,1.25e-05
2026-01-13 15:00:00.051000+00:00,1.25e-05
2026-01-13 16:00:00.100000+00:00,1.25e-05
2026-01-13 17:00:00.039000+00:00,1.25e-05
2026-01-13 18:00:00.042000+00:00,9.3582e-06
2026-01-13 19:00:00.031000+00:00,1.25e-05
2026-01-13 20:00:00.005000+00:00,1.25e-05
2026-01-13 21:00:00.017000+00:00,1.25e-05
2026-01-13 22:00:00+00:00,1.24847e-05
2026-01-13 23:00:00.037000+00:00,1.25e-05
2026-01-14 00:00:00.057000+00:00,1.25e-05
2026-01-14 01:00:00.019000+00:00,1.25e-05
2026-01-14 02:00:00.050000+00:00,1.25e-05
2026-01-14 03:00:00.053000+00:00,1.25e-05
2026-01-14 04:00:00.063000+00:00,1.25e-05
2026-01-14 05:00:00.023000+00:00,1.25e-05
2026-01-14 06:00:00.066000+00:00,1.25e-05
2026-01-14 07:00:00.099000+00:00,1.25e-05
2026-01-14 08:00:00.062000+00:00,1.25e-05
2026-01-14 09:00:00.051000+00:00,1.25e-05
2026-01-14 10:00:00.015000+00:00,1.25e-05
2026-01-14 11:00:00+00:00,1.25e-05
2026-01-14 12:00:00.043000+00:00,1.25e-05
2026-01-14 13:00:00.040000+00:00,1.25e-05
2026-01-14 14:00:00.084000+00:00,1.25e-05
2026-01-14 15:00:00.001000+00:00,1.25e-05
2026-01-14 16:00:00.013000+00:00,1.11033e-05
2026-01-14 17:00:00.085000+00:00,1.25e-05
2026-01-14 18:00:00.113000+00:00,5.6568e-06
2026-01-14 19:00:00.071000+00:00,1.25e-05
2026-01-14 20:00:00.090000+00:00,1.25e-05
2026-01-14 21:00:00.039000+00:00,1.25e-05
2026-01-14 22:00:00.018000+00:00,1.25e-05
2026-01-14 23:00:00.024000+00:00,1.02391e-05
2026-01-15 00:00:00.028000+00:00,7.8798e-06
2026-01-15 01:00:00.004000+00:00,1.25e-05
2026-01-15 02:00:00.052000+00:00,1.25e-05
2026-01-15 03:00:00.019000+00:00,1.25e-05
2026-01-15 04:00:00.018000+00:00,1.25e-05
2026-01-15 05:00:00.081000+00:00,1.25e-05
2026-01-15 06:00:00.021000+00:00,1.25e-05
2026-01-15 07:00:00.057000+00:00,1.25e-05
2026-01-15 08:00:00.029000+00:00,1.25e-05
2026-01-15 09:00:00.023000+00:00,1.25e-05
2026-01-15 10:00:00.082000+00:00,1.25e-05
2026-01-15 11:00:00.076000+00:00,1.25e-05
2026-01-15 12:00:00.028000+00:00,1.25e-05
2026-01-15 13:00:00.044000+00:00,1.25e-05
2026-01-15 14:00:00.054000+00:00,1.25e-05
2026-01-15 15:00:00.001000+00:00,1.25e-05
2026-01-15 16:00:00.020000+00:00,1.04673e-05
2026-01-15 17:00:00.067000+00:00,1.06021e-05
2026-01-15 18:00:00.062000+00:00,1.25e-05
2026-01-15 19:00:00.003000+00:00,1.25e-05
2026-01-15 20:00:00.057000+00:00,7.6014e-06
2026-01-15 21:00:00.062000+00:00,1.25e-05
2026-01-15 22:00:00.033000+00:00,6.5097e-06
2026-01-15 23:00:00+00:00,1.16558e-05
2026-01-16 00:00:00.092000+00:00,6.8775e-06
2026-01-16 01:00:00.045000+00:00,1.25e-05
2026-01-16 02:00:00.007000+00:00,1.06686e-05
2026-01-16 03:00:00.044000+00:00,1.25e-05
2026-01-16 04:00:00.096000+00:00,1.25e-05
2026-01-16 05:00:00.028000+00:00,8.351e-06
2026-01-16 06:00:00.013000+00:00,5.6657e-06
2026-01-16 07:00:00.059000+00:00,3.5604e-06
2026-01-16 08:00:00.044000+00:00,1.25e-05
2026-01-16 09:00:00.013000+00:00,5.6967e-06
2026-01-16 10:00:00.073000+00:00,1.8997e-06
2026-01-16 11:00:00.003000+00:00,6.133e-06
2026-01-16 12:00:00.005000+00:00,1.21822e-05
2026-01-16 13:00:00.060000+00:00,1.05273e-05
2026-01-16 14:00:00.084000+00:00,9.177e-06
2026-01-16 15:00:00.051000+00:00,1.25e-05
2026-01-16 16:00:00.040000+00:00,9.2623e-06
2026-01-16 17:00:00.051000+00:00,1.25e-05
2026-01-16 18:00:00.045000+00:00,1.25e-05
2026-01-16 19:00:00.147000+00:00,1.25e-05
2026-01-16 20:00:00.078000+00:00,1.25e-05
2026-01-16 21:00:00.092000+00:00,1.25e-05
2026-01-16 22:00:00.120000+00:00,1.12912e-05
2026-01-16 23:00:00.021000+00:00,9.0031e-06
2026-01-17 00:00:00.037000+00:00,1.25e-05
2026-01-17 01:00:00.055000+00:00,1.11672e-05
2026-01-17 02:00:00.090000+00:00,1.25e-05
2026-01-17 03:00:00.036000+00:00,1.25e-05
2026-01-17 04:00:00.003000+00:00,1.25e-05
2026-01-17 05:00:00.027000+00:00,7.8372e-06
2026-01-17 06:00:00.104000+00:00,1.07129e-05
2026-01-17 07:00:00.005000+00:00,1.25e-05
2026-01-17 08:00:00.022000+00:00,7.3985e-06
2026-01-17 09:00:00.004000+00:00,1.25e-05
2026-01-17 10:00:00.039000+00:00,1.25e-05
2026-01-17 11:00:00.095000+00:00,1.25e-05
2026-01-17 12:00:00.021000+00:00,1.25e-05
2026-01-17 13:00:00.089000+00:00,1.25e-05
2026-01-17 14:00:00.030000+00:00,1.25e-05
2026-01-17 15:00:00.010000+00:00,1.25e-05
2026-01-17 16:00:00.102000+00:00,1.25e-05
2026-01-17 17:00:00.010000+00:00,1.25e-05
2026-01-17 18:00:00.066000+00:00,1.25e-05
2026-01-17 19:00:00.038000+00:00,1.25e-05
2026-01-17 20:00:00.073000+00:00,1.25e-05
2026-01-17 21:00:00.017000+00:00,1.25e-05
2026-01-17 22:00:00.036000+00:00,1.25e-05
2026-01-17 23:00:00.100000+00:00,1.25e-05
2026-01-18 00:00:00.017000+00:00,1.25e-05
2026-01-18 01:00:00.117000+00:00,1.25e-05
2026-01-18 02:00:00.061000+00:00,1.25e-05
2026-01-18 03:00:00.047000+00:00,1.25e-05
2026-01-18 04:00:00.062000+00:00,1.25e-05
2026-01-18 05:00:00.034000+00:00,1.25e-05
2026-01-18 06:00:00.066000+00:00,1.25e-05
2026-01-18 07:00:00.063000+00:00,1.06235e-05
2026-01-18 08:00:00.106000+00:00,1.12787e-05
2026-01-18 09:00:00.110000+00:00,1.25e-05
2026-01-18 10:00:00.047000+00:00,1.25e-05
2026-01-18 11:00:00.085000+00:00,1.25e-05
2026-01-18 12:00:00.016000+00:00,1.25e-05
2026-01-18 13:00:00.054000+00:00,1.25e-05
2026-01-18 14:00:00.035000+00:00,1.25e-05
2026-01-18 15:00:00.030000+00:00,1.25e-05
2026-01-18 16:00:00.021000+00:00,1.25e-05
2026-01-18 17:00:00.040000+00:00,1.25e-05
2026-01-18 18:00:00.067000+00:00,1.25e-05
2026-01-18 19:00:00.018000+00:00,1.25e-05
2026-01-18 20:00:00.055000+00:00,1.25e-05
2026-01-18 21:00:00.024000+00:00,1.25e-05
2026-01-18 22:00:00.042000+00:00,1.25e-05
2026-01-18 23:00:00.113000+00:00,1.25e-05
2026-01-19 00:00:00.034000+00:00,9.8683e-06
2026-01-19 01:00:00.098000+00:00,-1.63352e-05
2026-01-19 02:00:00.001000+00:00,-1.637e-05
2026-01-19 03:00:00.009000+00:00,-3.9282e-06
2026-01-19 04:00:00.051000+00:00,-5.0347e-06
2026-01-19 05:00:00+00:00,-1.13491e-05
2026-01-19 06:00:00.033000+00:00,-1.01832e-05
2026-01-19 07:00:00.014000+00:00,-6.9796e-06
2026-01-19 08:00:00.026000+00:00,-2.1044e-06
2026-01-19 09:00:00.012000+00:00,4.3006e-06
2026-01-19 10:00:00.012000+00:00,-1.5576e-06
2026-01-19 11:00:00.094000+00:00,-3.922e-06
2026-01-19 12:00:00+00:00,-5.591e-07
2026-01-19 13:00:00.041000+00:00,5.366e-07
2026-01-19 14:00:00.040000+00:00,3.6113e-06
2026-01-19 15:00:00.049000+00:00,4.1939e-06
2026-01-19 16:00:00.056000+00:00,1.4384e-06
2026-01-19 17:00:00.011000+00:00,4.3443e-06
2026-01-19 18:00:00.005000+00:00,1.4969e-06
2026-01-19 19:00:00.012000+00:00,1.1523e-06
2026-01-19 20:00:00.025000+00:00,8.4744e-06
2026-01-19 21:00:00.079000+00:00,1.25e-05
2026-01-19 22:00:00.033000+00:00,1.25e-05
2026-01-19 23:00:00.040000+00:00,1.25e-05
2026-01-20 00:00:00.007000+00:00,1.25e-05
2026-01-20 01:00:00.011000+00:00,8.2282e-06
2026-01-20 02:00:00.057000+00:00,5.173e-06
2026-01-20 03:00:00.001000+00:00,5.6432e-06
2026-01-20 04:00:00.167000+00:00,1.25e-05
2026-01-20 05:00:00.112000+00:00,1.25e-05
2026-01-20 06:00:00.064000+00:00,1.25e-05
2026-01-20 07:00:00.110000+00:00,1.25e-05
2026-01-20 08:00:00.010000+00:00,8.383e-06
2026-01-20 09:00:00.079000+00:00,1.25e-05
2026-01-20 10:00:00.046000+00:00,1.24895e-05
2026-01-20 11:00:00.018000+00:00,1.25e-05
2026-01-20 12:00:00.064000+00:00,6.5484e-06
2026-01-20 13:00:00.054000+00:00,1.20251e-05
2026-01-20 14:00:00.109000+00:00,7.0414e-06
2026-01-20 15:00:00.061000+00:00,1.25e-05
2026-01-20 16:00:00.047000+00:00,9.6773e-06
2026-01-20 17:00:00.034000+00:00,9.8816e-06
2026-01-20 18:00:00.037000+00:00,1.25e-05
2026-01-20 19:00:00.028000+00:00,1.25e-05
2026-01-20 20:00:00.020000+00:00,1.25e-05
2026-01-20 21:00:00.025000+00:00,1.25e-05
2026-01-20 22:00:00.005000+00:00,-1.05154e-05
2026-01-20 23:00:00.015000+00:00,-1.11503e-05
2026-01-21 00:00:00.063000+00:00,7.1595e-06
2026-01-21 01:00:00.039000+00:00,1.25e-05
2026-01-21 02:00:00.038000+00:00,1.25e-05
2026-01-21 03:00:00.143000+00:00,1.25e-05
2026-01-21 04:00:00.034000+00:00,7.8259e-06
2026-01-21 05:00:00.057000+00:00,4.3875e-06
2026-01-21 06:00:00.014000+00:00,9.33e-06
2026-01-21 07:00:00.016000+00:00,7.4716e-06
2026-01-21 08:00:00.028000+00:00,-6.677e-07
2026-01-21 09:00:00.046000+00:00,1.1584e-06
2026-01-21 10:00:00.018000+00:00,7.8884e-06
2026-01-21 11:00:00.027000+00:00,1.25e-05
2026-01-21 12:00:00.031000+00:00,9.1069e-06
2026-01-21 13:00:00.094000+00:00,1.25e-05
2026-01-21 14:00:00.007000+00:00,1.25e-05
2026-01-21 15:00:00.012000+00:00,1.25e-05
2026-01-21 16:00:00.016000+00:00,1.25e-05
2026-01-21 17:00:00.079000+00:00,1.25e-05
2026-01-21 18:00:00.006000+00:00,-3.27773e-05
2026-01-21 19:00:00.021000+00:00,-1.56672e-05
2026-01-21 20:00:00.017000+00:00,1.25e-05
2026-01-21 21:00:00.045000+00:00,1.25e-05
2026-01-21 22:00:00.093000+00:00,1.25e-05
2026-01-21 23:00:00.012000+00:00,1.25e-05
2026-01-22 00:00:00.068000+00:00,1.25e-05
2026-01-22 01:00:00.076000+00:00,1.25e-05
2026-01-22 02:00:00.069000+00:00,1.25e-05
2026-01-22 03:00:00.112000+00:00,1.25e-05
2026-01-22 04:00:00.005000+00:00,1.25e-05
2026-01-22 05:00:00.033000+00:00,1.25e-05
2026-01-22 06:00:00.029000+00:00,1.25e-05
2026-01-22 07:00:00.022000+00:00,1.25e-05
2026-01-22 08:00:00.084000+00:00,1.25e-05
2026-01-22 09:00:00.040000+00:00,1.25e-05
2026-01-22 10:00:00.057000+00:00,1.25e-05
2026-01-22 11:00:00.047000+00:00,1.25e-05
2026-01-22 12:00:00.063000+00:00,1.25e-05
2026-01-22 13:00:00.020000+00:00,1.25e-05
2026-01-22 14:00:00.092000+00:00,1.25e-05
2026-01-22 15:00:00.007000+00:00,1.25e-05
2026-01-22 16:00:00.083000+00:00,1.25e-05
2026-01-22 17:00:00.035000+00:00,1.25e-05
2026-01-22 18:00:00.004000+00:00,1.25e-05
2026-01-22 19:00:00.016000+00:00,1.01563e-05
2026-01-22 20:00:00.017000+00:00,7.5889e-06
2026-01-22 21:00:00.096000+00:00,2.8441e-06
2026-01-22 22:00:00.013000+00:00,1.7193e-06
2026-01-22 23:00:00.019000+00:00,1.2564e-06
2026-01-23 00:00:00.009000+00:00,-1.30889e-05
2026-01-23 01:00:00.034000+00:00,-1.06422e-05
2026-01-23 02:00:00.028000+00:00,-2.7784e-06
2026-01-23 03:00:00.122000+00:00,-1.6675e-06
2026-01-23 04:00:00.017000+00:00,1.0916e-06
2026-01-23 05:00:00.154000+00:00,5.7706e-06
2026-01-23 06:00:00.112000+00:00,1.25e-05
2026-01-23 07:00:00.066000+00:00,-2.2681e-06
2026-01-23 08:00:00.100000+00:00,-4.902e-06
2026-01-23 09:00:00.005000+00:00,2.0169e-06
2026-01-23 10:00:00.058000+00:00,3.5665e-06
2026-01-23 11:00:00.030000+00:00,3.6614e-06
2026-01-23 12:00:00.029000+00:00,3.3397e-06
2026-01-23 13:00:00.018000+00:00,1.442e-07
2026-01-23 14:00:00.013000+00:00,2.8678e-06
2026-01-23 15:00:00.048000+00:00,-1.12464e-05
2026-01-23 16:00:00.010000+00:00,2.847e-07
2026-01-23 17:00:00.061000+00:00,2.8563e-06
2026-01-23 18:00:00.037000+00:00,4.3384e-06
2026-01-23 19:00:00.047000+00:00,1.25e-05
2026-01-23 20:00:00.055000+00:00,1.1338e-06
2026-01-23 21:00:00.085000+00:00,7.5985e-06
2026-01-23 22:00:00.039000+00:00,6.9262e-06
2026-01-23 23:00:00.085000+00:00,-5.0158e-06
2026-01-24 00:00:00.017000+00:00,-2.9199e-06
2026-01-24 01:00:00.061000+00:00,-4.1437e-06
2026-01-24 02:00:00.093000+00:00,-5.8289e-06
2026-01-24 03:00:00.032000+00:00,-3.156e-07
2026-01-24 04:00:00.067000+00:00,-1.4519e-06
2026-01-24 05:00:00.043000+00:00,8.958e-07
2026-01-24 06:00:00.032000+00:00,2.6166e-06
2026-01-24 07:00:00.003000+00:00,-1.9709e-06
2026-01-24 08:00:00.030000+00:00,6.2289e-06
2026-01-24 09:00:00.058000+00:00,3.1319e-06
2026-01-24 10:00:00.112000+00:00,3.9235e-06
2026-01-24 11:00:00.027000+00:00,9.129e-07
2026-01-24 12:00:00.100000+00:00,7.2836e-06
2026-01-24 13:00:00.080000+00:00,9.4e-06
2026-01-24 14:00:00.016000+00:00,2.0322e-06
2026-01-24 15:00:00.060000+00:00,1.25e-05
2026-01-24 16:00:00.092000+00:00,1.25e-05
2026-01-24 17:00:00.040000+00:00,6.1891e-06
2026-01-24 18:00:00.011000+00:00,7.498e-06
2026-01-24 19:00:00.036000+00:00,5.7519e-06
2026-01-24 20:00:00.028000+00:00,9.9279e-06
2026-01-24 21:00:00.012000+00:00,8.903e-06
2026-01-24 22:00:00.056000+00:00,8.5311e-06
2026-01-24 23:00:00.017000+00:00,1.16757e-05
2026-01-25 00:00:00.006000+00:00,7.8279e-06
2026-01-25 01:00:00.021000+00:00,1.25e-05
2026-01-25 02:00:00.135000+00:00,6.8775e-06
2026-01-25 03:00:00.054000+00:00,1.4404e-06
2026-01-25 04:00:00.109000+00:00,2.9739e-06
2026-01-25 05:00:00.110000+00:00,-2.3873e-06
2026-01-25 06:00:00.117000+00:00,-1.07691e-05
2026-01-25 07:00:00.059000+00:00,1.5377e-06
2026-01-25 08:00:00.042000+00:00,2.7258e-06
2026-01-25 09:00:00.055000+00:00,-5.6793e-06
2026-01-25 10:00:00.045000+00:00,1.06298e-05
2026-01-25 11:00:00.011000+00:00,1.25e-05
2026-01-25 12:00:00.029000+00:00,1.25e-05
2026-01-25 13:00:00.065000+00:00,1.25e-05
2026-01-25 14:00:00.031000+00:00,1.25e-05
2026-01-25 15:00:00.075000+00:00,6.2819e-06
2026-01-25 16:00:00.012000+00:00,7.581e-07
2026-01-25 17:00:00.013000+00:00,-2.60889e-05
2026-01-25 18:00:00.020000+00:00,-1.29643e-05
2026-01-25 19:00:00.010000+00:00,-1.37954e-05
2026-01-25 20:00:00.016000+00:00,-1.77995e-05
2026-01-25 21:00:00.021000+00:00,-1.57194e-05
2026-01-25 22:00:00.063000+00:00,-7.8959e-06
2026-01-25 23:00:00.127000+00:00,-2.76467e-05
2026-01-26 00:00:00.127000+00:00,-2.67275e-05
2026-01-26 01:00:00.001000+00:00,-2.04522e-05
2026-01-26 02:00:00.026000+00:00,-2.37853e-05
2026-01-26 03:00:00.059000+00:00,-1.77061e-05
2026-01-26 04:00:00.056000+00:00,-1.71582e-05
2026-01-26 05:00:00.020000+00:00,-5.6195e-06
2026-01-26 06:00:00.101000+00:00,1.3056e-06
2026-01-26 07:00:00.055000+00:00,3.5008e-06
2026-01-26 08:00:00.040000+00:00,3.576e-06
2026-01-26 09:00:00.056000+00:00,1.25e-05
2026-01-26 10:00:00.060000+00:00,1.25e-05
2026-01-26 11:00:00.055000+00:00,1.25e-05
2026-01-26 12:00:00.081000+00:00,1.25e-05
2026-01-26 13:00:00+00:00,1.25e-05
2026-01-26 14:00:00.050000+00:00,1.25e-05
2026-01-26 15:00:00.064000+00:00,8.9761e-06
2026-01-26 16:00:00.006000+00:00,8.7349e-06
2026-01-26 17:00:00.012000+00:00,1.25e-05
2026-01-26 18:00:00.010000+00:00,1.25e-05
2026-01-26 19:00:00.045000+00:00,6.8963e-06
2026-01-26 20:00:00.034000+00:00,5.8292e-06
2026-01-26 21:00:00.094000+00:00,1.25e-05
2026-01-26 22:00:00.049000+00:00,1.25e-05
2026-01-26 23:00:00.079000+00:00,9.8524e-06
2026-01-27 00:00:00.085000+00:00,1.25e-05
2026-01-27 01:00:00.073000+00:00,1.25e-05
2026-01-27 02:00:00.052000+00:00,1.25e-05
2026-01-27 03:00:00.012000+00:00,1.25e-05
2026-01-27 04:00:00.017000+00:00,1.25e-05
2026-01-27 05:00:00.023000+00:00,1.25e-05
2026-01-27 06:00:00+00:00,1.11253e-05
2026-01-27 07:00:00.049000+00:00,1.08017e-05
2026-01-27 08:00:00.092000+00:00,1.25e-05
2026-01-27 09:00:00.020000+00:00,1.25e-05
2026-01-27 10:00:00.056000+00:00,1.25e-05
2026-01-27 11:00:00.003000+00:00,1.25e-05
2026-01-27 12:00:00.051000+00:00,1.25e-05
2026-01-27 13:00:00.006000+00:00,1.25e-05
2026-01-27 14:00:00.041000+00:00,1.06754e-05
2026-01-27 15:00:00.074000+00:00,1.25e-05
2026-01-27 16:00:00.103000+00:00,1.25e-05
2026-01-27 17:00:00.024000+00:00,1.25e-05
2026-01-27 18:00:00.011000+00:00,1.25e-05
2026-01-27 19:00:00.027000+00:00,1.25e-05
2026-01-27 20:00:00.082000+00:00,1.25e-05
2026-01-27 21:00:00.015000+00:00,1.25e-05
2026-01-27 22:00:00.042000+00:00,1.25e-05
2026-01-27 23:00:00.015000+00:00,1.25e-05
2026-01-28 00:00:00.090000+00:00,1.25e-05
2026-01-28 01:00:00.024000+00:00,1.25e-05
2026-01-28 02:00:00.053000+00:00,1.25e-05
2026-01-28 03:00:00.047000+00:00,1.25e-05
2026-01-28 04:00:00.114000+00:00,9.8868e-06
2026-01-28 05:00:00.046000+00:00,1.25e-05
2026-01-28 06:00:00.127000+00:00,1.25e-05
2026-01-28 07:00:00.070000+00:00,1.25e-05
2026-01-28 08:00:00.044000+00:00,1.25e-05
2026-01-28 09:00:00.042000+00:00,1.25e-05
2026-01-28 10:00:00.038000+00:00,1.25e-05
2026-01-28 11:00:00.016000+00:00,1.25e-05
2026-01-28 12:00:00.051000+00:00,1.25e-05
2026-01-28 13:00:00.094000+00:00,1.25e-05
2026-01-28 14:00:00.054000+00:00,1.25e-05
2026-01-28 15:00:00.003000+00:00,1.25e-05
2026-01-28 16:00:00.022000+00:00,1.25e-05
2026-01-28 17:00:00.048000+00:00,1.25e-05
2026-01-28 18:00:00.020000+00:00,1.25e-05
2026-01-28 19:00:00.072000+00:00,1.25e-05
2026-01-28 20:00:00.063000+00:00,1.25e-05
2026-01-28 21:00:00.108000+00:00,1.25e-05
2026-01-28 22:00:00.010000+00:00,1.25e-05
2026-01-28 23:00:00.022000+00:00,1.25e-05
2026-01-29 00:00:00.027000+00:00,1.25e-05
2026-01-29 01:00:00.021000+00:00,1.25e-05
2026-01-29 02:00:00.049000+00:00,1.25e-05
2026-01-29 03:00:00.013000+00:00,-2.142e-07
2026-01-29 04:00:00.038000+00:00,1.8865e-06
2026-01-29 05:00:00.051000+00:00,-2.2333e-06
2026-01-29 06:00:00.048000+00:00,1.03905e-05
2026-01-29 07:00:00.087000+00:00,4.4159e-06
2026-01-29 08:00:00.047000+00:00,9.4368e-06
2026-01-29 09:00:00.026000+00:00,1.25e-05
2026-01-29 10:00:00.066000+00:00,1.25e-05
2026-01-29 11:00:00.051000+00:00,1.25e-05
2026-01-29 12:00:00+00:00,1.04106e-05
2026-01-29 13:00:00.120000+00:00,1.25e-05
2026-01-29 14:00:00.011000+00:00,1.25e-05
2026-01-29 15:00:00.016000+00:00,5.7114e-06
2026-01-29 16:00:00.059000+00:00,-1.75863e-05
2026-01-29 17:00:00.082000+00:00,-7.1618e-06
2026-01-29 18:00:00.099000+00:00,-1.01994e-05
2026-01-29 19:00:00.054000+00:00,-6.1823e-06
2026-01-29 20:00:00.035000+00:00,-1.20109e-05
2026-01-29 21:00:00.049000+00:00,-4.4102e-06
2026-01-29 22:00:00.059000+00:00,1.9707e-06
2026-01-29 23:00:00.037000+00:00,-5.55e-07
2026-01-30 00:00:00.022000+00:00,-1.60284e-05
2026-01-30 01:00:00.010000+00:00,-1.73997e-05
2026-01-30 02:00:00.075000+00:00,-8.05505e-05
2026-01-30 03:00:00.038000+00:00,-4.07577e-05
2026-01-30 04:00:00.028000+00:00,-2.79619e-05
2026-01-30 05:00:00.053000+00:00,-2.71965e-05
2026-01-30 06:00:00.084000+00:00,-2.03232e-05
2026-01-30 07:00:00.117000+00:00,-2.87505e-05
2026-01-30 08:00:00.018000+00:00,-2.60514e-05
2026-01-30 09:00:00.103000+00:00,-2.25461e-05
2026-01-30 10:00:00.049000+00:00,-1.3236e-05
2026-01-30 11:00:00.108000+00:00,-7.7136e-06
2026-01-30 12:00:00.036000+00:00,3.667e-07
2026-01-30 13:00:00.025000+00:00,-1.3597e-06
2026-01-30 14:00:00.033000+00:00,-7.4867e-06
2026-01-30 15:00:00.008000+00:00,-1.08357e-05
2026-01-30 16:00:00.054000+00:00,-1.62344e-05
2026-01-30 17:00:00.105000+00:00,-9.841e-06
2026-01-30 18:00:00.037000+00:00,-1.40685e-05
2026-01-30 19:00:00.042000+00:00,-3.0351e-05
2026-01-30 20:00:00.041000+00:00,-5.9054e-06
2026-01-30 21:00:00.006000+00:00,-1.73013e-05
2026-01-30 22:00:00.001000+00:00,-2.34054e-05
2026-01-30 23:00:00.031000+00:00,-2.40562e-05
2026-01-31 00:00:00.171000+00:00,-3.73283e-05
2026-01-31 01:00:00.100000+00:00,-3.63234e-05
2026-01-31 02:00:00.068000+00:00,-3.07659e-05
2026-01-31 03:00:00.097000+00:00,-3.0447e-05
2026-01-31 04:00:00.012000+00:00,-2.68846e-05
2026-01-31 05:00:00.026000+00:00,-2.16279e-05
2026-01-31 06:00:00.002000+00:00,-2.07738e-05
2026-01-31 07:00:00.010000+00:00,-1.80372e-05
2026-01-31 08:00:00.049000+00:00,-2.74315e-05
2026-01-31 09:00:00.076000+00:00,-5.84068e-05
2026-01-31 10:00:00.022000+00:00,-6.49504e-05
2026-01-31 11:00:00.050000+00:00,-4.03809e-05
2026-01-31 12:00:00.105000+00:00,-2.22801e-05
2026-01-31 13:00:00.035000+00:00,-9.0236e-06
2026-01-31 14:00:00.027000+00:00,-6.8052e-06
2026-01-31 15:00:00.033000+00:00,-9.4195e-06
2026-01-31 16:00:00.091000+00:00,-5.4841e-06
2026-01-31 17:00:00.030000+00:00,-2.88728e-05
2026-01-31 18:00:00.057000+00:00,-2.01406e-05
2026-01-31 19:00:00.118000+00:00,-2.27758e-05
2026-01-31 20:00:00.081000+00:00,-3.33244e-05
2026-01-31 21:00:00.058000+00:00,-3.22612e-05
2026-01-31 22:00:00.056000+00:00,-5.10421e-05
2026-01-31 23:00:00.088000+00:00,-4.95856e-05
2026-02-01 00:00:00.016000+00:00,-6.28054e-05
2026-02-01 01:00:00.017000+00:00,-6.13988e-05
2026-02-01 02:00:00.052000+00:00,-4.99511e-05
2026-02-01 03:00:00.047000+00:00,-7.05433e-05
2026-02-01 04:00:00.091000+00:00,-7.1877e-05
2026-02-01 05:00:00.008000+00:00,-5.2905e-05
2026-02-01 06:00:00.029000+00:00,-5.7159e-05
2026-02-01 07:00:00.060000+00:00,-5.30796e-05
2026-02-01 08:00:00.056000+00:00,-5.0805e-05
2026-02-01 09:00:00+00:00,-4.62226e-05
2026-02-01 10:00:00.092000+00:00,-4.85621e-05
2026-02-01 11:00:00.017000+00:00,-4.66165e-05
2026-02-01 12:00:00.097000+00:00,-2.56146e-05
2026-02-01 13:00:00.026000+00:00,-2.05426e-05
2026-02-01 14:00:00.096000+00:00,-1.15069e-05
2026-02-01 15:00:00.019000+00:00,-3.12829e-05
2026-02-01 16:00:00.034000+00:00,-5.3646e-06
2026-02-01 17:00:00.041000+00:00,-9.4905e-06
2026-02-01 18:00:00.062000+00:00,-9.969e-07
2026-02-01 19:00:00.042000+00:00,-9.9882e-06
2026-02-01 20:00:00.067000+00:00,-2.59477e-05
2026-02-01 21:00:00.104000+00:00,-3.43159e-05
2026-02-01 22:00:00.015000+00:00,-2.07307e-05
2026-02-01 23:00:00.006000+00:00,-2.15189e-05
2026-02-02 00:00:00.059000+00:00,-2.77135e-05
2026-02-02 01:00:00.038000+00:00,-4.18134e-05
2026-02-02 02:00:00.017000+00:00,-3.79375e-05
2026-02-02 03:00:00.062000+00:00,-3.19257e-05
2026-02-02 04:00:00.064000+00:00,-1.58838e-05
2026-02-02 05:00:00.106000+00:00,-1.45157e-05
2026-02-02 06:00:00.074000+00:00,-2.39943e-05
2026-02-02 07:00:00.020000+00:00,-1.5076e-05
2026-02-02 08:00:00.007000+00:00,-1.6059e-05
2026-02-02 09:00:00.043000+00:00,-1.19189e-05
2026-02-02 10:00:00.084000+00:00,-7.5658e-06
2026-02-02 11:00:00.047000+00:00,-8.5359e-06
2026-02-02 12:00:00.061000+00:00,-1.45061e-05
2026-02-02 13:00:00.088000+00:00,-1.92812e-05
2026-02-02 14:00:00.065000+00:00,-7.22607e-05
2026-02-02 15:00:00.070000+00:00,-0.0001065591
2026-02-02 16:00:00.041000+00:00,-8.75645e-05
2026-02-02 17:00:00.065000+00:00,-5.49617e-05
2026-02-02 18:00:00.066000+00:00,-6.36994e-05
2026-02-02 19:00:00.004000+00:00,-1.47856e-05
2026-02-02 20:00:00.023000+00:00,-1.22744e-05
2026-02-02 21:00:00.014000+00:00,-1.86853e-05
2026-02-02 22:00:00.099000+00:00,-2.83383e-05
2026-02-02 23:00:00.055000+00:00,-5.65099e-05
2026-02-03 00:00:00.013000+00:00,-6.62048e-05
2026-02-03 01:00:00.015000+00:00,-6.73545e-05
2026-02-03 02:00:00.012000+00:00,-5.77189e-05
2026-02-03 03:00:00.032000+00:00,-4.76325e-05
2026-02-03 04:00:00.038000+00:00,-3.69878e-05
2026-02-03 05:00:00.029000+00:00,-4.13141e-05
2026-02-03 06:00:00+00:00,-1.17512e-05
2026-02-03 07:00:00.068000+00:00,-1.41052e-05
2026-02-03 08:00:00.057000+00:00,-1.3428e-05
2026-02-03 09:00:00.079000+00:00,-2.46561e-05
2026-02-03 10:00:00.022000+00:00,-2.50369e-05
2026-02-03 11:00:00.065000+00:00,-1.89014e-05
2026-02-03 12:00:00.118000+00:00,-1.53424e-05
2026-02-03 13:00:00.065000+00:00,-1.63789e-05
2026-02-03 14:00:00.040000+00:00,-1.91108e-05
2026-02-03 15:00:00.025000+00:00,-1.80378e-05
2026-02-03 16:00:00.059000+00:00,-2.03547e-05
2026-02-03 17:00:00.001000+00:00,-5.9161e-06
2026-02-03 18:00:00.015000+00:00,2.7572e-06
2026-02-03 19:00:00.059000+00:00,1.04081e-05
2026-02-03 20:00:00.049000+00:00,1.806e-07
2026-02-03 21:00:00.031000+00:00,3.0831e-06
2026-02-03 22:00:00.004000+00:00,1.25e-05
2026-02-03 23:00:00.056000+00:00,1.25e-05
2026-02-04 00:00:00.018000+00:00,1.25e-05
2026-02-04 01:00:00.045000+00:00,1.25e-05
2026-02-04 02:00:00.022000+00:00,1.25e-05
2026-02-04 03:00:00.032000+00:00,1.25e-05
2026-02-04 04:00:00.004000+00:00,1.25e-05
2026-02-04 05:00:00.055000+00:00,1.25e-05
2026-02-04 06:00:00.042000+00:00,1.25e-05
2026-02-04 07:00:00.016000+00:00,1.25e-05
2026-02-04 08:00:00.027000+00:00,1.25e-05
2026-02-04 09:00:00.003000+00:00,1.25e-05
2026-02-04 10:00:00.081000+00:00,1.24066e-05
2026-02-04 11:00:00.016000+00:00,7.683e-06
2026-02-04 12:00:00.120000+00:00,8.5105e-06
2026-02-04 13:00:00.025000+00:00,1.442e-06
2026-02-04 14:00:00.004000+00:00,2.1549e-06
2026-02-04 15:00:00.071000+00:00,-6.7566e-06
2026-02-04 16:00:00.007000+00:00,-1.17269e-05
2026-02-04 17:00:00.105000+00:00,-5.7096e-06
2026-02-04 18:00:00.058000+00:00,-1.02812e-05
2026-02-04 19:00:00.028000+00:00,-9.0526e-06
2026-02-04 20:00:00.001000+00:00,9.292e-07
2026-02-04 21:00:00.072000+00:00,4.274e-07
2026-02-04 22:00:00.051000+00:00,6.341e-07
2026-02-04 23:00:00.022000+00:00,-5.9054e-06
2026-02-05 00:00:00.003000+00:00,-4.3633e-06
2026-02-05 01:00:00.010000+00:00,-1.99978e-05
2026-02-05 02:00:00.097000+00:00,-1.00709e-05
2026-02-05 03:00:00.011000+00:00,-4.0739e-06
2026-02-05 04:00:00.032000+00:00,4.7896e-06
2026-02-05 05:00:00.057000+00:00,1.24195e-05
2026-02-05 06:00:00.038000+00:00,1.25e-05
2026-02-05 07:00:00.008000+00:00,1.25e-05
2026-02-05 08:00:00.038000+00:00,1.25e-05
2026-02-05 09:00:00.023000+00:00,1.25e-05
2026-02-05 10:00:00.022000+00:00,8.5338e-06
2026-02-05 11:00:00.046000+00:00,6.4955e-06
2026-02-05 12:00:00.036000+00:00,4.6554e-06
2026-02-05 13:00:00.013000+00:00,8.1514e-06
2026-02-05 14:00:00.012000+00:00,1.25e-05
2026-02-05 15:00:00.079000+00:00,-4.834e-07
2026-02-05 16:00:00.065000+00:00,-5.4377e-06
2026-02-05 17:00:00.004000+00:00,2.8484e-06
2026-02-05 18:00:00.104000+00:00,8.9659e-06
2026-02-05 19:00:00.030000+00:00,-1.504e-06
2026-02-05 20:00:00.057000+00:00,-2.9968e-06
2026-02-05 21:00:00.013000+00:00,-1.0269e-06
2026-02-05 22:00:00.040000+00:00,-6.987e-06
2026-02-05 23:00:00.019000+00:00,-1.6813e-05
2026-02-06 00:00:00.083000+00:00,-3.6106e-05
2026-02-06 01:00:00.049000+00:00,-1.36581e-05
2026-02-06 02:00:00.026000+00:00,-3.70075e-05
2026-02-06 03:00:00.050000+00:00,-2.86689e-05
2026-02-06 04:00:00.075000+00:00,-2.07977e-05
2026-02-06 05:00:00.102000+00:00,-2.30365e-05
2026-02-06 06:00:00.022000+00:00,-5.47068e-05
2026-02-06 07:00:00.074000+00:00,-7.1393e-05
2026-02-06 08:00:00.037000+00:00,-3.33871e-05
2026-02-06 09:00:00.042000+00:00,-3.96415e-05
2026-02-06 10:00:00.053000+00:00,-3.32413e-05
2026-02-06 11:00:00.032000+00:00,-3.36958e-05
2026-02-06 12:00:00.009000+00:00,-3.54132e-05
2026-02-06 13:00:00.032000+00:00,-6.19153e-05
2026-02-06 14:00:00.024000+00:00,-0.000107028
2026-02-06 15:00:00.089000+00:00,-8.14917e-05
2026-02-06 16:00:00.036000+00:00,-8.81154e-05
2026-02-06 17:00:00.030000+00:00,-3.95465e-05
2026-02-06 18:00:00.086000+00:00,-3.53433e-05
2026-02-06 19:00:00.056000+00:00,-2.48479e-05
2026-02-06 20:00:00.016000+00:00,-1.43506e-05
2026-02-06 21:00:00.031000+00:00,-2.48436e-05
2026-02-06 22:00:00.032000+00:00,-2.32666e-05
2026-02-06 23:00:00.049000+00:00,-2.46888e-05
2026-02-07 00:00:00.064000+00:00,-4.38349e-05
2026-02-07 01:00:00.036000+00:00,-2.75265e-05
2026-02-07 02:00:00.026000+00:00,-1.21685e-05
2026-02-07 03:00:00.021000+00:00,-2.06201e-05
2026-02-07 04:00:00.104000+00:00,-1.76907e-05
2026-02-07 05:00:00.063000+00:00,-2.31618e-05
2026-02-07 06:00:00.036000+00:00,-2.15365e-05
2026-02-07 07:00:00.008000+00:00,-1.99276e-05
2026-02-07 08:00:00.048000+00:00,-1.99089e-05
2026-02-07 09:00:00.081000+00:00,-1.17628e-05
2026-02-07 10:00:00.020000+00:00,-9.6292e-06
2026-02-07 11:00:00.008000+00:00,-2.05396e-05
2026-02-07 12:00:00.031000+00:00,-1.39582e-05
2026-02-07 13:00:00.040000+00:00,-1.8642e-05
2026-02-07 14:00:00.008000+00:00,-2.23972e-05
2026-02-07 15:00:00.093000+00:00,-1.78505e-05
2026-02-07 16:00:00.146000+00:00,-5.2785e-06
2026-02-07 17:00:00.055000+00:00,-2.31074e-05
2026-02-07 18:00:00.022000+00:00,-2.03543e-05
2026-02-07 19:00:00.071000+00:00,-2.63585e-05
2026-02-07 20:00:00.020000+00:00,-2.55038e-05
2026-02-07 21:00:00.089000+00:00,-2.4573e-05
2026-02-07 22:00:00.055000+00:00,-2.50914e-05
2026-02-07 23:00:00.038000+00:00,-2.34818e-05
2026-02-08 00:00:00.042000+00:00,-2.80089e-05
2026-02-08 01:00:00.003000+00:00,-1.77612e-05
2026-02-08 02:00:00.074000+00:00,-1.81578e-05
2026-02-08 03:00:00.113000+00:00,-1.94764e-05
2026-02-08 04:00:00.069000+00:00,-1.61895e-05
2026-02-08 05:00:00.059000+00:00,-1.59065e-05
2026-02-08 06:00:00.031000+00:00,-1.82108e-05
2026-02-08 07:00:00.038000+00:00,-2.59234e-05
2026-02-08 08:00:00.113000+00:00,-1.39106e-05
2026-02-08 09:00:00.040000+00:00,-9.4243e-06
2026-02-08 10:00:00.031000+00:00,-2.19518e-05
2026-02-08 11:00:00.068000+00:00,-2.14181e-05
2026-02-08 12:00:00.077000+00:00,-2.11929e-05
2026-02-08 13:00:00.011000+00:00,-1.45371e-05
2026-02-08 14:00:00.051000+00:00,-2.77735e-05
2026-02-08 15:00:00.041000+00:00,-3.63526e-05
2026-02-08 16:00:00.023000+00:00,-4.19191e-05
2026-02-08 17:00:00.043000+00:00,-3.90388e-05
2026-02-08 18:00:00.023000+00:00,-3.44828e-05
2026-02-08 19:00:00.070000+00:00,-2.92715e-05
2026-02-08 20:00:00.046000+00:00,-3.2871e-05
2026-02-08 21:00:00.059000+00:00,-2.71209e-05
2026-02-08 22:00:00.049000+00:00,-3.45655e-05
2026-02-08 23:00:00.015000+00:00,-2.76097e-05
2026-02-09 00:00:00.009000+00:00,-2.63255e-05
2026-02-09 01:00:00.034000+00:00,-2.23515e-05
2026-02-09 02:00:00.118000+00:00,-2.27308e-05
2026-02-09 03:00:00.004000+00:00,-1.47371e-05
2026-02-09 04:00:00.091000+00:00,-1.10794e-05
2026-02-09 05:00:00.037000+00:00,-9.713e-06
2026-02-09 06:00:00.020000+00:00,-9.5818e-06
2026-02-09 07:00:00.026000+00:00,-1.08133e-05
2026-02-09 08:00:00.013000+00:00,-2.34315e-05
2026-02-09 09:00:00.040000+00:00,-3.23161e-05
2026-02-09 10:00:00.131000+00:00,-3.02443e-05
2026-02-09 11:00:00.088000+00:00,-2.49973e-05
2026-02-09 12:00:00.030000+00:00,-1.05249e-05
2026-02-09 13:00:00.020000+00:00,-1.09357e-05
2026-02-09 14:00:00.015000+00:00,-7.4955e-06
2026-02-09 15:00:00.011000+00:00,2.1393e-06
2026-02-09 16:00:00.001000+00:00,-8.636e-07
2026-02-09 17:00:00.038000+00:00,-3.981e-07
2026-02-09 18:00:00.060000+00:00,-4.2804e-06
2026-02-09 19:00:00.023000+00:00,-6.4544e-06
2026-02-09 20:00:00.059000+00:00,-1.12587e-05
2026-02-09 21:00:00.068000+00:00,-1.5128e-05
2026-02-09 22:00:00.065000+00:00,-2.14724e-05
2026-02-09 23:00:00.046000+00:00,-1.87335e-05
2026-02-10 00:00:00.013000+00:00,-1.5935e-05
2026-02-10 01:00:00.012000+00:00,-1.3082e-05
2026-02-10 02:00:00.055000+00:00,-5.5699e-06
2026-02-10 03:00:00.057000+00:00,-1.29354e-05
2026-02-10 04:00:00.071000+00:00,-1.83877e-05
2026-02-10 05:00:00.024000+00:00,-1.17441e-05
2026-02-10 06:00:00.028000+00:00,-7.944e-06
2026-02-10 07:00:00.090000+00:00,-1.57267e-05
2026-02-10 08:00:00.018000+00:00,-9.2419e-06
2026-02-10 09:00:00.041000+00:00,-6.1535e-06
2026-02-10 10:00:00.028000+00:00,-1.03422e-05
2026-02-10 11:00:00.100000+00:00,-2.27679e-05
2026-02-10 12:00:00.032000+00:00,-2.29363e-05
2026-02-10 13:00:00.106000+00:00,-3.56759e-05
2026-02-10 14:00:00.038000+00:00,-4.02392e-05
2026-02-10 15:00:00.006000+00:00,-3.57684e-05
2026-02-10 16:00:00.009000+00:00,-2.74458e-05
2026-02-10 17:00:00.070000+00:00,-2.11434e-05
2026-02-10 18:00:00.065000+00:00,-2.75698e-05
2026-02-10 19:00:00.015000+00:00,-1.91844e-05
2026-02-10 20:00:00.053000+00:00,-1.76444e-05
2026-02-10 21:00:00.100000+00:00,-2.3827e-05
2026-02-10 22:00:00.070000+00:00,-3.01015e-05
2026-02-10 23:00:00.016000+00:00,-2.653e-05
2026-02-11 00:00:00.036000+00:00,-3.49649e-05
2026-02-11 01:00:00.007000+00:00,-2.59022e-05
2026-02-11 02:00:00.051000+00:00,-3.1305e-05
2026-02-11 03:00:00.098000+00:00,-3.0432e-05
2026-02-11 04:00:00.071000+00:00,-3.06743e-05
2026-02-11 05:00:00.030000+00:00,-3.29884e-05
2026-02-11 06:00:00.005000+00:00,-2.13189e-05
2026-02-11 07:00:00.062000+00:00,-1.80865e-05
2026-02-11 08:00:00.095000+00:00,-1.26216e-05
2026-02-11 09:00:00.114000+00:00,-1.16245e-05
2026-02-11 10:00:00.048000+00:00,-1.59386e-05
2026-02-11 11:00:00.086000+00:00,-1.04616e-05
2026-02-11 12:00:00.022000+00:00,6.534e-07
2026-02-11 13:00:00.055000+00:00,-9.0004e-06
2026-02-11 14:00:00.087000+00:00,-5.919e-06
2026-02-11 15:00:00.012000+00:00,-1.27723e-05
2026-02-11 16:00:00.074000+00:00,-4.1016e-05
2026-02-11 17:00:00.077000+00:00,-3.44961e-05
2026-02-11 18:00:00.062000+00:00,-2.09655e-05
2026-02-11 19:00:00.045000+00:00,-1.35453e-05
2026-02-11 20:00:00.051000+00:00,-1.55389e-05
2026-02-11 21:00:00.053000+00:00,-1.40754e-05
2026-02-11 22:00:00.067000+00:00,-1.44988e-05
2026-02-11 23:00:00.087000+00:00,-1.09719e-05
2026-02-12 00:00:00.006000+00:00,-1.42767e-05
2026-02-12 01:00:00.034000+00:00,-8.0021e-06
2026-02-12 02:00:00.037000+00:00,-1.24956e-05
2026-02-12 03:00:00.057000+00:00,-1.39831e-05
2026-02-12 04:00:00.004000+00:00,-8.8208e-06
2026-02-12 05:00:00.075000+00:00,-9.6938e-06
2026-02-12 06:00:00.077000+00:00,-9.7263e-06
2026-02-12 07:00:00.029000+00:00,-7.9971e-06
2026-02-12 08:00:00.036000+00:00,-1.23262e-05
2026-02-12 09:00:00.054000+00:00,-1.51698e-05
2026-02-12 10:00:00.022000+00:00,-7.0865e-06
2026-02-12 11:00:00.008000+00:00,-6.8747e-06
2026-02-12 12:00:00.064000+00:00,-1.94377e-05
2026-02-12 13:00:00.056000+00:00,-2.39503e-05
2026-02-12 14:00:00.023000+00:00,-3.13008e-05
2026-02-12 15:00:00.004000+00:00,-2.86968e-05
2026-02-12 16:00:00.043000+00:00,-2.17326e-05
2026-02-12 17:00:00.026000+00:00,-4.3521e-06
2026-02-12 18:00:00.015000+00:00,1.25e-05
2026-02-12 19:00:00.053000+00:00,6.0934e-06
2026-02-12 20:00:00.037000+00:00,-6.119e-07
2026-02-12 21:00:00.043000+00:00,-1.33219e-05
2026-02-12 22:00:00.010000+00:00,-2.8883e-06
2026-02-12 23:00:00.072000+00:00,-3.0388e-06
2026-02-13 00:00:00.092000+00:00,-1.34871e-05
2026-02-13 01:00:00.083000+00:00,-2.48948e-05
2026-02-13 02:00:00.050000+00:00,-1.4858e-05
2026-02-13 03:00:00.009000+00:00,-1.10874e-05
2026-02-13 04:00:00.087000+00:00,-8.5613e-06
2026-02-13 05:00:00.083000+00:00,-1.22123e-05
2026-02-13 06:00:00.070000+00:00,-1.27764e-05
2026-02-13 07:00:00.056000+00:00,-9.8374e-06
2026-02-13 08:00:00.018000+00:00,-1.134e-05
2026-02-13 09:00:00.087000+00:00,-1.17723e-05
2026-02-13 10:00:00.004000+00:00,-1.17146e-05
2026-02-13 11:00:00.117000+00:00,-1.29213e-05
2026-02-13 12:00:00.059000+00:00,-6.5938e-06
2026-02-13 13:00:00.040000+00:00,-9.9928e-06
2026-02-13 14:00:00.092000+00:00,-1.7346e-05
2026-02-13 15:00:00.081000+00:00,-1.49132e-05
2026-02-13 16:00:00.038000+00:00,-1.57876e-05
2026-02-13 17:00:00.023000+00:00,-1.72954e-05
2026-02-13 18:00:00.120000+00:00,-1.99307e-05
2026-02-13 19:00:00.063000+00:00,-1.76176e-05
2026-02-13 20:00:00.048000+00:00,-2.39539e-05
2026-02-13 21:00:00.056000+00:00,-1.02136e-05
2026-02-13 22:00:00.018000+00:00,-9.7994e-06
2026-02-13 23:00:00.072000+00:00,-1.9327e-06
2026-02-14 00:00:00.041000+00:00,-1.2439e-06
2026-02-14 01:00:00.085000+00:00,2.2218e-06
2026-02-14 02:00:00.103000+00:00,-7.2595e-06
2026-02-14 03:00:00.007000+00:00,-9.2802e-06
2026-02-14 04:00:00.098000+00:00,2.789e-07
2026-02-14 05:00:00.016000+00:00,1.7892e-06
2026-02-14 06:00:00.103000+00:00,-3.6471e-06
2026-02-14 07:00:00.037000+00:00,-1.397e-07
2026-02-14 08:00:00.001000+00:00,-3.6009e-06
2026-02-14 09:00:00.050000+00:00,-3.9372e-06
2026-02-14 10:00:00.086000+00:00,-1.61291e-05
2026-02-14 11:00:00.026000+00:00,-1.46585e-05
2026-02-14 12:00:00.125000+00:00,-1.51079e-05
2026-02-14 13:00:00.083000+00:00,-1.29412e-05
2026-02-14 14:00:00.055000+00:00,-1.07431e-05
2026-02-14 15:00:00.081000+00:00,-8.0772e-06
2026-02-14 16:00:00.035000+00:00,-1.65624e-05
2026-02-14 17:00:00.075000+00:00,-7.2629e-06
2026-02-14 18:00:00.102000+00:00,4.959e-07
2026-02-14 19:00:00.005000+00:00,-9.521e-06
2026-02-14 20:00:00.071000+00:00,-1.81378e-05
2026-02-14 21:00:00.056000+00:00,-2.72064e-05
2026-02-14 22:00:00.045000+00:00,-3.01654e-05
2026-02-14 23:00:00.022000+00:00,-2.58489e-05
2026-02-15 00:00:00.102000+00:00,-3.19829e-05
2026-02-15 01:00:00.052000+00:00,-3.81075e-05
2026-02-15 02:00:00.088000+00:00,-4.06413e-05
2026-02-15 03:00:00.093000+00:00,-3.50216e-05
2026-02-15 04:00:00.058000+00:00,-2.48175e-05
2026-02-15 05:00:00.004000+00:00,-1.17681e-05
2026-02-15 06:00:00.027000+00:00,-2.04562e-05
2026-02-15 07:00:00.020000+00:00,-2.13287e-05
2026-02-15 08:00:00.027000+00:00,-3.25151e-05
2026-02-15 09:00:00.043000+00:00,-4.52387e-05
2026-02-15 10:00:00.001000+00:00,-2.03503e-05
2026-02-15 11:00:00.015000+00:00,-1.57401e-05
2026-02-15 12:00:00.014000+00:00,-1.64431e-05
2026-02-15 13:00:00.012000+00:00,-2.7744e-06
2026-02-15 14:00:00.023000+00:00,5.9386e-06
2026-02-15 15:00:00.014000+00:00,2.7318e-06
2026-02-15 16:00:00.083000+00:00,-1.63601e-05
2026-02-15 17:00:00.027000+00:00,-7.09e-06
2026-02-15 18:00:00.006000+00:00,-1.20675e-05
2026-02-15 19:00:00.023000+00:00,3.02e-08
2026-02-15 20:00:00.060000+00:00,-1.1961e-05
2026-02-15 21:00:00.008000+00:00,-1.45957e-05
2026-02-15 22:00:00.058000+00:00,-3.08052e-05
2026-02-15 23:00:00.053000+00:00,-3.95453e-05
2026-02-16 00:00:00.071000+00:00,-3.09664e-05
2026-02-16 01:00:00.023000+00:00,-4.52615e-05
2026-02-16 02:00:00.070000+00:00,-5.11402e-05
2026-02-16 03:00:00.088000+00:00,-4.10565e-05
2026-02-16 04:00:00.033000+00:00,-4.11215e-05
2026-02-16 05:00:00.025000+00:00,-3.73585e-05
2026-02-16 06:00:00.006000+00:00,-4.0514e-05
2026-02-16 07:00:00.043000+00:00,-2.87935e-05
2026-02-16 08:00:00.025000+00:00,-1.67239e-05
2026-02-16 09:00:00.002000+00:00,-1.48448e-05
2026-02-16 10:00:00.026000+00:00,-2.85082e-05
2026-02-16 11:00:00+00:00,-2.69404e-05
2026-02-16 12:00:00.075000+00:00,-2.11899e-05
2026-02-16 13:00:00.013000+00:00,-3.89718e-05
2026-02-16 14:00:00.083000+00:00,-2.7842e-05
2026-02-16 15:00:00.037000+00:00,-1.96351e-05
2026-02-16 16:00:00.099000+00:00,-1.15588e-05
2026-02-16 17:00:00.019000+00:00,-2.2729e-06
2026-02-16 18:00:00.138000+00:00,-1.8707e-06
2026-02-16 19:00:00.072000+00:00,-1.10601e-05
2026-02-16 20:00:00.001000+00:00,-5.8359e-06
2026-02-16 21:00:00.070000+00:00,-7.2629e-06
2026-02-16 22:00:00.043000+00:00,-1.00448e-05
2026-02-16 23:00:00.088000+00:00,-6.3094e-06
2026-02-17 00:00:00.063000+00:00,-1.62785e-05
2026-02-17 01:00:00.070000+00:00,-1.86394e-05
2026-02-17 02:00:00.032000+00:00,-2.03874e-05
2026-02-17 03:00:00.021000+00:00,-2.992e-05
2026-02-17 04:00:00.061000+00:00,-4.77985e-05
2026-02-17 05:00:00.038000+00:00,-4.27955e-05
2026-02-17 06:00:00.104000+00:00,-3.80513e-05
2026-02-17 07:00:00.044000+00:00,-3.59871e-05
2026-02-17 08:00:00.015000+00:00,-4.24626e-05
2026-02-17 09:00:00.082000+00:00,-2.61634e-05
2026-02-17 10:00:00.097000+00:00,-2.00842e-05
2026-02-17 11:00:00.042000+00:00,-1.48256e-05
2026-02-17 12:00:00.044000+00:00,-8.5591e-06
2026-02-17 13:00:00.044000+00:00,-6.4235e-06
2026-02-17 14:00:00.063000+00:00,-1.9695e-06
2026-02-17 15:00:00.062000+00:00,-3.2729e-06
2026-02-17 16:00:00.071000+00:00,1.6873e-06
2026-02-17 17:00:00.038000+00:00,3.2059e-06
2026-02-17 18:00:00.030000+00:00,6.29e-07
2026-02-17 19:00:00.003000+00:00,-4.2276e-06
2026-02-17 20:00:00.062000+00:00,-3.1762e-06
2026-02-17 21:00:00.058000+00:00,-4.5206e-06
2026-02-17 22:00:00.051000+00:00,-1.97292e-05
2026-02-17 23:00:00.070000+00:00,-2.65452e-05
2026-02-18 00:00:00.021000+00:00,-2.16245e-05
2026-02-18 01:00:00.085000+00:00,-1.52747e-05
2026-02-18 02:00:00.067000+00:00,-7.3093e-06
2026-02-18 03:00:00.005000+00:00,-3.6438e-06
2026-02-18 04:00:00.016000+00:00,-4.8094e-06
2026-02-18 05:00:00.053000+00:00,-3.176e-07
2026-02-18 06:00:00.013000+00:00,-2.1231e-06
2026-02-18 07:00:00.044000+00:00,2.496e-07
2026-02-18 08:00:00.085000+00:00,-3.164e-06
2026-02-18 09:00:00.065000+00:00,-8.504e-07
2026-02-18 10:00:00.081000+00:00,1.4841e-06
2026-02-18 11:00:00.026000+00:00,-2.5035e-06
2026-02-18 12:00:00.017000+00:00,-1.53664e-05
2026-02-18 13:00:00.034000+00:00,-1.0276e-05
2026-02-18 14:00:00.046000+00:00,-1.30368e-05
2026-02-18 15:00:00.043000+00:00,2.4172e-06
2026-02-18 16:00:00.046000+00:00,-5.3466e-06
2026-02-18 17:00:00.010000+00:00,-2.6941e-06
2026-02-18 18:00:00.003000+00:00,-6.9315e-06
2026-02-18 19:00:00.072000+00:00,-5.1536e-06
2026-02-18 20:00:00.039000+00:00,-3.03481e-05
2026-02-18 21:00:00.040000+00:00,-2.94286e-05
2026-02-18 22:00:00.035000+00:00,-2.71162e-05
2026-02-18 23:00:00.022000+00:00,-1.23229e-05
2026-02-19 00:00:00.054000+00:00,-1.06276e-05
2026-02-19 01:00:00.073000+00:00,-1.10079e-05
2026-02-19 02:00:00.079000+00:00,-1.19761e-05
2026-02-19 03:00:00.021000+00:00,-1.85043e-05
2026-02-19 04:00:00.122000+00:00,-2.18576e-05
2026-02-19 05:00:00.058000+00:00,-2.63825e-05
2026-02-19 06:00:00.072000+00:00,-2.07931e-05
2026-02-19 07:00:00.126000+00:00,4.3503e-06
2026-02-19 08:00:00.040000+00:00,1.25e-05
2026-02-19 09:00:00.019000+00:00,1.19685e-05
2026-02-19 10:00:00.033000+00:00,1.25e-05
2026-02-19 11:00:00.010000+00:00,8.8962e-06
2026-02-19 12:00:00.062000+00:00,1.23846e-05
2026-02-19 13:00:00.017000+00:00,1.25e-05
2026-02-19 14:00:00.019000+00:00,1.25e-05
2026-02-19 15:00:00.067000+00:00,1.25e-05
2026-02-19 16:00:00.026000+00:00,1.08172e-05
2026-02-19 17:00:00.013000+00:00,-7.673e-07
2026-02-19 18:00:00+00:00,1.594e-07
2026-02-19 19:00:00.043000+00:00,4.1857e-06
2026-02-19 20:00:00.009000+00:00,-3.2017e-06
2026-02-19 21:00:00.023000+00:00,7.155e-07
2026-02-19 22:00:00.022000+00:00,4.5751e-06
2026-02-19 23:00:00.042000+00:00,6.8129e-06
2026-02-20 00:00:00.035000+00:00,3.9135e-06
2026-02-20 01:00:00.190000+00:00,-3.9066e-06
2026-02-20 02:00:00.054000+00:00,-9.9068e-06
2026-02-20 03:00:00.118000+00:00,-7.6549e-06
2026-02-20 04:00:00.085000+00:00,-4.0682e-06
2026-02-20 05:00:00.048000+00:00,-8.055e-06
2026-02-20 06:00:00.033000+00:00,-1.09132e-05
2026-02-20 07:00:00.077000+00:00,-2.6647e-06
2026-02-20 08:00:00.069000+00:00,-5.194e-06
2026-02-20 09:00:00.018000+00:00,-7.8157e-06
2026-02-20 10:00:00.018000+00:00,-1.05434e-05
2026-02-20 11:00:00.029000+00:00,-1.0231e-05
2026-02-20 12:00:00.020000+00:00,-1.4545e-05
2026-02-20 13:00:00.001000+00:00,-6.844e-06
2026-02-20 14:00:00.062000+00:00,-1.3794e-05
2026-02-20 15:00:00.013000+00:00,-9.58e-06
2026-02-20 16:00:00.044000+00:00,2.0729e-06
2026-02-20 17:00:00.002000+00:00,1.01608e-05
2026-02-20 18:00:00.056000+00:00,1.25e-05
2026-02-20 19:00:00.125000+00:00,1.25e-05
2026-02-20 20:00:00.028000+00:00,9.1968e-06
2026-02-20 21:00:00.083000+00:00,1.856e-07
2026-02-20 22:00:00.095000+00:00,2.5005e-06
2026-02-20 23:00:00.033000+00:00,3.896e-07
2026-02-21 00:00:00.011000+00:00,1.04625e-05
2026-02-21 01:00:00.131000+00:00,4.2255e-06
2026-02-21 02:00:00.011000+00:00,-1.9658e-06
2026-02-21 03:00:00.063000+00:00,7.457e-07
2026-02-21 04:00:00.080000+00:00,-3.0592e-06
2026-02-21 05:00:00.080000+00:00,-6.5525e-06
2026-02-21 06:00:00.034000+00:00,-9.2894e-06
2026-02-21 07:00:00.068000+00:00,-3.5919e-06
2026-02-21 08:00:00.035000+00:00,-8.7262e-06
2026-02-21 09:00:00.020000+00:00,-1.4695e-06
2026-02-21 10:00:00.068000+00:00,-3.4261e-06
2026-02-21 11:00:00.028000+00:00,6.344e-07
2026-02-21 12:00:00.071000+00:00,4.0799e-06
2026-02-21 13:00:00.019000+00:00,-1.6388e-06
2026-02-21 14:00:00+00:00,-2.7786e-06
2026-02-21 15:00:00.011000+00:00,-1.56777e-05
2026-02-21 16:00:00.010000+00:00,-2.042e-05
2026-02-21 17:00:00.060000+00:00,-1.29504e-05
2026-02-21 18:00:00.086000+00:00,-1.55088e-05
2026-02-21 19:00:00.111000+00:00,-1.41598e-05
2026-02-21 20:00:00.048000+00:00,-1.18136e-05
2026-02-21 21:00:00.024000+00:00,-1.01643e-05
2026-02-21 22:00:00.037000+00:00,-1.04194e-05
2026-02-21 23:00:00.054000+00:00,-1.33844e-05
2026-02-22 00:00:00.015000+00:00,-1.14854e-05
2026-02-22 01:00:00.084000+00:00,-1.3316e-05
2026-02-22 02:00:00.046000+00:00,-7.5375e-06
2026-02-22 03:00:00.056000+00:00,-1.06983e-05
2026-02-22 04:00:00.066000+00:00,-1.30757e-05
2026-02-22 05:00:00.123000+00:00,-1.19544e-05
2026-02-22 06:00:00.012000+00:00,-1.40702e-05
2026-02-22 07:00:00.039000+00:00,-1.00725e-05
2026-02-22 08:00:00.009000+00:00,-1.32017e-05
2026-02-22 09:00:00.017000+00:00,-1.44723e-05
2026-02-22 10:00:00.091000+00:00,-1.2494e-05
2026-02-22 11:00:00.056000+00:00,-2.0703e-06
2026-02-22 12:00:00.075000+00:00,-8.184e-07
2026-02-22 13:00:00.038000+00:00,-2.08349e-05
2026-02-22 14:00:00.048000+00:00,-2.20452e-05
2026-02-22 15:00:00.114000+00:00,-1.47922e-05
2026-02-22 16:00:00.015000+00:00,-1.05231e-05
2026-02-22 17:00:00.036000+00:00,-1.41491e-05
2026-02-22 18:00:00.075000+00:00,-1.77358e-05
2026-02-22 19:00:00.006000+00:00,-1.41109e-05
2026-02-22 20:00:00.029000+00:00,-1.67976e-05
2026-02-22 21:00:00+00:00,-2.42606e-05
2026-02-22 22:00:00.023000+00:00,-2.3721e-05
2026-02-22 23:00:00.093000+00:00,-2.88424e-05
2026-02-23 00:00:00.016000+00:00,-2.68482e-05
2026-02-23 01:00:00.004000+00:00,-2.27595e-05
2026-02-23 02:00:00.025000+00:00,-1.58141e-05
2026-02-23 03:00:00.025000+00:00,-4.86806e-05
2026-02-23 04:00:00.028000+00:00,-3.63764e-05
2026-02-23 05:00:00.010000+00:00,-4.44041e-05
2026-02-23 06:00:00.078000+00:00,-4.10262e-05
2026-02-23 07:00:00.058000+00:00,-1.91473e-05
2026-02-23 08:00:00.004000+00:00,-2.49488e-05
2026-02-23 09:00:00.103000+00:00,-2.13985e-05
2026-02-23 10:00:00.012000+00:00,-5.4939e-06
2026-02-23 11:00:00.010000+00:00,1.25e-05
2026-02-23 12:00:00.004000+00:00,1.25e-05
2026-02-23 13:00:00.080000+00:00,1.25e-05
2026-02-23 14:00:00.028000+00:00,1.25e-05
2026-02-23 15:00:00.059000+00:00,1.25e-05
2026-02-23 16:00:00.045000+00:00,1.08671e-05
2026-02-23 17:00:00.042000+00:00,1.25e-05
2026-02-23 18:00:00.076000+00:00,1.6625e-06
2026-02-23 19:00:00.053000+00:00,7.8713e-06
2026-02-23 20:00:00.017000+00:00,1.09419e-05
2026-02-23 21:00:00.054000+00:00,1.00354e-05
2026-02-23 22:00:00.029000+00:00,8.4099e-06
2026-02-23 23:00:00.037000+00:00,4.9884e-06
2026-02-24 00:00:00.048000+00:00,1.8469e-06
2026-02-24 01:00:00.134000+00:00,1.1118e-06
2026-02-24 02:00:00.050000+00:00,-1.62905e-05
2026-02-24 03:00:00.046000+00:00,-2.63557e-05
2026-02-24 04:00:00.015000+00:00,-1.93592e-05
2026-02-24 05:00:00.026000+00:00,-2.08864e-05
2026-02-24 06:00:00.085000+00:00,-2.55755e-05
2026-02-24 07:00:00.076000+00:00,-2.05302e-05
2026-02-24 08:00:00.022000+00:00,-2.09007e-05
2026-02-24 09:00:00.048000+00:00,-1.58672e-05
2026-02-24 10:00:00.044000+00:00,-9.964e-06
2026-02-24 11:00:00.020000+00:00,-4.4745e-06
2026-02-24 12:00:00.025000+00:00,-9.2658e-06
2026-02-24 13:00:00.047000+00:00,-1.27284e-05
2026-02-24 14:00:00.060000+00:00,-7.6985e-06
2026-02-24 15:00:00.057000+00:00,1.163e-07
2026-02-24 16:00:00.005000+00:00,-3.3749e-06
2026-02-24 17:00:00.049000+00:00,-6.2341e-06
2026-02-24 18:00:00.022000+00:00,-7.6807e-06
2026-02-24 19:00:00.066000+00:00,-6.129e-07
2026-02-24 20:00:00.026000+00:00,1.25e-05
2026-02-24 21:00:00.002000+00:00,6.0656e-06
2026-02-24 22:00:00.030000+00:00,9.6737e-06
2026-02-24 23:00:00.078000+00:00,1.25e-05
2026-02-25 00:00:00.014000+00:00,1.25e-05
2026-02-25 01:00:00.032000+00:00,1.07283e-05
2026-02-25 02:00:00.039000+00:00,1.25e-05
2026-02-25 03:00:00.030000+00:00,5.709e-07
2026-02-25 04:00:00.056000+00:00,3.1965e-06
2026-02-25 05:00:00.028000+00:00,-2.4689e-06
2026-02-25 06:00:00.061000+00:00,-7.6e-08
2026-02-25 07:00:00+00:00,-7.564e-06
2026-02-25 08:00:00.037000+00:00,-7.54e-06
2026-02-25 09:00:00.060000+00:00,-5.624e-07
2026-02-25 10:00:00.029000+00:00,1.25e-05
2026-02-25 11:00:00.055000+00:00,1.25e-05
2026-02-25 12:00:00.008000+00:00,1.25e-05
2026-02-25 13:00:00.008000+00:00,6.499e-06
2026-02-25 14:00:00.023000+00:00,6.6916e-06
2026-02-25 15:00:00.051000+00:00,1.25e-05
2026-02-25 16:00:00.012000+00:00,5.1288e-06
2026-02-25 17:00:00.075000+00:00,4.1209e-06
2026-02-25 18:00:00.088000+00:00,-1.6825e-06
2026-02-25 19:00:00.128000+00:00,-5.96e-08
2026-02-25 20:00:00.055000+00:00,1.193e-07
2026-02-25 21:00:00.015000+00:00,-4.3374e-06
2026-02-25 22:00:00+00:00,-4.8824e-06
2026-02-25 23:00:00.045000+00:00,-1.71e-08
2026-02-26 00:00:00.036000+00:00,5.6606e-06
2026-02-26 01:00:00.091000+00:00,1.25e-05
2026-02-26 02:00:00.018000+00:00,1.25e-05
2026-02-26 03:00:00.060000+00:00,1.25e-05
2026-02-26 04:00:00.013000+00:00,1.08613e-05
2026-02-26 05:00:00.058000+00:00,8.0353e-06
2026-02-26 06:00:00.099000+00:00,1.25e-05
2026-02-26 07:00:00.021000+00:00,1.25e-05
2026-02-26 08:00:00.072000+00:00,1.25e-05
2026-02-26 09:00:00.076000+00:00,1.25e-05
2026-02-26 10:00:00.108000+00:00,-2.7884e-06
2026-02-26 11:00:00.073000+00:00,4.222e-07
2026-02-26 12:00:00.041000+00:00,-1.25985e-05
2026-02-26 13:00:00.051000+00:00,-2.47203e-05
2026-02-26 14:00:00.019000+00:00,-1.87449e-05
2026-02-26 15:00:00.033000+00:00,-4.4247e-06
2026-02-26 16:00:00.028000+00:00,-5.4505e-06
2026-02-26 17:00:00.027000+00:00,-5.2464e-06
2026-02-26 18:00:00.023000+00:00,-3.5485e-06
2026-02-26 19:00:00.009000+00:00,7.435e-07
2026-02-26 20:00:00.035000+00:00,7.756e-07
2026-02-26 21:00:00.019000+00:00,-1.3458e-06
2026-02-26 22:00:00.019000+00:00,-3.75e-07
2026-02-26 23:00:00.054000+00:00,-2.2705e-06
2026-02-27 00:00:00.001000+00:00,-6.6584e-06
2026-02-27 01:00:00.078000+00:00,-7.777e-06
2026-02-27 02:00:00.016000+00:00,-5.5825e-06
2026-02-27 03:00:00.116000+00:00,1.5449e-06
2026-02-27 04:00:00.057000+00:00,1.0519e-06
2026-02-27 05:00:00.058000+00:00,5.9212e-06
2026-02-27 06:00:00.053000+00:00,-8.52e-07
2026-02-27 07:00:00.067000+00:00,-4.8768e-06
2026-02-27 08:00:00.017000+00:00,2.9868e-06
2026-02-27 09:00:00.026000+00:00,1.25e-05
2026-02-27 10:00:00.074000+00:00,-1.7095e-06
2026-02-27 11:00:00.078000+00:00,-2.69933e-05
2026-02-27 12:00:00.028000+00:00,-1.59749e-05
2026-02-27 13:00:00.020000+00:00,-1.98781e-05
2026-02-27 14:00:00.036000+00:00,-2.31071e-05
2026-02-27 15:00:00.054000+00:00,-2.70614e-05
2026-02-27 16:00:00.132000+00:00,-3.06923e-05
2026-02-27 17:00:00.041000+00:00,-6.16063e-05
2026-02-27 18:00:00.037000+00:00,-4.55907e-05
2026-02-27 19:00:00.012000+00:00,-4.54882e-05
2026-02-27 20:00:00.028000+00:00,-3.80767e-05
2026-02-27 21:00:00.037000+00:00,-3.91557e-05
2026-02-27 22:00:00.023000+00:00,-4.46222e-05
2026-02-27 23:00:00.014000+00:00,-3.99769e-05
2026-02-28 00:00:00.086000+00:00,-3.93872e-05
2026-02-28 01:00:00.090000+00:00,-4.17345e-05
2026-02-28 02:00:00.058000+00:00,-3.74273e-05
2026-02-28 03:00:00.012000+00:00,-3.49828e-05
2026-02-28 04:00:00.088000+00:00,-3.12947e-05
2026-02-28 05:00:00.063000+00:00,-3.33949e-05
2026-02-28 06:00:00.065000+00:00,-3.45285e-05
2026-02-28 07:00:00.026000+00:00,-2.63782e-05
2026-02-28 08:00:00.028000+00:00,-1.87153e-05
2026-02-28 09:00:00.012000+00:00,-2.49141e-05
2026-02-28 10:00:00.008000+00:00,-1.65494e-05
2026-02-28 11:00:00.008000+00:00,-3.9883e-06
2026-02-28 12:00:00.032000+00:00,-9.2008e-06
2026-02-28 13:00:00.035000+00:00,-1.85713e-05
2026-02-28 14:00:00.033000+00:00,-1.52452e-05
2026-02-28 15:00:00.021000+00:00,-1.63517e-05
2026-02-28 16:00:00.041000+00:00,-1.85727e-05
2026-02-28 17:00:00.025000+00:00,-1.77984e-05
2026-02-28 18:00:00.015000+00:00,-1.32206e-05
2026-02-28 19:00:00.074000+00:00,-1.24861e-05
2026-02-28 20:00:00.039000+00:00,-3.03095e-05
2026-02-28 21:00:00.041000+00:00,-1.76522e-05
2026-02-28 22:00:00.035000+00:00,-4.5039e-06
2026-02-28 23:00:00.066000+00:00,-8.7907e-06
2026-03-01 00:00:00.168000+00:00,-1.48849e-05
2026-03-01 01:00:00.024000+00:00,-7.52e-06
2026-03-01 02:00:00.052000+00:00,3.6309e-06
2026-03-01 03:00:00.074000+00:00,3.189e-06
2026-03-01 04:00:00.034000+00:00,3.5865e-06
2026-03-01 05:00:00.052000+00:00,4.2165e-06
2026-03-01 06:00:00.071000+00:00,6.5792e-06
2026-03-01 07:00:00.018000+00:00,6.5999e-06
2026-03-01 08:00:00.093000+00:00,3.1252e-06
2026-03-01 09:00:00.017000+00:00,7.393e-06
2026-03-01 10:00:00.018000+00:00,1.25e-05
2026-03-01 11:00:00.017000+00:00,-4.016e-06
2026-03-01 12:00:00.039000+00:00,-9.5275e-06
2026-03-01 13:00:00.054000+00:00,-8.7667e-06
2026-03-01 14:00:00.029000+00:00,-8.1376e-06
2026-03-01 15:00:00.027000+00:00,-1.5787e-05
2026-03-01 16:00:00.018000+00:00,-4.2303e-06
2026-03-01 17:00:00.120000+00:00,-1.1934e-06
2026-03-01 18:00:00.070000+00:00,-2.266e-07
2026-03-01 19:00:00.062000+00:00,2.2521e-06
2026-03-01 20:00:00.026000+00:00,-1.23028e-05
2026-03-01 21:00:00.065000+00:00,6.48e-07
2026-03-01 22:00:00.085000+00:00,6.3801e-06
2026-03-01 23:00:00.005000+00:00,3.2385e-06
2026-03-02 00:00:00.044000+00:00,1.25e-05
2026-03-02 01:00:00.048000+00:00,1.25e-05
2026-03-02 02:00:00.044000+00:00,1.25e-05
2026-03-02 03:00:00.063000+00:00,5.7512e-06
2026-03-02 04:00:00.048000+00:00,1.25e-05
2026-03-02 05:00:00.071000+00:00,2.6409e-06
2026-03-02 06:00:00.062000+00:00,5.465e-06
2026-03-02 07:00:00.054000+00:00,1.0817e-06
2026-03-02 08:00:00.003000+00:00,-1.09727e-05
2026-03-02 09:00:00.091000+00:00,-9.7416e-06
2026-03-02 10:00:00.007000+00:00,-4.3632e-06
2026-03-02 11:00:00.019000+00:00,-1.40325e-05
2026-03-02 12:00:00.016000+00:00,-7.5381e-06
2026-03-02 13:00:00.034000+00:00,-8.0356e-06
2026-03-02 14:00:00.035000+00:00,-1.90373e-05
2026-03-02 15:00:00.070000+00:00,-2.07213e-05
2026-03-02 16:00:00.053000+00:00,6.3371e-06
2026-03-02 17:00:00.086000+00:00,7.172e-06
2026-03-02 18:00:00.025000+00:00,2.9015e-06
2026-03-02 19:00:00.044000+00:00,1.25e-05
2026-03-02 20:00:00.120000+00:00,7.5696e-06
2026-03-02 21:00:00.038000+00:00,-5.26e-08
2026-03-02 22:00:00.033000+00:00,6.4931e-06
2026-03-02 23:00:00.068000+00:00,3.3407e-06
2026-03-03 00:00:00.062000+00:00,-4.3778e-06
2026-03-03 01:00:00.052000+00:00,5.2058e-06
2026-03-03 02:00:00.011000+00:00,7.567e-06
2026-03-03 03:00:00.058000+00:00,1.17736e-05
2026-03-03 04:00:00.010000+00:00,8.1767e-06
2026-03-03 05:00:00.074000+00:00,3.8001e-06
2026-03-03 06:00:00.050000+00:00,2.1994e-06
2026-03-03 07:00:00.069000+00:00,-2.188e-07
2026-03-03 08:00:00.009000+00:00,1.6601e-06
2026-03-03 09:00:00.114000+00:00,-2.2728e-06
2026-03-03 10:00:00.046000+00:00,-1.26846e-05
2026-03-03 11:00:00.006000+00:00,-1.15766e-05
2026-03-03 12:00:00.013000+00:00,-1.77803e-05
2026-03-03 13:00:00.012000+00:00,-2.54373e-05
2026-03-03 14:00:00.039000+00:00,-2.91978e-05
2026-03-03 15:00:00.007000+00:00,-4.05855e-05
2026-03-03 16:00:00.004000+00:00,-3.22512e-05
2026-03-03 17:00:00.041000+00:00,-1.23491e-05
2026-03-03 18:00:00.015000+00:00,-1.27943e-05
2026-03-03 19:00:00.049000+00:00,-4.648e-06
2026-03-03 20:00:00.007000+00:00,-1.4416e-06
2026-03-03 21:00:00.014000+00:00,-1.26347e-05
2026-03-03 22:00:00.070000+00:00,-1.79454e-05
2026-03-03 23:00:00.016000+00:00,-1.58444e-05
2026-03-04 00:00:00.034000+00:00,-1.36427e-05
2026-03-04 01:00:00.049000+00:00,-8.8565e-06
2026-03-04 02:00:00.060000+00:00,-2.1046e-06
2026-03-04 03:00:00.052000+00:00,-1.0199e-06
2026-03-04 04:00:00.001000+00:00,6.8807e-06
2026-03-04 05:00:00.064000+00:00,-4.1935e-06
2026-03-04 06:00:00.079000+00:00,-3.3038e-06
2026-03-04 07:00:00.095000+00:00,-7.3249e-06
2026-03-04 08:00:00.047000+00:00,3.1545e-06
2026-03-04 09:00:00.010000+00:00,1.25e-05
2026-03-04 10:00:00.069000+00:00,1.25e-05
2026-03-04 11:00:00.024000+00:00,1.25e-05
2026-03-04 12:00:00.133000+00:00,6.7913e-06
2026-03-04 13:00:00.019000+00:00,1.25e-05
2026-03-04 14:00:00.036000+00:00,1.25e-05
2026-03-04 15:00:00.023000+00:00,9.3535e-06
2026-03-04 16:00:00.011000+00:00,1.25e-05
2026-03-04 17:00:00.095000+00:00,1.25e-05
2026-03-04 18:00:00.092000+00:00,-1.046e-05
2026-03-04 19:00:00.093000+00:00,-3.8395e-06
2026-03-04 20:00:00.047000+00:00,3.1941e-06
2026-03-04 21:00:00.048000+00:00,5.8527e-06
2026-03-04 22:00:00.024000+00:00,6.4782e-06
2026-03-04 23:00:00.045000+00:00,6.4033e-06
2026-03-05 00:00:00.022000+00:00,9.496e-07
2026-03-05 01:00:00.018000+00:00,-2.2909e-06
2026-03-05 02:00:00.139000+00:00,-5.6874e-06
2026-03-05 03:00:00.019000+00:00,6e-10
2026-03-05 04:00:00.027000+00:00,-3.927e-07
2026-03-05 05:00:00.001000+00:00,3.5846e-06
2026-03-05 06:00:00.037000+00:00,-8.3118e-06
2026-03-05 07:00:00.091000+00:00,-1.3024e-05
2026-03-05 08:00:00.033000+00:00,-8.7245e-06
2026-03-05 09:00:00.063000+00:00,-6.4851e-06
2026-03-05 10:00:00.091000+00:00,-2.5763e-06
2026-03-05 11:00:00.017000+00:00,-1.1199e-06
2026-03-05 12:00:00.003000+00:00,-6.4795e-06
2026-03-05 13:00:00.009000+00:00,-6.1071e-06
2026-03-05 14:00:00.024000+00:00,-5.7798e-06
2026-03-05 15:00:00.039000+00:00,-1.55491e-05
2026-03-05 16:00:00.034000+00:00,-1.63621e-05
2026-03-05 17:00:00.083000+00:00,8.053e-07
2026-03-05 18:00:00.048000+00:00,1.08492e-05
2026-03-05 19:00:00.052000+00:00,1.14239e-05
2026-03-05 20:00:00.073000+00:00,6.6184e-06
2026-03-05 21:00:00.042000+00:00,1.07584e-05
2026-03-05 22:00:00.028000+00:00,2.9742e-06
2026-03-05 23:00:00.029000+00:00,-7.7563e-06
2026-03-06 00:00:00.030000+00:00,-1.21189e-05
2026-03-06 01:00:00.082000+00:00,2.5841e-06
2026-03-06 02:00:00.006000+00:00,-2.283e-07
2026-03-06 03:00:00.079000+00:00,8.946e-07
2026-03-06 04:00:00.026000+00:00,1.3788e-06
2026-03-06 05:00:00.112000+00:00,-1.42758e-05
2026-03-06 06:00:00.019000+00:00,-1.3647e-05
2026-03-06 07:00:00.028000+00:00,-7.4409e-06
2026-03-06 08:00:00.021000+00:00,-2.107e-06
2026-03-06 09:00:00.022000+00:00,-6.2185e-06
2026-03-06 10:00:00.031000+00:00,-1.61912e-05
2026-03-06 11:00:00.036000+00:00,-2.15452e-05
2026-03-06 12:00:00.052000+00:00,-1.45913e-05
2026-03-06 13:00:00.052000+00:00,-1.65893e-05
2026-03-06 14:00:00.033000+00:00,-2.15586e-05
2026-03-06 15:00:00.037000+00:00,-1.48205e-05
2026-03-06 16:00:00.062000+00:00,-1.3716e-05
2026-03-06 17:00:00.089000+00:00,-2.61391e-05
2026-03-06 18:00:00.056000+00:00,-2.3881e-05
2026-03-06 19:00:00.066000+00:00,-2.49835e-05
2026-03-06 20:00:00.046000+00:00,-2.4523e-05
2026-03-06 21:00:00.021000+00:00,-2.60004e-05
2026-03-06 22:00:00.046000+00:00,-2.73284e-05
2026-03-06 23:00:00.092000+00:00,-2.78797e-05
2026-03-07 00:00:00.061000+00:00,-2.88772e-05
2026-03-07 01:00:00.027000+00:00,-2.37636e-05
2026-03-07 02:00:00.050000+00:00,-2.66722e-05
2026-03-07 03:00:00.045000+00:00,-2.51981e-05
2026-03-07 04:00:00.014000+00:00,-1.72694e-05
2026-03-07 05:00:00.052000+00:00,-1.43321e-05
2026-03-07 06:00:00.070000+00:00,-1.25985e-05
2026-03-07 07:00:00.068000+00:00,-1.14862e-05
2026-03-07 08:00:00.015000+00:00,-5.6147e-06
2026-03-07 09:00:00.005000+00:00,-4.1706e-06
2026-03-07 10:00:00.014000+00:00,-8.5782e-06
2026-03-07 11:00:00.002000+00:00,-1.00898e-05
2026-03-07 12:00:00.031000+00:00,-1.28304e-05
2026-03-07 13:00:00.033000+00:00,-1.88491e-05
2026-03-07 14:00:00.084000+00:00,-1.52267e-05
2026-03-07 15:00:00.012000+00:00,-1.87048e-05
2026-03-07 16:00:00.014000+00:00,-2.06891e-05
2026-03-07 17:00:00.077000+00:00,-2.80078e-05
2026-03-07 18:00:00.110000+00:00,-2.08418e-05
2026-03-07 19:00:00.003000+00:00,-2.15258e-05
2026-03-07 20:00:00.010000+00:00,-3.18245e-05
2026-03-07 21:00:00.135000+00:00,-2.86019e-05
2026-03-07 22:00:00.082000+00:00,-3.04347e-05
2026-03-07 23:00:00.068000+00:00,-3.4817e-05
2026-03-08 00:00:00.002000+00:00,-3.13593e-05
2026-03-08 01:00:00.030000+00:00,-1.78973e-05
2026-03-08 02:00:00.003000+00:00,-2.33802e-05
2026-03-08 03:00:00.042000+00:00,-3.1605e-05
2026-03-08 04:00:00.001000+00:00,-3.22546e-05
2026-03-08 05:00:00.024000+00:00,-3.66377e-05
2026-03-08 06:00:00.045000+00:00,-3.00284e-05
2026-03-08 07:00:00.036000+00:00,-3.08269e-05
2026-03-08 08:00:00.041000+00:00,-1.89705e-05
2026-03-08 09:00:00.029000+00:00,-1.78465e-05
2026-03-08 10:00:00.035000+00:00,-1.40196e-05
2026-03-08 11:00:00.036000+00:00,-1.45432e-05
2026-03-08 12:00:00.021000+00:00,-1.17592e-05
2026-03-08 13:00:00.049000+00:00,-6.0939e-06
2026-03-08 14:00:00.061000+00:00,-2.0208e-05
2026-03-08 15:00:00.088000+00:00,-2.66825e-05
2026-03-08 16:00:00.024000+00:00,-3.03672e-05
2026-03-08 17:00:00.018000+00:00,-2.84869e-05
2026-03-08 18:00:00.004000+00:00,-2.82369e-05
2026-03-08 19:00:00+00:00,-2.90768e-05
2026-03-08 20:00:00.074000+00:00,-2.34319e-05
2026-03-08 21:00:00.003000+00:00,-1.90891e-05
2026-03-08 22:00:00.038000+00:00,-2.82865e-05
2026-03-08 23:00:00.057000+00:00,-2.88772e-05
2026-03-09 00:00:00.091000+00:00,-2.59928e-05
2026-03-09 01:00:00.052000+00:00,-2.26859e-05
2026-03-09 02:00:00.016000+00:00,-1.81583e-05
2026-03-09 03:00:00.012000+00:00,-1.48487e-05
2026-03-09 04:00:00.030000+00:00,-6.1435e-06
2026-03-09 05:00:00.088000+00:00,-6.4201e-06
2026-03-09 06:00:00.070000+00:00,-2.4561e-06
2026-03-09 07:00:00.026000+00:00,9.835e-07
2026-03-09 08:00:00.094000+00:00,-2.93226e-05
2026-03-09 09:00:00.114000+00:00,-2.75947e-05
2026-03-09 10:00:00.108000+00:00,-2.9513e-06
2026-03-09 11:00:00.050000+00:00,-1.17575e-05
2026-03-09 12:00:00.051000+00:00,-1.67257e-05
2026-03-09 13:00:00.073000+00:00,-2.1811e-06
2026-03-09 14:00:00.061000+00:00,-4.5559e-06
2026-03-09 15:00:00.084000+00:00,-1.22821e-05
2026-03-09 16:00:00.075000+00:00,-3.9958e-06
2026-03-09 17:00:00.049000+00:00,3.4776e-06
2026-03-09 18:00:00.036000+00:00,-3.5123e-06
2026-03-09 19:00:00.053000+00:00,-4.412e-06
2026-03-09 20:00:00.002000+00:00,5.8615e-06
2026-03-09 21:00:00.074000+00:00,1.25e-05
2026-03-09 22:00:00.010000+00:00,1.25e-05
2026-03-09 23:00:00.038000+00:00,2.7779e-06
2026-03-10 00:00:00.042000+00:00,-9.6518e-06
2026-03-10 01:00:00.084000+00:00,-1.5209e-06
2026-03-10 02:00:00.013000+00:00,-2.0622e-06
2026-03-10 03:00:00.052000+00:00,-3.1498e-06
2026-03-10 04:00:00.041000+00:00,-1.8294e-06
2026-03-10 05:00:00.054000+00:00,-1.8182e-06
2026-03-10 06:00:00.137000+00:00,9.1989e-06
2026-03-10 07:00:00.065000+00:00,5.3559e-06
2026-03-10 08:00:00.052000+00:00,5.2503e-06
2026-03-10 09:00:00.017000+00:00,1.04326e-05
2026-03-10 10:00:00.060000+00:00,8.2253e-06
2026-03-10 11:00:00.011000+00:00,1.582e-06
2026-03-10 12:00:00.038000+00:00,-6.9579e-06
2026-03-10 13:00:00.061000+00:00,-6.5308e-06
2026-03-10 14:00:00.027000+00:00,-1.19172e-05
2026-03-10 15:00:00.083000+00:00,-2.6101e-06
2026-03-10 16:00:00.045000+00:00,1.25e-05
2026-03-10 17:00:00.004000+00:00,1.25e-05
2026-03-10 18:00:00.018000+00:00,1.25e-05
2026-03-10 19:00:00.049000+00:00,-4.4504e-06
2026-03-10 20:00:00.050000+00:00,-1.18393e-05
2026-03-10 21:00:00.058000+00:00,-6.117e-07
2026-03-10 22:00:00.068000+00:00,-2.25527e-05
2026-03-10 23:00:00.061000+00:00,-2.43271e-05
2026-03-11 00:00:00.088000+00:00,-2.37571e-05
2026-03-11 01:00:00.002000+00:00,-1.6325e-05
2026-03-11 02:00:00.098000+00:00,-1.71921e-05
2026-03-11 03:00:00.016000+00:00,-1.11569e-05
2026-03-11 04:00:00.038000+00:00,-1.25656e-05
2026-03-11 05:00:00.075000+00:00,-1.36908e-05
2026-03-11 06:00:00.135000+00:00,-2.21279e-05
2026-03-11 07:00:00.014000+00:00,-1.97209e-05
2026-03-11 08:00:00.056000+00:00,-1.59106e-05
2026-03-11 09:00:00.082000+00:00,-1.11195e-05
2026-03-11 10:00:00.084000+00:00,-1.29115e-05
2026-03-11 11:00:00.001000+00:00,-3.9132e-06
2026-03-11 12:00:00.013000+00:00,8.735e-07
2026-03-11 13:00:00.063000+00:00,3.462e-07
2026-03-11 14:00:00.004000+00:00,-4.6444e-06
2026-03-11 15:00:00.051000+00:00,-2.5546e-06
2026-03-11 16:00:00.065000+00:00,7.929e-07
2026-03-11 17:00:00.068000+00:00,-6.8453e-06
2026-03-11 18:00:00.102000+00:00,-1.21628e-05
2026-03-11 19:00:00.082000+00:00,-2.1455e-05
2026-03-11 20:00:00.026000+00:00,-1.72368e-05
2026-03-11 21:00:00.008000+00:00,-6.8111e-06
2026-03-11 22:00:00.035000+00:00,-1.34165e-05
2026-03-11 23:00:00.069000+00:00,-2.1673e-06
2026-03-12 00:00:00.084000+00:00,-9.2344e-06
2026-03-12 01:00:00.006000+00:00,-1.09888e-05
2026-03-12 02:00:00.080000+00:00,-7.1393e-06
2026-03-12 03:00:00.036000+00:00,-3.8988e-06
2026-03-12 04:00:00.065000+00:00,-8.1109e-06
2026-03-12 05:00:00.094000+00:00,-1.13311e-05
2026-03-12 06:00:00.108000+00:00,-2.33421e-05
2026-03-12 07:00:00.046000+00:00,-2.77548e-05
2026-03-12 08:00:00.068000+00:00,-2.14764e-05
2026-03-12 09:00:00.063000+00:00,-1.50102e-05
2026-03-12 10:00:00.013000+00:00,-3.3762e-06
2026-03-12 11:00:00.017000+00:00,1.185e-06
2026-03-12 12:00:00.106000+00:00,1.01937e-05
2026-03-12 13:00:00.062000+00:00,1.25e-05
2026-03-12 14:00:00.110000+00:00,1.25e-05
2026-03-12 15:00:00.024000+00:00,7.3181e-06
2026-03-12 16:00:00.064000+00:00,-2.259e-07
2026-03-12 17:00:00.004000+00:00,1.00885e-05
2026-03-12 18:00:00.004000+00:00,9.2505e-06
2026-03-12 19:00:00.025000+00:00,8.1661e-06
2026-03-12 20:00:00.165000+00:00,1.25e-05
2026-03-12 21:00:00.073000+00:00,5.4168e-06
2026-03-12 22:00:00.071000+00:00,5.7111e-06
2026-03-12 23:00:00.070000+00:00,-2.0766e-06
2026-03-13 00:00:00.061000+00:00,6.4673e-06
2026-03-13 01:00:00.032000+00:00,1.25e-05
2026-03-13 02:00:00.025000+00:00,1.25e-05
2026-03-13 03:00:00.021000+00:00,1.25e-05
2026-03-13 04:00:00.099000+00:00,1.25e-05
2026-03-13 05:00:00.089000+00:00,1.25e-05
2026-03-13 06:00:00.064000+00:00,1.25e-05
2026-03-13 07:00:00.082000+00:00,1.25e-05
2026-03-13 08:00:00.016000+00:00,1.25e-05
2026-03-13 09:00:00.045000+00:00,1.25e-05
2026-03-13 10:00:00.034000+00:00,1.25e-05
2026-03-13 11:00:00.010000+00:00,1.25e-05
2026-03-13 12:00:00.009000+00:00,1.25e-05
2026-03-13 13:00:00.059000+00:00,1.25e-05
2026-03-13 14:00:00.032000+00:00,1.25e-05
2026-03-13 15:00:00.021000+00:00,1.25e-05
2026-03-13 16:00:00.051000+00:00,1.25e-05
2026-03-13 17:00:00.044000+00:00,1.15792e-05
2026-03-13 18:00:00.052000+00:00,6.36e-07
2026-03-13 19:00:00.006000+00:00,-5.042e-06
2026-03-13 20:00:00.021000+00:00,-1.418e-05
2026-03-13 21:00:00.092000+00:00,-9.8058e-06
2026-03-13 22:00:00.005000+00:00,-1.36016e-05
2026-03-13 23:00:00.109000+00:00,-1.43347e-05
2026-03-14 00:00:00.044000+00:00,-1.69455e-05
2026-03-14 01:00:00.094000+00:00,-1.56942e-05
2026-03-14 02:00:00.100000+00:00,-1.30172e-05
2026-03-14 03:00:00.013000+00:00,-1.26175e-05
2026-03-14 04:00:00.019000+00:00,-9.994e-06
2026-03-14 05:00:00.095000+00:00,-3.2595e-06
2026-03-14 06:00:00.072000+00:00,-1.39391e-05
2026-03-14 07:00:00.036000+00:00,-1.67327e-05
2026-03-14 08:00:00.041000+00:00,-2.06976e-05
2026-03-14 09:00:00.025000+00:00,-1.51795e-05
2026-03-14 10:00:00.098000+00:00,-1.39872e-05
2026-03-14 11:00:00.047000+00:00,-1.03543e-05
2026-03-14 12:00:00.020000+00:00,-5.1757e-06
2026-03-14 13:00:00.042000+00:00,-1.18956e-05
2026-03-14 14:00:00.076000+00:00,-1.27393e-05
2026-03-14 15:00:00.009000+00:00,-1.0554e-05
2026-03-14 16:00:00.100000+00:00,-8.7038e-06
2026-03-14 17:00:00.061000+00:00,-1.66398e-05
2026-03-14 18:00:00.018000+00:00,-1.02504e-05
2026-03-14 19:00:00.048000+00:00,-8.7253e-06
2026-03-14 20:00:00.035000+00:00,-1.1506e-05
2026-03-14 21:00:00.015000+00:00,-3.6602e-06
2026-03-14 22:00:00.041000+00:00,-1.00021e-05
2026-03-14 23:00:00.044000+00:00,-6.4016e-06
2026-03-15 00:00:00.099000+00:00,-6.2149e-06
2026-03-15 01:00:00.102000+00:00,-1.4212e-06
2026-03-15 02:00:00.005000+00:00,9.207e-07
2026-03-15 03:00:00.130000+00:00,1.21452e-05
2026-03-15 04:00:00.040000+00:00,1.25e-05
2026-03-15 05:00:00.066000+00:00,1.25e-05
2026-03-15 06:00:00.010000+00:00,1.25e-05
2026-03-15 07:00:00.046000+00:00,1.25e-05
2026-03-15 08:00:00.003000+00:00,9.1024e-06
2026-03-15 09:00:00.067000+00:00,1.25e-05
2026-03-15 10:00:00.003000+00:00,1.25e-05
2026-03-15 11:00:00.039000+00:00,1.25e-05
2026-03-15 12:00:00.060000+00:00,1.25e-05
2026-03-15 13:00:00.023000+00:00,1.25e-05
2026-03-15 14:00:00.023000+00:00,1.25e-05
2026-03-15 15:00:00.084000+00:00,1.25e-05
2026-03-15 16:00:00.034000+00:00,1.25e-05
2026-03-15 17:00:00.036000+00:00,1.25e-05
2026-03-15 18:00:00.003000+00:00,1.25e-05
2026-03-15 19:00:00.127000+00:00,1.25e-05
2026-03-15 20:00:00.024000+00:00,9.0574e-06
2026-03-15 21:00:00.083000+00:00,1.25e-05
2026-03-15 22:00:00.019000+00:00,1.25e-05
2026-03-15 23:00:00.037000+00:00,1.25e-05
2026-03-16 00:00:00.090000+00:00,1.25e-05
2026-03-16 01:00:00.002000+00:00,1.25e-05
2026-03-16 02:00:00.078000+00:00,1.25e-05
2026-03-16 03:00:00.040000+00:00,1.25e-05
2026-03-16 04:00:00.012000+00:00,1.25e-05
2026-03-16 05:00:00.021000+00:00,1.25e-05
2026-03-16 06:00:00.092000+00:00,1.25e-05
2026-03-16 07:00:00.033000+00:00,1.25e-05
2026-03-16 08:00:00.062000+00:00,1.25e-05
2026-03-16 09:00:00.035000+00:00,1.25e-05
2026-03-16 10:00:00.042000+00:00,1.25e-05
2026-03-16 11:00:00.013000+00:00,1.25e-05
2026-03-16 12:00:00.013000+00:00,1.25e-05
2026-03-16 13:00:00+00:00,1.25e-05
2026-03-16 14:00:00.099000+00:00,1.25e-05
2026-03-16 15:00:00.013000+00:00,1.25e-05
2026-03-16 16:00:00.033000+00:00,1.25e-05
2026-03-16 17:00:00.023000+00:00,7.9122e-06
2026-03-16 18:00:00.045000+00:00,1.25e-05
2026-03-16 19:00:00.080000+00:00,1.25e-05
2026-03-16 20:00:00.001000+00:00,3.6728e-06
2026-03-16 21:00:00.032000+00:00,7.877e-06
2026-03-16 22:00:00+00:00,3.8264e-06
2026-03-16 23:00:00.003000+00:00,-2.8548e-06
2026-03-17 00:00:00.034000+00:00,-4.2726e-06
2026-03-17 01:00:00.045000+00:00,-3.7709e-06
2026-03-17 02:00:00.050000+00:00,-5.2606e-06
2026-03-17 03:00:00.010000+00:00,-5.0202e-06
2026-03-17 04:00:00.073000+00:00,-7.0911e-06
2026-03-17 05:00:00.048000+00:00,2.9328e-06
2026-03-17 06:00:00.113000+00:00,1.25e-05
2026-03-17 07:00:00.039000+00:00,2.2484e-06
2026-03-17 08:00:00+00:00,-3.3864e-06
2026-03-17 09:00:00.002000+00:00,7.625e-07
2026-03-17 10:00:00.075000+00:00,-5.333e-07
2026-03-17 11:00:00.115000+00:00,2.7173e-06
2026-03-17 12:00:00.006000+00:00,-6.1759e-06
2026-03-17 13:00:00.013000+00:00,-4.6899e-06
2026-03-17 14:00:00.047000+00:00,-4.507e-06
2026-03-17 15:00:00.074000+00:00,-3.2538e-06
2026-03-17 16:00:00.038000+00:00,-6.1865e-06
2026-03-17 17:00:00.054000+00:00,-6.0244e-06
2026-03-17 18:00:00.071000+00:00,-4.5247e-06
2026-03-17 19:00:00.018000+00:00,-6.7317e-06
2026-03-17 20:00:00.034000+00:00,-1.06771e-05
2026-03-17 21:00:00.072000+00:00,-1.23389e-05
2026-03-17 22:00:00.003000+00:00,-7.8795e-06
2026-03-17 23:00:00.011000+00:00,-1.47792e-05
2026-03-18 00:00:00.028000+00:00,-9.3489e-06
2026-03-18 01:00:00.016000+00:00,-5.4728e-06
2026-03-18 02:00:00.026000+00:00,3.5915e-06
2026-03-18 03:00:00.060000+00:00,8.7167e-06
2026-03-18 04:00:00.054000+00:00,1.07131e-05
2026-03-18 05:00:00.001000+00:00,2.7552e-06
2026-03-18 06:00:00.067000+00:00,-6.3807e-06
2026-03-18 07:00:00.033000+00:00,-8.2e-06
2026-03-18 08:00:00.005000+00:00,-9.2456e-06
2026-03-18 09:00:00.052000+00:00,-2.9446e-06
2026-03-18 10:00:00.037000+00:00,2.6742e-06
2026-03-18 11:00:00.025000+00:00,-5.3873e-06
2026-03-18 12:00:00.062000+00:00,-1.02928e-05
2026-03-18 13:00:00.007000+00:00,4.7826e-06
2026-03-18 14:00:00.026000+00:00,-1.25752e-05
2026-03-18 15:00:00.035000+00:00,-8.288e-07
2026-03-18 16:00:00.009000+00:00,-3.31e-08
2026-03-18 17:00:00.066000+00:00,-5.3382e-06
2026-03-18 18:00:00.052000+00:00,-7.4919e-06
2026-03-18 19:00:00.045000+00:00,-1.23289e-05
2026-03-18 20:00:00.055000+00:00,-1.37084e-05
2026-03-18 21:00:00.050000+00:00,-5.7258e-06
2026-03-18 22:00:00.035000+00:00,-3.4004e-06
2026-03-18 23:00:00.040000+00:00,-1.60553e-05
2026-03-19 00:00:00.090000+00:00,-2.26108e-05
2026-03-19 01:00:00.009000+00:00,-2.29687e-05
2026-03-19 02:00:00.012000+00:00,-1.84866e-05
2026-03-19 03:00:00.041000+00:00,-1.57383e-05
2026-03-19 04:00:00.010000+00:00,-1.3975e-06
2026-03-19 05:00:00.090000+00:00,4.9706e-06
2026-03-19 06:00:00.052000+00:00,4.8498e-06
2026-03-19 07:00:00.107000+00:00,3.073e-07
2026-03-19 08:00:00.064000+00:00,9.65e-07
2026-03-19 09:00:00.026000+00:00,7.1457e-06
2026-03-19 10:00:00.123000+00:00,1.17699e-05
2026-03-19 11:00:00.052000+00:00,1.0287e-05
2026-03-19 12:00:00.006000+00:00,3.9551e-06
2026-03-19 13:00:00.045000+00:00,-4.369e-07
2026-03-19 14:00:00.059000+00:00,4.7695e-06
2026-03-19 15:00:00.002000+00:00,1.1256e-06
2026-03-19 16:00:00.031000+00:00,-2.608e-06
2026-03-19 17:00:00.011000+00:00,1.6092e-06
2026-03-19 18:00:00.049000+00:00,-4.3839e-06
2026-03-19 19:00:00.024000+00:00,7.179e-07
2026-03-19 20:00:00.037000+00:00,-3.946e-07
2026-03-19 21:00:00.022000+00:00,-1.4745e-06
2026-03-19 22:00:00.001000+00:00,-2.115e-06
2026-03-19 23:00:00.001000+00:00,-1.28777e-05
2026-03-20 00:00:00.103000+00:00,-1.57712e-05
2026-03-20 01:00:00.073000+00:00,-1.63442e-05
2026-03-20 02:00:00.053000+00:00,-1.55811e-05
2026-03-20 03:00:00.072000+00:00,-1.03286e-05
2026-03-20 04:00:00.004000+00:00,-1.57802e-05
2026-03-20 05:00:00.107000+00:00,-1.79181e-05
2026-03-20 06:00:00.096000+00:00,-1.58339e-05
2026-03-20 07:00:00.012000+00:00,-1.1307e-05
2026-03-20 08:00:00.003000+00:00,-1.30895e-05
2026-03-20 09:00:00.021000+00:00,-2.19573e-05
2026-03-20 10:00:00.063000+00:00,-2.57237e-05
2026-03-20 11:00:00.048000+00:00,-1.85162e-05
2026-03-20 12:00:00.087000+00:00,-1.16483e-05
2026-03-20 13:00:00.148000+00:00,-2.9891e-06
2026-03-20 14:00:00.115000+00:00,-1.02038e-05
2026-03-20 15:00:00.034000+00:00,-2.13772e-05
2026-03-20 16:00:00.074000+00:00,-1.44329e-05
2026-03-20 17:00:00.075000+00:00,-7.1441e-06
2026-03-20 18:00:00.035000+00:00,-8.9452e-06
2026-03-20 19:00:00.044000+00:00,-2.06555e-05
2026-03-20 20:00:00.034000+00:00,-2.12586e-05
2026-03-20 21:00:00.007000+00:00,-1.5847e-05
2026-03-20 22:00:00+00:00,-6.3461e-06
2026-03-20 23:00:00.047000+00:00,-7.3716e-06
2026-03-21 00:00:00.093000+00:00,-9.561e-06
2026-03-21 01:00:00.011000+00:00,-2.1165e-06
2026-03-21 02:00:00.032000+00:00,-6.497e-07
2026-03-21 03:00:00.013000+00:00,4.2345e-06
2026-03-21 04:00:00.040000+00:00,2.599e-07
2026-03-21 05:00:00.041000+00:00,-3.425e-07
2026-03-21 06:00:00.066000+00:00,-4.1996e-06
2026-03-21 07:00:00.010000+00:00,-4.7656e-06
2026-03-21 08:00:00.075000+00:00,-3.9897e-06
2026-03-21 09:00:00.064000+00:00,-1.06918e-05
2026-03-21 10:00:00+00:00,-1.57259e-05
2026-03-21 11:00:00.008000+00:00,-1.41992e-05
2026-03-21 12:00:00.094000+00:00,-9.6943e-06
2026-03-21 13:00:00.015000+00:00,-1.20422e-05
2026-03-21 14:00:00.045000+00:00,-1.65239e-05
2026-03-21 15:00:00.051000+00:00,-2.11695e-05
2026-03-21 16:00:00.039000+00:00,-2.97656e-05
2026-03-21 17:00:00.032000+00:00,-2.27693e-05
2026-03-21 18:00:00.020000+00:00,-2.14506e-05
2026-03-21 19:00:00.057000+00:00,-1.48622e-05
2026-03-21 20:00:00.073000+00:00,-1.32029e-05
2026-03-21 21:00:00.086000+00:00,-1.18226e-05
2026-03-21 22:00:00.004000+00:00,-1.06822e-05
2026-03-21 23:00:00.026000+00:00,-1.3082e-05
2026-03-22 00:00:00.042000+00:00,-2.20115e-05
2026-03-22 01:00:00.020000+00:00,-6.207e-07
2026-03-22 02:00:00.085000+00:00,-3.2625e-06
2026-03-22 03:00:00.085000+00:00,-5.8955e-06
2026-03-22 04:00:00.007000+00:00,-5.0803e-06
2026-03-22 05:00:00.062000+00:00,-2.149e-06
2026-03-22 06:00:00.062000+00:00,-5.2408e-06
2026-03-22 07:00:00.088000+00:00,-3.6641e-06
2026-03-22 08:00:00.050000+00:00,-6.8385e-06
2026-03-22 09:00:00.062000+00:00,-1.53586e-05
2026-03-22 10:00:00.003000+00:00,-1.21114e-05
2026-03-22 11:00:00.044000+00:00,-1.02303e-05
2026-03-22 12:00:00.049000+00:00,-1.30555e-05
2026-03-22 13:00:00.046000+00:00,-8.003e-06
2026-03-22 14:00:00.011000+00:00,-5.3412e-06
2026-03-22 15:00:00.042000+00:00,-3.124e-06
2026-03-22 16:00:00.021000+00:00,-8.3557e-06
2026-03-22 17:00:00.006000+00:00,-5.2763e-06
2026-03-22 18:00:00.081000+00:00,-1.2987e-06
2026-03-22 19:00:00.039000+00:00,-5.5484e-06
2026-03-22 20:00:00.048000+00:00,-4.5961e-06
2026-03-22 21:00:00.082000+00:00,-1.275e-05
2026-03-22 22:00:00.090000+00:00,-1.58794e-05
2026-03-22 23:00:00.049000+00:00,-2.5861e-06
2026-03-23 00:00:00.261000+00:00,-2.9587e-06
2026-03-23 01:00:00.069000+00:00,-3.3196e-06
2026-03-23 02:00:00.040000+00:00,-1.6669e-06
2026-03-23 03:00:00.111000+00:00,2.457e-07
2026-03-23 04:00:00.086000+00:00,8.599e-07
2026-03-23 05:00:00.014000+00:00,4.8541e-06
2026-03-23 06:00:00.068000+00:00,4.8615e-06
2026-03-23 07:00:00.043000+00:00,-3.3625e-06
2026-03-23 08:00:00.066000+00:00,-7.5109e-06
2026-03-23 09:00:00.071000+00:00,-6.25e-08
2026-03-23 10:00:00.081000+00:00,-1.62601e-05
2026-03-23 11:00:00.004000+00:00,-2.12297e-05
2026-03-23 12:00:00.045000+00:00,-7.1675e-06
2026-03-23 13:00:00.056000+00:00,-1.817e-05
2026-03-23 14:00:00.053000+00:00,-1.09632e-05
2026-03-23 15:00:00.071000+00:00,-6.7777e-06
2026-03-23 16:00:00.048000+00:00,-3.1967e-06
2026-03-23 17:00:00.080000+00:00,1.1732e-06
2026-03-23 18:00:00.041000+00:00,4.1757e-06
2026-03-23 19:00:00.054000+00:00,-2.1607e-06
2026-03-23 20:00:00.019000+00:00,1.00502e-05
2026-03-23 21:00:00.090000+00:00,6.4772e-06
2026-03-23 22:00:00.162000+00:00,1.0489e-05
2026-03-23 23:00:00.056000+00:00,4.4139e-06
2026-03-24 00:00:00.027000+00:00,5.0536e-06
2026-03-24 01:00:00.082000+00:00,1.07558e-05
2026-03-24 02:00:00.034000+00:00,-4.1546e-06
2026-03-24 03:00:00+00:00,-2.2229e-06
2026-03-24 04:00:00.016000+00:00,-3.1013e-06
2026-03-24 05:00:00.079000+00:00,-5.1216e-06
2026-03-24 06:00:00.003000+00:00,-5.5845e-06
2026-03-24 07:00:00.088000+00:00,-3.9359e-06
2026-03-24 08:00:00.033000+00:00,3.7714e-06
2026-03-24 09:00:00.051000+00:00,1.03222e-05
2026-03-24 10:00:00.105000+00:00,4.4069e-06
2026-03-24 11:00:00.045000+00:00,2.9062e-06
2026-03-24 12:00:00.096000+00:00,5.8606e-06
2026-03-24 13:00:00.028000+00:00,4.8072e-06
2026-03-24 14:00:00.089000+00:00,3.6855e-06
2026-03-24 15:00:00.033000+00:00,-2.3971e-06
2026-03-24 16:00:00.039000+00:00,-1.5258e-06
2026-03-24 17:00:00.061000+00:00,-6.1213e-06
2026-03-24 18:00:00.062000+00:00,-8.4276e-06
2026-03-24 19:00:00.040000+00:00,-2.7964e-05
2026-03-24 20:00:00.058000+00:00,-3.30362e-05
2026-03-24 21:00:00.159000+00:00,-2.80553e-05
2026-03-24 22:00:00.052000+00:00,-1.21653e-05
2026-03-24 23:00:00.069000+00:00,-1.26096e-05
2026-03-25 00:00:00.048000+00:00,-8.2442e-06
2026-03-25 01:00:00.110000+00:00,-4.2822e-06
2026-03-25 02:00:00.086000+00:00,6.628e-06
2026-03-25 03:00:00.069000+00:00,-3.726e-07
2026-03-25 04:00:00.059000+00:00,-6.6891e-06
2026-03-25 05:00:00.076000+00:00,2.7673e-06
2026-03-25 06:00:00.043000+00:00,-1.51e-06
2026-03-25 07:00:00.053000+00:00,-7.465e-06
2026-03-25 08:00:00.007000+00:00,-8.4848e-06
2026-03-25 09:00:00.057000+00:00,-2.859e-06
2026-03-25 10:00:00.090000+00:00,-8.1674e-06
2026-03-25 11:00:00.018000+00:00,-3.8197e-06
2026-03-25 12:00:00.038000+00:00,8.2837e-06
2026-03-25 13:00:00.032000+00:00,-6.3189e-06
2026-03-25 14:00:00.041000+00:00,-4.5319e-06
2026-03-25 15:00:00.062000+00:00,-8.096e-06
2026-03-25 16:00:00.052000+00:00,9.933e-07
2026-03-25 17:00:00.022000+00:00,5.86e-08
2026-03-25 18:00:00.075000+00:00,-1.9232e-06
2026-03-25 19:00:00.037000+00:00,-4.6893e-06
2026-03-25 20:00:00.025000+00:00,-7.009e-07
2026-03-25 21:00:00.066000+00:00,-2.399e-07
2026-03-25 22:00:00.023000+00:00,2.5214e-06
2026-03-25 23:00:00.072000+00:00,2.2295e-06
2026-03-26 00:00:00.035000+00:00,1.1745e-06
2026-03-26 01:00:00.006000+00:00,1.0015e-06
2026-03-26 02:00:00.139000+00:00,-6.6915e-06
2026-03-26 03:00:00.114000+00:00,-1.28033e-05
2026-03-26 04:00:00.110000+00:00,-1.20653e-05
2026-03-26 05:00:00.097000+00:00,-8.9356e-06
2026-03-26 06:00:00.014000+00:00,-1.6794e-05
2026-03-26 07:00:00.009000+00:00,-1.79267e-05
2026-03-26 08:00:00.094000+00:00,-2.24858e-05
2026-03-26 09:00:00.075000+00:00,-1.58306e-05
2026-03-26 10:00:00.001000+00:00,-2.42551e-05
2026-03-26 11:00:00.072000+00:00,-2.6219e-05
2026-03-26 12:00:00.020000+00:00,-2.72153e-05
2026-03-26 13:00:00.078000+00:00,-2.68002e-05
2026-03-26 14:00:00.066000+00:00,-1.96024e-05
2026-03-26 15:00:00.018000+00:00,-1.35371e-05
2026-03-26 16:00:00.055000+00:00,-1.53656e-05
2026-03-26 17:00:00.026000+00:00,-9.9086e-06
2026-03-26 18:00:00.030000+00:00,-1.73402e-05
2026-03-26 19:00:00.003000+00:00,-2.11814e-05
2026-03-26 20:00:00.077000+00:00,-2.20598e-05
2026-03-26 21:00:00.031000+00:00,-3.86521e-05
2026-03-26 22:00:00.068000+00:00,-3.88191e-05
2026-03-26 23:00:00.071000+00:00,-4.07048e-05
2026-03-27 00:00:00.013000+00:00,-3.66893e-05
2026-03-27 01:00:00.004000+00:00,-3.18826e-05
2026-03-27 02:00:00.007000+00:00,-2.51073e-05
2026-03-27 03:00:00.045000+00:00,-2.34283e-05
2026-03-27 04:00:00.027000+00:00,-2.30841e-05
2026-03-27 05:00:00.055000+00:00,-1.9907e-05
2026-03-27 06:00:00.021000+00:00,-1.49863e-05
2026-03-27 07:00:00.047000+00:00,-1.79191e-05
2026-03-27 08:00:00.042000+00:00,-1.5549e-05
2026-03-27 09:00:00.078000+00:00,-1.81541e-05
2026-03-27 10:00:00.011000+00:00,-1.22497e-05
2026-03-27 11:00:00.056000+00:00,-9.767e-06
2026-03-27 12:00:00.073000+00:00,-2.557e-06
2026-03-27 13:00:00.020000+00:00,6.786e-07
2026-03-27 14:00:00.027000+00:00,-4.914e-07
2026-03-27 15:00:00.082000+00:00,1.5318e-06
2026-03-27 16:00:00.069000+00:00,-1.09975e-05
2026-03-27 17:00:00.063000+00:00,-8.4609e-06
2026-03-27 18:00:00.018000+00:00,-2.0537e-05
2026-03-27 19:00:00.017000+00:00,-2.90205e-05
2026-03-27 20:00:00.043000+00:00,-2.36103e-05
2026-03-27 21:00:00.064000+00:00,-2.71268e-05
2026-03-27 22:00:00.044000+00:00,-2.3183e-05
2026-03-27 23:00:00.008000+00:00,-3.047e-05
2026-03-28 00:00:00.062000+00:00,-2.39769e-05
2026-03-28 01:00:00.004000+00:00,-1.11872e-05
2026-03-28 02:00:00.051000+00:00,-1.82583e-05
2026-03-28 03:00:00.023000+00:00,-2.07543e-05
2026-03-28 04:00:00.106000+00:00,-1.38594e-05
2026-03-28 05:00:00.055000+00:00,-2.8774e-05
2026-03-28 06:00:00.067000+00:00,-2.82418e-05
2026-03-28 07:00:00.039000+00:00,-1.88563e-05
2026-03-28 08:00:00.007000+00:00,-1.75328e-05
2026-03-28 09:00:00.008000+00:00,-2.50499e-05
2026-03-28 10:00:00.014000+00:00,-1.98179e-05
2026-03-28 11:00:00.095000+00:00,-1.64693e-05
2026-03-28 12:00:00.014000+00:00,-1.77375e-05
2026-03-28 13:00:00.013000+00:00,-1.34485e-05
2026-03-28 14:00:00.047000+00:00,-1.29085e-05
2026-03-28 15:00:00.042000+00:00,-8.6014e-06
2026-03-28 16:00:00.047000+00:00,-4.1842e-06
2026-03-28 17:00:00.074000+00:00,-6.3027e-06
2026-03-28 18:00:00.070000+00:00,-1.09542e-05
2026-03-28 19:00:00.007000+00:00,-1.12546e-05
2026-03-28 20:00:00.075000+00:00,-1.52608e-05
2026-03-28 21:00:00.036000+00:00,-1.16136e-05
2026-03-28 22:00:00.009000+00:00,-1.65333e-05
2026-03-28 23:00:00.040000+00:00,-2.36238e-05
2026-03-29 00:00:00.085000+00:00,-2.27306e-05
2026-03-29 01:00:00.068000+00:00,-1.58283e-05
2026-03-29 02:00:00.040000+00:00,-1.5076e-05
2026-03-29 03:00:00.050000+00:00,-9.1086e-06
2026-03-29 04:00:00.034000+00:00,-2.17728e-05
2026-03-29 05:00:00.054000+00:00,-2.50242e-05
2026-03-29 06:00:00.017000+00:00,-2.88352e-05
2026-03-29 07:00:00.047000+00:00,-2.25552e-05
2026-03-29 08:00:00.033000+00:00,-2.62309e-05
2026-03-29 09:00:00.036000+00:00,-2.4654e-05
2026-03-29 10:00:00.121000+00:00,-2.4307e-05
2026-03-29 11:00:00.002000+00:00,-2.57439e-05
2026-03-29 12:00:00.067000+00:00,-1.87045e-05
2026-03-29 13:00:00.056000+00:00,-2.54457e-05
2026-03-29 14:00:00.026000+00:00,-3.17498e-05
2026-03-29 15:00:00.057000+00:00,-2.95605e-05
2026-03-29 16:00:00.029000+00:00,-3.22578e-05
2026-03-29 17:00:00.011000+00:00,-2.86392e-05
2026-03-29 18:00:00.092000+00:00,-2.59456e-05
2026-03-29 19:00:00.066000+00:00,-3.10163e-05
2026-03-29 20:00:00.062000+00:00,-3.11911e-05
2026-03-29 21:00:00.026000+00:00,-3.25505e-05
2026-03-29 22:00:00.013000+00:00,-3.07821e-05
2026-03-29 23:00:00.096000+00:00,-3.88073e-05
2026-03-30 00:00:00.038000+00:00,-1.88881e-05
2026-03-30 01:00:00.030000+00:00,-1.62496e-05
2026-03-30 02:00:00.054000+00:00,-1.42515e-05
2026-03-30 03:00:00.013000+00:00,-1.04212e-05
2026-03-30 04:00:00.074000+00:00,-5.1627e-06
2026-03-30 05:00:00.056000+00:00,-5.7742e-06
2026-03-30 06:00:00.089000+00:00,-4.378e-06
2026-03-30 07:00:00.043000+00:00,-1.06321e-05
2026-03-30 08:00:00.192000+00:00,-1.822e-06
2026-03-30 09:00:00.039000+00:00,2.4454e-06
2026-03-30 10:00:00.052000+00:00,-2.738e-06
2026-03-30 11:00:00.059000+00:00,1.9114e-06
2026-03-30 12:00:00.038000+00:00,1.25e-05
2026-03-30 13:00:00.031000+00:00,1.25e-05
2026-03-30 14:00:00.046000+00:00,1.25e-05
2026-03-30 15:00:00.019000+00:00,1.13793e-05
2026-03-30 16:00:00.071000+00:00,1.25e-05
2026-03-30 17:00:00.108000+00:00,1.18958e-05
2026-03-30 18:00:00.051000+00:00,9.3785e-06
2026-03-30 19:00:00.085000+00:00,-9.1275e-06
2026-03-30 20:00:00.055000+00:00,-1.42746e-05
2026-03-30 21:00:00.095000+00:00,-1.81314e-05
2026-03-30 22:00:00.021000+00:00,3.8166e-06
2026-03-30 23:00:00.066000+00:00,-1.8371e-06
2026-03-31 00:00:00.016000+00:00,-5.8906e-06
2026-03-31 01:00:00.038000+00:00,-5.6028e-06
2026-03-31 02:00:00.066000+00:00,2.4679e-06
2026-03-31 03:00:00.092000+00:00,6.656e-07
2026-03-31 04:00:00.073000+00:00,-7.0473e-06
2026-03-31 05:00:00.062000+00:00,-7.0955e-06
2026-03-31 06:00:00.022000+00:00,-3.4149e-06
2026-03-31 07:00:00.045000+00:00,-3.3737e-06
2026-03-31 08:00:00+00:00,-1.22164e-05
2026-03-31 09:00:00.056000+00:00,-2.34995e-05
2026-03-31 10:00:00.021000+00:00,-2.61303e-05
2026-03-31 11:00:00.032000+00:00,-1.78182e-05
2026-03-31 12:00:00.073000+00:00,-1.13837e-05
2026-03-31 13:00:00.030000+00:00,-7.4025e-06
2026-03-31 14:00:00.038000+00:00,1.25e-05
2026-03-31 15:00:00.043000+00:00,1.25e-05
2026-03-31 16:00:00.025000+00:00,6.722e-06
2026-03-31 17:00:00.030000+00:00,1.13557e-05
2026-03-31 18:00:00.007000+00:00,8.8181e-06
2026-03-31 19:00:00.051000+00:00,1.9827e-06
2026-03-31 20:00:00.039000+00:00,8.1747e-06
2026-03-31 21:00:00.026000+00:00,1.1855e-06
2026-03-31 22:00:00.046000+00:00,8.1385e-06
2026-03-31 23:00:00.029000+00:00,8.2993e-06
2026-04-01 00:00:00.068000+00:00,4.8783e-06
2026-04-01 01:00:00.022000+00:00,1.10323e-05
2026-04-01 02:00:00.050000+00:00,-6.4552e-06
2026-04-01 03:00:00.044000+00:00,-9.1936e-06
2026-04-01 04:00:00.042000+00:00,-4.657e-06
2026-04-01 05:00:00.057000+00:00,3.1296e-06
2026-04-01 06:00:00.051000+00:00,1.09445e-05
2026-04-01 07:00:00.039000+00:00,1.24952e-05
2026-04-01 08:00:00.062000+00:00,1.05309e-05
2026-04-01 09:00:00.046000+00:00,9.8083e-06
2026-04-01 10:00:00.050000+00:00,1.25e-05
2026-04-01 11:00:00.068000+00:00,1.25e-05
2026-04-01 12:00:00.081000+00:00,1.25e-05
2026-04-01 13:00:00.011000+00:00,1.25e-05
2026-04-01 14:00:00.131000+00:00,1.25e-05
2026-04-01 15:00:00.029000+00:00,-2.5131e-06
2026-04-01 16:00:00.078000+00:00,5.8486e-06
2026-04-01 17:00:00.076000+00:00,1.25e-05
2026-04-01 18:00:00.071000+00:00,4.1052e-06
2026-04-01 19:00:00.017000+00:00,-1.4661e-06
2026-04-01 20:00:00.045000+00:00,9.4815e-06
2026-04-01 21:00:00.041000+00:00,1.25e-05
2026-04-01 22:00:00.030000+00:00,1.25e-05
2026-04-01 23:00:00.042000+00:00,1.25e-05
2026-04-02 00:00:00.177000+00:00,9.6849e-06
2026-04-02 01:00:00.004000+00:00,-1.3215e-06
2026-04-02 02:00:00.060000+00:00,-1.11796e-05
2026-04-02 03:00:00.041000+00:00,-1.90949e-05
2026-04-02 04:00:00.059000+00:00,-2.2008e-05
2026-04-02 05:00:00.030000+00:00,-1.79709e-05
2026-04-02 06:00:00.039000+00:00,4.908e-07
2026-04-02 07:00:00.070000+00:00,1.1351e-06
2026-04-02 08:00:00.129000+00:00,-2.0992e-06
2026-04-02 09:00:00.026000+00:00,-9.5737e-06
2026-04-02 10:00:00.051000+00:00,-6.6264e-06
2026-04-02 11:00:00.014000+00:00,-7.7018e-06
2026-04-02 12:00:00.021000+00:00,-1.07931e-05
2026-04-02 13:00:00.075000+00:00,-1.90829e-05
2026-04-02 14:00:00.049000+00:00,-3.45902e-05
2026-04-02 15:00:00.065000+00:00,-2.3954e-05
2026-04-02 16:00:00.040000+00:00,-3.53758e-05
2026-04-02 17:00:00.022000+00:00,-2.30349e-05
2026-04-02 18:00:00.037000+00:00,-3.1801e-05
2026-04-02 19:00:00.006000+00:00,-2.87667e-05
2026-04-02 20:00:00.023000+00:00,-1.95906e-05
2026-04-02 21:00:00.131000+00:00,-8.1837e-06
2026-04-02 22:00:00.013000+00:00,-1.10224e-05
2026-04-02 23:00:00.004000+00:00,-1.14805e-05
2026-04-03 00:00:00.021000+00:00,-1.14942e-05
2026-04-03 01:00:00.043000+00:00,-1.18674e-05
2026-04-03 02:00:00.023000+00:00,-1.48187e-05
2026-04-03 03:00:00.048000+00:00,-1.39164e-05
2026-04-03 04:00:00.039000+00:00,-9.3828e-06
2026-04-03 05:00:00.086000+00:00,-1.29779e-05
2026-04-03 06:00:00.049000+00:00,-1.02489e-05
2026-04-03 07:00:00.028000+00:00,-9.1501e-06
2026-04-03 08:00:00.069000+00:00,7.2e-09
2026-04-03 09:00:00.054000+00:00,1.1735e-06
2026-04-03 10:00:00.043000+00:00,-6.9763e-06
2026-04-03 11:00:00.041000+00:00,-1.02726e-05
2026-04-03 12:00:00.031000+00:00,-5.1242e-06
2026-04-03 13:00:00.058000+00:00,-3.33e-06
2026-04-03 14:00:00.001000+00:00,-3.9942e-06
2026-04-03 15:00:00.044000+00:00,9.788e-07
2026-04-03 16:00:00.033000+00:00,1.8523e-06
2026-04-03 17:00:00.040000+00:00,-2.7144e-06
2026-04-03 18:00:00.069000+00:00,-1.0705e-06
2026-04-03 19:00:00.026000+00:00,-7.0008e-06
2026-04-03 20:00:00.036000+00:00,-9.5557e-06
2026-04-03 21:00:00.048000+00:00,-9.1769e-06
2026-04-03 22:00:00.031000+00:00,-8.0459e-06
2026-04-03 23:00:00.039000+00:00,-2.8052e-06
2026-04-04 00:00:00.063000+00:00,-4.2164e-06
2026-04-04 01:00:00.014000+00:00,-5.1788e-06
2026-04-04 02:00:00.021000+00:00,-4.9491e-06
2026-04-04 03:00:00.064000+00:00,-4.2376e-06
2026-04-04 04:00:00.011000+00:00,-4.8438e-06
2026-04-04 05:00:00.063000+00:00,-9.3837e-06
2026-04-04 06:00:00.057000+00:00,-6.9814e-06
2026-04-04 07:00:00.051000+00:00,-1.04048e-05
2026-04-04 08:00:00.033000+00:00,-2.3301e-06
2026-04-04 09:00:00.008000+00:00,2.434e-06
2026-04-04 10:00:00.029000+00:00,-1.23084e-05
2026-04-04 11:00:00.050000+00:00,-2.36216e-05
2026-04-04 12:00:00.009000+00:00,-5.0815e-06
2026-04-04 13:00:00.107000+00:00,-1.17109e-05
2026-04-04 14:00:00.065000+00:00,-1.08584e-05
2026-04-04 15:00:00.008000+00:00,-1.18568e-05
2026-04-04 16:00:00.038000+00:00,-1.0331e-05
2026-04-04 17:00:00.041000+00:00,-6.6191e-06
2026-04-04 18:00:00.064000+00:00,-1.0967e-05
2026-04-04 19:00:00.012000+00:00,-4.711e-06
2026-04-04 20:00:00.063000+00:00,-6.8885e-06
2026-04-04 21:00:00.037000+00:00,-6.1011e-06
2026-04-04 22:00:00.032000+00:00,-1.17306e-05
2026-04-04 23:00:00.014000+00:00,-1.37909e-05
2026-04-05 00:00:00.047000+00:00,-1.93358e-05
2026-04-05 01:00:00.058000+00:00,-1.90045e-05
2026-04-05 02:00:00.058000+00:00,-1.99593e-05
2026-04-05 03:00:00.014000+00:00,-8.3721e-06
2026-04-05 04:00:00.022000+00:00,-5.0372e-06
2026-04-05 05:00:00.024000+00:00,-1.39441e-05
2026-04-05 06:00:00.051000+00:00,-1.39109e-05
2026-04-05 07:00:00.048000+00:00,-1.12584e-05
2026-04-05 08:00:00.066000+00:00,-1.67879e-05
2026-04-05 09:00:00.017000+00:00,-1.79529e-05
2026-04-05 10:00:00.017000+00:00,-1.66057e-05
2026-04-05 11:00:00.024000+00:00,-1.71642e-05
2026-04-05 12:00:00.017000+00:00,-1.99e-05
2026-04-05 13:00:00.047000+00:00,-1.44657e-05
2026-04-05 14:00:00.057000+00:00,-6.7171e-06
2026-04-05 15:00:00.081000+00:00,-1.71741e-05
2026-04-05 16:00:00.031000+00:00,-1.19319e-05
2026-04-05 17:00:00.049000+00:00,-1.03668e-05
2026-04-05 18:00:00.042000+00:00,-7.0235e-06
2026-04-05 19:00:00.041000+00:00,-9.9044e-06
2026-04-05 20:00:00.030000+00:00,-8.4731e-06
2026-04-05 21:00:00.003000+00:00,-6.1633e-06
2026-04-05 22:00:00.060000+00:00,-2.1927e-06
2026-04-05 23:00:00.020000+00:00,-1.02306e-05
2026-04-06 00:00:00.029000+00:00,9.1104e-06
2026-04-06 01:00:00.040000+00:00,6.2581e-06
2026-04-06 02:00:00+00:00,9.4264e-06
2026-04-06 03:00:00.049000+00:00,8.337e-06
2026-04-06 04:00:00.002000+00:00,5.6539e-06
2026-04-06 05:00:00.047000+00:00,9.099e-06
2026-04-06 06:00:00.025000+00:00,8.6962e-06
2026-04-06 07:00:00.064000+00:00,6.5343e-06
2026-04-06 08:00:00.053000+00:00,5.1981e-06
2026-04-06 09:00:00.012000+00:00,1.25e-05
2026-04-06 10:00:00.006000+00:00,1.25e-05
2026-04-06 11:00:00.016000+00:00,1.25e-05
2026-04-06 12:00:00.072000+00:00,1.22824e-05
2026-04-06 13:00:00.031000+00:00,1.25e-05
2026-04-06 14:00:00.066000+00:00,6.5764e-06
2026-04-06 15:00:00.048000+00:00,4.568e-07
2026-04-06 16:00:00.056000+00:00,-1.0877e-06
2026-04-06 17:00:00.002000+00:00,-4.2068e-06
2026-04-06 18:00:00.039000+00:00,-7.0211e-06
2026-04-06 19:00:00+00:00,-1.2289e-06
2026-04-06 20:00:00.078000+00:00,-7.2133e-06
2026-04-06 21:00:00.054000+00:00,-7.8542e-06
2026-04-06 22:00:00.043000+00:00,-9.2253e-06
2026-04-06 23:00:00.021000+00:00,-1.09994e-05
2026-04-07 00:00:00.046000+00:00,2.1032e-06
2026-04-07 01:00:00.015000+00:00,-3.0839e-06
2026-04-07 02:00:00.012000+00:00,-7.8362e-06
2026-04-07 03:00:00.093000+00:00,2.4047e-06
2026-04-07 04:00:00.017000+00:00,6.3283e-06
2026-04-07 05:00:00.006000+00:00,1.25e-05
2026-04-07 06:00:00.030000+00:00,9.4015e-06
2026-04-07 07:00:00.064000+00:00,1.6006e-06
2026-04-07 08:00:00.020000+00:00,4.8865e-06
2026-04-07 09:00:00.031000+00:00,4.065e-07
2026-04-07 10:00:00.005000+00:00,-2.4805e-06
2026-04-07 11:00:00.030000+00:00,-3.236e-06
2026-04-07 12:00:00.037000+00:00,-2.8011e-06
2026-04-07 13:00:00.060000+00:00,-5.8641e-06
2026-04-07 14:00:00.027000+00:00,2.993e-06
2026-04-07 15:00:00.041000+00:00,-6.9027e-06
2026-04-07 16:00:00.036000+00:00,-1.22001e-05
2026-04-07 17:00:00.024000+00:00,-3.8129e-06
2026-04-07 18:00:00.013000+00:00,-3.8172e-06
2026-04-07 19:00:00.017000+00:00,-5.4943e-06
2026-04-07 20:00:00.041000+00:00,7.099e-07
2026-04-07 21:00:00.062000+00:00,4.8888e-06
2026-04-07 22:00:00.029000+00:00,4.0327e-06
2026-04-07 23:00:00.038000+00:00,1.25e-05
2026-04-08 00:00:00.094000+00:00,1.25e-05
2026-04-08 01:00:00.057000+00:00,1.25e-05
2026-04-08 02:00:00.043000+00:00,1.25e-05
2026-04-08 03:00:00.059000+00:00,1.25e-05
2026-04-08 04:00:00.012000+00:00,1.25e-05
2026-04-08 05:00:00.056000+00:00,1.25e-05
2026-04-08 06:00:00.065000+00:00,1.25e-05
2026-04-08 07:00:00.039000+00:00,1.25e-05
2026-04-08 08:00:00.005000+00:00,1.25e-05
2026-04-08 09:00:00.047000+00:00,1.25e-05
2026-04-08 10:00:00.004000+00:00,1.25e-05
2026-04-08 11:00:00.027000+00:00,1.25e-05
2026-04-08 12:00:00+00:00,1.25e-05
2026-04-08 13:00:00.019000+00:00,1.25e-05
2026-04-08 14:00:00.064000+00:00,5.1099e-06
2026-04-08 15:00:00.025000+00:00,-3.4954e-06
2026-04-08 16:00:00.054000+00:00,8.8566e-06
2026-04-08 17:00:00.009000+00:00,1.06799e-05
2026-04-08 18:00:00.046000+00:00,1.07308e-05
2026-04-08 19:00:00.026000+00:00,3.0239e-06
2026-04-08 20:00:00.068000+00:00,-1.02058e-05
2026-04-08 21:00:00.031000+00:00,-8.3932e-06
2026-04-08 22:00:00.010000+00:00,7.6903e-06
2026-04-08 23:00:00.039000+00:00,2.8568e-06
2026-04-09 00:00:00.070000+00:00,4.577e-07
2026-04-09 01:00:00.023000+00:00,-8.9274e-06
2026-04-09 02:00:00.010000+00:00,-1.80737e-05
2026-04-09 03:00:00.053000+00:00,2.079e-07
2026-04-09 04:00:00.015000+00:00,1.366e-06
2026-04-09 05:00:00.007000+00:00,3.527e-07
2026-04-09 06:00:00.021000+00:00,-2.7e-07
2026-04-09 07:00:00.001000+00:00,-1.9818e-06
2026-04-09 08:00:00.056000+00:00,-8.4453e-06
2026-04-09 09:00:00.008000+00:00,-4.3339e-06
2026-04-09 10:00:00.006000+00:00,-4.4456e-06
2026-04-09 11:00:00.010000+00:00,-4.2458e-06
2026-04-09 12:00:00.054000+00:00,-6.5979e-06
2026-04-09 13:00:00.004000+00:00,-3.6741e-06
2026-04-09 14:00:00.056000+00:00,-6.8855e-06
2026-04-09 15:00:00.041000+00:00,-8.7295e-06
2026-04-09 16:00:00.011000+00:00,1.5956e-06
2026-04-09 17:00:00.012000+00:00,-3.0338e-06
2026-04-09 18:00:00.001000+00:00,-1.5246e-06
2026-04-09 19:00:00.031000+00:00,-4.978e-07
2026-04-09 20:00:00.004000+00:00,-7.096e-07
2026-04-09 21:00:00.018000+00:00,3.0567e-06
2026-04-09 22:00:00+00:00,8.2248e-06
2026-04-09 23:00:00.071000+00:00,1.25e-05
2026-04-10 00:00:00.062000+00:00,1.0943e-05
2026-04-10 01:00:00.013000+00:00,8.4648e-06
2026-04-10 02:00:00.002000+00:00,1.03781e-05
2026-04-10 03:00:00.040000+00:00,3.5812e-06
2026-04-10 04:00:00.047000+00:00,1.4741e-06
2026-04-10 05:00:00.031000+00:00,5.6263e-06
2026-04-10 06:00:00.026000+00:00,-7.01e-07
2026-04-10 07:00:00.016000+00:00,-5.0637e-06
2026-04-10 08:00:00+00:00,-2.8306e-06
2026-04-10 09:00:00.015000+00:00,-3.0117e-06
2026-04-10 10:00:00.028000+00:00,-4.291e-07
2026-04-10 11:00:00.010000+00:00,2.1319e-06
2026-04-10 12:00:00.057000+00:00,1.25e-05
2026-04-10 13:00:00.032000+00:00,6.153e-06
2026-04-10 14:00:00.008000+00:00,-5.9119e-06
2026-04-10 15:00:00.005000+00:00,7.7254e-06
2026-04-10 16:00:00.053000+00:00,1.14942e-05
2026-04-10 17:00:00.022000+00:00,8.7932e-06
2026-04-10 18:00:00.021000+00:00,7.3975e-06
2026-04-10 19:00:00.046000+00:00,1.25e-05
2026-04-10 20:00:00.009000+00:00,1.25e-05
2026-04-10 21:00:00.010000+00:00,1.0759e-06
2026-04-10 22:00:00.079000+00:00,-1.4931e-06
2026-04-10 23:00:00.055000+00:00,8.1188e-06
2026-04-11 00:00:00.015000+00:00,7.5255e-06
2026-04-11 01:00:00.006000+00:00,6.3266e-06
2026-04-11 02:00:00.020000+00:00,4.4322e-06
2026-04-11 03:00:00.039000+00:00,5.3787e-06
2026-04-11 04:00:00.013000+00:00,2.248e-06
2026-04-11 05:00:00.005000+00:00,-6.15e-06
2026-04-11 06:00:00.024000+00:00,-1.18486e-05
2026-04-11 07:00:00.016000+00:00,-6.1427e-06
2026-04-11 08:00:00.002000+00:00,-1.06352e-05
2026-04-11 09:00:00.042000+00:00,-1.02095e-05
2026-04-11 10:00:00.048000+00:00,-1.7192e-06
2026-04-11 11:00:00.040000+00:00,-1.648e-06
2026-04-11 12:00:00.055000+00:00,-1.7249e-06
2026-04-11 13:00:00.047000+00:00,-2.8353e-06
2026-04-11 14:00:00.001000+00:00,-1.21e-06
2026-04-11 15:00:00.041000+00:00,-1.55e-06
2026-04-11 16:00:00.034000+00:00,-6.535e-07
2026-04-11 17:00:00.008000+00:00,4.4856e-06
2026-04-11 18:00:00.033000+00:00,7.1109e-06
2026-04-11 19:00:00.047000+00:00,4.2781e-06
2026-04-11 20:00:00.023000+00:00,2.2033e-06
2026-04-11 21:00:00.058000+00:00,6.8664e-06
2026-04-11 22:00:00.036000+00:00,8.8936e-06
2026-04-11 23:00:00.020000+00:00,8.9384e-06
2026-04-12 00:00:00.067000+00:00,9.049e-07
2026-04-12 01:00:00.044000+00:00,5.1388e-06
2026-04-12 02:00:00.031000+00:00,-8.475e-07
2026-04-12 03:00:00.029000+00:00,-1.2659e-05
2026-04-12 04:00:00.055000+00:00,-1.18513e-05
2026-04-12 05:00:00.066000+00:00,-1.73077e-05
2026-04-12 06:00:00.047000+00:00,-1.31075e-05
2026-04-12 07:00:00.004000+00:00,-1.23449e-05
2026-04-12 08:00:00.022000+00:00,-1.711e-05
2026-04-12 09:00:00.049000+00:00,-1.61733e-05
2026-04-12 10:00:00.011000+00:00,-1.26382e-05
2026-04-12 11:00:00.022000+00:00,-9.1573e-06
2026-04-12 12:00:00.040000+00:00,-6.6274e-06
2026-04-12 13:00:00.028000+00:00,-4.1984e-06
2026-04-12 14:00:00.064000+00:00,-1.4164e-05
2026-04-12 15:00:00.065000+00:00,-1.84604e-05
2026-04-12 16:00:00.046000+00:00,-1.27179e-05
2026-04-12 17:00:00.054000+00:00,-1.78398e-05
2026-04-12 18:00:00.035000+00:00,-1.74246e-05
2026-04-12 19:00:00.028000+00:00,-9.9694e-06
2026-04-12 20:00:00.062000+00:00,-7.1268e-06
2026-04-12 21:00:00.049000+00:00,-1.1334e-06
2026-04-12 22:00:00.058000+00:00,8.3275e-06
2026-04-12 23:00:00.048000+00:00,2.226e-07
2026-04-13 00:00:00.013000+00:00,-8.6505e-06
2026-04-13 01:00:00.031000+00:00,-3.997e-06
2026-04-13 02:00:00.001000+00:00,2.0293e-06
2026-04-13 03:00:00.056000+00:00,-4.5658e-06
2026-04-13 04:00:00.056000+00:00,-2.4101e-06
2026-04-13 05:00:00.032000+00:00,-3.739e-07
2026-04-13 06:00:00.007000+00:00,-7.9111e-06
2026-04-13 07:00:00.011000+00:00,-2.047e-06
2026-04-13 08:00:00.015000+00:00,1.0841e-06
2026-04-13 09:00:00.013000+00:00,5.0723e-06
2026-04-13 10:00:00.032000+00:00,6.2478e-06
2026-04-13 11:00:00.011000+00:00,4.685e-07
2026-04-13 12:00:00.063000+00:00,1.4887e-06
2026-04-13 13:00:00.036000+00:00,5.2268e-06
2026-04-13 14:00:00.007000+00:00,9.8029e-06
2026-04-13 15:00:00.114000+00:00,9.2978e-06
2026-04-13 16:00:00.016000+00:00,1.00608e-05
2026-04-13 17:00:00.028000+00:00,1.25e-05
2026-04-13 18:00:00.040000+00:00,6.7837e-06
2026-04-13 19:00:00.055000+00:00,9.3486e-06
2026-04-13 20:00:00.032000+00:00,6.9463e-06
2026-04-13 21:00:00.038000+00:00,3.9349e-06
2026-04-13 22:00:00.023000+00:00,9.4869e-06
2026-04-13 23:00:00.008000+00:00,1.25e-05
2026-04-14 00:00:00.020000+00:00,1.25e-05
2026-04-14 01:00:00.057000+00:00,1.25e-05
2026-04-14 02:00:00.017000+00:00,1.25e-05
2026-04-14 03:00:00.043000+00:00,1.25e-05
2026-04-14 04:00:00.009000+00:00,1.25e-05
2026-04-14 05:00:00.054000+00:00,1.25e-05
2026-04-14 06:00:00.057000+00:00,1.25e-05
2026-04-14 07:00:00.076000+00:00,1.25e-05
2026-04-14 08:00:00.066000+00:00,1.25e-05
2026-04-14 09:00:00.041000+00:00,1.25e-05
2026-04-14 10:00:00.010000+00:00,1.25e-05
2026-04-14 11:00:00.030000+00:00,1.25e-05
2026-04-14 12:00:00.053000+00:00,1.00702e-05
2026-04-14 13:00:00.039000+00:00,-1.2281e-06
2026-04-14 14:00:00.012000+00:00,1.22316e-05
2026-04-14 15:00:00.056000+00:00,4.6703e-06
2026-04-14 16:00:00.029000+00:00,9.209e-07
2026-04-14 17:00:00.057000+00:00,9.9503e-06
2026-04-14 18:00:00.062000+00:00,7.3094e-06
2026-04-14 19:00:00.040000+00:00,3.2194e-06
2026-04-14 20:00:00+00:00,5.3428e-06
2026-04-14 21:00:00.003000+00:00,-2.694e-06
2026-04-14 22:00:00.001000+00:00,2.5854e-06
2026-04-14 23:00:00.021000+00:00,1.13373e-05
2026-04-15 00:00:00.015000+00:00,9.2056e-06
2026-04-15 01:00:00.054000+00:00,-2.1528e-06
2026-04-15 02:00:00.036000+00:00,4.9332e-06
2026-04-15 03:00:00.065000+00:00,-3.0623e-06
2026-04-15 04:00:00.053000+00:00,-7.2e-08
2026-04-15 05:00:00.029000+00:00,-1.7583e-06
2026-04-15 06:00:00.060000+00:00,-3.0055e-06
2026-04-15 07:00:00.038000+00:00,-2.1495e-05
2026-04-15 08:00:00.009000+00:00,-1.46182e-05
2026-04-15 09:00:00.024000+00:00,-6.5981e-06
2026-04-15 10:00:00.027000+00:00,-7.6743e-06
2026-04-15 11:00:00.067000+00:00,-7.7406e-06
2026-04-15 12:00:00.030000+00:00,4.4269e-06
2026-04-15 13:00:00.008000+00:00,6.5008e-06
2026-04-15 14:00:00.035000+00:00,-1.1035e-06
2026-04-15 15:00:00.057000+00:00,5.2623e-06
2026-04-15 16:00:00.025000+00:00,6.0613e-06
2026-04-15 17:00:00.022000+00:00,1.25e-05
2026-04-15 18:00:00.030000+00:00,1.25e-05
2026-04-15 19:00:00.062000+00:00,1.25e-05
2026-04-15 20:00:00.014000+00:00,1.25e-05
2026-04-15 21:00:00.049000+00:00,5.4898e-06
2026-04-15 22:00:00.067000+00:00,1.0736e-05
2026-04-15 23:00:00.056000+00:00,1.25e-05
2026-04-16 00:00:00.044000+00:00,1.16086e-05
2026-04-16 01:00:00.022000+00:00,1.25e-05
2026-04-16 02:00:00.010000+00:00,1.02963e-05
2026-04-16 03:00:00.053000+00:00,9.7737e-06
2026-04-16 04:00:00.006000+00:00,7.7961e-06
2026-04-16 05:00:00.042000+00:00,7.6162e-06
2026-04-16 06:00:00.031000+00:00,2.0888e-06
2026-04-16 07:00:00.012000+00:00,6.878e-06
2026-04-16 08:00:00.062000+00:00,9.7339e-06
2026-04-16 09:00:00.045000+00:00,1.25e-05
2026-04-16 10:00:00.004000+00:00,4.4504e-06
2026-04-16 11:00:00.035000+00:00,-7.9063e-06
2026-04-16 12:00:00.042000+00:00,-8.0238e-06
2026-04-16 13:00:00.030000+00:00,1.2597e-06
2026-04-16 14:00:00.019000+00:00,4.9916e-06
2026-04-16 15:00:00.047000+00:00,5.8911e-06
2026-04-16 16:00:00.051000+00:00,1.0727e-05
2026-04-16 17:00:00.013000+00:00,1.25e-05
2026-04-16 18:00:00.034000+00:00,7.1774e-06
2026-04-16 19:00:00.064000+00:00,1.13694e-05
2026-04-16 20:00:00.016000+00:00,1.25e-05
2026-04-16 21:00:00.025000+00:00,1.25e-05
2026-04-16 22:00:00.043000+00:00,7.2378e-06
2026-04-16 23:00:00.041000+00:00,1.25e-05
2026-04-17 00:00:00.030000+00:00,1.25e-05
2026-04-17 01:00:00.015000+00:00,1.25e-05
2026-04-17 02:00:00.026000+00:00,1.25e-05
2026-04-17 03:00:00.010000+00:00,1.25e-05
2026-04-17 04:00:00.064000+00:00,1.25e-05
2026-04-17 05:00:00.052000+00:00,1.23627e-05
2026-04-17 06:00:00.017000+00:00,9.6683e-06
2026-04-17 07:00:00.065000+00:00,9.3685e-06
2026-04-17 08:00:00.042000+00:00,1.25e-05
2026-04-17 09:00:00.035000+00:00,1.06825e-05
2026-04-17 10:00:00.011000+00:00,9.9126e-06
2026-04-17 11:00:00.038000+00:00,7.1453e-06
2026-04-17 12:00:00.064000+00:00,-2.0651e-06
2026-04-17 13:00:00.036000+00:00,3.6173e-06
2026-04-17 14:00:00+00:00,1.25e-05
2026-04-17 15:00:00.059000+00:00,1.05009e-05
2026-04-17 16:00:00.039000+00:00,8.9532e-06
2026-04-17 17:00:00.046000+00:00,2.6069e-06
2026-04-17 18:00:00.052000+00:00,1.12362e-05
2026-04-17 19:00:00.019000+00:00,1.25e-05
2026-04-17 20:00:00.065000+00:00,1.25e-05
2026-04-17 21:00:00.012000+00:00,2.7695e-06
2026-04-17 22:00:00.042000+00:00,9.1245e-06
2026-04-17 23:00:00.022000+00:00,1.25e-05
2026-04-18 00:00:00.064000+00:00,6.6357e-06
2026-04-18 01:00:00.049000+00:00,1.15678e-05
2026-04-18 02:00:00.042000+00:00,1.09089e-05
2026-04-18 03:00:00.031000+00:00,8.7228e-06
2026-04-18 04:00:00.009000+00:00,1.13454e-05
2026-04-18 05:00:00.060000+00:00,6.3714e-06
2026-04-18 06:00:00.049000+00:00,9.4733e-06
2026-04-18 07:00:00.028000+00:00,1.25e-05
2026-04-18 08:00:00.049000+00:00,1.10456e-05
2026-04-18 09:00:00.011000+00:00,8.917e-07
2026-04-18 10:00:00.020000+00:00,1.9725e-06
2026-04-18 11:00:00.016000+00:00,5.573e-07
2026-04-18 12:00:00.034000+00:00,-2.5095e-06
2026-04-18 13:00:00.047000+00:00,-7.9492e-06
2026-04-18 14:00:00.018000+00:00,-3.7835e-06
2026-04-18 15:00:00+00:00,-1.0129e-06
2026-04-18 16:00:00.001000+00:00,-1.9387e-06
2026-04-18 17:00:00.001000+00:00,-9.1682e-06
2026-04-18 18:00:00.050000+00:00,-5.0116e-06
2026-04-18 19:00:00.039000+00:00,-5.3473e-06
2026-04-18 20:00:00.037000+00:00,-2.0034e-06
2026-04-18 21:00:00.036000+00:00,-9.156e-07
2026-04-18 22:00:00.011000+00:00,2.4493e-06
2026-04-18 23:00:00.026000+00:00,5.56e-07
2026-04-19 00:00:00.053000+00:00,-1.5267e-06
2026-04-19 01:00:00.051000+00:00,7.8304e-06
2026-04-19 02:00:00.028000+00:00,1.25e-05
2026-04-19 03:00:00.060000+00:00,1.25e-05
2026-04-19 04:00:00.051000+00:00,1.25e-05
2026-04-19 05:00:00.046000+00:00,1.25e-05
2026-04-19 06:00:00.041000+00:00,1.25e-05
2026-04-19 07:00:00.002000+00:00,1.25e-05
2026-04-19 08:00:00.040000+00:00,1.25e-05
2026-04-19 09:00:00.041000+00:00,1.25e-05
2026-04-19 10:00:00.022000+00:00,1.25e-05
2026-04-19 11:00:00.032000+00:00,1.25e-05
2026-04-19 12:00:00.016000+00:00,1.25e-05
2026-04-19 13:00:00.026000+00:00,1.25e-05
2026-04-19 14:00:00.011000+00:00,1.25e-05
2026-04-19 15:00:00.004000+00:00,6.4871e-06
2026-04-19 16:00:00.010000+00:00,1.19329e-05
2026-04-19 17:00:00.060000+00:00,8.39e-06
2026-04-19 18:00:00.009000+00:00,5.7154e-06
2026-04-19 19:00:00.018000+00:00,-9.0059e-06
2026-04-19 20:00:00.030000+00:00,-3.2333e-06
2026-04-19 21:00:00.025000+00:00,-2.1829e-06
2026-04-19 22:00:00.007000+00:00,1.25e-05
2026-04-19 23:00:00.025000+00:00,1.25e-05
2026-04-20 00:00:00.062000+00:00,1.25e-05
2026-04-20 01:00:00.029000+00:00,1.25e-05
2026-04-20 02:00:00.053000+00:00,1.25e-05
2026-04-20 03:00:00.025000+00:00,1.25e-05
2026-04-20 04:00:00.029000+00:00,1.25e-05
2026-04-20 05:00:00.055000+00:00,1.25e-05
2026-04-20 06:00:00+00:00,1.25e-05
2026-04-20 07:00:00.006000+00:00,1.25e-05
2026-04-20 08:00:00.037000+00:00,1.25e-05
2026-04-20 09:00:00.008000+00:00,1.25e-05
2026-04-20 10:00:00.053000+00:00,1.11135e-05
2026-04-20 11:00:00.014000+00:00,1.25e-05
2026-04-20 12:00:00.091000+00:00,-2.5045e-05
2026-04-20 13:00:00.051000+00:00,-9.5793e-06
2026-04-20 14:00:00.033000+00:00,-9.93e-07
2026-04-20 15:00:00.041000+00:00,-2.9875e-06
2026-04-20 16:00:00.028000+00:00,8.179e-07
2026-04-20 17:00:00.049000+00:00,-4.736e-07
2026-04-20 18:00:00.019000+00:00,2.821e-07
2026-04-20 19:00:00.037000+00:00,-1.26878e-05
2026-04-20 20:00:00.063000+00:00,-2.10756e-05
2026-04-20 21:00:00.038000+00:00,-1.89203e-05
2026-04-20 22:00:00.039000+00:00,-2.00092e-05
2026-04-20 23:00:00.053000+00:00,-1.73238e-05
2026-04-21 00:00:00.087000+00:00,-1.3996e-05
2026-04-21 01:00:00.043000+00:00,-4.7592e-06
2026-04-21 02:00:00.023000+00:00,-3.363e-06
2026-04-21 03:00:00.030000+00:00,-3.6401e-06
2026-04-21 04:00:00.018000+00:00,-5.6722e-06
2026-04-21 05:00:00.065000+00:00,5.99e-08
2026-04-21 06:00:00.010000+00:00,5.3062e-06
2026-04-21 07:00:00.053000+00:00,1.17121e-05
2026-04-21 08:00:00.036000+00:00,1.25e-05
2026-04-21 09:00:00.005000+00:00,1.25e-05
2026-04-21 10:00:00.001000+00:00,1.25e-05
2026-04-21 11:00:00.065000+00:00,5.6656e-06
2026-04-21 12:00:00.036000+00:00,1.10243e-05
2026-04-21 13:00:00.063000+00:00,2.7738e-06
2026-04-21 14:00:00.044000+00:00,1.08531e-05
2026-04-21 15:00:00.019000+00:00,1.25e-05
2026-04-21 16:00:00.048000+00:00,1.25e-05
2026-04-21 17:00:00.003000+00:00,1.25e-05
2026-04-21 18:00:00.065000+00:00,1.21413e-05
2026-04-21 19:00:00.039000+00:00,8.5885e-06
2026-04-21 20:00:00.004000+00:00,1.06046e-05
2026-04-21 21:00:00.015000+00:00,1.25e-05
2026-04-21 22:00:00.008000+00:00,6.055e-06
2026-04-21 23:00:00.011000+00:00,1.2243e-05
2026-04-22 00:00:00.061000+00:00,1.22112e-05
2026-04-22 01:00:00.004000+00:00,1.25e-05
2026-04-22 02:00:00.042000+00:00,1.05151e-05
2026-04-22 03:00:00.005000+00:00,1.08115e-05
2026-04-22 04:00:00.056000+00:00,1.11805e-05
2026-04-22 05:00:00.030000+00:00,8.965e-06
2026-04-22 06:00:00.005000+00:00,1.25e-05
2026-04-22 07:00:00.018000+00:00,1.25e-05
2026-04-22 08:00:00.009000+00:00,1.18935e-05
2026-04-22 09:00:00.041000+00:00,8.8219e-06
2026-04-22 10:00:00.008000+00:00,9.222e-06
2026-04-22 11:00:00.019000+00:00,6.526e-06
2026-04-22 12:00:00.041000+00:00,1.25e-05
2026-04-22 13:00:00.003000+00:00,9.4844e-06
2026-04-22 14:00:00.043000+00:00,1.17987e-05
2026-04-22 15:00:00.021000+00:00,6.5796e-06
2026-04-22 16:00:00.051000+00:00,5.3898e-06
2026-04-22 17:00:00.012000+00:00,2.9674e-06
2026-04-22 18:00:00.036000+00:00,2.6009e-06
2026-04-22 19:00:00.031000+00:00,4.4316e-06
2026-04-22 20:00:00.051000+00:00,6.324e-07
2026-04-22 21:00:00.023000+00:00,3.9444e-06
2026-04-22 22:00:00.042000+00:00,4.4249e-06
2026-04-22 23:00:00.056000+00:00,3.8102e-06
2026-04-23 00:00:00.028000+00:00,-1.119e-07
2026-04-23 01:00:00.056000+00:00,9.1882e-06
2026-04-23 02:00:00.016000+00:00,6.4558e-06
2026-04-23 03:00:00.013000+00:00,2.8189e-06
2026-04-23 04:00:00.053000+00:00,1.2569e-06
2026-04-23 05:00:00.046000+00:00,1.1353e-06
2026-04-23 06:00:00.079000+00:00,-1.167e-07
2026-04-23 07:00:00.059000+00:00,7.4868e-06
2026-04-23 08:00:00.019000+00:00,1.6658e-06
2026-04-23 09:00:00.060000+00:00,-1.713e-06
2026-04-23 10:00:00.021000+00:00,-1.7598e-06
2026-04-23 11:00:00.053000+00:00,-5.3286e-06
2026-04-23 12:00:00.024000+00:00,-6.6434e-06
2026-04-23 13:00:00.060000+00:00,-7.7926e-06
2026-04-23 14:00:00.015000+00:00,1.6804e-06
2026-04-23 15:00:00.020000+00:00,5.9677e-06
2026-04-23 16:00:00.048000+00:00,3.8569e-06
2026-04-23 17:00:00.075000+00:00,3.7732e-06
2026-04-23 18:00:00.016000+00:00,3.8274e-06
2026-04-23 19:00:00.075000+00:00,4.3178e-06
2026-04-23 20:00:00.003000+00:00,2.4776e-06
2026-04-23 21:00:00.042000+00:00,3.9147e-06
2026-04-23 22:00:00.005000+00:00,8.674e-06
2026-04-23 23:00:00.065000+00:00,1.08128e-05
2026-04-24 00:00:00.064000+00:00,1.25e-05
2026-04-24 01:00:00.021000+00:00,8.1149e-06
2026-04-24 02:00:00.064000+00:00,7.0064e-06
2026-04-24 03:00:00.062000+00:00,1.03362e-05
2026-04-24 04:00:00.018000+00:00,9.5008e-06
2026-04-24 05:00:00.065000+00:00,4.2037e-06
2026-04-24 06:00:00+00:00,7.745e-06
2026-04-24 07:00:00.039000+00:00,8.437e-06
2026-04-24 08:00:00.008000+00:00,8.956e-06
2026-04-24 09:00:00.041000+00:00,1.13311e-05
2026-04-24 10:00:00.038000+00:00,1.0999e-05
2026-04-24 11:00:00.039000+00:00,7.9812e-06
2026-04-24 12:00:00.002000+00:00,1.25e-05
2026-04-24 13:00:00.047000+00:00,6.3611e-06
2026-04-24 14:00:00.063000+00:00,1.25e-05
2026-04-24 15:00:00.001000+00:00,-4.012e-06
2026-04-24 16:00:00.049000+00:00,2.0769e-06
2026-04-24 17:00:00.011000+00:00,5.5786e-06
2026-04-24 18:00:00.037000+00:00,5.2526e-06
2026-04-24 19:00:00.020000+00:00,5.4772e-06
2026-04-24 20:00:00.007000+00:00,5.6655e-06
2026-04-24 21:00:00.058000+00:00,3.756e-07
2026-04-24 22:00:00.042000+00:00,1.9533e-06
2026-04-24 23:00:00.055000+00:00,5.2637e-06
2026-04-25 00:00:00.024000+00:00,5.6489e-06
2026-04-25 01:00:00.002000+00:00,4.2348e-06
2026-04-25 02:00:00.044000+00:00,8.1792e-06
2026-04-25 03:00:00.063000+00:00,2.4443e-06
2026-04-25 04:00:00+00:00,1.9097e-06
2026-04-25 05:00:00.035000+00:00,5.9152e-06
2026-04-25 06:00:00.023000+00:00,1.6875e-06
2026-04-25 07:00:00.048000+00:00,1.9882e-06
2026-04-25 08:00:00.044000+00:00,-1.04573e-05
2026-04-25 09:00:00.060000+00:00,-7.176e-07
2026-04-25 10:00:00.052000+00:00,-1.9372e-06
2026-04-25 11:00:00.064000+00:00,2.0777e-06
2026-04-25 12:00:00.039000+00:00,2.2944e-06
2026-04-25 13:00:00.031000+00:00,-3.3089e-06
2026-04-25 14:00:00.050000+00:00,-3.4703e-06
2026-04-25 15:00:00.037000+00:00,-3.654e-07
2026-04-25 16:00:00.080000+00:00,1.8265e-06
2026-04-25 17:00:00.047000+00:00,5.97e-08
2026-04-25 18:00:00.031000+00:00,-2.1501e-06
2026-04-25 19:00:00.078000+00:00,-5.69e-07
2026-04-25 20:00:00.064000+00:00,-1.6364e-06
2026-04-25 21:00:00.007000+00:00,-2.349e-07
2026-04-25 22:00:00.003000+00:00,-2.8786e-06
2026-04-25 23:00:00.060000+00:00,-8.975e-07
2026-04-26 00:00:00.025000+00:00,1.0384e-06
2026-04-26 01:00:00.030000+00:00,-3.3454e-06
2026-04-26 02:00:00.007000+00:00,-1.4295e-06
2026-04-26 03:00:00.050000+00:00,2.843e-07
2026-04-26 04:00:00.032000+00:00,-2.0758e-06
2026-04-26 05:00:00.041000+00:00,-3.7298e-06
2026-04-26 06:00:00.030000+00:00,-7.1243e-06
2026-04-26 07:00:00.026000+00:00,-8.3505e-06
2026-04-26 08:00:00.058000+00:00,7.426e-07
2026-04-26 09:00:00.062000+00:00,2.6049e-06
2026-04-26 10:00:00.065000+00:00,-6.053e-07
2026-04-26 11:00:00.018000+00:00,8.359e-07
2026-04-26 12:00:00.009000+00:00,-8.209e-07
2026-04-26 13:00:00.066000+00:00,1.413e-06
2026-04-26 14:00:00.016000+00:00,-3.1654e-06
2026-04-26 15:00:00.039000+00:00,3.4808e-06
2026-04-26 16:00:00.066000+00:00,-3.871e-07
2026-04-26 17:00:00.052000+00:00,3.1325e-06
2026-04-26 18:00:00.024000+00:00,1.2787e-06
2026-04-26 19:00:00.056000+00:00,-1.5729e-06
2026-04-26 20:00:00.017000+00:00,-3.7689e-06
2026-04-26 21:00:00.054000+00:00,-1.6808e-06
2026-04-26 22:00:00.047000+00:00,-4.608e-06
2026-04-26 23:00:00.060000+00:00,-3.6881e-06
2026-04-27 00:00:00.023000+00:00,1.0363e-06
2026-04-27 01:00:00.035000+00:00,2.7558e-06
2026-04-27 02:00:00.052000+00:00,9.6713e-06
2026-04-27 03:00:00.072000+00:00,1.22448e-05
2026-04-27 04:00:00.041000+00:00,1.25e-05
2026-04-27 05:00:00.055000+00:00,1.25e-05
2026-04-27 06:00:00.007000+00:00,4.7152e-06
2026-04-27 07:00:00.017000+00:00,3.545e-06
2026-04-27 08:00:00.012000+00:00,5.9476e-06
2026-04-27 09:00:00.041000+00:00,5.4043e-06
2026-04-27 10:00:00.013000+00:00,2.1246e-06
2026-04-27 11:00:00.115000+00:00,-1.1868e-06
2026-04-27 12:00:00.058000+00:00,-2.3521e-06
2026-04-27 13:00:00.020000+00:00,-3.4102e-06
2026-04-27 14:00:00.028000+00:00,-3.4301e-06
2026-04-27 15:00:00.022000+00:00,-2.835e-07
2026-04-27 16:00:00.036000+00:00,2.9223e-06
2026-04-27 17:00:00.033000+00:00,1.1908e-06
2026-04-27 18:00:00.033000+00:00,-2.1022e-06
2026-04-27 19:00:00.021000+00:00,-3.2894e-06
2026-04-27 20:00:00.008000+00:00,-1.2887e-06
2026-04-27 21:00:00.011000+00:00,-2.691e-07
2026-04-27 22:00:00.064000+00:00,-2.052e-07
2026-04-27 23:00:00.012000+00:00,3.7979e-06
2026-04-28 00:00:00.035000+00:00,2.5395e-06
2026-04-28 01:00:00.003000+00:00,1.5631e-06
2026-04-28 02:00:00.051000+00:00,-9.31e-07
2026-04-28 03:00:00.044000+00:00,1.2034e-06
2026-04-28 04:00:00.007000+00:00,-9.8337e-06
2026-04-28 05:00:00.034000+00:00,-1.19595e-05
2026-04-28 06:00:00.029000+00:00,-7.366e-06
2026-04-28 07:00:00.063000+00:00,-7.0213e-06
2026-04-28 08:00:00.019000+00:00,-6.1887e-06
2026-04-28 09:00:00.032000+00:00,-2.3387e-06
2026-04-28 10:00:00.023000+00:00,-2.0946e-06
2026-04-28 11:00:00.007000+00:00,2.0579e-06
2026-04-28 12:00:00.016000+00:00,-7.183e-07
2026-04-28 13:00:00.077000+00:00,2.2709e-06
2026-04-28 14:00:00.058000+00:00,4.867e-07
2026-04-28 15:00:00.063000+00:00,-4.0996e-06
2026-04-28 16:00:00.007000+00:00,-2.2344e-06
2026-04-28 17:00:00.070000+00:00,-2.6235e-06
2026-04-28 18:00:00.055000+00:00,-5.4477e-06
2026-04-28 19:00:00.060000+00:00,4.565e-07
2026-04-28 20:00:00.031000+00:00,7.9524e-06
2026-04-28 21:00:00.052000+00:00,-3.5703e-06
2026-04-28 22:00:00.027000+00:00,-3.3856e-06
2026-04-28 23:00:00.042000+00:00,-4.0384e-06
2026-04-29 00:00:00.003000+00:00,-7.153e-07
2026-04-29 01:00:00.025000+00:00,2.0525e-06
2026-04-29 02:00:00+00:00,-6.174e-07
2026-04-29 03:00:00.009000+00:00,2.6965e-06
2026-04-29 04:00:00.032000+00:00,4.7831e-06
2026-04-29 05:00:00.046000+00:00,4.6465e-06
2026-04-29 06:00:00.001000+00:00,-4.5523e-06
2026-04-29 07:00:00.063000+00:00,-3.9592e-06
2026-04-29 08:00:00.030000+00:00,-3.4234e-06
2026-04-29 09:00:00.042000+00:00,-5.0907e-06
2026-04-29 10:00:00.016000+00:00,-4.677e-07
2026-04-29 11:00:00.024000+00:00,-2.225e-06
2026-04-29 12:00:00.054000+00:00,-1.2436e-06
2026-04-29 13:00:00.053000+00:00,-1.4671e-06
2026-04-29 14:00:00.029000+00:00,-2.6518e-06
2026-04-29 15:00:00.047000+00:00,-7.2099e-06
2026-04-29 16:00:00.067000+00:00,-2.6705e-06
2026-04-29 17:00:00.001000+00:00,-3.2971e-06
2026-04-29 18:00:00.043000+00:00,-8.7184e-06
2026-04-29 19:00:00.048000+00:00,-1.647e-06
2026-04-29 20:00:00.001000+00:00,-6.8072e-06
2026-04-29 21:00:00.052000+00:00,-3.8863e-06
2026-04-29 22:00:00.002000+00:00,-3.3501e-06
2026-04-29 23:00:00.061000+00:00,-8.4815e-06
2026-04-30 00:00:00.020000+00:00,-7.6939e-06
2026-04-30 01:00:00.019000+00:00,-5.4207e-06
2026-04-30 02:00:00.044000+00:00,-8.9636e-06
2026-04-30 03:00:00.073000+00:00,-1.10118e-05
2026-04-30 04:00:00.059000+00:00,-9.2211e-06
2026-04-30 05:00:00.030000+00:00,-7.9866e-06
2026-04-30 06:00:00.060000+00:00,-5.0157e-06
2026-04-30 07:00:00.057000+00:00,-1.06562e-05
2026-04-30 08:00:00.072000+00:00,-1.19145e-05
2026-04-30 09:00:00.041000+00:00,-2.5154e-06
2026-04-30 10:00:00.040000+00:00,-2.6631e-06
2026-04-30 11:00:00.009000+00:00,-7.73e-07
2026-04-30 12:00:00.065000+00:00,2.0429e-06
2026-04-30 13:00:00.045000+00:00,6.45e-08
2026-04-30 14:00:00.004000+00:00,-8.0056e-06
2026-04-30 15:00:00.033000+00:00,-7.5082e-06
2026-04-30 16:00:00.003000+00:00,-4.6822e-06
2026-04-30 17:00:00.029000+00:00,-3.2769e-06
2026-04-30 18:00:00.025000+00:00,-5.5263e-06
2026-04-30 19:00:00.030000+00:00,-3.8564e-06
2026-04-30 20:00:00.048000+00:00,-1.5675e-06
2026-04-30 21:00:00.009000+00:00,-7.9828e-06
2026-04-30 22:00:00.010000+00:00,-7.1355e-06
2026-04-30 23:00:00.005000+00:00,-6.6464e-06
2026-05-01 00:00:00.045000+00:00,-6.5466e-06
2026-05-01 01:00:00.040000+00:00,-4.237e-06
2026-05-01 02:00:00.073000+00:00,-8.243e-06
2026-05-01 03:00:00.003000+00:00,-8.8738e-06
2026-05-01 04:00:00.097000+00:00,-4.135e-06
2026-05-01 05:00:00.029000+00:00,-1.5866e-06
2026-05-01 06:00:00.052000+00:00,-1.3748e-06
2026-05-01 07:00:00.028000+00:00,-2.1128e-06
2026-05-01 08:00:00.049000+00:00,-2.7772e-06
2026-05-01 09:00:00.046000+00:00,3.047e-07
2026-05-01 10:00:00.063000+00:00,-2.7768e-06
2026-05-01 11:00:00.046000+00:00,-1.7251e-06
2026-05-01 12:00:00.012000+00:00,-6.871e-07
2026-05-01 13:00:00.028000+00:00,3.532e-06
2026-05-01 14:00:00.051000+00:00,-3.8173e-06
2026-05-01 15:00:00.002000+00:00,-5.7495e-06
2026-05-01 16:00:00.055000+00:00,-2.0889e-06
2026-05-01 17:00:00.055000+00:00,-6.5769e-06
2026-05-01 18:00:00.043000+00:00,-1.38071e-05
2026-05-01 19:00:00.031000+00:00,-7.7993e-06
2026-05-01 20:00:00.011000+00:00,-7.1008e-06
2026-05-01 21:00:00.059000+00:00,-1.03256e-05
2026-05-01 22:00:00.054000+00:00,-7.2739e-06
2026-05-01 23:00:00.002000+00:00,-1.31262e-05
2026-05-02 00:00:00.010000+00:00,-1.26031e-05
2026-05-02 01:00:00.070000+00:00,-9.8398e-06
2026-05-02 02:00:00.056000+00:00,-1.42214e-05
2026-05-02 03:00:00.038000+00:00,-1.01361e-05
2026-05-02 04:00:00.019000+00:00,-1.23411e-05
2026-05-02 05:00:00.004000+00:00,-4.6555e-06
2026-05-02 06:00:00.040000+00:00,-5.9384e-06
2026-05-02 07:00:00.044000+00:00,-7.6856e-06
2026-05-02 08:00:00.031000+00:00,5.2127e-06
2026-05-02 09:00:00.002000+00:00,-2.802e-07
2026-05-02 10:00:00.010000+00:00,1.6791e-06
2026-05-02 11:00:00.041000+00:00,-2.5227e-06
2026-05-02 12:00:00.048000+00:00,-3.3468e-06
2026-05-02 13:00:00.017000+00:00,-1.8186e-06
2026-05-02 14:00:00.025000+00:00,1.6573e-06
2026-05-02 15:00:00.021000+00:00,4.214e-07
2026-05-02 16:00:00.033000+00:00,4.2198e-06
2026-05-02 17:00:00.048000+00:00,1.5202e-06
2026-05-02 18:00:00.025000+00:00,-3.45e-08
2026-05-02 19:00:00.038000+00:00,1.9684e-06
2026-05-02 20:00:00.064000+00:00,2.2939e-06
2026-05-02 21:00:00.020000+00:00,2.3624e-06
2026-05-02 22:00:00+00:00,-5.935e-07
2026-05-02 23:00:00.067000+00:00,-1.256e-06
2026-05-03 00:00:00.049000+00:00,-8.2122e-06
2026-05-03 01:00:00.025000+00:00,-4.8784e-06
2026-05-03 02:00:00.016000+00:00,-4.0708e-06
2026-05-03 03:00:00.053000+00:00,-1.14663e-05
2026-05-03 04:00:00.034000+00:00,-1.33558e-05
2026-05-03 05:00:00.010000+00:00,-1.29154e-05
2026-05-03 06:00:00.024000+00:00,-1.06563e-05
2026-05-03 07:00:00.004000+00:00,-9.67e-06
2026-05-03 08:00:00.037000+00:00,-1.17677e-05
2026-05-03 09:00:00.018000+00:00,-3.5211e-06
2026-05-03 10:00:00.038000+00:00,-2.08e-06
2026-05-03 11:00:00.052000+00:00,-1.0273e-06
2026-05-03 12:00:00.047000+00:00,5.5391e-06
2026-05-03 13:00:00.005000+00:00,-1.5474e-06
2026-05-03 14:00:00.027000+00:00,-4.6389e-06
2026-05-03 15:00:00.059000+00:00,-3.1565e-06
2026-05-03 16:00:00.054000+00:00,-3.58e-08
2026-05-03 17:00:00.044000+00:00,2.818e-07
2026-05-03 18:00:00.060000+00:00,-2.5418e-06
2026-05-03 19:00:00.014000+00:00,-5.8411e-06
2026-05-03 20:00:00.040000+00:00,-5.4834e-06
2026-05-03 21:00:00.037000+00:00,-7.729e-07
2026-05-03 22:00:00.024000+00:00,2.7386e-06
2026-05-03 23:00:00.039000+00:00,1.20482e-05
2026-05-04 00:00:00.030000+00:00,3.6878e-06
2026-05-04 01:00:00.063000+00:00,3.6419e-06
2026-05-04 02:00:00.059000+00:00,1.4618e-06
2026-05-04 03:00:00.012000+00:00,3.3443e-06
2026-05-04 04:00:00.014000+00:00,1.25e-05
2026-05-04 05:00:00.025000+00:00,1.06763e-05
2026-05-04 06:00:00.035000+00:00,3.164e-07
2026-05-04 07:00:00.001000+00:00,4.9013e-06
2026-05-04 08:00:00.065000+00:00,1.0444e-06
2026-05-04 09:00:00.015000+00:00,1.9227e-06
2026-05-04 10:00:00.011000+00:00,7.206e-06
2026-05-04 11:00:00.065000+00:00,-1.22234e-05
2026-05-04 12:00:00.066000+00:00,-1.21772e-05
2026-05-04 13:00:00.032000+00:00,-7.7962e-06
2026-05-04 14:00:00.079000+00:00,-9.3372e-06
2026-05-04 15:00:00.062000+00:00,-4.4093e-06
2026-05-04 16:00:00.030000+00:00,-9.2768e-06
2026-05-04 17:00:00.041000+00:00,-1.24972e-05
2026-05-04 18:00:00.053000+00:00,-7.1241e-06
2026-05-04 19:00:00.037000+00:00,4.1539e-06
2026-05-04 20:00:00.060000+00:00,-5.701e-07
2026-05-04 21:00:00.052000+00:00,-3.581e-06
2026-05-04 22:00:00.075000+00:00,-2.9221e-06
2026-05-04 23:00:00.055000+00:00,1.768e-07
2026-05-05 00:00:00.021000+00:00,-1.7515e-06
2026-05-05 01:00:00.040000+00:00,4.2668e-06
2026-05-05 02:00:00.044000+00:00,2.0791e-06
2026-05-05 03:00:00.039000+00:00,-1.0085e-06
2026-05-05 04:00:00.016000+00:00,4.9824e-06
2026-05-05 05:00:00.057000+00:00,3.1548e-06
2026-05-05 06:00:00.006000+00:00,5.1674e-06
2026-05-05 07:00:00.052000+00:00,2.7699e-06
2026-05-05 08:00:00.055000+00:00,8.2812e-06
2026-05-05 09:00:00.016000+00:00,1.25e-05
2026-05-05 10:00:00.002000+00:00,1.25e-05
2026-05-05 11:00:00.054000+00:00,1.25e-05
2026-05-05 12:00:00.025000+00:00,1.25e-05
2026-05-05 13:00:00.065000+00:00,1.25e-05
2026-05-05 14:00:00.022000+00:00,1.25e-05
2026-05-05 15:00:00.017000+00:00,4.6001e-06
2026-05-05 16:00:00.028000+00:00,6.8145e-06
2026-05-05 17:00:00.003000+00:00,5.0746e-06
2026-05-05 18:00:00.061000+00:00,3.378e-06
2026-05-05 19:00:00.036000+00:00,5.3991e-06
2026-05-05 20:00:00.001000+00:00,3.0438e-06
2026-05-05 21:00:00.044000+00:00,8.1162e-06
2026-05-05 22:00:00.066000+00:00,1.25e-05
2026-05-05 23:00:00.056000+00:00,1.25e-05
2026-05-06 00:00:00.026000+00:00,1.25e-05
2026-05-06 01:00:00.002000+00:00,5.3439e-06
2026-05-06 02:00:00.010000+00:00,-2.561e-07
2026-05-06 03:00:00.061000+00:00,7.252e-07
2026-05-06 04:00:00.067000+00:00,3.2518e-06
2026-05-06 05:00:00.011000+00:00,2.1386e-06
2026-05-06 06:00:00.051000+00:00,9.0599e-06
2026-05-06 07:00:00.046000+00:00,1.25e-05
2026-05-06 08:00:00.014000+00:00,1.25e-05
2026-05-06 09:00:00.029000+00:00,1.25e-05
2026-05-06 10:00:00.058000+00:00,1.25e-05
2026-05-06 11:00:00.012000+00:00,1.6571e-06
2026-05-06 12:00:00.046000+00:00,1.25e-05
2026-05-06 13:00:00.027000+00:00,1.18827e-05
2026-05-06 14:00:00.062000+00:00,-1.9746e-06
2026-05-06 15:00:00.012000+00:00,-6.6753e-06
2026-05-06 16:00:00.063000+00:00,-4.0913e-06
2026-05-06 17:00:00.019000+00:00,-3.4138e-06
2026-05-06 18:00:00.065000+00:00,-1.31852e-05
2026-05-06 19:00:00.068000+00:00,-7.1047e-06
2026-05-06 20:00:00.077000+00:00,-1.06623e-05
2026-05-06 21:00:00.026000+00:00,-1.35186e-05
2026-05-06 22:00:00.045000+00:00,-1.17337e-05
2026-05-06 23:00:00+00:00,-1.4108e-05
2026-05-07 00:00:00.059000+00:00,-1.65116e-05
2026-05-07 01:00:00.065000+00:00,-1.26416e-05
2026-05-07 02:00:00.043000+00:00,-9.7013e-06
2026-05-07 03:00:00.030000+00:00,-8.076e-06
2026-05-07 04:00:00.026000+00:00,-1.13104e-05
2026-05-07 05:00:00.051000+00:00,-1.18778e-05
2026-05-07 06:00:00.013000+00:00,-1.09381e-05
2026-05-07 07:00:00.061000+00:00,-6.4175e-06
2026-05-07 08:00:00.060000+00:00,-1.04163e-05
2026-05-07 09:00:00.013000+00:00,-7.2362e-06
2026-05-07 10:00:00.020000+00:00,-1.58621e-05
2026-05-07 11:00:00.037000+00:00,-7.5186e-06
2026-05-07 12:00:00.009000+00:00,3.0408e-06
2026-05-07 13:00:00.041000+00:00,-4.5855e-06
2026-05-07 14:00:00.079000+00:00,-8.0626e-06
2026-05-07 15:00:00.021000+00:00,-7.6458e-06
2026-05-07 16:00:00.044000+00:00,4.6574e-06
2026-05-07 17:00:00.070000+00:00,5.841e-07
2026-05-07 18:00:00.001000+00:00,5.2098e-06
2026-05-07 19:00:00.025000+00:00,7.3056e-06
2026-05-07 20:00:00.029000+00:00,3.5455e-06
2026-05-07 21:00:00.026000+00:00,1.4981e-06
2026-05-07 22:00:00.025000+00:00,2.1185e-06
2026-05-07 23:00:00.057000+00:00,3.656e-06
2026-05-08 00:00:00.069000+00:00,1.0404e-06
2026-05-08 01:00:00.002000+00:00,4.0728e-06
2026-05-08 02:00:00.026000+00:00,-2.9793e-06
2026-05-08 03:00:00.048000+00:00,1.5167e-06
2026-05-08 04:00:00.023000+00:00,3.0696e-06
2026-05-08 05:00:00.023000+00:00,6.5089e-06
2026-05-08 06:00:00.012000+00:00,4.9908e-06
2026-05-08 07:00:00.012000+00:00,1.9605e-06
2026-05-08 08:00:00.002000+00:00,5.7625e-06
2026-05-08 09:00:00.038000+00:00,-5.8101e-06
2026-05-08 10:00:00.074000+00:00,3.8916e-06
2026-05-08 11:00:00.003000+00:00,2.5031e-06
2026-05-08 12:00:00.055000+00:00,2.224e-06
2026-05-08 13:00:00.029000+00:00,2.2745e-06
2026-05-08 14:00:00.050000+00:00,7.4881e-06
2026-05-08 15:00:00.064000+00:00,2.3055e-06
2026-05-08 16:00:00.018000+00:00,1.8612e-06
2026-05-08 17:00:00.053000+00:00,5.873e-07
2026-05-08 18:00:00.064000+00:00,1.19085e-05
2026-05-08 19:00:00.038000+00:00,2.7921e-06
2026-05-08 20:00:00.043000+00:00,5.931e-06
2026-05-08 21:00:00.041000+00:00,1.25e-05
2026-05-08 22:00:00.054000+00:00,1.25e-05
2026-05-08 23:00:00.009000+00:00,1.25e-05
2026-05-09 00:00:00+00:00,1.25e-05
2026-05-09 01:00:00.009000+00:00,1.25e-05
2026-05-09 02:00:00.018000+00:00,1.25e-05
2026-05-09 03:00:00.006000+00:00,1.25e-05
2026-05-09 04:00:00.003000+00:00,1.25e-05
2026-05-09 05:00:00.047000+00:00,1.25e-05
2026-05-09 06:00:00.038000+00:00,1.25e-05
2026-05-09 07:00:00.036000+00:00,1.25e-05
2026-05-09 08:00:00.024000+00:00,1.25e-05
2026-05-09 09:00:00.062000+00:00,1.25e-05
2026-05-09 10:00:00.026000+00:00,1.25e-05
2026-05-09 11:00:00.050000+00:00,1.25e-05
2026-05-09 12:00:00.059000+00:00,1.25e-05
2026-05-09 13:00:00+00:00,1.25e-05
2026-05-09 14:00:00.040000+00:00,1.25e-05
2026-05-09 15:00:00.053000+00:00,1.25e-05
2026-05-09 16:00:00.017000+00:00,1.25e-05
2026-05-09 17:00:00.001000+00:00,8.2998e-06
2026-05-09 18:00:00.017000+00:00,1.2138e-05
2026-05-09 19:00:00.018000+00:00,9.7992e-06
2026-05-09 20:00:00.068000+00:00,7.2131e-06
2026-05-09 21:00:00.051000+00:00,1.25e-05
2026-05-09 22:00:00.008000+00:00,1.25e-05
2026-05-09 23:00:00.025000+00:00,1.25e-05
2026-05-10 00:00:00.032000+00:00,1.25e-05
2026-05-10 01:00:00.048000+00:00,1.21161e-05
2026-05-10 02:00:00.005000+00:00,1.00067e-05
2026-05-10 03:00:00.065000+00:00,1.25e-05
2026-05-10 04:00:00.039000+00:00,9.3326e-06
2026-05-10 05:00:00.002000+00:00,1.0332e-05
2026-05-10 06:00:00.045000+00:00,1.17246e-05
2026-05-10 07:00:00.044000+00:00,1.11404e-05
2026-05-10 08:00:00.015000+00:00,1.25e-05
2026-05-10 09:00:00.013000+00:00,1.25e-05
2026-05-10 10:00:00.065000+00:00,1.25e-05
2026-05-10 11:00:00+00:00,1.25e-05
2026-05-10 12:00:00.050000+00:00,1.25e-05
2026-05-10 13:00:00.020000+00:00,1.25e-05
2026-05-10 14:00:00.012000+00:00,1.25e-05
2026-05-10 15:00:00.019000+00:00,1.25e-05
2026-05-10 16:00:00.019000+00:00,1.25e-05
2026-05-10 17:00:00.006000+00:00,1.25e-05
2026-05-10 18:00:00.007000+00:00,1.25e-05
2026-05-10 19:00:00.038000+00:00,1.25e-05
2026-05-10 20:00:00.068000+00:00,1.25e-05
2026-05-10 21:00:00.002000+00:00,1.25e-05
2026-05-10 22:00:00.042000+00:00,1.25e-05
2026-05-10 23:00:00.083000+00:00,1.25e-05
2026-05-11 00:00:00.028000+00:00,1.25e-05
2026-05-11 01:00:00.001000+00:00,1.25e-05
2026-05-11 02:00:00.074000+00:00,1.25e-05
2026-05-11 03:00:00.051000+00:00,1.25e-05
2026-05-11 04:00:00.063000+00:00,1.25e-05
2026-05-11 05:00:00.064000+00:00,1.25e-05
2026-05-11 06:00:00.017000+00:00,1.25e-05
2026-05-11 07:00:00.034000+00:00,1.25e-05
2026-05-11 08:00:00.079000+00:00,1.25e-05
2026-05-11 09:00:00.051000+00:00,1.25e-05
2026-05-11 10:00:00.007000+00:00,1.25e-05
2026-05-11 11:00:00.059000+00:00,1.25e-05
2026-05-11 12:00:00.038000+00:00,1.25e-05
2026-05-11 13:00:00.052000+00:00,1.25e-05
2026-05-11 14:00:00.014000+00:00,1.25e-05
2026-05-11 15:00:00.033000+00:00,1.25e-05
2026-05-11 16:00:00.025000+00:00,1.25e-05
2026-05-11 17:00:00.005000+00:00,1.25e-05
2026-05-11 18:00:00.015000+00:00,1.25e-05
2026-05-11 19:00:00.033000+00:00,1.25e-05
2026-05-11 20:00:00.044000+00:00,1.25e-05
2026-05-11 21:00:00.034000+00:00,1.25e-05
2026-05-11 22:00:00.039000+00:00,1.25e-05
2026-05-11 23:00:00.005000+00:00,1.25e-05
2026-05-12 00:00:00.040000+00:00,1.25e-05
2026-05-12 01:00:00.019000+00:00,1.25e-05
2026-05-12 02:00:00.065000+00:00,1.25e-05
2026-05-12 03:00:00.018000+00:00,1.25e-05
2026-05-12 04:00:00.027000+00:00,1.25e-05
2026-05-12 05:00:00.020000+00:00,1.25e-05
2026-05-12 06:00:00.058000+00:00,1.25e-05
2026-05-12 07:00:00.008000+00:00,1.25e-05
2026-05-12 08:00:00.010000+00:00,1.25e-05
2026-05-12 09:00:00.005000+00:00,1.25e-05
2026-05-12 10:00:00.036000+00:00,1.25e-05
2026-05-12 11:00:00.001000+00:00,1.25e-05
2026-05-12 12:00:00.020000+00:00,1.11386e-05
2026-05-12 13:00:00.033000+00:00,1.23736e-05
2026-05-12 14:00:00.005000+00:00,1.25e-05
2026-05-12 15:00:00.008000+00:00,-6.3593e-06
2026-05-12 16:00:00.023000+00:00,-1.61558e-05
2026-05-12 17:00:00.037000+00:00,-1.7516e-06
2026-05-12 18:00:00.037000+00:00,6.1943e-06
2026-05-12 19:00:00.061000+00:00,3.9096e-06
2026-05-12 20:00:00.021000+00:00,1.3919e-06
2026-05-12 21:00:00.063000+00:00,-3.7438e-06
2026-05-12 22:00:00.054000+00:00,1.3646e-06
2026-05-12 23:00:00.054000+00:00,1.7426e-06
2026-05-13 00:00:00.016000+00:00,-3.4266e-06
2026-05-13 01:00:00.036000+00:00,5.625e-06
2026-05-13 02:00:00.050000+00:00,5.0567e-06
2026-05-13 03:00:00.058000+00:00,1.02112e-05
2026-05-13 04:00:00.066000+00:00,1.25e-05
2026-05-13 05:00:00.005000+00:00,1.2273e-05
2026-05-13 06:00:00.016000+00:00,1.25e-05
2026-05-13 07:00:00.003000+00:00,1.25e-05
2026-05-13 08:00:00.046000+00:00,1.25e-05
2026-05-13 09:00:00.025000+00:00,1.25e-05
2026-05-13 10:00:00.006000+00:00,1.03075e-05
2026-05-13 11:00:00.013000+00:00,1.25e-05
2026-05-13 12:00:00.048000+00:00,7.809e-06
2026-05-13 13:00:00.052000+00:00,4.655e-06
2026-05-13 14:00:00.024000+00:00,2.4564e-06
2026-05-13 15:00:00.005000+00:00,-3.6012e-06
2026-05-13 16:00:00.041000+00:00,-1.1831e-05
2026-05-13 17:00:00.031000+00:00,-4.2513e-06
2026-05-13 18:00:00.014000+00:00,-6.3356e-06
2026-05-13 19:00:00.037000+00:00,-6.1538e-06
2026-05-13 20:00:00.043000+00:00,-2.4023e-06
2026-05-13 21:00:00.045000+00:00,3.7742e-06
2026-05-13 22:00:00.004000+00:00,-4.3024e-06
2026-05-13 23:00:00.051000+00:00,3.068e-07
2026-05-14 00:00:00.062000+00:00,4.4122e-06
2026-05-14 01:00:00.013000+00:00,4.2724e-06
2026-05-14 02:00:00.012000+00:00,3.7211e-06
2026-05-14 03:00:00.011000+00:00,1.0646e-06
2026-05-14 04:00:00.047000+00:00,1.0715e-06
2026-05-14 05:00:00.013000+00:00,-1.0671e-05
2026-05-14 06:00:00.014000+00:00,2.103e-07
2026-05-14 07:00:00.043000+00:00,4.1409e-06
2026-05-14 08:00:00.035000+00:00,1.0319e-06
2026-05-14 09:00:00.066000+00:00,6.5585e-06
2026-05-14 10:00:00+00:00,5.2407e-06
2026-05-14 11:00:00.034000+00:00,1.3633e-06
2026-05-14 12:00:00.001000+00:00,8.9375e-06
2026-05-14 13:00:00.032000+00:00,7.8616e-06
2026-05-14 14:00:00.002000+00:00,6.5492e-06
2026-05-14 15:00:00.003000+00:00,8.8286e-06
2026-05-14 16:00:00.047000+00:00,1.02434e-05
2026-05-14 17:00:00.043000+00:00,1.25e-05
2026-05-14 18:00:00.066000+00:00,1.25e-05
2026-05-14 19:00:00.050000+00:00,1.25e-05
2026-05-14 20:00:00.004000+00:00,1.25e-05
2026-05-14 21:00:00.042000+00:00,1.25e-05
2026-05-14 22:00:00.026000+00:00,1.25e-05
2026-05-14 23:00:00.062000+00:00,1.25e-05
2026-05-15 00:00:00.071000+00:00,9.5053e-06
2026-05-15 01:00:00.009000+00:00,1.25e-05
2026-05-15 02:00:00.030000+00:00,1.0484e-05
2026-05-15 03:00:00.043000+00:00,3.0569e-06
2026-05-15 04:00:00.003000+00:00,1.00715e-05
2026-05-15 05:00:00.001000+00:00,3.1026e-06
2026-05-15 06:00:00.044000+00:00,-4.9829e-06
2026-05-15 07:00:00.034000+00:00,4.3802e-06
2026-05-15 08:00:00.064000+00:00,4.858e-06
2026-05-15 09:00:00.005000+00:00,4.5378e-06
2026-05-15 10:00:00.060000+00:00,4.0916e-06
2026-05-15 11:00:00.038000+00:00,5.0218e-06
2026-05-15 12:00:00.064000+00:00,3.2771e-06
2026-05-15 13:00:00.023000+00:00,-1.543e-07
2026-05-15 14:00:00.006000+00:00,-1.11435e-05
2026-05-15 15:00:00.044000+00:00,-5.288e-06
2026-05-15 16:00:00.007000+00:00,2.6746e-06
2026-05-15 17:00:00.060000+00:00,4.0192e-06
2026-05-15 18:00:00.019000+00:00,-3.786e-07
2026-05-15 19:00:00.018000+00:00,-2.7634e-06
2026-05-15 20:00:00.015000+00:00,-7.069e-06
2026-05-15 21:00:00.028000+00:00,-5.1728e-06
2026-05-15 22:00:00.049000+00:00,-2.1196e-06
2026-05-15 23:00:00.060000+00:00,-1.26184e-05
2026-05-16 00:00:00.027000+00:00,-1.06194e-05
2026-05-16 01:00:00.021000+00:00,-5.1304e-06
2026-05-16 02:00:00.038000+00:00,-9.9659e-06
2026-05-16 03:00:00.011000+00:00,-8.9688e-06
2026-05-16 04:00:00.008000+00:00,-7.3518e-06
2026-05-16 05:00:00.023000+00:00,-1.67081e-05
2026-05-16 06:00:00.064000+00:00,-1.20461e-05
2026-05-16 07:00:00.006000+00:00,-2.08823e-05
2026-05-16 08:00:00.011000+00:00,-2.13013e-05
2026-05-16 09:00:00.078000+00:00,-1.8661e-05
2026-05-16 10:00:00.062000+00:00,-2.2727e-05
2026-05-16 11:00:00.002000+00:00,-2.11258e-05
2026-05-16 12:00:00.005000+00:00,-1.0443e-05
2026-05-16 13:00:00.061000+00:00,-1.52793e-05
2026-05-16 14:00:00.057000+00:00,-1.0289e-05
2026-05-16 15:00:00.025000+00:00,-4.5317e-06
2026-05-16 16:00:00.094000+00:00,-3.1308e-06
2026-05-16 17:00:00.048000+00:00,-4.8343e-06
2026-05-16 18:00:00.018000+00:00,-4.9979e-06
2026-05-16 19:00:00.075000+00:00,-6.149e-06
2026-05-16 20:00:00.048000+00:00,-1.6531e-06
2026-05-16 21:00:00.049000+00:00,-4.3441e-06
2026-05-16 22:00:00.029000+00:00,-8.1297e-06
2026-05-16 23:00:00.023000+00:00,-6.9112e-06
2026-05-17 00:00:00.019000+00:00,-4.8024e-06
2026-05-17 01:00:00.017000+00:00,-1.09726e-05
2026-05-17 02:00:00.062000+00:00,-9.0697e-06
2026-05-17 03:00:00.038000+00:00,-7.3024e-06
2026-05-17 04:00:00.049000+00:00,-6.5674e-06
2026-05-17 05:00:00.018000+00:00,-5.4607e-06
2026-05-17 06:00:00.056000+00:00,-2.8441e-06
2026-05-17 07:00:00.051000+00:00,-3.3432e-06
2026-05-17 08:00:00.048000+00:00,3.419e-07
2026-05-17 09:00:00.010000+00:00,3.5665e-06
2026-05-17 10:00:00.039000+00:00,1.8022e-06
2026-05-17 11:00:00.016000+00:00,3.9452e-06
2026-05-17 12:00:00.014000+00:00,4.4255e-06
2026-05-17 13:00:00.031000+00:00,7.0435e-06
2026-05-17 14:00:00.058000+00:00,4.951e-07
2026-05-17 15:00:00.036000+00:00,-1.694e-06
2026-05-17 16:00:00.030000+00:00,5.1349e-06
2026-05-17 17:00:00.025000+00:00,2.2765e-06
2026-05-17 18:00:00.010000+00:00,-7.022e-07
2026-05-17 19:00:00.032000+00:00,-3.2386e-06
2026-05-17 20:00:00.020000+00:00,5.3431e-06
2026-05-17 21:00:00.040000+00:00,3.6073e-06
2026-05-17 22:00:00.040000+00:00,6.5518e-06
2026-05-17 23:00:00.035000+00:00,7.9845e-06
2026-05-18 00:00:00.029000+00:00,-3.3948e-06
2026-05-18 01:00:00.063000+00:00,-1.11232e-05
2026-05-18 02:00:00.013000+00:00,-7.7719e-06
2026-05-18 03:00:00.036000+00:00,-7.3026e-06
2026-05-18 04:00:00.064000+00:00,-7.6444e-06
2026-05-18 05:00:00.001000+00:00,-3.2811e-06
2026-05-18 06:00:00.055000+00:00,-1.2641e-06
2026-05-18 07:00:00.056000+00:00,-1.36422e-05
2026-05-18 08:00:00.006000+00:00,-1.42656e-05
2026-05-18 09:00:00.014000+00:00,-1.41876e-05
2026-05-18 10:00:00.046000+00:00,-7.1437e-06
2026-05-18 11:00:00.036000+00:00,-9.3488e-06
2026-05-18 12:00:00.049000+00:00,-6.8834e-06
2026-05-18 13:00:00.017000+00:00,-8.8233e-06
2026-05-18 14:00:00.012000+00:00,-1.8188e-05
2026-05-18 15:00:00.010000+00:00,-1.99731e-05
2026-05-18 16:00:00.018000+00:00,-1.11505e-05
2026-05-18 17:00:00.058000+00:00,-1.15426e-05
2026-05-18 18:00:00.004000+00:00,-9.1615e-06
2026-05-18 19:00:00.025000+00:00,-1.49095e-05
2026-05-18 20:00:00.028000+00:00,-5.7095e-06
2026-05-18 21:00:00.056000+00:00,-3.8218e-06
2026-05-18 22:00:00.030000+00:00,2.3236e-06
2026-05-18 23:00:00.051000+00:00,-6.673e-07
2026-05-19 00:00:00.076000+00:00,-1.14907e-05
2026-05-19 01:00:00.068000+00:00,2.075e-07
2026-05-19 02:00:00.015000+00:00,2.8033e-06
2026-05-19 03:00:00.011000+00:00,-1.1169e-06
2026-05-19 04:00:00.005000+00:00,-8.8e-09
2026-05-19 05:00:00.006000+00:00,-7.891e-07
2026-05-19 06:00:00.005000+00:00,-1.872e-07
2026-05-19 07:00:00.011000+00:00,-5.5592e-06
2026-05-19 08:00:00.002000+00:00,2.5475e-06
2026-05-19 09:00:00.038000+00:00,-2.959e-06
2026-05-19 10:00:00.119000+00:00,-3.9862e-06
2026-05-19 11:00:00.046000+00:00,-4.863e-06
2026-05-19 12:00:00.006000+00:00,-2.2387e-06
2026-05-19 13:00:00.004000+00:00,-7.5051e-06
2026-05-19 14:00:00.046000+00:00,-1.959e-07
2026-05-19 15:00:00.024000+00:00,-5.5086e-06
2026-05-19 16:00:00.021000+00:00,-4.5138e-06
2026-05-19 17:00:00.012000+00:00,4.8712e-06
2026-05-19 18:00:00.033000+00:00,1.13546e-05
2026-05-19 19:00:00.016000+00:00,9.3288e-06
2026-05-19 20:00:00.064000+00:00,8.9059e-06
2026-05-19 21:00:00.051000+00:00,1.25e-05
2026-05-19 22:00:00.037000+00:00,1.25e-05
2026-05-19 23:00:00.001000+00:00,7.4291e-06
2026-05-20 00:00:00.009000+00:00,1.0548e-05
2026-05-20 01:00:00.030000+00:00,9.2375e-06
2026-05-20 02:00:00.030000+00:00,1.25e-05
2026-05-20 03:00:00.073000+00:00,1.25e-05
2026-05-20 04:00:00.039000+00:00,1.25e-05
2026-05-20 05:00:00.020000+00:00,4.6723e-06
2026-05-20 06:00:00.034000+00:00,1.08117e-05
2026-05-20 07:00:00.054000+00:00,1.25e-05
2026-05-20 08:00:00.081000+00:00,1.4177e-06
2026-05-20 09:00:00.011000+00:00,1.805e-07
2026-05-20 10:00:00.027000+00:00,3.0769e-06
2026-05-20 11:00:00.044000+00:00,6.3083e-06
2026-05-20 12:00:00.039000+00:00,3.2794e-06
2026-05-20 13:00:00.022000+00:00,1.00622e-05
2026-05-20 14:00:00.022000+00:00,1.8535e-06
2026-05-20 15:00:00.052000+00:00,3.6344e-06
2026-05-20 16:00:00.041000+00:00,1.25e-05
2026-05-20 17:00:00.014000+00:00,-7.22e-08
2026-05-20 18:00:00.030000+00:00,2.6609e-06
2026-05-20 19:00:00.047000+00:00,-9.86e-08
2026-05-20 20:00:00.014000+00:00,2.4475e-06
2026-05-20 21:00:00.054000+00:00,2.6423e-06
2026-05-20 22:00:00.084000+00:00,1.7453e-06
2026-05-20 23:00:00.041000+00:00,-6.841e-07
2026-05-21 00:00:00.086000+00:00,2.501e-07
2026-05-21 01:00:00+00:00,5.4974e-06
2026-05-21 02:00:00.020000+00:00,9.0438e-06
2026-05-21 03:00:00.062000+00:00,5.491e-06
2026-05-21 04:00:00.053000+00:00,7.2902e-06
2026-05-21 05:00:00.042000+00:00,1.04498e-05
2026-05-21 06:00:00.049000+00:00,2.9369e-06
2026-05-21 07:00:00.047000+00:00,7.3191e-06
2026-05-21 08:00:00.055000+00:00,1.19008e-05
2026-05-21 09:00:00.023000+00:00,8.4143e-06
2026-05-21 10:00:00.064000+00:00,9.9995e-06
2026-05-21 11:00:00.033000+00:00,6.3394e-06
2026-05-21 12:00:00.034000+00:00,4.7551e-06
2026-05-21 13:00:00.045000+00:00,4.446e-07
2026-05-21 14:00:00.050000+00:00,5.721e-07
2026-05-21 15:00:00.017000+00:00,-5.585e-07
2026-05-21 16:00:00.025000+00:00,-5.629e-07
2026-05-21 17:00:00+00:00,-1.0045e-06
2026-05-21 18:00:00.024000+00:00,3.3126e-06
2026-05-21 19:00:00.021000+00:00,1.035e-06
2026-05-21 20:00:00.036000+00:00,-7.235e-07
2026-05-21 21:00:00.011000+00:00,7.8306e-06
2026-05-21 22:00:00.008000+00:00,1.6544e-06
2026-05-21 23:00:00.065000+00:00,3.239e-06
2026-05-22 00:00:00.060000+00:00,7.4959e-06
2026-05-22 01:00:00.003000+00:00,3.4525e-06
2026-05-22 02:00:00.021000+00:00,5.115e-06
2026-05-22 03:00:00.022000+00:00,6.2336e-06
2026-05-22 04:00:00.017000+00:00,3.3687e-06
2026-05-22 05:00:00.023000+00:00,7.5603e-06
2026-05-22 06:00:00.051000+00:00,2.9908e-06
2026-05-22 07:00:00.006000+00:00,-4.0434e-06
2026-05-22 08:00:00.011000+00:00,-4.308e-06
2026-05-22 09:00:00.045000+00:00,-1.29435e-05
2026-05-22 10:00:00.026000+00:00,-1.35472e-05
2026-05-22 11:00:00.051000+00:00,-1.04337e-05
2026-05-22 12:00:00.027000+00:00,-5.5788e-06
2026-05-22 13:00:00.050000+00:00,-6.5371e-06
2026-05-22 14:00:00.017000+00:00,-4.3729e-06
2026-05-22 15:00:00.066000+00:00,-1.02754e-05
2026-05-22 16:00:00.062000+00:00,-5.8608e-06
2026-05-22 17:00:00.029000+00:00,-2.5856e-06
2026-05-22 18:00:00.016000+00:00,-7.2171e-06
2026-05-22 19:00:00.007000+00:00,-1.48919e-05
2026-05-22 20:00:00.011000+00:00,-1.05754e-05
2026-05-22 21:00:00.002000+00:00,-1.06485e-05
2026-05-22 22:00:00+00:00,-5.5094e-06
2026-05-22 23:00:00.031000+00:00,-8.4434e-06
2026-05-23 00:00:00.006000+00:00,-9.4621e-06
2026-05-23 01:00:00.002000+00:00,-1.22466e-05
2026-05-23 02:00:00.041000+00:00,-1.3506e-06
2026-05-23 03:00:00.019000+00:00,-6.7848e-06
2026-05-23 04:00:00.053000+00:00,-4.2447e-06
2026-05-23 05:00:00.048000+00:00,-7.4126e-06
2026-05-23 06:00:00.036000+00:00,-4.1166e-06
2026-05-23 07:00:00.066000+00:00,-8.9187e-06
2026-05-23 08:00:00.034000+00:00,-2.12607e-05
2026-05-23 09:00:00.067000+00:00,-1.84417e-05
2026-05-23 10:00:00.023000+00:00,-1.72795e-05
2026-05-23 11:00:00.030000+00:00,-1.89883e-05
2026-05-23 12:00:00.039000+00:00,-2.10958e-05
2026-05-23 13:00:00.035000+00:00,-1.38839e-05
2026-05-23 14:00:00.062000+00:00,-1.13303e-05
2026-05-23 15:00:00.004000+00:00,-4.1292e-06
2026-05-23 16:00:00.017000+00:00,-9.4608e-06
2026-05-23 17:00:00.014000+00:00,-3.703e-06
2026-05-23 18:00:00.068000+00:00,-9.2901e-06
2026-05-23 19:00:00.020000+00:00,5.1266e-06
2026-05-23 20:00:00.058000+00:00,4.726e-06
2026-05-23 21:00:00.077000+00:00,9.3619e-06
2026-05-23 22:00:00.025000+00:00,4.2543e-06
2026-05-23 23:00:00.064000+00:00,1.3783e-06
2026-05-24 00:00:00.038000+00:00,-5.7489e-06
2026-05-24 01:00:00.045000+00:00,-1.5585e-06
2026-05-24 02:00:00.010000+00:00,-1.4945e-06
2026-05-24 03:00:00.005000+00:00,-9.578e-07
2026-05-24 04:00:00.011000+00:00,6.2068e-06
2026-05-24 05:00:00.055000+00:00,7.0829e-06
2026-05-24 06:00:00.049000+00:00,3.3969e-06
2026-05-24 07:00:00.038000+00:00,8.3381e-06
2026-05-24 08:00:00.034000+00:00,7.3778e-06
2026-05-24 09:00:00.048000+00:00,7.9695e-06
2026-05-24 10:00:00.040000+00:00,1.09903e-05
2026-05-24 11:00:00.057000+00:00,5.2435e-06
2026-05-24 12:00:00.043000+00:00,4.105e-07
2026-05-24 13:00:00.052000+00:00,1.2457e-06
2026-05-24 14:00:00.052000+00:00,7.156e-07
2026-05-24 15:00:00.032000+00:00,7.2802e-06
2026-05-24 16:00:00.024000+00:00,3.0156e-06
2026-05-24 17:00:00.003000+00:00,6.3657e-06
2026-05-24 18:00:00.030000+00:00,6.4882e-06
2026-05-24 19:00:00.041000+00:00,6.06e-06
2026-05-24 20:00:00+00:00,3.3471e-06
2026-05-24 21:00:00.064000+00:00,1.3744e-06
2026-05-24 22:00:00.015000+00:00,-5.2261e-06
2026-05-24 23:00:00.033000+00:00,7.957e-07
2026-05-25 00:00:00.025000+00:00,1.0535e-06
2026-05-25 01:00:00.064000+00:00,3.841e-07
2026-05-25 02:00:00.016000+00:00,6.843e-07
2026-05-25 03:00:00.050000+00:00,-3.3425e-06
2026-05-25 04:00:00.031000+00:00,-1.01578e-05
2026-05-25 05:00:00.047000+00:00,-2.331e-06
2026-05-25 06:00:00.042000+00:00,2.7687e-06
2026-05-25 07:00:00.052000+00:00,3.2556e-06
2026-05-25 08:00:00.016000+00:00,8.739e-06
2026-05-25 09:00:00.028000+00:00,1.25e-05
2026-05-25 10:00:00.021000+00:00,1.25e-05
2026-05-25 11:00:00.006000+00:00,1.25e-05
2026-05-25 12:00:00.041000+00:00,1.25e-05
2026-05-25 13:00:00.008000+00:00,1.25e-05
2026-05-25 14:00:00.059000+00:00,1.25e-05
2026-05-25 15:00:00.007000+00:00,1.25e-05
2026-05-25 16:00:00.039000+00:00,1.25e-05
2026-05-25 17:00:00.058000+00:00,1.25e-05
2026-05-25 18:00:00.047000+00:00,1.25e-05
2026-05-25 19:00:00.032000+00:00,1.25e-05
2026-05-25 20:00:00.052000+00:00,1.25e-05
2026-05-25 21:00:00.018000+00:00,1.02561e-05
2026-05-25 22:00:00.006000+00:00,1.00005e-05
2026-05-25 23:00:00.026000+00:00,5.0783e-06
2026-05-26 00:00:00.040000+00:00,1.07458e-05
2026-05-26 01:00:00.062000+00:00,1.25e-05
2026-05-26 02:00:00.054000+00:00,1.25e-05
2026-05-26 03:00:00.003000+00:00,1.25e-05
2026-05-26 04:00:00.070000+00:00,1.25e-05
2026-05-26 05:00:00.065000+00:00,1.25e-05
2026-05-26 06:00:00+00:00,1.25e-05
2026-05-26 07:00:00.049000+00:00,8.261e-06
2026-05-26 08:00:00.058000+00:00,5.27e-08
2026-05-26 09:00:00.057000+00:00,-2.1696e-06
2026-05-26 10:00:00.044000+00:00,-8.012e-07
2026-05-26 11:00:00.020000+00:00,1.25e-05
2026-05-26 12:00:00.014000+00:00,-9.624e-06
2026-05-26 13:00:00.069000+00:00,-6.611e-06
2026-05-26 14:00:00.051000+00:00,-1.07173e-05
2026-05-26 15:00:00.029000+00:00,-4.7853e-06
2026-05-26 16:00:00.057000+00:00,-8.6372e-06
2026-05-26 17:00:00.064000+00:00,-1.02426e-05
2026-05-26 18:00:00.049000+00:00,-1.3057e-05
2026-05-26 19:00:00.056000+00:00,-1.12508e-05
2026-05-26 20:00:00.058000+00:00,-2.67086e-05
2026-05-26 21:00:00.049000+00:00,-1.00526e-05
2026-05-26 22:00:00.001000+00:00,-1.08032e-05
2026-05-26 23:00:00.051000+00:00,-1.61773e-05
2026-05-27 00:00:00.065000+00:00,-1.34042e-05
2026-05-27 01:00:00.008000+00:00,-3.268e-07
2026-05-27 02:00:00.053000+00:00,-1.09168e-05
2026-05-27 03:00:00.017000+00:00,-2.04097e-05
2026-05-27 04:00:00.028000+00:00,-1.57746e-05
2026-05-27 05:00:00.014000+00:00,-7.715e-07
2026-05-27 06:00:00.071000+00:00,1.10355e-05
2026-05-27 07:00:00.045000+00:00,1.4755e-06
2026-05-27 08:00:00.033000+00:00,1.1502e-06
2026-05-27 09:00:00.026000+00:00,7.743e-07
2026-05-27 10:00:00.049000+00:00,9.424e-07
2026-05-27 11:00:00.070000+00:00,4.2793e-06
2026-05-27 12:00:00.022000+00:00,4.6645e-06
2026-05-27 13:00:00.017000+00:00,-1.8336e-06
2026-05-27 14:00:00.009000+00:00,-6.6987e-06
2026-05-27 15:00:00.023000+00:00,-2.191e-06
2026-05-27 16:00:00.056000+00:00,6.0451e-06
2026-05-27 17:00:00.002000+00:00,3.6261e-06
2026-05-27 18:00:00.010000+00:00,2.8204e-06
2026-05-27 19:00:00.031000+00:00,-4.3573e-06
2026-05-27 20:00:00.047000+00:00,-2.2826e-06
2026-05-27 21:00:00.032000+00:00,7.2324e-06
2026-05-27 22:00:00.045000+00:00,8.4903e-06
2026-05-27 23:00:00.042000+00:00,4.2847e-06
2026-05-28 00:00:00.013000+00:00,-3.9052e-06
2026-05-28 01:00:00.013000+00:00,-6.5015e-06
2026-05-28 02:00:00.044000+00:00,-4.8102e-06
2026-05-28 03:00:00.040000+00:00,-5.7895e-06
2026-05-28 04:00:00.023000+00:00,-2.98571e-05
2026-05-28 05:00:00.005000+00:00,-2.27024e-05
2026-05-28 06:00:00.060000+00:00,-1.38786e-05
2026-05-28 07:00:00.067000+00:00,-9.3481e-06
2026-05-28 08:00:00.036000+00:00,-2.52693e-05
2026-05-28 09:00:00.022000+00:00,-3.28116e-05
2026-05-28 10:00:00.054000+00:00,-2.74293e-05
2026-05-28 11:00:00.027000+00:00,-2.45866e-05
2026-05-28 12:00:00.003000+00:00,-1.85812e-05
2026-05-28 13:00:00.059000+00:00,-1.69194e-05
2026-05-28 14:00:00.011000+00:00,-7.7321e-06
2026-05-28 15:00:00.054000+00:00,-4.6609e-06
2026-05-28 16:00:00.085000+00:00,-7.0989e-06
2026-05-28 17:00:00.054000+00:00,-2.5727e-06
2026-05-28 18:00:00.081000+00:00,-1.78582e-05
2026-05-28 19:00:00.045000+00:00,-1.4069e-06
2026-05-28 20:00:00.024000+00:00,-1.40074e-05
2026-05-28 21:00:00.054000+00:00,-1.06134e-05
2026-05-28 22:00:00.057000+00:00,-4.602e-06
2026-05-28 23:00:00.062000+00:00,1.0506e-06
2026-05-29 00:00:00.066000+00:00,1.25e-05
2026-05-29 01:00:00.046000+00:00,1.25e-05
2026-05-29 02:00:00.003000+00:00,1.25e-05
2026-05-29 03:00:00.035000+00:00,9.293e-06
2026-05-29 04:00:00.041000+00:00,1.07208e-05
2026-05-29 05:00:00.056000+00:00,8.5223e-06
2026-05-29 06:00:00.048000+00:00,7.0424e-06
2026-05-29 07:00:00.013000+00:00,4.791e-06
2026-05-29 08:00:00.008000+00:00,4.8206e-06
2026-05-29 09:00:00.061000+00:00,1.25e-05
2026-05-29 10:00:00.035000+00:00,1.25e-05
2026-05-29 11:00:00.034000+00:00,1.25e-05
2026-05-29 12:00:00.030000+00:00,1.25e-05
2026-05-29 13:00:00.037000+00:00,1.14056e-05
2026-05-29 14:00:00.045000+00:00,1.01629e-05
2026-05-29 15:00:00.047000+00:00,-1.8932e-05
2026-05-29 16:00:00.042000+00:00,-1.73458e-05
2026-05-29 17:00:00.070000+00:00,-1.61967e-05
2026-05-29 18:00:00.058000+00:00,-8.5616e-06
2026-05-29 19:00:00.015000+00:00,-9.38e-06
2026-05-29 20:00:00.023000+00:00,-1.14634e-05
2026-05-29 21:00:00.009000+00:00,-9.773e-06
2026-05-29 22:00:00.051000+00:00,-2.35136e-05
2026-05-29 23:00:00.004000+00:00,-2.88079e-05
2026-05-30 00:00:00.028000+00:00,-2.65668e-05
2026-05-30 01:00:00.060000+00:00,-1.48206e-05
2026-05-30 02:00:00.046000+00:00,-6.354e-07
2026-05-30 03:00:00.016000+00:00,7.1004e-06
2026-05-30 04:00:00.011000+00:00,1.0756e-06
2026-05-30 05:00:00.025000+00:00,-1.47767e-05
2026-05-30 06:00:00.060000+00:00,-4.4609e-06
2026-05-30 07:00:00.054000+00:00,-7.6351e-06
2026-05-30 08:00:00.009000+00:00,-1.45305e-05
2026-05-30 09:00:00.066000+00:00,-1.27658e-05
2026-05-30 10:00:00.023000+00:00,-1.29232e-05
2026-05-30 11:00:00.024000+00:00,-1.00351e-05
2026-05-30 12:00:00.050000+00:00,-1.5491e-05
2026-05-30 13:00:00.053000+00:00,-1.27249e-05
2026-05-30 14:00:00.049000+00:00,-6.3824e-06
2026-05-30 15:00:00.029000+00:00,1.25e-05
2026-05-30 16:00:00.037000+00:00,6.8923e-06
2026-05-30 17:00:00.070000+00:00,1.03548e-05
2026-05-30 18:00:00.038000+00:00,3.725e-06
2026-05-30 19:00:00.053000+00:00,1.5629e-06
2026-05-30 20:00:00.009000+00:00,-1.45698e-05
2026-05-30 21:00:00.027000+00:00,-5.8915e-06
2026-05-30 22:00:00.060000+00:00,-1.517e-06
2026-05-30 23:00:00.030000+00:00,-1.2909e-05
2026-05-31 00:00:00.055000+00:00,-1.05349e-05
2026-05-31 01:00:00.031000+00:00,-1.19801e-05
2026-05-31 02:00:00.062000+00:00,-1.03021e-05
2026-05-31 03:00:00.003000+00:00,-1.13146e-05
2026-05-31 04:00:00.040000+00:00,8.5217e-06
2026-05-31 05:00:00.014000+00:00,1.25e-05
2026-05-31 06:00:00.012000+00:00,1.25e-05
2026-05-31 07:00:00.007000+00:00,1.8867e-06
2026-05-31 08:00:00.066000+00:00,-4.1723e-06
2026-05-31 09:00:00.025000+00:00,9.927e-07
2026-05-31 10:00:00.045000+00:00,1.5622e-06
2026-05-31 11:00:00.064000+00:00,3.2514e-06
2026-05-31 12:00:00.048000+00:00,1.25e-05
2026-05-31 13:00:00.065000+00:00,1.25e-05
2026-05-31 14:00:00.044000+00:00,1.11862e-05
2026-05-31 15:00:00.067000+00:00,1.2012e-06
2026-05-31 16:00:00.042000+00:00,1.2649e-06
2026-05-31 17:00:00.009000+00:00,-5.5505e-06
2026-05-31 18:00:00.037000+00:00,-6.0406e-06
2026-05-31 19:00:00.023000+00:00,2.8834e-06
2026-05-31 20:00:00.049000+00:00,-4.652e-06
2026-05-31 21:00:00.008000+00:00,3.2196e-06
2026-05-31 22:00:00.006000+00:00,1.7408e-06
2026-05-31 23:00:00.059000+00:00,-1.4934e-06
2026-06-01 00:00:00.050000+00:00,-7.61e-08
2026-06-01 01:00:00.010000+00:00,6.9531e-06
2026-06-01 02:00:00.046000+00:00,6.2858e-06
2026-06-01 03:00:00.011000+00:00,2.11e-06
2026-06-01 04:00:00.002000+00:00,4.8848e-06
2026-06-01 05:00:00.044000+00:00,-2.5013e-06
2026-06-01 06:00:00.037000+00:00,-3.147e-07
2026-06-01 07:00:00.013000+00:00,1.197e-06
2026-06-01 08:00:00.010000+00:00,8.3122e-06
2026-06-01 09:00:00.047000+00:00,5.11e-06
2026-06-01 10:00:00.040000+00:00,1.145e-06
2026-06-01 11:00:00.055000+00:00,1.25e-05
2026-06-01 12:00:00.049000+00:00,1.2319e-05
2026-06-01 13:00:00.049000+00:00,9.6747e-06
2026-06-01 14:00:00.037000+00:00,4.8541e-06
2026-06-01 15:00:00.039000+00:00,-1.1894e-05
2026-06-01 16:00:00.001000+00:00,-1.36284e-05
2026-06-01 17:00:00.058000+00:00,-2.08255e-05
2026-06-01 18:00:00.025000+00:00,-1.9818e-06
2026-06-01 19:00:00.027000+00:00,-1.674e-07
2026-06-01 20:00:00.058000+00:00,-1.38e-06
2026-06-01 21:00:00.055000+00:00,8.381e-07
2026-06-01 22:00:00.044000+00:00,-1.8313e-06
2026-06-01 23:00:00.015000+00:00,2.954e-06
2026-06-02 00:00:00.016000+00:00,1.25e-05
2026-06-02 01:00:00.049000+00:00,1.25e-05
2026-06-02 02:00:00.054000+00:00,1.213e-06
2026-06-02 03:00:00.062000+00:00,-1.3784e-06
2026-06-02 04:00:00.063000+00:00,-2.1315e-06
2026-06-02 05:00:00.058000+00:00,-2.252e-06
2026-06-02 06:00:00.028000+00:00,-1.1849e-05
2026-06-02 07:00:00.028000+00:00,-1.11712e-05
2026-06-02 08:00:00.005000+00:00,-1.78785e-05
2026-06-02 09:00:00.004000+00:00,-1.45019e-05
2026-06-02 10:00:00.060000+00:00,-1.08968e-05
2026-06-02 11:00:00.048000+00:00,-5.458e-06
2026-06-02 12:00:00.006000+00:00,-1.06834e-05
2026-06-02 13:00:00.077000+00:00,1.0095e-06
2026-06-02 14:00:00.037000+00:00,6.6197e-06
2026-06-02 15:00:00.036000+00:00,-1.71067e-05
2026-06-02 16:00:00.038000+00:00,-6.5265e-06
2026-06-02 17:00:00.008000+00:00,-4.5481e-06
2026-06-02 18:00:00.014000+00:00,-4.8767e-06
2026-06-02 19:00:00.026000+00:00,-4.5064e-06
2026-06-02 20:00:00.012000+00:00,-1.13643e-05
2026-06-02 21:00:00.028000+00:00,-1.19592e-05
2026-06-02 22:00:00.035000+00:00,-1.41871e-05
2026-06-02 23:00:00.004000+00:00,-1.42635e-05
2026-06-03 00:00:00.019000+00:00,-2.11879e-05
2026-06-03 01:00:00.036000+00:00,-2.01943e-05
2026-06-03 02:00:00.062000+00:00,-2.15065e-05
2026-06-03 03:00:00.014000+00:00,-1.74982e-05
2026-06-03 04:00:00.013000+00:00,-2.08001e-05
2026-06-03 05:00:00.067000+00:00,-1.03664e-05
2026-06-03 06:00:00.063000+00:00,1.1242e-06
2026-06-03 07:00:00.027000+00:00,-4.0818e-06
2026-06-03 08:00:00.040000+00:00,1.4409e-06
2026-06-03 09:00:00.040000+00:00,-8.062e-07
2026-06-03 10:00:00.062000+00:00,-5.18e-06
2026-06-03 11:00:00.013000+00:00,-5.491e-07
2026-06-03 12:00:00.046000+00:00,1.3559e-06
2026-06-03 13:00:00.050000+00:00,3.3704e-06
2026-06-03 14:00:00.007000+00:00,2.3591e-06
2026-06-03 15:00:00.049000+00:00,-1.673e-07
2026-06-03 16:00:00.028000+00:00,-1.836e-07
2026-06-03 17:00:00.013000+00:00,-5.4637e-06
2026-06-03 18:00:00.020000+00:00,-2.41091e-05
2026-06-03 19:00:00+00:00,-3.69831e-05
2026-06-03 20:00:00.019000+00:00,-3.27973e-05
2026-06-03 21:00:00.009000+00:00,-2.90143e-05
2026-06-03 22:00:00.056000+00:00,-2.35056e-05
2026-06-03 23:00:00.002000+00:00,-2.61153e-05
2026-06-04 00:00:00.032000+00:00,-1.63629e-05
2026-06-04 01:00:00.002000+00:00,-1.8053e-06
2026-06-04 02:00:00.047000+00:00,-1.67804e-05
2026-06-04 03:00:00.080000+00:00,-1.69694e-05
2026-06-04 04:00:00.010000+00:00,-1.369e-07
2026-06-04 05:00:00.076000+00:00,7.1645e-06
2026-06-04 06:00:00.007000+00:00,1.25e-05
2026-06-04 07:00:00.059000+00:00,1.25e-05
2026-06-04 08:00:00.004000+00:00,-1.11734e-05
2026-06-04 09:00:00.027000+00:00,-5.1629e-06
2026-06-04 10:00:00.015000+00:00,-1.19041e-05
2026-06-04 11:00:00.025000+00:00,-1.49039e-05
2026-06-04 12:00:00.078000+00:00,-1.41049e-05
2026-06-04 13:00:00.006000+00:00,-1.41927e-05
2026-06-04 14:00:00.014000+00:00,-1.62877e-05
2026-06-04 15:00:00.006000+00:00,-6.2421e-06
2026-06-04 16:00:00.043000+00:00,-1.27688e-05
2026-06-04 17:00:00.015000+00:00,-1.8185e-05
2026-06-04 18:00:00.073000+00:00,-1.58729e-05
2026-06-04 19:00:00+00:00,-6.9265e-06
2026-06-04 20:00:00.031000+00:00,-1.47433e-05
2026-06-04 21:00:00.063000+00:00,-6.3921e-06
2026-06-04 22:00:00.059000+00:00,1.1816e-06
2026-06-04 23:00:00.046000+00:00,-1.60861e-05
2026-06-05 00:00:00.043000+00:00,-1.79481e-05
2026-06-05 01:00:00.052000+00:00,-1.61774e-05
2026-06-05 02:00:00.003000+00:00,-1.78413e-05
2026-06-05 03:00:00.006000+00:00,-2.16763e-05
2026-06-05 04:00:00.016000+00:00,-2.48294e-05
2026-06-05 05:00:00.021000+00:00,-1.77606e-05
2026-06-05 06:00:00.019000+00:00,-1.25189e-05
2026-06-05 07:00:00.021000+00:00,7.2052e-06
2026-06-05 08:00:00.042000+00:00,7.7044e-06
2026-06-05 09:00:00.016000+00:00,-6.7615e-06
2026-06-05 10:00:00.050000+00:00,5.9517e-06
2026-06-05 11:00:00.006000+00:00,8.8322e-06
2026-06-05 12:00:00+00:00,1.818e-07
2026-06-05 13:00:00.043000+00:00,7.4296e-06
2026-06-05 14:00:00+00:00,-5.079e-07
2026-06-05 15:00:00.009000+00:00,1.8893e-06
2026-06-05 16:00:00.015000+00:00,-1.32702e-05
2026-06-05 17:00:00.002000+00:00,-1.26781e-05
2026-06-05 18:00:00.016000+00:00,-5.039e-06
2026-06-05 19:00:00.012000+00:00,-1.28069e-05
2026-06-05 20:00:00.028000+00:00,5.5941e-06
2026-06-05 21:00:00.020000+00:00,1.25e-05
2026-06-05 22:00:00.051000+00:00,1.25e-05
2026-06-05 23:00:00.054000+00:00,8.8172e-06
2026-06-06 00:00:00.050000+00:00,1.378e-07
2026-06-06 01:00:00.030000+00:00,1.757e-06
2026-06-06 02:00:00.008000+00:00,-7.1741e-06
2026-06-06 03:00:00.034000+00:00,1.3475e-06
2026-06-06 04:00:00.023000+00:00,-7.961e-06
2026-06-06 05:00:00.060000+00:00,-4.8081e-06
2026-06-06 06:00:00.032000+00:00,7.1505e-06
2026-06-06 07:00:00.001000+00:00,4.8607e-06
2026-06-06 08:00:00.036000+00:00,7.3176e-06
2026-06-06 09:00:00.036000+00:00,8.34e-06
2026-06-06 10:00:00.063000+00:00,1.1234e-05
2026-06-06 11:00:00.048000+00:00,4.98e-07
2026-06-06 12:00:00.046000+00:00,3.1229e-06
2026-06-06 13:00:00.048000+00:00,3.3947e-06
2026-06-06 14:00:00.030000+00:00,4.1701e-06
2026-06-06 15:00:00.011000+00:00,6.4804e-06
2026-06-06 16:00:00.033000+00:00,2.8956e-06
2026-06-06 17:00:00.057000+00:00,-4.1587e-06
2026-06-06 18:00:00.049000+00:00,-8.3085e-06
2026-06-06 19:00:00.038000+00:00,-1.18363e-05
2026-06-06 20:00:00.003000+00:00,-1.08437e-05
2026-06-06 21:00:00.065000+00:00,-1.27106e-05
2026-06-06 22:00:00.025000+00:00,-1.24504e-05
2026-06-06 23:00:00.050000+00:00,-1.17872e-05
2026-06-07 00:00:00.085000+00:00,-1.07769e-05
2026-06-07 01:00:00.004000+00:00,-1.10138e-05
2026-06-07 02:00:00.006000+00:00,-3.3554e-06
2026-06-07 03:00:00.040000+00:00,4.4872e-06
2026-06-07 04:00:00.034000+00:00,1.8973e-06
2026-06-07 05:00:00+00:00,4.3638e-06
2026-06-07 06:00:00.055000+00:00,9.9897e-06
2026-06-07 07:00:00.034000+00:00,1.25e-05
2026-06-07 08:00:00.059000+00:00,4.8403e-06
2026-06-07 09:00:00.063000+00:00,-3.71e-06
2026-06-07 10:00:00.024000+00:00,-1.29254e-05
2026-06-07 11:00:00.042000+00:00,-1.14617e-05
2026-06-07 12:00:00.010000+00:00,-2.7641e-06
2026-06-07 13:00:00.027000+00:00,-8.1645e-06
2026-06-07 14:00:00.030000+00:00,-3.5745e-06
2026-06-07 15:00:00.011000+00:00,-3.6166e-06
2026-06-07 16:00:00.011000+00:00,-4.2572e-06
2026-06-07 17:00:00.053000+00:00,-2.0923e-06
2026-06-07 18:00:00.001000+00:00,2.0878e-06
2026-06-07 19:00:00.055000+00:00,-2.232e-06
2026-06-07 20:00:00.046000+00:00,-1.26162e-05
2026-06-07 21:00:00.028000+00:00,-7.2273e-06
2026-06-07 22:00:00.052000+00:00,-3.0729e-06
2026-06-07 23:00:00.003000+00:00,2.1704e-06
2026-06-08 00:00:00.034000+00:00,-1.9281e-06
2026-06-08 01:00:00.034000+00:00,-4.857e-07
2026-06-08 02:00:00.011000+00:00,-1.5474e-06
2026-06-08 03:00:00.005000+00:00,-4.7875e-06
2026-06-08 04:00:00.025000+00:00,-4.4524e-06
2026-06-08 05:00:00.046000+00:00,-8.053e-06
2026-06-08 06:00:00.031000+00:00,-9.2241e-06
2026-06-08 07:00:00.063000+00:00,1.0302e-06
2026-06-08 08:00:00.003000+00:00,-1.6017e-06
2026-06-08 09:00:00.009000+00:00,-1.5805e-06
2026-06-08 10:00:00.047000+00:00,9.0416e-06
2026-06-08 11:00:00.017000+00:00,6.6747e-06
2026-06-08 12:00:00.056000+00:00,1.06256e-05
2026-06-08 13:00:00.057000+00:00,6.5979e-06
2026-06-08 14:00:00.035000+00:00,5.5078e-06
2026-06-08 15:00:00.045000+00:00,6.4522e-06
2026-06-08 16:00:00.055000+00:00,2.4874e-06
2026-06-08 17:00:00.075000+00:00,2.1034e-06
2026-06-08 18:00:00.012000+00:00,-1.8493e-06
2026-06-08 19:00:00.027000+00:00,-1.454e-07
2026-06-08 20:00:00.032000+00:00,8.686e-07
2026-06-08 21:00:00.056000+00:00,3.08e-06
2026-06-08 22:00:00.019000+00:00,6.1157e-06
2026-06-08 23:00:00.022000+00:00,-2.9807e-06
2026-06-09 00:00:00.005000+00:00,-2.949e-06
2026-06-09 01:00:00.014000+00:00,-2.4683e-06
2026-06-09 02:00:00.051000+00:00,-6.097e-07
2026-06-09 03:00:00.043000+00:00,-3.3061e-06
2026-06-09 04:00:00.002000+00:00,4.5265e-06
2026-06-09 05:00:00.011000+00:00,5.7902e-06
2026-06-09 06:00:00.060000+00:00,1.02844e-05
2026-06-09 07:00:00.027000+00:00,4.7017e-06
2026-06-09 08:00:00.081000+00:00,7.6842e-06
2026-06-09 09:00:00.001000+00:00,1.25e-05
2026-06-09 10:00:00.031000+00:00,1.05994e-05
2026-06-09 11:00:00.067000+00:00,3.3647e-06
2026-06-09 12:00:00.036000+00:00,2.6039e-06
2026-06-09 13:00:00.031000+00:00,6.4119e-06
2026-06-09 14:00:00.014000+00:00,5.7682e-06
2026-06-09 15:00:00.029000+00:00,-1.6372e-06
2026-06-09 16:00:00.059000+00:00,-1.82452e-05
2026-06-09 17:00:00.048000+00:00,-9.4252e-06
2026-06-09 18:00:00.032000+00:00,-1.4063e-06
2026-06-09 19:00:00.014000+00:00,1.9659e-06
2026-06-09 20:00:00.045000+00:00,2.161e-07
2026-06-09 21:00:00.056000+00:00,2.626e-07
2026-06-09 22:00:00.063000+00:00,1.4685e-06
2026-06-09 23:00:00.059000+00:00,-8.648e-07
2026-06-10 00:00:00.070000+00:00,-6.7601e-06
2026-06-10 01:00:00+00:00,1.3e-07
2026-06-10 02:00:00.069000+00:00,-4.444e-07
2026-06-10 03:00:00.030000+00:00,-2.6988e-06
2026-06-10 04:00:00.056000+00:00,-8.3732e-06
2026-06-10 05:00:00.003000+00:00,-5.7042e-06
2026-06-10 06:00:00.052000+00:00,-9.561e-06
2026-06-10 07:00:00.059000+00:00,-8.4363e-06
2026-06-10 08:00:00.060000+00:00,-1.63774e-05
2026-06-10 09:00:00.053000+00:00,-2.75584e-05
2026-06-10 10:00:00.013000+00:00,-3.25541e-05
2026-06-10 11:00:00.011000+00:00,-1.63045e-05
2026-06-10 12:00:00.032000+00:00,-4.664e-06
2026-06-10 13:00:00.058000+00:00,-1.16598e-05
2026-06-10 14:00:00.031000+00:00,-1.14809e-05
2026-06-10 15:00:00.057000+00:00,-3.5462e-06
2026-06-10 16:00:00.069000+00:00,2.3834e-06
2026-06-10 17:00:00.012000+00:00,-4.8612e-06
2026-06-10 18:00:00.035000+00:00,-8.1052e-06
2026-06-10 19:00:00.046000+00:00,-1.12179e-05
2026-06-10 20:00:00.093000+00:00,-1.40479e-05
2026-06-10 21:00:00.023000+00:00,-1.2036e-05
2026-06-10 22:00:00.019000+00:00,-1.78221e-05
2026-06-10 23:00:00.077000+00:00,-1.09826e-05
2026-06-11 00:00:00.009000+00:00,-5.9587e-06
2026-06-11 01:00:00.039000+00:00,-8.749e-06
2026-06-11 02:00:00.020000+00:00,-9.8355e-06
2026-06-11 03:00:00.013000+00:00,-1.49278e-05
2026-06-11 04:00:00.009000+00:00,-1.8711e-05
2026-06-11 05:00:00.046000+00:00,-1.06949e-05
2026-06-11 06:00:00.039000+00:00,-1.53766e-05
2026-06-11 07:00:00.008000+00:00,-9.5847e-06
2026-06-11 08:00:00.045000+00:00,-6.7975e-06
2026-06-11 09:00:00.054000+00:00,-4.5583e-06
2026-06-11 10:00:00.038000+00:00,-1.0417e-05
2026-06-11 11:00:00.033000+00:00,-8.702e-06
2026-06-11 12:00:00.033000+00:00,-7.5328e-06
2026-06-11 13:00:00.055000+00:00,-1.35646e-05
2026-06-11 14:00:00.020000+00:00,-1.22964e-05
2026-06-11 15:00:00.013000+00:00,-6.4122e-06
2026-06-11 16:00:00.017000+00:00,-6.35e-06
2026-06-11 17:00:00.083000+00:00,-5.5411e-06
2026-06-11 18:00:00.016000+00:00,-4.4002e-06
2026-06-11 19:00:00.018000+00:00,-1.11187e-05
2026-06-11 20:00:00.005000+00:00,-8.0789e-06
2026-06-11 21:00:00.036000+00:00,-1.3497e-06
2026-06-11 22:00:00.073000+00:00,-2.7637e-06
2026-06-11 23:00:00.052000+00:00,-6.866e-06
2026-06-12 00:00:00.013000+00:00,-3.7128e-06
2026-06-12 01:00:00.025000+00:00,6.687e-06
2026-06-12 02:00:00.033000+00:00,1.9146e-06
2026-06-12 03:00:00.057000+00:00,4.0277e-06
2026-06-12 04:00:00.009000+00:00,3.8763e-06
2026-06-12 05:00:00.001000+00:00,9.563e-06
2026-06-12 06:00:00.056000+00:00,1.4247e-06
2026-06-12 07:00:00.027000+00:00,-7.2853e-06
2026-06-12 08:00:00.035000+00:00,-1.2563e-06
2026-06-12 09:00:00.010000+00:00,2.4275e-06
2026-06-12 10:00:00.015000+00:00,5.5527e-06
2026-06-12 11:00:00.055000+00:00,6.325e-06
2026-06-12 12:00:00.007000+00:00,1.25e-05
2026-06-12 13:00:00.010000+00:00,5.4139e-06
2026-06-12 14:00:00.052000+00:00,6.3286e-06
2026-06-12 15:00:00.064000+00:00,1.19701e-05
2026-06-12 16:00:00.005000+00:00,1.19759e-05
2026-06-12 17:00:00.011000+00:00,1.13281e-05
2026-06-12 18:00:00.044000+00:00,4.0686e-06
2026-06-12 19:00:00.018000+00:00,4.0753e-06
2026-06-12 20:00:00.007000+00:00,4.9737e-06
2026-06-12 21:00:00.026000+00:00,-2.3389e-06
2026-06-12 22:00:00.022000+00:00,-7.93e-08
2026-06-12 23:00:00.025000+00:00,-5.8861e-06
2026-06-13 00:00:00.034000+00:00,-3.8953e-06
2026-06-13 01:00:00.044000+00:00,-3.3337e-06
2026-06-13 02:00:00.044000+00:00,1.0569e-06
2026-06-13 03:00:00+00:00,-1.8284e-06
2026-06-13 04:00:00.040000+00:00,-3.068e-06
2026-06-13 05:00:00.006000+00:00,-4.5994e-06
2026-06-13 06:00:00.043000+00:00,-5.8117e-06
2026-06-13 07:00:00.030000+00:00,-3.3268e-06
2026-06-13 08:00:00.040000+00:00,-2.9799e-06
2026-06-13 09:00:00.053000+00:00,3.934e-06
2026-06-13 10:00:00.009000+00:00,-1.2521e-06
2026-06-13 11:00:00.051000+00:00,3.4452e-06
2026-06-13 12:00:00+00:00,7.3788e-06
2026-06-13 13:00:00.021000+00:00,3.3962e-06
2026-06-13 14:00:00.056000+00:00,9.027e-06
2026-06-13 15:00:00.009000+00:00,5.5812e-06
2026-06-13 16:00:00.004000+00:00,3.7097e-06
2026-06-13 17:00:00.036000+00:00,5.5322e-06
2026-06-13 18:00:00.014000+00:00,3.9247e-06
2026-06-13 19:00:00.021000+00:00,5.2376e-06
2026-06-13 20:00:00.035000+00:00,4.3878e-06
2026-06-13 21:00:00.042000+00:00,3.2929e-06
2026-06-13 22:00:00.013000+00:00,-1.2479e-06
2026-06-13 23:00:00.023000+00:00,-7.9754e-06
2026-06-14 00:00:00.001000+00:00,-3.7441e-06
2026-06-14 01:00:00.042000+00:00,-1.0609e-06
2026-06-14 02:00:00.025000+00:00,-4.8395e-06
2026-06-14 03:00:00.005000+00:00,-6.0677e-06
2026-06-14 04:00:00.004000+00:00,-4.2608e-06
2026-06-14 05:00:00.060000+00:00,-5.6199e-06
2026-06-14 06:00:00.020000+00:00,-5.0168e-06
2026-06-14 07:00:00.012000+00:00,-6.4e-06
2026-06-14 08:00:00.012000+00:00,-4.0796e-06
2026-06-14 09:00:00.044000+00:00,-5.006e-07
2026-06-14 10:00:00.035000+00:00,-7.6729e-06
2026-06-14 11:00:00.048000+00:00,-5.8783e-06
2026-06-14 12:00:00.020000+00:00,-9.0703e-06
2026-06-14 13:00:00.056000+00:00,-7.3171e-06
2026-06-14 14:00:00.060000+00:00,-6.0917e-06
2026-06-14 15:00:00.056000+00:00,-8.1036e-06
2026-06-14 16:00:00.021000+00:00,-1.03138e-05
2026-06-14 17:00:00.045000+00:00,-3.9291e-06
2026-06-14 18:00:00.069000+00:00,-1.47786e-05
2026-06-14 19:00:00.035000+00:00,-1.41835e-05
2026-06-14 20:00:00.066000+00:00,-1.06207e-05
2026-06-14 21:00:00.006000+00:00,-4.5027e-06
2026-06-14 22:00:00+00:00,5.4577e-06
2026-06-14 23:00:00.037000+00:00,-1.4248e-06
2026-06-15 00:00:00.049000+00:00,7.5874e-06
2026-06-15 01:00:00.042000+00:00,1.5075e-06
2026-06-15 02:00:00.063000+00:00,-1.3784e-06
2026-06-15 03:00:00.033000+00:00,4.4701e-06
2026-06-15 04:00:00.023000+00:00,1.939e-06
2026-06-15 05:00:00.034000+00:00,7.5888e-06
2026-06-15 06:00:00+00:00,1.0874e-06
2026-06-15 07:00:00.033000+00:00,1.4804e-06
2026-06-15 08:00:00.043000+00:00,1.2939e-06
2026-06-15 09:00:00.039000+00:00,1.0444e-05
2026-06-15 10:00:00.048000+00:00,1.25e-05
2026-06-15 11:00:00.029000+00:00,1.25e-05
2026-06-15 12:00:00+00:00,1.25e-05
2026-06-15 13:00:00.063000+00:00,1.25e-05
2026-06-15 14:00:00.031000+00:00,6.3182e-06
2026-06-15 15:00:00.041000+00:00,9.524e-07
2026-06-15 16:00:00.005000+00:00,7.7325e-06
2026-06-15 17:00:00.050000+00:00,1.25e-05
2026-06-15 18:00:00.012000+00:00,1.25e-05
2026-06-15 19:00:00.021000+00:00,1.06434e-05
2026-06-15 20:00:00.038000+00:00,1.25e-05
2026-06-15 21:00:00.032000+00:00,1.10166e-05
2026-06-15 22:00:00.024000+00:00,1.25e-05
2026-06-15 23:00:00.029000+00:00,1.25e-05
2026-06-16 00:00:00.049000+00:00,1.25e-05
2026-06-16 01:00:00.062000+00:00,1.25e-05
2026-06-16 02:00:00.020000+00:00,1.25e-05
2026-06-16 03:00:00.030000+00:00,1.25e-05
2026-06-16 04:00:00.067000+00:00,1.25e-05
2026-06-16 05:00:00.040000+00:00,1.25e-05
2026-06-16 06:00:00.054000+00:00,1.25e-05
2026-06-16 07:00:00.002000+00:00,1.25e-05
2026-06-16 08:00:00.014000+00:00,1.25e-05
2026-06-16 09:00:00.032000+00:00,1.25e-05
2026-06-16 10:00:00.053000+00:00,1.25e-05
2026-06-16 11:00:00.052000+00:00,5.5482e-06
2026-06-16 12:00:00.012000+00:00,2.4247e-06
2026-06-16 13:00:00.018000+00:00,-1.1945e-06
2026-06-16 14:00:00.003000+00:00,4.6062e-06
2026-06-16 15:00:00.025000+00:00,8.5273e-06
2026-06-16 16:00:00.006000+00:00,1.5882e-06
2026-06-16 17:00:00.014000+00:00,4.297e-07
2026-06-16 18:00:00.055000+00:00,8.212e-06
2026-06-16 19:00:00.059000+00:00,1.25e-05
2026-06-16 20:00:00.016000+00:00,1.12364e-05
2026-06-16 21:00:00.008000+00:00,-1.06194e-05
2026-06-16 22:00:00.006000+00:00,-1.94852e-05
2026-06-16 23:00:00.065000+00:00,-1.68472e-05
2026-06-17 00:00:00.032000+00:00,-9.7318e-06
2026-06-17 01:00:00.044000+00:00,-1.7003e-06
2026-06-17 02:00:00.023000+00:00,-1.4035e-06
2026-06-17 03:00:00.051000+00:00,-2.0173e-06
2026-06-17 04:00:00+00:00,-9.2269e-06
2026-06-17 05:00:00.013000+00:00,-1.07578e-05
2026-06-17 06:00:00.002000+00:00,-3.8426e-06
2026-06-17 07:00:00.050000+00:00,-9.2755e-06
2026-06-17 08:00:00.007000+00:00,-6.9836e-06
2026-06-17 09:00:00.041000+00:00,-1.8832e-06
2026-06-17 10:00:00.045000+00:00,-7.488e-07
2026-06-17 11:00:00.045000+00:00,4.4066e-06
2026-06-17 12:00:00.050000+00:00,-3.3742e-06
2026-06-17 13:00:00.010000+00:00,-4.9917e-06
2026-06-17 14:00:00.055000+00:00,2.4896e-06
2026-06-17 15:00:00.065000+00:00,1.12783e-05
2026-06-17 16:00:00.021000+00:00,9.5875e-06
2026-06-17 17:00:00.008000+00:00,6.5356e-06
2026-06-17 18:00:00.085000+00:00,1.1012e-06
2026-06-17 19:00:00.014000+00:00,-5.43e-08
2026-06-17 20:00:00.002000+00:00,-6.4564e-06
2026-06-17 21:00:00.044000+00:00,2.3776e-06
2026-06-17 22:00:00.055000+00:00,-8.9321e-06
2026-06-17 23:00:00.018000+00:00,-5.4481e-06
2026-06-18 00:00:00.025000+00:00,2.2018e-06
2026-06-18 01:00:00.017000+00:00,-1.4594e-06
2026-06-18 02:00:00.016000+00:00,6.364e-07
2026-06-18 03:00:00.014000+00:00,-2.678e-06
2026-06-18 04:00:00.006000+00:00,-1.40483e-05
2026-06-18 05:00:00.058000+00:00,-3.08889e-05
2026-06-18 06:00:00.043000+00:00,-3.15429e-05
2026-06-18 07:00:00.049000+00:00,-2.15528e-05
2026-06-18 08:00:00.053000+00:00,-2.66542e-05
2026-06-18 09:00:00.012000+00:00,-1.78364e-05
2026-06-18 10:00:00.028000+00:00,-1.42416e-05
2026-06-18 11:00:00.027000+00:00,-8.413e-06
2026-06-18 12:00:00.055000+00:00,-1.64003e-05
2026-06-18 13:00:00.033000+00:00,-6.219e-06
2026-06-18 14:00:00.057000+00:00,-1.58839e-05
2026-06-18 15:00:00.016000+00:00,-8.0467e-06
2026-06-18 16:00:00.053000+00:00,-9.6255e-06
2026-06-18 17:00:00.046000+00:00,1.25e-05
2026-06-18 18:00:00.046000+00:00,1.2007e-05
2026-06-18 19:00:00.059000+00:00,1.25e-05
2026-06-18 20:00:00.014000+00:00,1.25e-05
2026-06-18 21:00:00.066000+00:00,1.25e-05
2026-06-18 22:00:00.060000+00:00,1.25e-05
2026-06-18 23:00:00.062000+00:00,1.25e-05
2026-06-19 00:00:00.011000+00:00,1.25e-05
2026-06-19 01:00:00.007000+00:00,1.25e-05
2026-06-19 02:00:00.023000+00:00,1.25e-05
2026-06-19 03:00:00.002000+00:00,1.25e-05
2026-06-19 04:00:00.042000+00:00,1.25e-05
2026-06-19 05:00:00.002000+00:00,1.25e-05
2026-06-19 06:00:00.022000+00:00,1.25e-05
2026-06-19 07:00:00.062000+00:00,1.25e-05
2026-06-19 08:00:00.051000+00:00,1.16018e-05
2026-06-19 09:00:00.032000+00:00,1.06712e-05
2026-06-19 10:00:00.018000+00:00,1.21146e-05
2026-06-19 11:00:00+00:00,1.25e-05
2026-06-19 12:00:00.053000+00:00,1.17798e-05
2026-06-19 13:00:00.015000+00:00,7.662e-06
2026-06-19 14:00:00.037000+00:00,6.5041e-06
2026-06-19 15:00:00.043000+00:00,3.3116e-06
2026-06-19 16:00:00.032000+00:00,1.795e-07
2026-06-19 17:00:00.013000+00:00,5.8826e-06
2026-06-19 18:00:00.044000+00:00,2.372e-06
2026-06-19 19:00:00.013000+00:00,6.251e-07
2026-06-19 20:00:00.028000+00:00,3.7245e-06
2026-06-19 21:00:00.023000+00:00,2.0545e-06
2026-06-19 22:00:00.007000+00:00,6.9264e-06
2026-06-19 23:00:00.072000+00:00,9.9404e-06
2026-06-20 00:00:00.067000+00:00,1.16905e-05
2026-06-20 01:00:00.031000+00:00,1.25e-05
2026-06-20 02:00:00.026000+00:00,6.762e-06
2026-06-20 03:00:00.064000+00:00,6.6228e-06
2026-06-20 04:00:00.056000+00:00,3.4503e-06
2026-06-20 05:00:00.023000+00:00,1.01811e-05
2026-06-20 06:00:00.048000+00:00,4.6824e-06
2026-06-20 07:00:00.021000+00:00,5.1814e-06
2026-06-20 08:00:00.036000+00:00,6.168e-06
2026-06-20 09:00:00.017000+00:00,6.6051e-06
2026-06-20 10:00:00.001000+00:00,-1.8314e-06
2026-06-20 11:00:00.008000+00:00,1.25e-05
2026-06-20 12:00:00.010000+00:00,1.25e-05
2026-06-20 13:00:00.008000+00:00,1.25e-05
2026-06-20 14:00:00.023000+00:00,1.25e-05
2026-06-20 15:00:00.024000+00:00,8.5867e-06
2026-06-20 16:00:00.039000+00:00,9.2171e-06
2026-06-20 17:00:00.006000+00:00,9.0362e-06
2026-06-20 18:00:00.046000+00:00,3.7068e-06
2026-06-20 19:00:00.017000+00:00,-2.378e-07
2026-06-20 20:00:00.032000+00:00,1.639e-07
2026-06-20 21:00:00.043000+00:00,4.9319e-06
2026-06-20 22:00:00.059000+00:00,8.1542e-06
2026-06-20 23:00:00.038000+00:00,1.0547e-05
2026-06-21 00:00:00.047000+00:00,1.1551e-05
2026-06-21 01:00:00.035000+00:00,3.8377e-06
2026-06-21 02:00:00.009000+00:00,1.06777e-05
2026-06-21 03:00:00.033000+00:00,-2.547e-07
2026-06-21 04:00:00.034000+00:00,-1.09249e-05
2026-06-21 05:00:00.004000+00:00,-6.0404e-06
2026-06-21 06:00:00.025000+00:00,-7.3176e-06
2026-06-21 07:00:00.043000+00:00,-1.6401e-06
2026-06-21 08:00:00.033000+00:00,-2.6753e-06
2026-06-21 09:00:00.005000+00:00,-1.4813e-06
2026-06-21 10:00:00.020000+00:00,2.299e-06
2026-06-21 11:00:00.040000+00:00,1.9713e-06
2026-06-21 12:00:00.044000+00:00,2.5724e-06
2026-06-21 13:00:00.053000+00:00,-3.6658e-06
2026-06-21 14:00:00.007000+00:00,-3.3013e-06
2026-06-21 15:00:00.003000+00:00,-4.1397e-06
2026-06-21 16:00:00.030000+00:00,-4.2332e-06
2026-06-21 17:00:00.007000+00:00,-5.2214e-06
2026-06-21 18:00:00.046000+00:00,-2.849e-06
2026-06-21 19:00:00.029000+00:00,-6.298e-07
2026-06-21 20:00:00.036000+00:00,3.7979e-06
2026-06-21 21:00:00.057000+00:00,-3.9071e-06
2026-06-21 22:00:00.077000+00:00,-6.1599e-06
2026-06-21 23:00:00.061000+00:00,-1.0111e-06
2026-06-22 00:00:00.011000+00:00,-6.724e-06
2026-06-22 01:00:00.019000+00:00,-4.0642e-06
2026-06-22 02:00:00.074000+00:00,2.5029e-06
2026-06-22 03:00:00.037000+00:00,3.1777e-06
2026-06-22 04:00:00.020000+00:00,1.855e-07
2026-06-22 05:00:00.054000+00:00,1.8745e-06
2026-06-22 06:00:00.033000+00:00,1.0953e-05
2026-06-22 07:00:00.031000+00:00,1.20518e-05
2026-06-22 08:00:00.054000+00:00,1.0302e-05
2026-06-22 09:00:00.012000+00:00,7.4164e-06
2026-06-22 10:00:00.040000+00:00,8.4945e-06
2026-06-22 11:00:00.045000+00:00,1.25e-05
2026-06-22 12:00:00.028000+00:00,1.25e-05
2026-06-22 13:00:00.062000+00:00,1.25e-05
2026-06-22 14:00:00.004000+00:00,1.25e-05
2026-06-22 15:00:00.009000+00:00,1.24956e-05
2026-06-22 16:00:00.016000+00:00,7.0033e-06
2026-06-22 17:00:00.020000+00:00,7.3963e-06
2026-06-22 18:00:00.035000+00:00,8.0862e-06
2026-06-22 19:00:00.028000+00:00,6.472e-06
2026-06-22 20:00:00.037000+00:00,6.2116e-06
2026-06-22 21:00:00.027000+00:00,1.0812e-06
2026-06-22 22:00:00.001000+00:00,-1.7973e-06
2026-06-22 23:00:00.047000+00:00,-9.2884e-06
2026-06-23 00:00:00.019000+00:00,1.5692e-06
2026-06-23 01:00:00.050000+00:00,-4.4146e-06
2026-06-23 02:00:00.059000+00:00,-4.2613e-06
2026-06-23 03:00:00.043000+00:00,-2.988e-07
2026-06-23 04:00:00.043000+00:00,1.08195e-05
2026-06-23 05:00:00+00:00,9.7183e-06
2026-06-23 06:00:00.028000+00:00,1.16041e-05
2026-06-23 07:00:00.005000+00:00,1.25e-05
2026-06-23 08:00:00.004000+00:00,1.25e-05
2026-06-23 09:00:00.027000+00:00,1.25e-05
2026-06-23 10:00:00.015000+00:00,1.25e-05
2026-06-23 11:00:00.038000+00:00,1.25e-05
2026-06-23 12:00:00.032000+00:00,1.25e-05
2026-06-23 13:00:00.064000+00:00,1.25e-05
2026-06-23 14:00:00.005000+00:00,1.25e-05
2026-06-23 15:00:00.068000+00:00,8.135e-06
2026-06-23 16:00:00.018000+00:00,4.8559e-06
2026-06-23 17:00:00.004000+00:00,6.9848e-06
2026-06-23 18:00:00.057000+00:00,6.3018e-06
2026-06-23 19:00:00.036000+00:00,6.4412e-06
2026-06-23 20:00:00.052000+00:00,7.8346e-06
2026-06-23 21:00:00.041000+00:00,7.4093e-06
2026-06-23 22:00:00.077000+00:00,1.25e-05
2026-06-23 23:00:00.017000+00:00,1.21729e-05
2026-06-24 00:00:00.059000+00:00,5.3029e-06
2026-06-24 01:00:00.007000+00:00,1.04642e-05
2026-06-24 02:00:00.045000+00:00,1.25e-05
2026-06-24 03:00:00.043000+00:00,8.4518e-06
2026-06-24 04:00:00.009000+00:00,8.6413e-06
2026-06-24 05:00:00.004000+00:00,5.6238e-06
2026-06-24 06:00:00.031000+00:00,1.04843e-05
2026-06-24 07:00:00.002000+00:00,2.8081e-06
2026-06-24 08:00:00.010000+00:00,3.9901e-06
2026-06-24 09:00:00.011000+00:00,3.2835e-06
2026-06-24 10:00:00.043000+00:00,1.7389e-06
2026-06-24 11:00:00.026000+00:00,4.1943e-06
2026-06-24 12:00:00.040000+00:00,3.776e-07
2026-06-24 13:00:00.010000+00:00,3.8574e-06
2026-06-24 14:00:00.048000+00:00,1.3741e-06
2026-06-24 15:00:00.052000+00:00,-2.7497e-06
2026-06-24 16:00:00.060000+00:00,-8.0949e-06
2026-06-24 17:00:00.011000+00:00,-1.03957e-05
2026-06-24 18:00:00.061000+00:00,-1.47032e-05
2026-06-24 19:00:00.107000+00:00,-1.57166e-05
2026-06-24 20:00:00.013000+00:00,-1.47668e-05
2026-06-24 21:00:00.057000+00:00,-7.4151e-06
2026-06-24 22:00:00.034000+00:00,-1.7525e-06
2026-06-24 23:00:00.012000+00:00,-6.1186e-06
2026-06-25 00:00:00.020000+00:00,-1.45768e-05
2026-06-25 01:00:00.006000+00:00,-2.06921e-05
2026-06-25 02:00:00.035000+00:00,-1.05761e-05
2026-06-25 03:00:00.010000+00:00,-4.2109e-06
2026-06-25 04:00:00.019000+00:00,-7.0088e-06
2026-06-25 05:00:00.009000+00:00,-1.08326e-05
2026-06-25 06:00:00.044000+00:00,-4.7353e-06
2026-06-25 07:00:00.021000+00:00,-1.67201e-05
2026-06-25 08:00:00.066000+00:00,-1.09369e-05
2026-06-25 09:00:00.009000+00:00,6.2044e-06
2026-06-25 10:00:00.040000+00:00,1.5692e-06
2026-06-25 11:00:00.059000+00:00,3.9541e-06
2026-06-25 12:00:00.013000+00:00,-1.8687e-06
2026-06-25 13:00:00.054000+00:00,4.313e-06
2026-06-25 14:00:00.004000+00:00,-1.94901e-05
2026-06-25 15:00:00.031000+00:00,-7.37158e-05
2026-06-25 16:00:00.049000+00:00,-4.92331e-05
2026-06-25 17:00:00.028000+00:00,-3.69552e-05
2026-06-25 18:00:00.008000+00:00,-4.262e-05
2026-06-25 19:00:00.054000+00:00,-4.29364e-05
2026-06-25 20:00:00.025000+00:00,-4.05436e-05
2026-06-25 21:00:00.001000+00:00,-3.71707e-05
2026-06-25 22:00:00.049000+00:00,-3.8123e-05
2026-06-25 23:00:00.053000+00:00,-3.58882e-05
2026-06-26 00:00:00.043000+00:00,-3.05875e-05
2026-06-26 01:00:00.034000+00:00,-2.31564e-05
2026-06-26 02:00:00.084000+00:00,-2.07998e-05
2026-06-26 03:00:00.008000+00:00,-1.82991e-05
2026-06-26 04:00:00.013000+00:00,-1.9254e-05
2026-06-26 05:00:00.010000+00:00,-1.03145e-05
2026-06-26 06:00:00.030000+00:00,5.511e-07
2026-06-26 07:00:00.029000+00:00,7.9335e-06
2026-06-26 08:00:00.070000+00:00,3.7603e-06
2026-06-26 09:00:00.001000+00:00,2.2582e-06
2026-06-26 10:00:00.009000+00:00,-2.7972e-06
2026-06-26 11:00:00.032000+00:00,-5.2949e-06
2026-06-26 12:00:00.076000+00:00,-5.8448e-06
2026-06-26 13:00:00.058000+00:00,-9.2086e-06
2026-06-26 14:00:00.025000+00:00,-8.0269e-06
2026-06-26 15:00:00.036000+00:00,-2.88886e-05
2026-06-26 16:00:00.035000+00:00,-2.07148e-05
2026-06-26 17:00:00.027000+00:00,-1.76685e-05
2026-06-26 18:00:00.042000+00:00,-2.22731e-05
2026-06-26 19:00:00.058000+00:00,-2.12468e-05
2026-06-26 20:00:00.001000+00:00,-1.47154e-05
2026-06-26 21:00:00.081000+00:00,-1.71649e-05
2026-06-26 22:00:00.052000+00:00,-1.36196e-05
2026-06-26 23:00:00.072000+00:00,-1.31052e-05
2026-06-27 00:00:00.047000+00:00,-1.22318e-05
2026-06-27 01:00:00.061000+00:00,-1.32444e-05
2026-06-27 02:00:00.033000+00:00,-5.7458e-06
2026-06-27 03:00:00.064000+00:00,-7.964e-06
2026-06-27 04:00:00.005000+00:00,-4.7543e-06
2026-06-27 05:00:00.052000+00:00,-9.0565e-06
2026-06-27 06:00:00.003000+00:00,-1.72248e-05
2026-06-27 07:00:00.022000+00:00,-1.31643e-05
2026-06-27 08:00:00.062000+00:00,-1.15005e-05
2026-06-27 09:00:00.001000+00:00,-6.0692e-06
2026-06-27 10:00:00.064000+00:00,-3.9467e-06
2026-06-27 11:00:00.032000+00:00,-7.5397e-06
2026-06-27 12:00:00.003000+00:00,-1.26348e-05
2026-06-27 13:00:00.057000+00:00,-9.3192e-06
2026-06-27 14:00:00.038000+00:00,-1.06837e-05
2026-06-27 15:00:00.065000+00:00,-7.8883e-06
2026-06-27 16:00:00.043000+00:00,-1.18901e-05
2026-06-27 17:00:00.058000+00:00,-1.02665e-05
2026-06-27 18:00:00.108000+00:00,-8.4109e-06
2026-06-27 19:00:00.053000+00:00,-1.02449e-05
2026-06-27 20:00:00.044000+00:00,-2.04212e-05
2026-06-27 21:00:00.058000+00:00,-1.60072e-05
2026-06-27 22:00:00.021000+00:00,-1.48704e-05
2026-06-27 23:00:00.040000+00:00,-1.46095e-05
2026-06-28 00:00:00.067000+00:00,-7.7625e-06
2026-06-28 01:00:00.011000+00:00,-1.06902e-05
2026-06-28 02:00:00.060000+00:00,-1.51847e-05
2026-06-28 03:00:00.023000+00:00,-2.04525e-05
2026-06-28 04:00:00.024000+00:00,-1.72892e-05
2026-06-28 05:00:00.062000+00:00,-2.12034e-05
2026-06-28 06:00:00.048000+00:00,-2.17335e-05
2026-06-28 07:00:00.131000+00:00,-2.25978e-05
2026-06-28 08:00:00.007000+00:00,-1.76232e-05
2026-06-28 09:00:00.030000+00:00,-8.3324e-06
2026-06-28 10:00:00.008000+00:00,-8.9351e-06
2026-06-28 11:00:00.056000+00:00,-1.53298e-05
2026-06-28 12:00:00+00:00,-8.9603e-06
2026-06-28 13:00:00.035000+00:00,-1.40125e-05
2026-06-28 14:00:00.057000+00:00,-1.39167e-05
2026-06-28 15:00:00.011000+00:00,-7.6928e-06
2026-06-28 16:00:00.009000+00:00,-1.05965e-05
2026-06-28 17:00:00.008000+00:00,-1.31959e-05
2026-06-28 18:00:00.035000+00:00,-1.29593e-05
2026-06-28 19:00:00.062000+00:00,-1.08721e-05
2026-06-28 20:00:00.011000+00:00,-2.11545e-05
2026-06-28 21:00:00.003000+00:00,-1.47889e-05
2026-06-28 22:00:00.039000+00:00,-1.38349e-05
2026-06-28 23:00:00.013000+00:00,-1.46623e-05
2026-06-29 00:00:00.001000+00:00,-9.252e-06
2026-06-29 01:00:00.041000+00:00,-1.11582e-05
2026-06-29 02:00:00.037000+00:00,-1.03791e-05
2026-06-29 03:00:00.024000+00:00,-7.6076e-06
2026-06-29 04:00:00.028000+00:00,-8.3467e-06
2026-06-29 05:00:00.033000+00:00,-1.01158e-05
2026-06-29 06:00:00.084000+00:00,-9.2012e-06
2026-06-29 07:00:00.013000+00:00,-9.954e-07
2026-06-29 08:00:00.021000+00:00,1.7596e-06
2026-06-29 09:00:00.032000+00:00,-4.943e-07
2026-06-29 10:00:00.059000+00:00,-6.416e-07
2026-06-29 11:00:00.002000+00:00,-8.007e-07
2026-06-29 12:00:00.034000+00:00,-4.816e-07
2026-06-29 13:00:00.037000+00:00,-4.525e-07
2026-06-29 14:00:00.097000+00:00,2.58e-08
2026-06-29 15:00:00.041000+00:00,-1.52693e-05
2026-06-29 16:00:00.009000+00:00,-3.874e-06
2026-06-29 17:00:00.026000+00:00,-1.2423e-06
2026-06-29 18:00:00.054000+00:00,6.0476e-06
2026-06-29 19:00:00.032000+00:00,5.8487e-06
2026-06-29 20:00:00.010000+00:00,6.0068e-06
2026-06-29 21:00:00.059000+00:00,2.647e-06
2026-06-29 22:00:00.020000+00:00,4.0267e-06
2026-06-29 23:00:00.049000+00:00,2.4357e-06
2026-06-30 00:00:00.028000+00:00,1.0283e-06
2026-06-30 01:00:00.022000+00:00,-3.5552e-06
2026-06-30 02:00:00.047000+00:00,-6.7629e-06
2026-06-30 03:00:00.041000+00:00,-3.7646e-06
2026-06-30 04:00:00.028000+00:00,-1.13346e-05
2026-06-30 05:00:00.052000+00:00,-1.1428e-05
2026-06-30 06:00:00.065000+00:00,-1.03172e-05
2026-06-30 07:00:00.042000+00:00,-7.5742e-06
2026-06-30 08:00:00.071000+00:00,-9.138e-06
2026-06-30 09:00:00.015000+00:00,-1.02018e-05
2026-06-30 10:00:00.034000+00:00,-1.04178e-05
2026-06-30 11:00:00.061000+00:00,-9.3212e-06
2026-06-30 12:00:00.037000+00:00,-2.16237e-05
2026-06-30 13:00:00.033000+00:00,-1.36751e-05
2026-06-30 14:00:00.043000+00:00,-7.6699e-06
2026-06-30 15:00:00.058000+00:00,-8.1509e-06
2026-06-30 16:00:00.010000+00:00,-7.8584e-06
2026-06-30 17:00:00.028000+00:00,1.7942e-06
2026-06-30 18:00:00.014000+00:00,6.367e-06
2026-06-30 19:00:00.063000+00:00,8.088e-07
2026-06-30 20:00:00.065000+00:00,1.738e-06
2026-06-30 21:00:00.051000+00:00,-6.011e-07
2026-06-30 22:00:00.045000+00:00,-1.6727e-06
2026-06-30 23:00:00.048000+00:00,2.0404e-06
2026-07-01 00:00:00.063000+00:00,-4.5282e-06
2026-07-01 01:00:00.046000+00:00,3.555e-07
2026-07-01 02:00:00.018000+00:00,-7.0289e-06
2026-07-01 03:00:00.011000+00:00,5.5119e-06
2026-07-01 04:00:00.001000+00:00,1.08743e-05
2026-07-01 05:00:00+00:00,9.8854e-06
2026-07-01 06:00:00.001000+00:00,9.62e-06
2026-07-01 07:00:00.022000+00:00,1.08e-08
2026-07-01 08:00:00.065000+00:00,8.154e-07
2026-07-01 09:00:00.040000+00:00,-8.619e-07
2026-07-01 10:00:00.048000+00:00,1.9289e-06
2026-07-01 11:00:00.001000+00:00,2.9396e-06
2026-07-01 12:00:00.044000+00:00,2.2645e-06
2026-07-01 13:00:00.001000+00:00,8.251e-07
2026-07-01 14:00:00.006000+00:00,-1.427e-06
2026-07-01 15:00:00.012000+00:00,1.25e-05
2026-07-01 16:00:00.045000+00:00,1.25e-05
2026-07-01 17:00:00.022000+00:00,1.25e-05
2026-07-01 18:00:00.061000+00:00,9.7425e-06
2026-07-01 19:00:00.036000+00:00,1.25e-05
2026-07-01 20:00:00.005000+00:00,7.032e-06
2026-07-01 21:00:00.007000+00:00,1.25e-05
2026-07-01 22:00:00.086000+00:00,1.16232e-05
2026-07-01 23:00:00.056000+00:00,1.24951e-05
2026-07-02 00:00:00.074000+00:00,1.01801e-05
2026-07-02 01:00:00.014000+00:00,2.9704e-06
2026-07-02 02:00:00.020000+00:00,9.6664e-06
2026-07-02 03:00:00.070000+00:00,7.437e-06
2026-07-02 04:00:00.033000+00:00,1.25e-05
2026-07-02 05:00:00.047000+00:00,1.25e-05
2026-07-02 06:00:00.007000+00:00,9.4099e-06
2026-07-02 07:00:00.011000+00:00,4.0229e-06
2026-07-02 08:00:00.014000+00:00,2.1092e-06
2026-07-02 09:00:00.010000+00:00,-5.884e-07
2026-07-02 10:00:00.006000+00:00,6.3394e-06
2026-07-02 11:00:00.037000+00:00,1.25e-05
2026-07-02 12:00:00.030000+00:00,1.25e-05
2026-07-02 13:00:00.027000+00:00,1.25e-05
2026-07-02 14:00:00.025000+00:00,1.25e-05
2026-07-02 15:00:00.055000+00:00,6.688e-06
2026-07-02 16:00:00.068000+00:00,1.11562e-05
2026-07-02 17:00:00.026000+00:00,1.25e-05
2026-07-02 18:00:00.007000+00:00,1.25e-05
2026-07-02 19:00:00.044000+00:00,1.25e-05
2026-07-02 20:00:00.007000+00:00,1.25e-05
2026-07-02 21:00:00.031000+00:00,1.25e-05
2026-07-02 22:00:00.025000+00:00,1.25e-05
2026-07-02 23:00:00.029000+00:00,8.4734e-06
2026-07-03 00:00:00.018000+00:00,6.2795e-06
2026-07-03 01:00:00.017000+00:00,4.7557e-06
2026-07-03 02:00:00.081000+00:00,4.8168e-06
2026-07-03 03:00:00.031000+00:00,4.3384e-06
2026-07-03 04:00:00.034000+00:00,4.8145e-06
2026-07-03 05:00:00.012000+00:00,4.7309e-06
2026-07-03 06:00:00.078000+00:00,1.07273e-05
2026-07-03 07:00:00.025000+00:00,9.0937e-06
2026-07-03 08:00:00.049000+00:00,4.6283e-06
2026-07-03 09:00:00.022000+00:00,8.3281e-06
2026-07-03 10:00:00.017000+00:00,1.13708e-05
2026-07-03 11:00:00.042000+00:00,1.25e-05
2026-07-03 12:00:00.004000+00:00,1.23718e-05
2026-07-03 13:00:00.007000+00:00,1.12738e-05
2026-07-03 14:00:00.011000+00:00,1.25e-05
2026-07-03 15:00:00.026000+00:00,1.25e-05
2026-07-03 16:00:00.062000+00:00,1.25e-05
2026-07-03 17:00:00.007000+00:00,1.25e-05
2026-07-03 18:00:00.046000+00:00,1.25e-05
2026-07-03 19:00:00.040000+00:00,1.25e-05
2026-07-03 20:00:00.014000+00:00,1.25e-05
2026-07-03 21:00:00.013000+00:00,1.25e-05
2026-07-03 22:00:00.049000+00:00,1.25e-05
2026-07-03 23:00:00.014000+00:00,1.25e-05
2026-07-04 00:00:00.014000+00:00,1.25e-05
2026-07-04 01:00:00.023000+00:00,1.25e-05
2026-07-04 02:00:00.022000+00:00,1.25e-05
2026-07-04 03:00:00.012000+00:00,1.25e-05
2026-07-04 04:00:00.074000+00:00,1.25e-05
2026-07-04 05:00:00.064000+00:00,1.25e-05
2026-07-04 06:00:00.006000+00:00,1.25e-05
2026-07-04 07:00:00.009000+00:00,1.25e-05
2026-07-04 08:00:00.041000+00:00,1.25e-05
2026-07-04 09:00:00.033000+00:00,1.25e-05
2026-07-04 10:00:00.068000+00:00,1.25e-05
2026-07-04 11:00:00.049000+00:00,1.25e-05
2026-07-04 12:00:00.014000+00:00,1.25e-05
2026-07-04 13:00:00.049000+00:00,1.25e-05
2026-07-04 14:00:00.051000+00:00,1.25e-05
2026-07-04 15:00:00.083000+00:00,1.25e-05
2026-07-04 16:00:00.074000+00:00,1.25e-05
2026-07-04 17:00:00.031000+00:00,1.25e-05
2026-07-04 18:00:00.016000+00:00,1.25e-05
2026-07-04 19:00:00.033000+00:00,1.25e-05
2026-07-04 20:00:00.036000+00:00,1.25e-05
2026-07-04 21:00:00.023000+00:00,1.25e-05
2026-07-04 22:00:00.015000+00:00,1.25e-05
2026-07-04 23:00:00.021000+00:00,1.25e-05
2026-07-05 00:00:00.077000+00:00,1.25e-05
2026-07-05 01:00:00.057000+00:00,1.25e-05
2026-07-05 02:00:00.021000+00:00,1.25e-05
2026-07-05 03:00:00.031000+00:00,1.25e-05
2026-07-05 04:00:00.046000+00:00,1.25e-05
2026-07-05 05:00:00.013000+00:00,1.25e-05
2026-07-05 06:00:00.042000+00:00,1.25e-05
2026-07-05 07:00:00.059000+00:00,1.25e-05
2026-07-05 08:00:00.002000+00:00,1.25e-05
2026-07-05 09:00:00.041000+00:00,1.25e-05
2026-07-05 10:00:00.044000+00:00,1.25e-05
2026-07-05 11:00:00.023000+00:00,1.25e-05
2026-07-05 12:00:00.030000+00:00,1.25e-05
2026-07-05 13:00:00.036000+00:00,1.25e-05
2026-07-05 14:00:00.038000+00:00,1.25e-05
2026-07-05 15:00:00.031000+00:00,1.25e-05
2026-07-05 16:00:00.001000+00:00,1.25e-05
2026-07-05 17:00:00.030000+00:00,1.25e-05
2026-07-05 18:00:00.013000+00:00,1.25e-05
2026-07-05 19:00:00.023000+00:00,1.25e-05
2026-07-05 20:00:00.039000+00:00,1.25e-05
2026-07-05 21:00:00.043000+00:00,1.25e-05
2026-07-05 22:00:00.042000+00:00,1.25e-05
2026-07-05 23:00:00.024000+00:00,1.25e-05
2026-07-06 00:00:00.026000+00:00,1.25e-05
2026-07-06 01:00:00.010000+00:00,1.25e-05
2026-07-06 02:00:00.061000+00:00,1.25e-05
2026-07-06 03:00:00.027000+00:00,1.25e-05
2026-07-06 04:00:00.055000+00:00,1.25e-05
2026-07-06 05:00:00.021000+00:00,1.25e-05
2026-07-06 06:00:00.057000+00:00,1.25e-05
2026-07-06 07:00:00.035000+00:00,1.25e-05
2026-07-06 08:00:00.012000+00:00,1.25e-05
2026-07-06 09:00:00.015000+00:00,1.25e-05
2026-07-06 10:00:00.027000+00:00,1.25e-05
2026-07-06 11:00:00.052000+00:00,1.25e-05
2026-07-06 12:00:00.006000+00:00,1.25e-05
2026-07-06 13:00:00.006000+00:00,1.25e-05
2026-07-06 14:00:00.030000+00:00,1.25e-05
2026-07-06 15:00:00.126000+00:00,1.0915e-05
2026-07-06 16:00:00.080000+00:00,1.25e-05
2026-07-06 17:00:00.022000+00:00,1.25e-05
2026-07-06 18:00:00.024000+00:00,1.25e-05
2026-07-06 19:00:00.057000+00:00,1.25e-05
2026-07-06 20:00:00.066000+00:00,1.25e-05
2026-07-06 21:00:00.039000+00:00,1.25e-05
2026-07-06 22:00:00.063000+00:00,1.25e-05
2026-07-06 23:00:00.027000+00:00,1.25e-05
2026-07-07 00:00:00.045000+00:00,1.25e-05
2026-07-07 01:00:00.016000+00:00,1.25e-05
2026-07-07 02:00:00.038000+00:00,1.25e-05
2026-07-07 03:00:00.016000+00:00,1.25e-05
2026-07-07 04:00:00.040000+00:00,1.25e-05
2026-07-07 05:00:00.044000+00:00,1.25e-05
2026-07-07 06:00:00.057000+00:00,1.25e-05
2026-07-07 07:00:00.030000+00:00,1.25e-05
2026-07-07 08:00:00.059000+00:00,1.25e-05
2026-07-07 09:00:00.050000+00:00,1.25e-05
2026-07-07 10:00:00.014000+00:00,1.25e-05
2026-07-07 11:00:00.093000+00:00,1.0219e-05
2026-07-07 12:00:00.031000+00:00,1.25e-05
2026-07-07 13:00:00.060000+00:00,1.25e-05
2026-07-07 14:00:00.064000+00:00,8.055e-06
2026-07-07 15:00:00.094000+00:00,3.1424e-06
2026-07-07 16:00:00.045000+00:00,5.5768e-06
2026-07-07 17:00:00.069000+00:00,7.8348e-06
2026-07-07 18:00:00.007000+00:00,1.11286e-05
2026-07-07 19:00:00.045000+00:00,1.25e-05
2026-07-07 20:00:00.007000+00:00,1.24257e-05
2026-07-07 21:00:00.010000+00:00,1.25e-05
2026-07-07 22:00:00.012000+00:00,5.2479e-06
2026-07-07 23:00:00.057000+00:00,-4.3569e-06
2026-07-08 00:00:00.001000+00:00,1.2769e-06
2026-07-08 01:00:00.064000+00:00,-3.0995e-06
2026-07-08 02:00:00.004000+00:00,-1.18119e-05
2026-07-08 03:00:00.071000+00:00,-1.81155e-05
2026-07-08 04:00:00.037000+00:00,-1.57599e-05
2026-07-08 05:00:00.031000+00:00,-1.55044e-05
2026-07-08 06:00:00.060000+00:00,-2.01085e-05
2026-07-08 07:00:00.053000+00:00,-2.00752e-05
2026-07-08 08:00:00.050000+00:00,-1.59004e-05
2026-07-08 09:00:00.088000+00:00,-1.74713e-05
2026-07-08 10:00:00.012000+00:00,-4.6228e-06
2026-07-08 11:00:00.026000+00:00,3.7991e-06
2026-07-08 12:00:00.007000+00:00,1.25e-05
2026-07-08 13:00:00.036000+00:00,1.04682e-05
2026-07-08 14:00:00.017000+00:00,8.2319e-06
2026-07-08 15:00:00.041000+00:00,7.9205e-06
2026-07-08 16:00:00.052000+00:00,1.25e-05
2026-07-08 17:00:00.041000+00:00,1.13349e-05
2026-07-08 18:00:00.123000+00:00,1.25e-05
2026-07-08 19:00:00.005000+00:00,1.25e-05
2026-07-08 20:00:00.010000+00:00,1.25e-05
2026-07-08 21:00:00.047000+00:00,1.25e-05
2026-07-08 22:00:00.056000+00:00,1.25e-05
2026-07-08 23:00:00.004000+00:00,1.25e-05
2026-07-09 00:00:00.002000+00:00,1.25e-05
2026-07-09 01:00:00.031000+00:00,1.25e-05
2026-07-09 02:00:00.080000+00:00,1.25e-05
2026-07-09 03:00:00.095000+00:00,1.25e-05
2026-07-09 04:00:00.024000+00:00,1.25e-05
2026-07-09 05:00:00.045000+00:00,1.25e-05
2026-07-09 06:00:00.066000+00:00,1.25e-05
2026-07-09 07:00:00.047000+00:00,1.25e-05
2026-07-09 08:00:00.032000+00:00,7.7065e-06
2026-07-09 09:00:00.034000+00:00,4.6774e-06
2026-07-09 10:00:00.040000+00:00,3.0241e-06
2026-07-09 11:00:00.063000+00:00,3.3441e-06
2026-07-09 12:00:00.002000+00:00,3.1268e-06
2026-07-09 13:00:00+00:00,2.3679e-06
2026-07-09 14:00:00.059000+00:00,5.3776e-06
2026-07-09 15:00:00.019000+00:00,1.25e-05
2026-07-09 16:00:00.068000+00:00,7.7466e-06
2026-07-09 17:00:00.028000+00:00,3.0395e-06
2026-07-09 18:00:00.034000+00:00,4.7669e-06
2026-07-09 19:00:00.065000+00:00,1.25e-05
2026-07-09 20:00:00.026000+00:00,1.25e-05
2026-07-09 21:00:00.018000+00:00,1.25e-05
2026-07-09 22:00:00.018000+00:00,1.25e-05
2026-07-09 23:00:00.113000+00:00,1.25e-05
2026-07-10 00:00:00.078000+00:00,1.25e-05
2026-07-10 01:00:00.006000+00:00,1.25e-05
2026-07-10 02:00:00.014000+00:00,1.25e-05
2026-07-10 03:00:00.026000+00:00,1.25e-05
2026-07-10 04:00:00.004000+00:00,1.25e-05
2026-07-10 05:00:00.103000+00:00,1.25e-05
2026-07-10 06:00:00.056000+00:00,1.25e-05
2026-07-10 07:00:00.075000+00:00,1.25e-05
2026-07-10 08:00:00.011000+00:00,1.25e-05
2026-07-10 09:00:00.001000+00:00,1.25e-05
2026-07-10 10:00:00.010000+00:00,1.25e-05
2026-07-10 11:00:00.063000+00:00,1.25e-05
2026-07-10 12:00:00.048000+00:00,1.25e-05
2026-07-10 13:00:00.040000+00:00,1.25e-05
2026-07-10 14:00:00.038000+00:00,1.25e-05
2026-07-10 15:00:00.058000+00:00,1.25e-05
2026-07-10 16:00:00.002000+00:00,1.25e-05
2026-07-10 17:00:00.023000+00:00,1.25e-05
2026-07-10 18:00:00.023000+00:00,1.25e-05
2026-07-10 19:00:00.029000+00:00,1.25e-05
2026-07-10 20:00:00.039000+00:00,1.25e-05
2026-07-10 21:00:00.032000+00:00,1.25e-05
2026-07-10 22:00:00.008000+00:00,1.25e-05
2026-07-10 23:00:00.054000+00:00,1.25e-05
2026-07-11 00:00:00.046000+00:00,1.25e-05
2026-07-11 01:00:00.003000+00:00,1.25e-05
2026-07-11 02:00:00.086000+00:00,1.25e-05
2026-07-11 03:00:00.061000+00:00,1.25e-05
2026-07-11 04:00:00+00:00,1.25e-05
2026-07-11 05:00:00.014000+00:00,1.25e-05
2026-07-11 06:00:00.004000+00:00,1.25e-05
2026-07-11 07:00:00.002000+00:00,1.25e-05
2026-07-11 08:00:00.047000+00:00,1.25e-05
2026-07-11 09:00:00.015000+00:00,1.25e-05
2026-07-11 10:00:00.064000+00:00,1.25e-05
2026-07-11 11:00:00.007000+00:00,1.25e-05
2026-07-11 12:00:00.045000+00:00,1.25e-05
2026-07-11 13:00:00.057000+00:00,1.25e-05
2026-07-11 14:00:00.068000+00:00,1.25e-05
2026-07-11 15:00:00.046000+00:00,1.25e-05
2026-07-11 16:00:00.012000+00:00,1.25e-05
2026-07-11 17:00:00.042000+00:00,1.25e-05
2026-07-11 18:00:00.014000+00:00,1.25e-05
2026-07-11 19:00:00.040000+00:00,1.25e-05
2026-07-11 20:00:00.027000+00:00,1.25e-05
2026-07-11 21:00:00.018000+00:00,1.25e-05
2026-07-11 22:00:00.055000+00:00,1.25e-05
2026-07-11 23:00:00+00:00,1.25e-05
2026-07-12 00:00:00.016000+00:00,1.25e-05
2026-07-12 01:00:00.039000+00:00,1.25e-05
2026-07-12 02:00:00.006000+00:00,1.25e-05
2026-07-12 03:00:00.028000+00:00,1.15284e-05
2026-07-12 04:00:00.023000+00:00,1.17842e-05
2026-07-12 05:00:00.029000+00:00,1.25e-05
2026-07-12 06:00:00.033000+00:00,9.4414e-06
2026-07-12 07:00:00.036000+00:00,4.6195e-06
2026-07-12 08:00:00.016000+00:00,8.0103e-06
2026-07-12 09:00:00.011000+00:00,1.16707e-05
2026-07-12 10:00:00.018000+00:00,9.2546e-06
2026-07-12 11:00:00.026000+00:00,1.25e-05
2026-07-12 12:00:00.051000+00:00,1.25e-05
2026-07-12 13:00:00.002000+00:00,1.25e-05
2026-07-12 14:00:00.005000+00:00,1.25e-05
2026-07-12 15:00:00.049000+00:00,1.2148e-06
2026-07-12 16:00:00.038000+00:00,1.25e-05
2026-07-12 17:00:00.033000+00:00,-1.8375e-06
2026-07-12 18:00:00.074000+00:00,1.8401e-06
2026-07-12 19:00:00.028000+00:00,7.1421e-06
2026-07-12 20:00:00.131000+00:00,1.03624e-05
2026-07-12 21:00:00.020000+00:00,6.5266e-06
2026-07-12 22:00:00.022000+00:00,9.1809e-06
2026-07-12 23:00:00.070000+00:00,2.4748e-06
2026-07-13 00:00:00.059000+00:00,7.303e-06
2026-07-13 01:00:00.019000+00:00,3.8034e-06
2026-07-13 02:00:00.075000+00:00,7.7246e-06
2026-07-13 03:00:00.046000+00:00,-1.43919e-05
2026-07-13 04:00:00.053000+00:00,-2.08781e-05
2026-07-13 05:00:00.041000+00:00,-1.14559e-05
2026-07-13 06:00:00.026000+00:00,-4.5276e-06
2026-07-13 07:00:00.058000+00:00,-4.902e-07
2026-07-13 08:00:00.019000+00:00,2.3498e-06
2026-07-13 09:00:00.001000+00:00,7.624e-07
2026-07-13 10:00:00.032000+00:00,-1.9175e-06
2026-07-13 11:00:00.001000+00:00,-7.0454e-06
2026-07-13 12:00:00.048000+00:00,-2.838e-06
2026-07-13 13:00:00.014000+00:00,-2.0269e-06
2026-07-13 14:00:00.010000+00:00,1.0003e-06
2026-07-13 15:00:00.082000+00:00,1.25e-05
2026-07-13 16:00:00.032000+00:00,1.25e-05
2026-07-13 17:00:00.052000+00:00,1.25e-05
2026-07-13 18:00:00.052000+00:00,1.25e-05
2026-07-13 19:00:00.116000+00:00,1.25e-05
2026-07-13 20:00:00.071000+00:00,1.25e-05
2026-07-13 21:00:00.041000+00:00,1.9556e-06
2026-07-13 22:00:00.060000+00:00,-4.9991e-06
2026-07-13 23:00:00.021000+00:00,3.1279e-06
2026-07-14 00:00:00.011000+00:00,-1.0203e-06
2026-07-14 01:00:00.018000+00:00,-7.112e-06
2026-07-14 02:00:00.032000+00:00,-2.8084e-06
2026-07-14 03:00:00.017000+00:00,-6.0624e-06
2026-07-14 04:00:00.061000+00:00,-7.9499e-06
2026-07-14 05:00:00.064000+00:00,7.8729e-06
2026-07-14 06:00:00.074000+00:00,8.4052e-06
2026-07-14 07:00:00.044000+00:00,6.7168e-06
2026-07-14 08:00:00.009000+00:00,-1.4177e-06
2026-07-14 09:00:00.061000+00:00,-1.1258e-06
2026-07-14 10:00:00.113000+00:00,-4.783e-06
2026-07-14 11:00:00.030000+00:00,-1.3566e-06
2026-07-14 12:00:00.008000+00:00,6.0736e-06
2026-07-14 13:00:00.028000+00:00,9.5533e-06
2026-07-14 14:00:00.012000+00:00,1.24677e-05
2026-07-14 15:00:00.038000+00:00,1.25e-05
2026-07-14 16:00:00.005000+00:00,1.25e-05
2026-07-14 17:00:00.042000+00:00,1.25e-05
2026-07-14 18:00:00.013000+00:00,1.25e-05
2026-07-14 19:00:00.021000+00:00,1.19646e-05
2026-07-14 20:00:00.027000+00:00,1.25e-05
2026-07-14 21:00:00.003000+00:00,1.25e-05
2026-07-14 22:00:00.007000+00:00,9.008e-06
2026-07-14 23:00:00.049000+00:00,1.25e-05
2026-07-15 00:00:00.046000+00:00,1.25e-05
2026-07-15 01:00:00.032000+00:00,1.25e-05
2026-07-15 02:00:00.028000+00:00,1.25e-05
2026-07-15 03:00:00.041000+00:00,1.25e-05
2026-07-15 04:00:00.005000+00:00,1.25e-05
2026-07-15 05:00:00.066000+00:00,1.25e-05
2026-07-15 06:00:00.025000+00:00,9.7193e-06
2026-07-15 07:00:00.039000+00:00,1.25e-05
2026-07-15 08:00:00.024000+00:00,1.25e-05
2026-07-15 09:00:00.018000+00:00,1.25e-05
2026-07-15 10:00:00.013000+00:00,1.25e-05
2026-07-15 11:00:00.002000+00:00,1.25e-05
2026-07-15 12:00:00.055000+00:00,1.25e-05
2026-07-15 13:00:00.042000+00:00,1.25e-05
2026-07-15 14:00:00.050000+00:00,1.25e-05
2026-07-15 15:00:00.004000+00:00,1.25e-05
2026-07-15 16:00:00.009000+00:00,1.25e-05
2026-07-15 17:00:00.031000+00:00,1.25e-05
2026-07-15 18:00:00.023000+00:00,1.25e-05
2026-07-15 19:00:00.063000+00:00,1.25e-05
2026-07-15 20:00:00.068000+00:00,1.25e-05
2026-07-15 21:00:00.027000+00:00,1.25e-05
2026-07-15 22:00:00.016000+00:00,8.294e-07
2026-07-15 23:00:00.034000+00:00,1.25e-05
2026-07-16 00:00:00.034000+00:00,1.25e-05
2026-07-16 01:00:00.054000+00:00,1.25e-05
2026-07-16 02:00:00.027000+00:00,4.4987e-06
2026-07-16 03:00:00.033000+00:00,1.8729e-06
2026-07-16 04:00:00.056000+00:00,3.9886e-06
2026-07-16 05:00:00.122000+00:00,8.9246e-06
2026-07-16 06:00:00.066000+00:00,1.05585e-05
2026-07-16 07:00:00.042000+00:00,1.25e-05
2026-07-16 08:00:00.015000+00:00,1.25e-05
2026-07-16 09:00:00.017000+00:00,8.9711e-06
2026-07-16 10:00:00.008000+00:00,1.25e-05
2026-07-16 11:00:00.020000+00:00,1.25e-05
2026-07-16 12:00:00.028000+00:00,1.25e-05
2026-07-16 13:00:00.050000+00:00,1.25e-05
2026-07-16 14:00:00.054000+00:00,1.25e-05
2026-07-16 15:00:00.016000+00:00,1.25e-05
2026-07-16 16:00:00.041000+00:00,1.25e-05
2026-07-16 17:00:00+00:00,1.25e-05
2026-07-16 18:00:00.011000+00:00,1.25e-05
2026-07-16 19:00:00.031000+00:00,1.25e-05
2026-07-16 20:00:00.030000+00:00,1.25e-05
2026-07-16 21:00:00.011000+00:00,1.09275e-05
2026-07-16 22:00:00.008000+00:00,1.25e-05
2026-07-16 23:00:00.017000+00:00,1.14076e-05
2026-07-17 00:00:00.018000+00:00,6.069e-06
2026-07-17 01:00:00.021000+00:00,2.3371e-06
2026-07-17 02:00:00.001000+00:00,1.17461e-05
2026-07-17 03:00:00.017000+00:00,5.3748e-06
2026-07-17 04:00:00.041000+00:00,9.473e-06
2026-07-17 05:00:00.052000+00:00,1.12575e-05
2026-07-17 06:00:00.032000+00:00,1.25e-05
2026-07-17 07:00:00.072000+00:00,7.7089e-06
2026-07-17 08:00:00.065000+00:00,8.9048e-06
2026-07-17 09:00:00.031000+00:00,9.5557e-06
2026-07-17 10:00:00.070000+00:00,1.25e-05
2026-07-17 11:00:00.020000+00:00,1.25e-05
2026-07-17 12:00:00.011000+00:00,1.25e-05
2026-07-17 13:00:00.060000+00:00,1.25e-05
2026-07-17 14:00:00.111000+00:00,1.22504e-05
2026-07-17 15:00:00.050000+00:00,1.25e-05
2026-07-17 16:00:00.048000+00:00,1.25e-05
2026-07-17 17:00:00.062000+00:00,1.25e-05
2026-07-17 18:00:00.022000+00:00,1.25e-05
2026-07-17 19:00:00.025000+00:00,1.25e-05
2026-07-17 20:00:00.039000+00:00,1.19238e-05
2026-07-17 21:00:00.065000+00:00,1.25e-05
2026-07-17 22:00:00.069000+00:00,1.15884e-05
2026-07-17 23:00:00.041000+00:00,5.5196e-06
2026-07-18 00:00:00.082000+00:00,7.2631e-06
2026-07-18 01:00:00.081000+00:00,5.7665e-06
2026-07-18 02:00:00.013000+00:00,6.8857e-06
2026-07-18 03:00:00.008000+00:00,1.25e-05
2026-07-18 04:00:00.021000+00:00,1.25e-05
2026-07-18 05:00:00.016000+00:00,1.25e-05
2026-07-18 06:00:00.028000+00:00,1.1037e-05
2026-07-18 07:00:00.025000+00:00,1.09761e-05
2026-07-18 08:00:00.019000+00:00,1.23243e-05
2026-07-18 09:00:00.040000+00:00,1.25e-05
2026-07-18 10:00:00.020000+00:00,9.1428e-06
2026-07-18 11:00:00.039000+00:00,1.25e-05
2026-07-18 12:00:00.044000+00:00,1.25e-05
2026-07-18 13:00:00.006000+00:00,1.18524e-05
2026-07-18 14:00:00.061000+00:00,9.83e-07
2026-07-18 15:00:00.024000+00:00,1.13909e-05
2026-07-18 16:00:00.043000+00:00,1.25e-05
2026-07-18 17:00:00.035000+00:00,1.20268e-05
2026-07-18 18:00:00.031000+00:00,1.25e-05
2026-07-18 19:00:00.033000+00:00,1.25e-05
2026-07-18 20:00:00.016000+00:00,1.25e-05
2026-07-18 21:00:00.006000+00:00,1.25e-05
2026-07-18 22:00:00.011000+00:00,1.25e-05
2026-07-18 23:00:00.009000+00:00,1.10106e-05
2026-07-19 00:00:00.030000+00:00,1.0398e-05
2026-07-19 01:00:00.044000+00:00,8.773e-06
2026-07-19 02:00:00.055000+00:00,7.8136e-06
2026-07-19 03:00:00.022000+00:00,1.25e-05
2026-07-19 04:00:00.031000+00:00,1.25e-05
2026-07-19 05:00:00.043000+00:00,1.25e-05
2026-07-19 06:00:00.032000+00:00,1.25e-05
2026-07-19 07:00:00.047000+00:00,1.25e-05
2026-07-19 08:00:00.093000+00:00,1.25e-05
2026-07-19 09:00:00.026000+00:00,1.25e-05
2026-07-19 10:00:00.030000+00:00,1.25e-05
2026-07-19 11:00:00.033000+00:00,9.3449e-06
2026-07-19 12:00:00.037000+00:00,1.25e-05
2026-07-19 13:00:00.014000+00:00,7.3822e-06
2026-07-19 14:00:00.135000+00:00,1.15621e-05
2026-07-19 15:00:00.019000+00:00,1.25e-05
2026-07-19 16:00:00.007000+00:00,1.25e-05
2026-07-19 17:00:00.043000+00:00,1.25e-05
2026-07-19 18:00:00.049000+00:00,9.1076e-06
2026-07-19 19:00:00.049000+00:00,8.7384e-06
2026-07-19 20:00:00.010000+00:00,1.05684e-05
2026-07-19 21:00:00.026000+00:00,1.04742e-05
2026-07-19 22:00:00.049000+00:00,1.25e-05
2026-07-19 23:00:00.014000+00:00,9.8521e-06
2026-07-20 00:00:00.034000+00:00,1.25e-05
2026-07-20 01:00:00.063000+00:00,1.25e-05
2026-07-20 02:00:00.052000+00:00,1.25e-05
2026-07-20 03:00:00.046000+00:00,1.25e-05
2026-07-20 04:00:00.011000+00:00,1.25e-05
2026-07-20 05:00:00.027000+00:00,1.25e-05
2026-07-20 06:00:00.047000+00:00,7.6795e-06
2026-07-20 07:00:00.008000+00:00,1.9745e-06
2026-07-20 08:00:00.058000+00:00,5.6358e-06
2026-07-20 09:00:00.029000+00:00,1.07097e-05
2026-07-20 10:00:00.029000+00:00,4.8526e-06
2026-07-20 11:00:00+00:00,8.7401e-06
2026-07-20 12:00:00+00:00,9.6457e-06
2026-07-20 13:00:00.047000+00:00,1.25e-05
2026-07-20 14:00:00.049000+00:00,1.25e-05
2026-07-20 15:00:00.053000+00:00,5.2893e-06
2026-07-20 16:00:00.104000+00:00,8.2064e-06
2026-07-20 17:00:00.046000+00:00,1.25e-05
2026-07-20 18:00:00.027000+00:00,1.25e-05
2026-07-20 19:00:00.035000+00:00,1.25e-05
2026-07-20 20:00:00.008000+00:00,1.25e-05
2026-07-20 21:00:00.006000+00:00,1.25e-05
2026-07-20 22:00:00.003000+00:00,1.25e-05
2026-07-20 23:00:00.048000+00:00,1.25e-05
2026-07-21 00:00:00.040000+00:00,1.25e-05
2026-07-21 01:00:00.005000+00:00,1.25e-05
2026-07-21 02:00:00.036000+00:00,1.25e-05
2026-07-21 03:00:00.030000+00:00,1.25e-05
2026-07-21 04:00:00.001000+00:00,1.25e-05
2026-07-21 05:00:00.004000+00:00,1.25e-05
2026-07-21 06:00:00.043000+00:00,-1.492e-05
2026-07-21 07:00:00.034000+00:00,-1.47492e-05
2026-07-21 08:00:00.035000+00:00,-6.0183e-06
2026-07-21 09:00:00.044000+00:00,2.635e-07
2026-07-21 10:00:00.032000+00:00,9.2242e-06
2026-07-21 11:00:00.043000+00:00,1.708e-06
2026-07-21 12:00:00.029000+00:00,2.8014e-06
2026-07-21 13:00:00.025000+00:00,5.592e-06
2026-07-21 14:00:00.062000+00:00,4.7705e-06
2026-07-21 15:00:00.021000+00:00,3.837e-07
2026-07-21 16:00:00.022000+00:00,-4.266e-07
2026-07-21 17:00:00.028000+00:00,7.5221e-06
2026-07-21 18:00:00.028000+00:00,6.3249e-06
2026-07-21 19:00:00.068000+00:00,5.3005e-06
2026-07-21 20:00:00.059000+00:00,3.108e-06
2026-07-21 21:00:00.047000+00:00,-7.1355e-06
2026-07-21 22:00:00.051000+00:00,-4.4082e-06
2026-07-21 23:00:00.023000+00:00,1.2861e-06
2026-07-22 00:00:00.025000+00:00,1.2938e-06
2026-07-22 01:00:00.013000+00:00,-9.09e-08
2026-07-22 02:00:00.091000+00:00,4.9835e-06
2026-07-22 03:00:00.043000+00:00,8.1173e-06
2026-07-22 04:00:00.052000+00:00,8.5002e-06
2026-07-22 05:00:00.087000+00:00,2.9108e-06
2026-07-22 06:00:00.048000+00:00,5.5731e-06
2026-07-22 07:00:00.019000+00:00,2.8418e-06
2026-07-22 08:00:00.039000+00:00,8.2117e-06
2026-07-22 09:00:00.028000+00:00,8.0767e-06
2026-07-22 10:00:00.025000+00:00,6.8735e-06
2026-07-22 11:00:00.047000+00:00,5.3509e-06
2026-07-22 12:00:00.037000+00:00,2.5239e-06
2026-07-22 13:00:00.052000+00:00,5.3559e-06
2026-07-22 14:00:00.038000+00:00,2.574e-06
2026-07-22 15:00:00.018000+00:00,7.9107e-06
2026-07-22 16:00:00.004000+00:00,4.3372e-06
2026-07-22 17:00:00.047000+00:00,1.4663e-06
2026-07-22 18:00:00.015000+00:00,-6.7071e-06
2026-07-22 19:00:00.007000+00:00,-9.9115e-06
2026-07-22 20:00:00.054000+00:00,-6.1756e-06
2026-07-22 21:00:00.034000+00:00,-1.2199e-06
2026-07-22 22:00:00.043000+00:00,-3.1973e-06
2026-07-22 23:00:00.077000+00:00,-6.1227e-06
2026-07-23 00:00:00.046000+00:00,-7.3146e-06
2026-07-23 01:00:00.058000+00:00,-5.242e-06
2026-07-23 02:00:00.049000+00:00,-8.1509e-06
2026-07-23 03:00:00.067000+00:00,-1.12317e-05
2026-07-23 04:00:00.046000+00:00,-6.6795e-06
2026-07-23 05:00:00.067000+00:00,2.932e-07
2026-07-23 06:00:00.001000+00:00,-9.65e-08
2026-07-23 07:00:00.055000+00:00,2.4181e-06
2026-07-23 08:00:00.021000+00:00,-8.5179e-06
2026-07-23 09:00:00.020000+00:00,-6.058e-07
2026-07-23 10:00:00.014000+00:00,1.5113e-06
2026-07-23 11:00:00.040000+00:00,8.2255e-06
2026-07-23 12:00:00.099000+00:00,1.25e-05
2026-07-23 13:00:00.032000+00:00,-3.132e-07
2026-07-23 14:00:00.121000+00:00,1.407e-07
2026-07-23 15:00:00.032000+00:00,4.7434e-06
2026-07-23 16:00:00.001000+00:00,8.8347e-06
2026-07-23 17:00:00.006000+00:00,1.03198e-05
2026-07-23 18:00:00.046000+00:00,6.303e-07
2026-07-23 19:00:00.048000+00:00,-1.79854e-05
2026-07-23 20:00:00.072000+00:00,-2.13218e-05
2026-07-23 21:00:00.028000+00:00,-4.9412e-06
2026-07-23 22:00:00.038000+00:00,-6.4752e-06
2026-07-23 23:00:00.033000+00:00,6.0604e-06
2026-07-24 00:00:00.021000+00:00,5.5029e-06
2026-07-24 01:00:00.060000+00:00,4.5756e-06
2026-07-24 02:00:00.004000+00:00,8.5504e-06
2026-07-24 03:00:00.054000+00:00,5.9099e-06
2026-07-24 04:00:00.047000+00:00,1.25e-05
2026-07-24 05:00:00.044000+00:00,5.3169e-06
2026-07-24 06:00:00.049000+00:00,9.3112e-06
2026-07-24 07:00:00.012000+00:00,8.2276e-06
2026-07-24 08:00:00.029000+00:00,9.6013e-06
2026-07-24 09:00:00.044000+00:00,-2.0391e-06
2026-07-24 10:00:00.051000+00:00,-1.3688e-06
2026-07-24 11:00:00.034000+00:00,-5.079e-07
2026-07-24 12:00:00.033000+00:00,-2.587e-07
2026-07-24 13:00:00.024000+00:00,-4.895e-07
2026-07-24 14:00:00.060000+00:00,5.8516e-06
2026-07-24 15:00:00.053000+00:00,5.663e-06
2026-07-24 16:00:00.051000+00:00,8.0649e-06
2026-07-24 17:00:00.029000+00:00,-4.3969e-06
2026-07-24 18:00:00.063000+00:00,-9.119e-07
2026-07-24 19:00:00.035000+00:00,1.072e-06
2026-07-24 20:00:00.052000+00:00,-6.3243e-06
2026-07-24 21:00:00.060000+00:00,-1.16879e-05
2026-07-24 22:00:00.008000+00:00,-9.1544e-06
2026-07-24 23:00:00.024000+00:00,6.324e-07
2026-07-25 00:00:00.066000+00:00,-3.1864e-06
2026-07-25 01:00:00.036000+00:00,-4.629e-07
2026-07-25 02:00:00.050000+00:00,1.6527e-06
2026-07-25 03:00:00.016000+00:00,5.04e-07
2026-07-25 04:00:00.036000+00:00,-5.429e-07
2026-07-25 05:00:00.032000+00:00,2.706e-07
2026-07-25 06:00:00.063000+00:00,-4.7198e-06
2026-07-25 07:00:00.028000+00:00,-9.2601e-06
2026-07-25 08:00:00.047000+00:00,-7.2671e-06
2026-07-25 09:00:00.030000+00:00,-1.24096e-05
2026-07-25 10:00:00.040000+00:00,-1.97273e-05
2026-07-25 11:00:00.051000+00:00,-9.0643e-06
2026-07-25 12:00:00.058000+00:00,-1.97758e-05
2026-07-25 13:00:00.037000+00:00,-2.06085e-05
2026-07-25 14:00:00.001000+00:00,-1.71494e-05
2026-07-25 15:00:00.012000+00:00,-1.42421e-05
2026-07-25 16:00:00.062000+00:00,-7.7615e-06
2026-07-25 17:00:00.039000+00:00,-8.8137e-06
2026-07-25 18:00:00.031000+00:00,-1.28707e-05
2026-07-25 19:00:00.056000+00:00,-6.6553e-06
2026-07-25 20:00:00.057000+00:00,-5.1891e-06
2026-07-25 21:00:00.005000+00:00,-5.4599e-06
2026-07-25 22:00:00.002000+00:00,-5.0643e-06
2026-07-25 23:00:00.011000+00:00,-2.2167e-06
2026-07-26 00:00:00.055000+00:00,-1.1735e-06
2026-07-26 01:00:00.055000+00:00,2.1222e-06
2026-07-26 02:00:00.111000+00:00,4.0081e-06
2026-07-26 03:00:00.030000+00:00,1.4835e-06
2026-07-26 04:00:00.021000+00:00,5.8374e-06
2026-07-26 05:00:00.034000+00:00,2.0911e-06
2026-07-26 06:00:00.052000+00:00,4.2582e-06
2026-07-26 07:00:00.060000+00:00,1.0109e-06
2026-07-26 08:00:00.022000+00:00,1.68e-08
2026-07-26 09:00:00.063000+00:00,-1.2266e-06
2026-07-26 10:00:00.012000+00:00,-3.9048e-06
2026-07-26 11:00:00.047000+00:00,7.7926e-06
2026-07-26 12:00:00.121000+00:00,1.19403e-05
2026-07-26 13:00:00.046000+00:00,1.13342e-05
2026-07-26 14:00:00.019000+00:00,3.3617e-06
2026-07-26 15:00:00.018000+00:00,7.1083e-06
2026-07-26 16:00:00.062000+00:00,1.11218e-05
2026-07-26 17:00:00.066000+00:00,4.6389e-06
2026-07-26 18:00:00.070000+00:00,6e-10
2026-07-26 19:00:00.031000+00:00,-4.732e-06
2026-07-26 20:00:00.057000+00:00,3.316e-07
2026-07-26 21:00:00.001000+00:00,3.1255e-06
2026-07-26 22:00:00.023000+00:00,7.396e-07
2026-07-26 23:00:00.005000+00:00,9.3464e-06
2026-07-27 00:00:00.074000+00:00,1.22055e-05
2026-07-27 01:00:00.022000+00:00,1.25e-05
2026-07-27 02:00:00.111000+00:00,4.9241e-06
2026-07-27 03:00:00.017000+00:00,6.4794e-06
2026-07-27 04:00:00.014000+00:00,8.1615e-06
2026-07-27 05:00:00.040000+00:00,1.16966e-05
2026-07-27 06:00:00.021000+00:00,1.25e-05
2026-07-27 07:00:00.052000+00:00,1.12417e-05
2026-07-27 08:00:00.015000+00:00,9.8127e-06
2026-07-27 09:00:00.005000+00:00,1.25e-05
2026-07-27 10:00:00.038000+00:00,1.3959e-06
2026-07-27 11:00:00.013000+00:00,-4.738e-07
2026-07-27 12:00:00.054000+00:00,-5.072e-06
2026-07-27 13:00:00.017000+00:00,-4.6734e-06
2026-07-27 14:00:00.021000+00:00,-6.2165e-06
2026-07-27 15:00:00.018000+00:00,-1.42462e-05
2026-07-27 16:00:00.017000+00:00,-9.2699e-06
2026-07-27 17:00:00.018000+00:00,-5.6153e-06
2026-07-27 18:00:00.035000+00:00,-8.483e-06
2026-07-27 19:00:00.040000+00:00,-6.0877e-06
2026-07-27 20:00:00.016000+00:00,-5.935e-06
2026-07-27 21:00:00.117000+00:00,4.1129e-06
2026-07-27 22:00:00.062000+00:00,-1.41573e-05
2026-07-27 23:00:00.059000+00:00,-2.44282e-05
2026-07-28 00:00:00.026000+00:00,-2.17346e-05
2026-07-28 01:00:00.044000+00:00,-2.42686e-05
2026-07-28 02:00:00.059000+00:00,-1.94413e-05
2026-07-28 03:00:00.015000+00:00,-1.21427e-05
2026-07-28 04:00:00.006000+00:00,-1.45995e-05
2026-07-28 05:00:00.046000+00:00,-1.66664e-05
2026-07-28 06:00:00.038000+00:00,-1.93504e-05
2026-07-28 07:00:00.018000+00:00,-1.56795e-05
2026-07-28 08:00:00.004000+00:00,-1.71691e-05
2026-07-28 09:00:00.012000+00:00,-1.58119e-05
2026-07-28 10:00:00.065000+00:00,-2.3537e-05
2026-07-28 11:00:00.046000+00:00,-1.77675e-05
2026-07-28 12:00:00.028000+00:00,-1.6933e-05
2026-07-28 13:00:00.014000+00:00,-2.44066e-05
2026-07-28 14:00:00.032000+00:00,-3.02457e-05
2026-07-28 15:00:00.056000+00:00,1.3371e-06
2026-07-28 16:00:00.052000+00:00,-9.766e-07
2026-07-28 17:00:00.100000+00:00,9.982e-07
2026-07-28 18:00:00.050000+00:00,2.7486e-06
2026-07-28 19:00:00.029000+00:00,-2.9955e-06
2026-07-28 20:00:00.046000+00:00,-2.0762e-06
2026-07-28 21:00:00.006000+00:00,-5.1836e-06
2026-07-28 22:00:00.009000+00:00,-1.0844e-06
2026-07-28 23:00:00.117000+00:00,-2.4192e-06
2026-07-29 00:00:00.066000+00:00,-1.2244e-06
2026-07-29 01:00:00.023000+00:00,8.2376e-06
2026-07-29 02:00:00.013000+00:00,2.991e-06
2026-07-29 03:00:00.002000+00:00,5.677e-06
2026-07-29 04:00:00.027000+00:00,6.823e-07
2026-07-29 05:00:00.043000+00:00,4.6968e-06
2026-07-29 06:00:00.033000+00:00,1.25e-05
2026-07-29 07:00:00.047000+00:00,1.25e-05
2026-07-29 08:00:00.009000+00:00,1.25e-05
2026-07-29 09:00:00.043000+00:00,1.25e-05
2026-07-29 10:00:00.051000+00:00,1.25e-05
2026-07-29 11:00:00.011000+00:00,1.25e-05
2026-07-29 12:00:00.040000+00:00,1.25e-05
2026-07-29 13:00:00.030000+00:00,1.25e-05
2026-07-29 14:00:00.028000+00:00,1.25e-05
2026-07-29 15:00:00.042000+00:00,1.25e-05
2026-07-29 16:00:00.011000+00:00,1.25e-05
2026-07-29 17:00:00.057000+00:00,1.25e-05
2026-07-29 18:00:00.021000+00:00,1.25e-05
2026-07-29 19:00:00.020000+00:00,1.25e-05
2026-07-29 20:00:00.045000+00:00,1.25e-05
2026-07-29 21:00:00.032000+00:00,9.5621e-06
2026-07-29 22:00:00.030000+00:00,1.25e-05
2026-07-29 23:00:00.078000+00:00,1.25e-05
2026-07-30 00:00:00.016000+00:00,1.25e-05
2026-07-30 01:00:00.067000+00:00,1.25e-05
2026-07-30 02:00:00.024000+00:00,1.25e-05
2026-07-30 03:00:00.064000+00:00,1.25e-05
2026-07-30 04:00:00.061000+00:00,1.25e-05
2026-07-30 05:00:00.025000+00:00,1.25e-05
2026-07-30 06:00:00.057000+00:00,1.25e-05
2026-07-30 07:00:00.041000+00:00,1.25e-05
2026-07-30 08:00:00.046000+00:00,1.25e-05
2026-07-30 09:00:00.054000+00:00,1.15869e-05
2026-07-30 10:00:00.067000+00:00,1.25e-05
2026-07-30 11:00:00.013000+00:00,1.25e-05
2026-07-30 12:00:00.051000+00:00,1.25e-05
2026-07-30 13:00:00.020000+00:00,1.25e-05
2026-07-30 14:00:00.019000+00:00,1.25e-05
2026-07-30 15:00:00.013000+00:00,1.25e-05
2026-07-30 16:00:00.040000+00:00,1.25e-05
2026-07-30 17:00:00.060000+00:00,1.25e-05
2026-07-30 18:00:00.010000+00:00,1.1408e-05
2026-07-30 19:00:00.002000+00:00,1.25e-05
2026-07-30 20:00:00.025000+00:00,1.25e-05
2026-07-30 21:00:00.008000+00:00,1.25e-05
2026-07-30 22:00:00.003000+00:00,1.25e-05
2026-07-30 23:00:00.025000+00:00,1.25e-05
2026-07-31 00:00:00.072000+00:00,1.25e-05
2026-07-31 01:00:00.063000+00:00,1.25e-05
2026-07-31 02:00:00.040000+00:00,1.25e-05
2026-07-31 03:00:00.044000+00:00,6.5259e-06
2026-07-31 04:00:00.030000+00:00,-4.486e-07
2026-07-31 05:00:00.038000+00:00,-2.2771e-06
2026-07-31 06:00:00.055000+00:00,3.0469e-06
2026-07-31 07:00:00.009000+00:00,1.7724e-06
2026-07-31 08:00:00.011000+00:00,-1.7764e-06
2026-07-31 09:00:00.061000+00:00,-7.264e-07
2026-07-31 10:00:00.003000+00:00,8.031e-07
2026-07-31 11:00:00.048000+00:00,1.25e-05
2026-07-31 12:00:00.019000+00:00,1.25e-05
2026-07-31 13:00:00.019000+00:00,1.18577e-05
2026-07-31 14:00:00.016000+00:00,1.25e-05
2026-07-31 15:00:00.020000+00:00,-5.778e-07
2026-07-31 16:00:00.020000+00:00,-5.7787e-06
2026-07-31 17:00:00.020000+00:00,1.1072e-06
2026-07-31 18:00:00.073000+00:00,-1.7916e-06
2026-07-31 19:00:00.025000+00:00,-1.8697e-06
2026-07-31 20:00:00.032000+00:00,1.0495e-06
2026-07-31 21:00:00.015000+00:00,-2.803e-07
2026-07-31 22:00:00.004000+00:00,-7.617e-06
2026-07-31 23:00:00.013000+00:00,3.2366e-06
2026-08-01 00:00:00.080000+00:00,4.6751e-06
2026-08-01 01:00:00.003000+00:00,5.0392e-06
2026-08-01 02:00:00.017000+00:00,1.25e-05
2026-08-01 03:00:00.054000+00:00,1.14225e-05
2026-08-01 04:00:00.008000+00:00,-9.391e-07
2026-08-01 05:00:00.065000+00:00,6.4571e-06
2026-08-01 06:00:00.017000+00:00,7.6189e-06
2026-08-01 07:00:00.061000+00:00,4.9967e-06
2026-08-01 08:00:00+00:00,1.25e-05
2026-08-01 09:00:00.035000+00:00,1.05057e-05
2026-08-01 10:00:00.056000+00:00,-1.693e-07
2026-08-01 11:00:00.029000+00:00,-5.083e-07
2026-08-01 12:00:00.034000+00:00,5.7032e-06
2026-08-01 13:00:00.036000+00:00,9.4247e-06
2026-08-01 14:00:00.045000+00:00,1.25e-05
2026-08-01 15:00:00.003000+00:00,8.2381e-06
2026-08-01 16:00:00.043000+00:00,-6.2877e-06
2026-08-01 17:00:00.022000+00:00,-1.6612e-06
2026-08-01 18:00:00.001000+00:00,-1.51405e-05
2026-08-01 19:00:00.030000+00:00,-1.35599e-05
2026-08-01 20:00:00.033000+00:00,-7.3122e-06
2026-08-01 21:00:00.006000+00:00,-9.224e-06
2026-08-01 22:00:00.018000+00:00,-7.4241e-06
2026-08-01 23:00:00.048000+00:00,2.435e-07
2026-08-02 00:00:00.059000+00:00,-1.08253e-05
2026-08-02 01:00:00.056000+00:00,9.2001e-06
2026-08-02 02:00:00.002000+00:00,1.17574e-05
2026-08-02 03:00:00.019000+00:00,-8.659e-07
2026-08-02 04:00:00.017000+00:00,8.8044e-06
2026-08-02 05:00:00.026000+00:00,1.18093e-05
2026-08-02 06:00:00.014000+00:00,1.7948e-06
2026-08-02 07:00:00.053000+00:00,-4.3243e-06
2026-08-02 08:00:00.020000+00:00,5.189e-07
2026-08-02 09:00:00.124000+00:00,1.25e-05
2026-08-02 10:00:00.023000+00:00,1.25e-05
2026-08-02 11:00:00.055000+00:00,6.5305e-06
2026-08-02 12:00:00.048000+00:00,1.17738e-05
2026-08-02 13:00:00.004000+00:00,1.25e-05
2026-08-02 14:00:00.034000+00:00,1.04664e-05
2026-08-02 15:00:00.048000+00:00,1.21671e-05
2026-08-02 16:00:00.028000+00:00,1.25e-05
2026-08-02 17:00:00.029000+00:00,1.25e-05
2026-08-02 18:00:00.002000+00:00,1.25e-05
2026-08-02 19:00:00.002000+00:00,1.25e-05
2026-08-02 20:00:00.033000+00:00,-1.1951e-06
2026-08-02 21:00:00.037000+00:00,-3.869e-06
2026-08-02 22:00:00.043000+00:00,6.8716e-06
2026-08-02 23:00:00.033000+00:00,1.20577e-05
2026-08-03 00:00:00.028000+00:00,1.25e-05
2026-08-03 01:00:00.062000+00:00,1.25e-05
2026-08-03 02:00:00.043000+00:00,1.25e-05
2026-08-03 03:00:00.042000+00:00,5.8913e-06
2026-08-03 04:00:00.051000+00:00,1.25e-05
2026-08-03 05:00:00.017000+00:00,1.25e-05
2026-08-03 06:00:00.062000+00:00,7.945e-06
2026-08-03 07:00:00.026000+00:00,1.25e-05
2026-08-03 08:00:00.042000+00:00,1.21415e-05
2026-08-03 09:00:00.041000+00:00,5.3943e-06
2026-08-03 10:00:00.030000+00:00,7.5528e-06
2026-08-03 11:00:00.110000+00:00,4.2866e-06
2026-08-03 12:00:00.055000+00:00,6.794e-06
2026-08-03 13:00:00.036000+00:00,6.1213e-06
2026-08-03 14:00:00.010000+00:00,9.8765e-06
2026-08-03 15:00:00.047000+00:00,4.6495e-06
2026-08-03 16:00:00.039000+00:00,-1.8839e-06
2026-08-03 17:00:00.017000+00:00,2.4233e-06
2026-08-03 18:00:00.004000+00:00,2.2062e-06
2026-08-03 19:00:00.127000+00:00,1.9005e-06
2026-08-03 20:00:00.020000+00:00,4.428e-07
2026-08-03 21:00:00.021000+00:00,-3.2045e-06
2026-08-03 22:00:00.018000+00:00,-3.2967e-06
2026-08-03 23:00:00.067000+00:00,1.02286e-05
2026-08-04 00:00:00.008000+00:00,1.25e-05
2026-08-04 01:00:00.042000+00:00,1.25e-05
2026-08-04 02:00:00.059000+00:00,2.8468e-06
2026-08-04 03:00:00.036000+00:00,1.25e-05
2026-08-04 04:00:00.044000+00:00,1.25e-05
2026-08-04 05:00:00.001000+00:00,1.25e-05
2026-08-04 06:00:00.063000+00:00,1.25e-05
2026-08-04 07:00:00.016000+00:00,8.2953e-06
2026-08-04 08:00:00.083000+00:00,7.4501e-06
2026-08-04 09:00:00.027000+00:00,1.25e-05
2026-08-04 10:00:00.067000+00:00,7.4461e-06
2026-08-04 11:00:00.006000+00:00,8.1294e-06
2026-08-04 12:00:00.003000+00:00,1.02518e-05
2026-08-04 13:00:00.003000+00:00,1.25e-05
2026-08-04 14:00:00.001000+00:00,9.4629e-06
2026-08-04 15:00:00.069000+00:00,-2.357e-07
2026-08-04 16:00:00.006000+00:00,2.0572e-06
2026-08-04 17:00:00.035000+00:00,7.0286e-06
2026-08-04 18:00:00.001000+00:00,9.417e-07
2026-08-04 19:00:00.033000+00:00,-1.608e-07
2026-08-04 20:00:00.036000+00:00,3.5138e-06
2026-08-04 21:00:00.011000+00:00,3.2763e-06
2026-08-04 22:00:00.082000+00:00,7.8859e-06
2026-08-04 23:00:00.045000+00:00,4.613e-06
2026-08-05 00:00:00.040000+00:00,2.9563e-06
2026-08-05 01:00:00.007000+00:00,2.943e-06
2026-08-05 02:00:00.060000+00:00,1.4467e-06
2026-08-05 03:00:00.032000+00:00,2.4911e-06
2026-08-05 04:00:00.019000+00:00,6.643e-07
2026-08-05 05:00:00.043000+00:00,4.4055e-06
2026-08-05 06:00:00.010000+00:00,3.6196e-06
2026-08-05 07:00:00.013000+00:00,-8.069e-07
2026-08-05 08:00:00.065000+00:00,2.2428e-06
2026-08-05 09:00:00.021000+00:00,-3.1292e-06
2026-08-05 10:00:00.029000+00:00,-9.5088e-06
2026-08-05 11:00:00.049000+00:00,-3.4617e-06
2026-08-05 12:00:00.016000+00:00,-2.0527e-06
2026-08-05 13:00:00.061000+00:00,6.7878e-06
2026-08-05 14:00:00.038000+00:00,7.0114e-06
2026-08-05 15:00:00.063000+00:00,1.05516e-05
2026-08-05 16:00:00.007000+00:00,3.2875e-06
2026-08-05 17:00:00.068000+00:00,4.024e-07
2026-08-05 18:00:00.014000+00:00,3.6219e-06
2026-08-05 19:00:00.133000+00:00,6.3833e-06
2026-08-05 20:00:00.038000+00:00,-1.8185e-06
2026-08-05 21:00:00.016000+00:00,-3.0559e-06
2026-08-05 22:00:00.017000+00:00,-6.3111e-06
2026-08-05 23:00:00.053000+00:00,-3.4772e-06
2026-08-06 00:00:00.034000+00:00,-5.031e-06
2026-08-06 01:00:00.017000+00:00,-3.857e-06
2026-08-06 02:00:00.016000+00:00,-6.5546e-06
2026-08-06 03:00:00+00:00,-9.6738e-06
2026-08-06 04:00:00.043000+00:00,-1.22314e-05
2026-08-06 05:00:00.018000+00:00,-4.3515e-06
2026-08-06 06:00:00.018000+00:00,6.559e-07
2026-08-06 07:00:00.054000+00:00,4.792e-06
2026-08-06 08:00:00.053000+00:00,1.25e-05
2026-08-06 09:00:00.043000+00:00,-4.4445e-06
2026-08-06 10:00:00.057000+00:00,5.4831e-06
2026-08-06 11:00:00.016000+00:00,4.4165e-06
2026-08-06 12:00:00.044000+00:00,-2.8327e-06
2026-08-06 13:00:00.075000+00:00,-1.34491e-05
2026-08-06 14:00:00.005000+00:00,-9.7512e-06
2026-08-06 15:00:00.061000+00:00,-9.5458e-06
2026-08-06 16:00:00.013000+00:00,-9.451e-06
2026-08-06 17:00:00.090000+00:00,-3.5354e-06
2026-08-06 18:00:00.024000+00:00,-6.9278e-06
2026-08-06 19:00:00.007000+00:00,-1.75971e-05
2026-08-06 20:00:00.058000+00:00,-1.02161e-05
2026-08-06 21:00:00.092000+00:00,-1.02039e-05
2026-08-06 22:00:00.021000+00:00,-8.263e-07
2026-08-06 23:00:00.017000+00:00,-9.5922e-06
2026-08-07 00:00:00.071000+00:00,-1.27331e-05
2026-08-07 01:00:00.023000+00:00,-6.6048e-06
2026-08-07 02:00:00.044000+00:00,-6.9145e-06
2026-08-07 03:00:00.048000+00:00,-6.3067e-06
2026-08-07 04:00:00+00:00,-7.1871e-06
2026-08-07 05:00:00.013000+00:00,-7.8573e-06
2026-08-07 06:00:00.046000+00:00,-3.4797e-06
2026-08-07 07:00:00.038000+00:00,-5.4514e-06
2026-08-07 08:00:00.012000+00:00,-1.9232e-06
2026-08-07 09:00:00.017000+00:00,9.398e-07
2026-08-07 10:00:00+00:00,-8.5914e-06
2026-08-07 11:00:00.051000+00:00,3.9163e-06
2026-08-07 12:00:00.050000+00:00,-3.6627e-06
2026-08-07 13:00:00.003000+00:00,5.384e-07
2026-08-07 14:00:00.035000+00:00,1.4642e-06
2026-08-07 15:00:00.012000+00:00,-8.0911e-06
2026-08-07 16:00:00.008000+00:00,-4.0734e-06
2026-08-07 17:00:00.017000+00:00,-6.0738e-06
2026-08-07 18:00:00.061000+00:00,1.1654e-06
2026-08-07 19:00:00.031000+00:00,2.7631e-06
2026-08-07 20:00:00.028000+00:00,4.5997e-06
2026-08-07 21:00:00.024000+00:00,-3.8136e-06
2026-08-07 22:00:00.013000+00:00,1.27e-08
2026-08-07 23:00:00.070000+00:00,7.919e-07
2026-08-08 00:00:00.060000+00:00,-7.0148e-06
2026-08-08 01:00:00.011000+00:00,-5.0436e-06
2026-08-08 02:00:00.046000+00:00,3.8154e-06
2026-08-08 03:00:00.038000+00:00,-1.2033e-06
2026-08-08 04:00:00.048000+00:00,2.1975e-06
2026-08-08 05:00:00.025000+00:00,5.7389e-06
2026-08-08 06:00:00.010000+00:00,6.7357e-06
2026-08-08 07:00:00.028000+00:00,3.1619e-06
2026-08-08 08:00:00.037000+00:00,1.9301e-06
2026-08-08 09:00:00.020000+00:00,9.1323e-06
2026-08-08 10:00:00.032000+00:00,9.5543e-06
2026-08-08 11:00:00.028000+00:00,1.25e-05
2026-08-08 12:00:00.039000+00:00,1.25e-05
2026-08-08 13:00:00.048000+00:00,1.25e-05
2026-08-08 14:00:00.061000+00:00,1.25e-05
2026-08-08 15:00:00.039000+00:00,1.25e-05
2026-08-08 16:00:00.048000+00:00,1.25e-05
2026-08-08 17:00:00.045000+00:00,1.25e-05
2026-08-08 18:00:00.001000+00:00,1.25e-05
2026-08-08 19:00:00.054000+00:00,1.25e-05
2026-08-08 20:00:00.029000+00:00,1.25e-05
2026-08-08 21:00:00.040000+00:00,1.25e-05
2026-08-08 22:00:00.055000+00:00,1.25e-05
2026-08-08 23:00:00.029000+00:00,1.25e-05
2026-08-09 00:00:00.006000+00:00,1.25e-05
2026-08-09 01:00:00.048000+00:00,1.25e-05
2026-08-09 02:00:00.010000+00:00,1.25e-05
2026-08-09 03:00:00.022000+00:00,1.25e-05
2026-08-09 04:00:00.019000+00:00,1.25e-05
2026-08-09 05:00:00.037000+00:00,1.25e-05
2026-08-09 06:00:00.035000+00:00,1.25e-05
2026-08-09 07:00:00.066000+00:00,1.25e-05
2026-08-09 08:00:00.003000+00:00,1.25e-05
2026-08-09 09:00:00.034000+00:00,1.25e-05
2026-08-09 10:00:00.046000+00:00,1.25e-05
2026-08-09 11:00:00.046000+00:00,1.25e-05
2026-08-09 12:00:00.041000+00:00,1.25e-05
2026-08-09 13:00:00.020000+00:00,1.25e-05
2026-08-09 14:00:00.018000+00:00,1.25e-05
2026-08-09 15:00:00.054000+00:00,1.25e-05
2026-08-09 16:00:00.032000+00:00,1.25e-05
2026-08-09 17:00:00.013000+00:00,1.25e-05
2026-08-09 18:00:00.017000+00:00,1.25e-05
2026-08-09 19:00:00.035000+00:00,1.25e-05
2026-08-09 20:00:00.032000+00:00,1.25e-05
2026-08-09 21:00:00.021000+00:00,1.25e-05
2026-08-09 22:00:00.020000+00:00,1.25e-05
2026-08-09 23:00:00.017000+00:00,1.25e-05
2026-08-10 00:00:00.029000+00:00,1.25e-05
2026-08-10 01:00:00.030000+00:00,1.25e-05
2026-08-10 02:00:00.015000+00:00,1.25e-05
2026-08-10 03:00:00.079000+00:00,1.25e-05
2026-08-10 04:00:00.005000+00:00,1.25e-05
2026-08-10 05:00:00.028000+00:00,1.25e-05
2026-08-10 06:00:00.066000+00:00,1.25e-05
2026-08-10 07:00:00.068000+00:00,1.25e-05
2026-08-10 08:00:00.043000+00:00,1.25e-05
2026-08-10 09:00:00.010000+00:00,1.25e-05
2026-08-10 10:00:00.067000+00:00,1.25e-05
2026-08-10 11:00:00.043000+00:00,1.25e-05
2026-08-10 12:00:00.013000+00:00,1.25e-05
2026-08-10 13:00:00.029000+00:00,1.25e-05
2026-08-10 14:00:00.065000+00:00,1.25e-05
2026-08-10 15:00:00.001000+00:00,1.25e-05
2026-08-10 16:00:00.020000+00:00,1.25e-05
2026-08-10 17:00:00.047000+00:00,1.25e-05
2026-08-10 18:00:00.012000+00:00,1.25e-05
2026-08-10 19:00:00.045000+00:00,1.25e-05
2026-08-10 20:00:00.074000+00:00,1.25e-05
2026-08-10 21:00:00.052000+00:00,1.25e-05
2026-08-10 22:00:00.028000+00:00,1.25e-05
2026-08-10 23:00:00.066000+00:00,1.25e-05
2026-08-11 00:00:00.019000+00:00,1.25e-05
2026-08-11 01:00:00.033000+00:00,1.25e-05
2026-08-11 02:00:00.013000+00:00,1.25e-05
2026-08-11 03:00:00.120000+00:00,1.25e-05
2026-08-11 04:00:00.086000+00:00,1.25e-05
2026-08-11 05:00:00.010000+00:00,1.25e-05
2026-08-11 06:00:00.024000+00:00,1.25e-05
2026-08-11 07:00:00.002000+00:00,1.25e-05
2026-08-11 08:00:00.091000+00:00,1.25e-05
2026-08-11 09:00:00.123000+00:00,3.375e-07
2026-08-11 10:00:00.054000+00:00,6.1748e-06
2026-08-11 11:00:00.035000+00:00,3.3645e-06
2026-08-11 12:00:00.025000+00:00,1.25e-05
2026-08-11 13:00:00.053000+00:00,1.25e-05
2026-08-11 14:00:00.065000+00:00,1.16628e-05
2026-08-11 15:00:00.033000+00:00,8.18e-07
2026-08-11 16:00:00.039000+00:00,7.1225e-06
2026-08-11 17:00:00.008000+00:00,4.1763e-06
2026-08-11 18:00:00.017000+00:00,7.3085e-06
2026-08-11 19:00:00.065000+00:00,1.25e-05
2026-08-11 20:00:00.007000+00:00,1.25e-05
2026-08-11 21:00:00.039000+00:00,1.25e-05
2026-08-11 22:00:00.006000+00:00,1.25e-05
2026-08-11 23:00:00.043000+00:00,1.25e-05
2026-08-12 00:00:00.012000+00:00,1.25e-05
2026-08-12 01:00:00.060000+00:00,1.25e-05
2026-08-12 02:00:00.027000+00:00,1.25e-05
2026-08-12 03:00:00.031000+00:00,1.25e-05
2026-08-12 04:00:00.057000+00:00,1.25e-05
2026-08-12 05:00:00.031000+00:00,1.25e-05
2026-08-12 06:00:00.069000+00:00,1.25e-05
2026-08-12 07:00:00.076000+00:00,1.25e-05
2026-08-12 08:00:00.044000+00:00,1.25e-05
2026-08-12 09:00:00.033000+00:00,1.25e-05
2026-08-12 10:00:00.035000+00:00,1.25e-05
2026-08-12 11:00:00.013000+00:00,1.25e-05
2026-08-12 12:00:00.003000+00:00,1.25e-05
2026-08-12 13:00:00.045000+00:00,1.25e-05
2026-08-12 14:00:00.026000+00:00,1.25e-05
2026-08-12 15:00:00.037000+00:00,1.25e-05
2026-08-12 16:00:00.020000+00:00,1.25e-05
2026-08-12 17:00:00.021000+00:00,1.25e-05
2026-08-12 18:00:00.049000+00:00,1.25e-05
2026-08-12 19:00:00.060000+00:00,1.25e-05
2026-08-12 20:00:00.062000+00:00,1.25e-05
2026-08-12 21:00:00.071000+00:00,1.25e-05
2026-08-12 22:00:00.056000+00:00,1.25e-05
2026-08-12 23:00:00.064000+00:00,1.25e-05
2026-08-13 00:00:00.046000+00:00,1.25e-05
2026-08-13 01:00:00.018000+00:00,1.25e-05
2026-08-13 02:00:00.072000+00:00,1.25e-05
2026-08-13 03:00:00.097000+00:00,1.25e-05
2026-08-13 04:00:00.123000+00:00,1.25e-05
2026-08-13 05:00:00.043000+00:00,1.25e-05
2026-08-13 06:00:00.032000+00:00,1.25e-05
2026-08-13 07:00:00.024000+00:00,1.25e-05
2026-08-13 08:00:00.011000+00:00,1.25e-05
2026-08-13 09:00:00.047000+00:00,1.25e-05
2026-08-13 10:00:00.040000+00:00,1.25e-05
2026-08-13 11:00:00.125000+00:00,1.25e-05
2026-08-13 12:00:00.048000+00:00,1.25e-05
2026-08-13 13:00:00.026000+00:00,1.25e-05
2026-08-13 14:00:00.026000+00:00,1.25e-05
2026-08-13 15:00:00.005000+00:00,1.25e-05
2026-08-13 16:00:00.072000+00:00,1.25e-05
2026-08-13 17:00:00.027000+00:00,1.25e-05
2026-08-13 18:00:00.032000+00:00,1.25e-05
2026-08-13 19:00:00.022000+00:00,1.25e-05
2026-08-13 20:00:00.056000+00:00,1.25e-05
2026-08-13 21:00:00.006000+00:00,1.25e-05
2026-08-13 22:00:00.055000+00:00,1.25e-05
2026-08-13 23:00:00.040000+00:00,1.25e-05
2026-08-14 00:00:00.060000+00:00,1.25e-05
2026-08-14 01:00:00.013000+00:00,1.25e-05
2026-08-14 02:00:00.047000+00:00,1.25e-05
2026-08-14 03:00:00.046000+00:00,1.25e-05
2026-08-14 04:00:00.050000+00:00,1.25e-05
2026-08-14 05:00:00.014000+00:00,1.25e-05
2026-08-14 06:00:00.046000+00:00,1.25e-05
2026-08-14 07:00:00.020000+00:00,1.25e-05
2026-08-14 08:00:00.030000+00:00,1.25e-05
2026-08-14 09:00:00.057000+00:00,1.25e-05
2026-08-14 10:00:00.038000+00:00,1.25e-05
2026-08-14 11:00:00.029000+00:00,1.25e-05
2026-08-14 12:00:00.062000+00:00,1.25e-05
2026-08-14 13:00:00.063000+00:00,1.25e-05
2026-08-14 14:00:00.048000+00:00,1.25e-05
2026-08-14 15:00:00.028000+00:00,1.25e-05
2026-08-14 16:00:00.013000+00:00,1.25e-05
2026-08-14 17:00:00.010000+00:00,1.25e-05
2026-08-14 18:00:00.038000+00:00,1.25e-05
2026-08-14 19:00:00.057000+00:00,1.25e-05
2026-08-14 20:00:00.048000+00:00,3.6233e-06
2026-08-14 21:00:00.016000+00:00,3.7068e-06
2026-08-14 22:00:00.052000+00:00,8.0722e-06
2026-08-14 23:00:00.048000+00:00,5.2087e-06
2026-08-15 00:00:00.032000+00:00,1.113e-07
2026-08-15 01:00:00.063000+00:00,3.583e-07
2026-08-15 02:00:00.031000+00:00,4.7361e-06
2026-08-15 03:00:00.040000+00:00,2.6726e-06
2026-08-15 04:00:00.026000+00:00,1.5791e-06
2026-08-15 05:00:00.075000+00:00,5.2794e-06
2026-08-15 06:00:00.058000+00:00,7.3115e-06
2026-08-15 07:00:00.046000+00:00,1.18637e-05
2026-08-15 08:00:00.048000+00:00,1.25e-05
2026-08-15 09:00:00.009000+00:00,1.21719e-05
2026-08-15 10:00:00.038000+00:00,5.3714e-06
2026-08-15 11:00:00.009000+00:00,9.504e-07
2026-08-15 12:00:00.003000+00:00,2.0418e-06
2026-08-15 13:00:00.064000+00:00,1.7551e-06
2026-08-15 14:00:00.035000+00:00,3.0152e-06
2026-08-15 15:00:00.026000+00:00,8.5996e-06
2026-08-15 16:00:00.025000+00:00,9.455e-06
2026-08-15 17:00:00.049000+00:00,8.4646e-06
2026-08-15 18:00:00.053000+00:00,6.1518e-06
2026-08-15 19:00:00.035000+00:00,1.01689e-05
2026-08-15 20:00:00.048000+00:00,9.1969e-06
2026-08-15 21:00:00.042000+00:00,1.25e-05
2026-08-15 22:00:00.030000+00:00,1.25e-05
2026-08-15 23:00:00.020000+00:00,1.25e-05
2026-08-16 00:00:00.059000+00:00,1.24783e-05
2026-08-16 01:00:00.030000+00:00,1.25e-05
2026-08-16 02:00:00.028000+00:00,1.25e-05
2026-08-16 03:00:00.043000+00:00,1.25e-05
2026-08-16 04:00:00.072000+00:00,8.9698e-06
2026-08-16 05:00:00.022000+00:00,1.16883e-05
2026-08-16 06:00:00.092000+00:00,8.7498e-06
2026-08-16 07:00:00.086000+00:00,1.10007e-05
2026-08-16 08:00:00.034000+00:00,1.25e-05
2026-08-16 09:00:00.012000+00:00,1.25e-05
2026-08-16 10:00:00.004000+00:00,1.25e-05
2026-08-16 11:00:00.134000+00:00,4.304e-06
2026-08-16 12:00:00.014000+00:00,-1.17366e-05
2026-08-16 13:00:00.034000+00:00,-9.5055e-06
2026-08-16 14:00:00.046000+00:00,-1.46218e-05
2026-08-16 15:00:00.056000+00:00,-4.0156e-06
2026-08-16 16:00:00.003000+00:00,-1.7956e-06
2026-08-16 17:00:00.005000+00:00,4.2e-09
2026-08-16 18:00:00.030000+00:00,-3.8785e-06
2026-08-16 19:00:00.057000+00:00,-4.559e-06
2026-08-16 20:00:00.038000+00:00,1.889e-06
2026-08-16 21:00:00.030000+00:00,-9.287e-07
2026-08-16 22:00:00.053000+00:00,-1.064e-07
2026-08-16 23:00:00.029000+00:00,-9.3004e-06
2026-08-17 00:00:00.025000+00:00,-1.0711e-05
2026-08-17 01:00:00.034000+00:00,-9.8611e-06
2026-08-17 02:00:00.055000+00:00,-5.7909e-06
2026-08-17 03:00:00.039000+00:00,1.321e-06
2026-08-17 04:00:00.011000+00:00,-2.5455e-06
2026-08-17 05:00:00.046000+00:00,1.4272e-06
2026-08-17 06:00:00.026000+00:00,8.8118e-06
2026-08-17 07:00:00.030000+00:00,1.12828e-05
2026-08-17 08:00:00.026000+00:00,1.25e-05
2026-08-17 09:00:00.049000+00:00,1.25e-05
2026-08-17 10:00:00.068000+00:00,1.13359e-05
2026-08-17 11:00:00.045000+00:00,1.25e-05
2026-08-17 12:00:00.013000+00:00,1.25e-05
2026-08-17 13:00:00.064000+00:00,1.25e-05
2026-08-17 14:00:00.067000+00:00,1.25e-05
2026-08-17 15:00:00.001000+00:00,9.4418e-06
2026-08-17 16:00:00.046000+00:00,1.24568e-05
2026-08-17 17:00:00.061000+00:00,-3.1318e-06
2026-08-17 18:00:00.005000+00:00,6.2292e-06
2026-08-17 19:00:00.018000+00:00,3.623e-06
2026-08-17 20:00:00.034000+00:00,7.0128e-06
2026-08-17 21:00:00.020000+00:00,-8.6217e-06
2026-08-17 22:00:00.010000+00:00,6.4464e-06
2026-08-17 23:00:00.046000+00:00,-3.0504e-06
2026-08-18 00:00:00.058000+00:00,-2.62e-07
2026-08-18 01:00:00.012000+00:00,9.4812e-06
2026-08-18 02:00:00.015000+00:00,1.25e-05
2026-08-18 03:00:00.001000+00:00,-7.708e-06
2026-08-18 04:00:00.049000+00:00,-1.55519e-05
2026-08-18 05:00:00.016000+00:00,-6.0362e-06
2026-08-18 06:00:00.017000+00:00,-1.72194e-05
2026-08-18 07:00:00.068000+00:00,2.2502e-06
2026-08-18 08:00:00.049000+00:00,-5.0922e-06
2026-08-18 09:00:00.052000+00:00,1.0251e-06
2026-08-18 10:00:00.049000+00:00,3.2801e-06
2026-08-18 11:00:00.026000+00:00,2.4078e-06
2026-08-18 12:00:00.045000+00:00,6.0915e-06
2026-08-18 13:00:00.003000+00:00,1.0351e-06
2026-08-18 14:00:00.021000+00:00,-5.7533e-06
2026-08-18 15:00:00.028000+00:00,8.9538e-06
2026-08-18 16:00:00.001000+00:00,1.25e-05
2026-08-18 17:00:00.026000+00:00,3.1382e-06
2026-08-18 18:00:00.011000+00:00,6.03e-06
2026-08-18 19:00:00.048000+00:00,1.25e-05
2026-08-18 20:00:00.006000+00:00,4.692e-06
2026-08-18 21:00:00.097000+00:00,-1.3267e-06
2026-08-18 22:00:00.016000+00:00,-3.1175e-06
2026-08-18 23:00:00.008000+00:00,9.851e-07
2026-08-19 00:00:00.012000+00:00,1.6345e-06
2026-08-19 01:00:00.055000+00:00,9.764e-06
2026-08-19 02:00:00.016000+00:00,1.10567e-05
2026-08-19 03:00:00.047000+00:00,1.11937e-05
2026-08-19 04:00:00.009000+00:00,1.25e-05
2026-08-19 05:00:00.008000+00:00,1.25e-05
2026-08-19 06:00:00.051000+00:00,1.25e-05
2026-08-19 07:00:00.034000+00:00,9.2796e-06
2026-08-19 08:00:00.027000+00:00,1.04875e-05
2026-08-19 09:00:00.036000+00:00,1.14011e-05
2026-08-19 10:00:00.003000+00:00,1.25e-05
2026-08-19 11:00:00.030000+00:00,1.25e-05
2026-08-19 12:00:00.059000+00:00,1.25e-05
2026-08-19 13:00:00.021000+00:00,1.25e-05
2026-08-19 14:00:00.018000+00:00,1.25e-05
2026-08-19 15:00:00.007000+00:00,1.25e-05
2026-08-19 16:00:00.035000+00:00,1.25e-05
2026-08-19 17:00:00.001000+00:00,1.25e-05
2026-08-19 18:00:00.043000+00:00,1.25e-05
2026-08-19 19:00:00.035000+00:00,1.25e-05
2026-08-19 20:00:00.063000+00:00,1.25e-05
2026-08-19 21:00:00.026000+00:00,1.25e-05
2026-08-19 22:00:00.044000+00:00,1.25e-05
2026-08-19 23:00:00.004000+00:00,1.25e-05
2026-08-20 00:00:00.002000+00:00,1.25e-05
2026-08-20 01:00:00.057000+00:00,1.25e-05
2026-08-20 02:00:00.030000+00:00,1.25e-05
2026-08-20 03:00:00.020000+00:00,1.25e-05
2026-08-20 04:00:00.058000+00:00,1.25e-05
2026-08-20 05:00:00.050000+00:00,1.25e-05
2026-08-20 06:00:00.012000+00:00,1.25e-05
2026-08-20 07:00:00.099000+00:00,1.25e-05
2026-08-20 08:00:00.040000+00:00,1.25e-05
2026-08-20 09:00:00.047000+00:00,1.25e-05
2026-08-20 10:00:00.051000+00:00,1.25e-05
2026-08-20 11:00:00.038000+00:00,1.25e-05
2026-08-20 12:00:00.015000+00:00,1.25e-05
2026-08-20 13:00:00.021000+00:00,1.25e-05
2026-08-20 14:00:00.021000+00:00,1.25e-05
2026-08-20 15:00:00.042000+00:00,1.25e-05
2026-08-20 16:00:00.047000+00:00,1.25e-05
2026-08-20 17:00:00.009000+00:00,1.25e-05
2026-08-20 18:00:00.076000+00:00,1.25e-05
2026-08-20 19:00:00.031000+00:00,1.25e-05
2026-08-20 20:00:00.001000+00:00,1.25e-05
2026-08-20 21:00:00.054000+00:00,1.25e-05
2026-08-20 22:00:00.058000+00:00,1.25e-05
2026-08-20 23:00:00.039000+00:00,1.25e-05
2026-08-21 00:00:00.024000+00:00,1.25e-05
2026-08-21 01:00:00.054000+00:00,1.25e-05
2026-08-21 02:00:00.048000+00:00,1.25e-05
2026-08-21 03:00:00.027000+00:00,1.25e-05
2026-08-21 04:00:00.009000+00:00,1.25e-05
2026-08-21 05:00:00.060000+00:00,1.25e-05
2026-08-21 06:00:00.076000+00:00,1.25e-05
2026-08-21 07:00:00.033000+00:00,1.25e-05
2026-08-21 08:00:00.016000+00:00,1.25e-05
2026-08-21 09:00:00.050000+00:00,1.25e-05
2026-08-21 10:00:00.041000+00:00,1.25e-05
2026-08-21 11:00:00.054000+00:00,1.25e-05
2026-08-21 12:00:00.051000+00:00,1.25e-05
2026-08-21 13:00:00.021000+00:00,1.25e-05
2026-08-21 14:00:00.026000+00:00,1.25e-05
2026-08-21 15:00:00.009000+00:00,1.25e-05
2026-08-21 16:00:00.031000+00:00,1.25e-05
2026-08-21 17:00:00.024000+00:00,1.25e-05
2026-08-21 18:00:00.013000+00:00,1.25e-05
2026-08-21 19:00:00.035000+00:00,1.25e-05
2026-08-21 20:00:00.041000+00:00,1.25e-05
2026-08-21 21:00:00.063000+00:00,1.25e-05
2026-08-21 22:00:00.068000+00:00,1.25e-05
2026-08-21 23:00:00.016000+00:00,9.14224e-05
2026-08-22 00:00:00.028000+00:00,0.0001314046
2026-08-22 01:00:00.065000+00:00,6.39699e-05
2026-08-22 02:00:00.021000+00:00,0.0001366158
2026-08-22 03:00:00.014000+00:00,0.0001007474
2026-08-22 04:00:00.035000+00:00,8.42918e-05
2026-08-22 05:00:00.032000+00:00,0.0001123861
2026-08-22 06:00:00.054000+00:00,4.29163e-05
2026-08-22 07:00:00.006000+00:00,0.0001581712
2026-08-22 08:00:00.038000+00:00,0.000156723
2026-08-22 09:00:00.006000+00:00,5.02492e-05
2026-08-22 10:00:00.059000+00:00,3.94915e-05
2026-08-22 11:00:00.030000+00:00,2.30042e-05
2026-08-22 12:00:00.042000+00:00,6.97077e-05
2026-08-22 13:00:00.069000+00:00,5.18519e-05
2026-08-22 14:00:00.013000+00:00,3.31007e-05
2026-08-22 15:00:00.030000+00:00,4.26308e-05
2026-08-22 16:00:00.054000+00:00,6.71755e-05
2026-08-22 17:00:00.039000+00:00,7.60603e-05
2026-08-22 18:00:00.048000+00:00,4.33382e-05
2026-08-22 19:00:00.029000+00:00,3.80841e-05
2026-08-22 20:00:00.015000+00:00,3.36385e-05
2026-08-22 21:00:00.018000+00:00,8.41996e-05
2026-08-22 22:00:00.064000+00:00,6.12276e-05
2026-08-22 23:00:00.035000+00:00,4.18994e-05
2026-08-23 00:00:00.018000+00:00,3.62218e-05
2026-08-23 01:00:00.043000+00:00,4.13298e-05
2026-08-23 02:00:00.032000+00:00,3.94223e-05
2026-08-23 03:00:00.028000+00:00,2.27352e-05
2026-08-23 04:00:00.018000+00:00,1.25e-05
2026-08-23 05:00:00.062000+00:00,1.25e-05
2026-08-23 06:00:00.028000+00:00,1.25e-05
2026-08-23 07:00:00.026000+00:00,1.25e-05
2026-08-23 08:00:00.061000+00:00,3.62321e-05
2026-08-23 09:00:00.034000+00:00,5.17767e-05
2026-08-23 10:00:00.004000+00:00,1.25e-05
2026-08-23 11:00:00.022000+00:00,1.29881e-05
2026-08-23 12:00:00.030000+00:00,1.54798e-05
2026-08-23 13:00:00.067000+00:00,1.25e-05
2026-08-23 14:00:00.112000+00:00,2.4888e-05
2026-08-23 15:00:00.014000+00:00,1.3165e-05
2026-08-23 16:00:00.081000+00:00,1.25e-05
2026-08-23 17:00:00.049000+00:00,1.25e-05
2026-08-23 18:00:00.010000+00:00,1.25e-05
2026-08-23 19:00:00.007000+00:00,1.25e-05
2026-08-23 20:00:00.052000+00:00,1.25e-05
2026-08-23 21:00:00.055000+00:00,1.25e-05
2026-08-23 22:00:00.072000+00:00,1.25e-05
2026-08-23 23:00:00.063000+00:00,1.25e-05
2026-08-24 00:00:00.082000+00:00,1.25e-05
2026-08-24 01:00:00.038000+00:00,1.25e-05
2026-08-24 02:00:00.042000+00:00,1.25e-05
2026-08-24 03:00:00.074000+00:00,1.25e-05
2026-08-24 04:00:00.019000+00:00,1.25e-05
2026-08-24 05:00:00.070000+00:00,1.25e-05
2026-08-24 06:00:00.057000+00:00,1.25e-05
2026-08-24 07:00:00.028000+00:00,1.25e-05
2026-08-24 08:00:00.005000+00:00,1.25e-05
2026-08-24 09:00:00.013000+00:00,1.25e-05
2026-08-24 10:00:00.056000+00:00,1.25e-05
2026-08-24 11:00:00.088000+00:00,1.25e-05
2026-08-24 12:00:00.085000+00:00,1.25e-05
2026-08-24 13:00:00.041000+00:00,1.25e-05
2026-08-24 14:00:00.060000+00:00,1.25e-05
2026-08-24 15:00:00.026000+00:00,1.25e-05
2026-08-24 16:00:00.005000+00:00,1.25e-05
2026-08-24 17:00:00.093000+00:00,1.25e-05
2026-08-24 18:00:00.008000+00:00,1.25e-05
2026-08-24 19:00:00.031000+00:00,1.25e-05
2026-08-24 20:00:00.030000+00:00,1.25e-05
2026-08-24 21:00:00.009000+00:00,1.25e-05
2026-08-24 22:00:00.032000+00:00,1.25e-05
2026-08-24 23:00:00.041000+00:00,1.25e-05
2026-08-25 00:00:00.004000+00:00,1.25e-05
2026-08-25 01:00:00.045000+00:00,1.25e-05
2026-08-25 02:00:00.006000+00:00,1.25e-05
2026-08-25 03:00:00.017000+00:00,1.25e-05
2026-08-25 04:00:00.028000+00:00,1.25e-05
2026-08-25 05:00:00.025000+00:00,1.25e-05
2026-08-25 06:00:00.001000+00:00,1.5308e-05
2026-08-25 07:00:00.025000+00:00,1.25e-05
2026-08-25 08:00:00.008000+00:00,1.25e-05
2026-08-25 09:00:00.046000+00:00,1.25e-05
2026-08-25 10:00:00.015000+00:00,1.25e-05
2026-08-25 11:00:00.008000+00:00,1.25e-05
2026-08-25 12:00:00.027000+00:00,1.25e-05
2026-08-25 13:00:00.038000+00:00,1.25e-05
2026-08-25 14:00:00.013000+00:00,1.25e-05
2026-08-25 15:00:00.026000+00:00,1.25e-05
2026-08-25 16:00:00.058000+00:00,1.25e-05
2026-08-25 17:00:00.010000+00:00,1.25e-05
2026-08-25 18:00:00.007000+00:00,1.25e-05
2026-08-25 19:00:00.134000+00:00,1.25e-05
2026-08-25 20:00:00.049000+00:00,1.25e-05
2026-08-25 21:00:00.059000+00:00,1.25e-05
2026-08-25 22:00:00.005000+00:00,6.9362e-06
2026-08-25 23:00:00.001000+00:00,1.25e-05
2026-08-26 00:00:00.048000+00:00,1.18641e-05
2026-08-26 01:00:00.049000+00:00,1.25e-05
2026-08-26 02:00:00.048000+00:00,1.25e-05
2026-08-26 03:00:00.037000+00:00,1.25e-05
2026-08-26 04:00:00.048000+00:00,1.25e-05
2026-08-26 05:00:00.049000+00:00,1.25e-05
2026-08-26 06:00:00.008000+00:00,1.25e-05
2026-08-26 07:00:00.018000+00:00,1.25e-05
2026-08-26 08:00:00.007000+00:00,1.25e-05
2026-08-26 09:00:00.067000+00:00,1.25e-05
2026-08-26 10:00:00.032000+00:00,1.25e-05
2026-08-26 11:00:00.018000+00:00,1.25e-05
2026-08-26 12:00:00.022000+00:00,1.25e-05
2026-08-26 13:00:00.003000+00:00,1.25e-05
2026-08-26 14:00:00.026000+00:00,1.25e-05
2026-08-26 15:00:00.057000+00:00,1.25e-05
2026-08-26 16:00:00.034000+00:00,1.25e-05
2026-08-26 17:00:00.021000+00:00,1.25e-05
2026-08-26 18:00:00.046000+00:00,1.25e-05
2026-08-26 19:00:00.041000+00:00,1.25e-05
2026-08-26 20:00:00.068000+00:00,1.25e-05
2026-08-26 21:00:00.039000+00:00,1.25e-05
2026-08-26 22:00:00.019000+00:00,1.25e-05
2026-08-26 23:00:00.002000+00:00,1.25e-05
2026-08-27 00:00:00.012000+00:00,1.25e-05
2026-08-27 01:00:00.004000+00:00,1.25e-05
2026-08-27 02:00:00.013000+00:00,1.25e-05
2026-08-27 03:00:00.029000+00:00,1.25e-05
2026-08-27 04:00:00.091000+00:00,1.25e-05
2026-08-27 05:00:00.010000+00:00,1.25e-05
2026-08-27 06:00:00.041000+00:00,1.25e-05
2026-08-27 07:00:00.047000+00:00,1.25e-05
2026-08-27 08:00:00.119000+00:00,1.25e-05
2026-08-27 09:00:00.047000+00:00,1.25e-05
2026-08-27 10:00:00.056000+00:00,1.25e-05
2026-08-27 11:00:00.074000+00:00,1.25e-05
2026-08-27 12:00:00.043000+00:00,1.25e-05
2026-08-27 13:00:00.066000+00:00,1.25e-05
2026-08-27 14:00:00.035000+00:00,1.25e-05
2026-08-27 15:00:00.045000+00:00,1.25e-05
2026-08-27 16:00:00.033000+00:00,1.25e-05
2026-08-27 17:00:00.032000+00:00,1.25e-05
2026-08-27 18:00:00.059000+00:00,1.25e-05
2026-08-27 19:00:00.062000+00:00,1.25e-05
2026-08-27 20:00:00.016000+00:00,1.25e-05
2026-08-27 21:00:00.051000+00:00,1.25e-05
2026-08-27 22:00:00.040000+00:00,1.25e-05
2026-08-27 23:00:00.056000+00:00,1.25e-05
2026-08-28 00:00:00.079000+00:00,1.25e-05
2026-08-28 01:00:00.049000+00:00,1.25e-05
2026-08-28 02:00:00.026000+00:00,1.25e-05
2026-08-28 03:00:00.001000+00:00,1.25e-05
2026-08-28 04:00:00.011000+00:00,1.09043e-05
2026-08-28 05:00:00.031000+00:00,1.07142e-05
2026-08-28 06:00:00.038000+00:00,1.18727e-05
2026-08-28 07:00:00.038000+00:00,1.25e-05
2026-08-28 08:00:00.046000+00:00,1.23251e-05
2026-08-28 09:00:00.010000+00:00,1.25e-05
2026-08-28 10:00:00.037000+00:00,1.25e-05
2026-08-28 11:00:00.083000+00:00,1.25e-05
2026-08-28 12:00:00.038000+00:00,1.25e-05
2026-08-28 13:00:00.059000+00:00,1.25e-05
2026-08-28 14:00:00.018000+00:00,1.25e-05
2026-08-28 15:00:00.090000+00:00,7.0821e-06
2026-08-28 16:00:00.011000+00:00,1.25e-05
2026-08-28 17:00:00.016000+00:00,1.25e-05
2026-08-28 18:00:00.049000+00:00,1.25e-05
2026-08-28 19:00:00.018000+00:00,1.25e-05
2026-08-28 20:00:00.046000+00:00,1.25e-05
2026-08-28 21:00:00.058000+00:00,1.25e-05
2026-08-28 22:00:00.045000+00:00,1.25e-05
2026-08-28 23:00:00.040000+00:00,1.25e-05
2026-08-29 00:00:00.069000+00:00,1.25e-05
2026-08-29 01:00:00.048000+00:00,1.25e-05
2026-08-29 02:00:00.035000+00:00,1.25e-05
2026-08-29 03:00:00.001000+00:00,1.25e-05
2026-08-29 04:00:00.012000+00:00,1.25e-05
2026-08-29 05:00:00.068000+00:00,1.25e-05
2026-08-29 06:00:00.061000+00:00,1.25e-05
2026-08-29 07:00:00.027000+00:00,1.25e-05
2026-08-29 08:00:00.053000+00:00,1.25e-05
2026-08-29 09:00:00.044000+00:00,1.25e-05
2026-08-29 10:00:00.025000+00:00,1.25e-05
2026-08-29 11:00:00.058000+00:00,1.25e-05
2026-08-29 12:00:00.032000+00:00,1.25e-05
2026-08-29 13:00:00.009000+00:00,1.25e-05
2026-08-29 14:00:00.049000+00:00,1.25e-05
2026-08-29 15:00:00.035000+00:00,1.25e-05
2026-08-29 16:00:00.095000+00:00,1.25e-05
2026-08-29 17:00:00.100000+00:00,1.25e-05
2026-08-29 18:00:00.034000+00:00,1.25e-05
2026-08-29 19:00:00.041000+00:00,1.25e-05
2026-08-29 20:00:00.019000+00:00,1.25e-05
2026-08-29 21:00:00.076000+00:00,1.25e-05
2026-08-29 22:00:00.041000+00:00,1.25e-05
2026-08-29 23:00:00.024000+00:00,1.25e-05
2026-08-30 00:00:00.065000+00:00,1.25e-05
2026-08-30 01:00:00.015000+00:00,1.25e-05
2026-08-30 02:00:00.010000+00:00,1.25e-05
2026-08-30 03:00:00.046000+00:00,1.25e-05
2026-08-30 04:00:00.018000+00:00,1.25e-05
2026-08-30 05:00:00.035000+00:00,1.25e-05
2026-08-30 06:00:00.001000+00:00,1.25e-05
2026-08-30 07:00:00.050000+00:00,1.25e-05
2026-08-30 08:00:00.036000+00:00,1.25e-05
2026-08-30 09:00:00.017000+00:00,1.25e-05
2026-08-30 10:00:00.042000+00:00,1.25e-05
2026-08-30 11:00:00.049000+00:00,1.25e-05
2026-08-30 12:00:00.098000+00:00,1.25e-05
2026-08-30 13:00:00.029000+00:00,1.25e-05
2026-08-30 14:00:00.047000+00:00,1.25e-05
2026-08-30 15:00:00.016000+00:00,1.25e-05
2026-08-30 16:00:00.036000+00:00,1.25e-05
2026-08-30 17:00:00.018000+00:00,1.25e-05
2026-08-30 18:00:00.008000+00:00,1.25e-05
2026-08-30 19:00:00.043000+00:00,1.25e-05
2026-08-30 20:00:00.027000+00:00,1.25e-05
2026-08-30 21:00:00.036000+00:00,1.25e-05
2026-08-30 22:00:00.071000+00:00,1.25e-05
2026-08-30 23:00:00.052000+00:00,1.25e-05
2026-08-31 00:00:00.007000+00:00,1.25e-05
2026-08-31 01:00:00.050000+00:00,1.25e-05
2026-08-31 02:00:00.067000+00:00,1.25e-05
2026-08-31 03:00:00.034000+00:00,1.25e-05
2026-08-31 04:00:00.052000+00:00,1.25e-05
2026-08-31 05:00:00+00:00,1.25e-05
2026-08-31 06:00:00.017000+00:00,1.25e-05
2026-08-31 07:00:00.011000+00:00,1.25e-05
2026-08-31 08:00:00.063000+00:00,1.25e-05
2026-08-31 09:00:00.032000+00:00,1.25e-05
2026-08-31 10:00:00.053000+00:00,1.25e-05
2026-08-31 11:00:00.036000+00:00,1.25e-05
2026-08-31 12:00:00.050000+00:00,1.25e-05
2026-08-31 13:00:00.063000+00:00,1.25e-05
2026-08-31 14:00:00.028000+00:00,1.25e-05
2026-08-31 15:00:00.047000+00:00,1.25e-05
2026-08-31 16:00:00.044000+00:00,1.25e-05
2026-08-31 17:00:00.042000+00:00,1.25e-05
2026-08-31 18:00:00.059000+00:00,1.25e-05
2026-08-31 19:00:00.043000+00:00,1.25e-05
2026-08-31 20:00:00.026000+00:00,1.25e-05
2026-08-31 21:00:00.044000+00:00,1.25e-05
2026-08-31 22:00:00.071000+00:00,1.25e-05
2026-08-31 23:00:00.129000+00:00,1.25e-05
2026-09-01 00:00:00.019000+00:00,1.25e-05
2026-09-01 01:00:00.054000+00:00,1.25e-05
2026-09-01 02:00:00+00:00,1.25e-05
2026-09-01 03:00:00.044000+00:00,1.25e-05
2026-09-01 04:00:00.029000+00:00,1.25e-05
2026-09-01 05:00:00.033000+00:00,1.25e-05
2026-09-01 06:00:00.013000+00:00,1.25e-05
2026-09-01 07:00:00.067000+00:00,1.25e-05
2026-09-01 08:00:00.022000+00:00,1.25e-05
2026-09-01 09:00:00.003000+00:00,1.25e-05
2026-09-01 10:00:00.048000+00:00,1.25e-05
2026-09-01 11:00:00.054000+00:00,1.25e-05
2026-09-01 12:00:00.019000+00:00,1.25e-05
2026-09-01 13:00:00.031000+00:00,1.25e-05
2026-09-01 14:00:00.043000+00:00,1.25e-05
2026-09-01 15:00:00.043000+00:00,1.25e-05
2026-09-01 16:00:00.038000+00:00,1.25e-05
2026-09-01 17:00:00.051000+00:00,1.25e-05
2026-09-01 18:00:00.016000+00:00,1.25e-05
2026-09-01 19:00:00.007000+00:00,1.25e-05
2026-09-01 20:00:00.012000+00:00,1.25e-05
2026-09-01 21:00:00.010000+00:00,1.25e-05
2026-09-01 22:00:00.006000+00:00,1.25e-05
2026-09-01 23:00:00.005000+00:00,1.25e-05
2026-09-02 00:00:00.047000+00:00,1.25e-05
2026-09-02 01:00:00.015000+00:00,1.25e-05
2026-09-02 02:00:00.015000+00:00,1.25e-05
2026-09-02 03:00:00.012000+00:00,1.25e-05
2026-09-02 04:00:00.068000+00:00,1.25e-05
2026-09-02 05:00:00.032000+00:00,1.25e-05
2026-09-02 06:00:00.018000+00:00,1.25e-05
2026-09-02 07:00:00.034000+00:00,1.25e-05
2026-09-02 08:00:00.029000+00:00,1.25e-05
2026-09-02 09:00:00.002000+00:00,1.25e-05
2026-09-02 10:00:00.031000+00:00,1.23673e-05
2026-09-02 11:00:00.076000+00:00,7.7279e-06
2026-09-02 12:00:00.021000+00:00,1.25e-05
2026-09-02 13:00:00.073000+00:00,1.25e-05
2026-09-02 14:00:00.004000+00:00,1.25e-05
2026-09-02 15:00:00.060000+00:00,1.25e-05
2026-09-02 16:00:00.044000+00:00,1.25e-05
2026-09-02 17:00:00.004000+00:00,1.25e-05
2026-09-02 18:00:00.004000+00:00,1.25e-05
2026-09-02 19:00:00.017000+00:00,1.25e-05
2026-09-02 20:00:00.046000+00:00,1.25e-05
2026-09-02 21:00:00.055000+00:00,1.25e-05
2026-09-02 22:00:00.010000+00:00,1.25e-05
2026-09-02 23:00:00.041000+00:00,1.25e-05
2026-09-03 00:00:00.075000+00:00,1.25e-05
2026-09-03 01:00:00.052000+00:00,1.25e-05
2026-09-03 02:00:00.011000+00:00,1.25e-05
2026-09-03 03:00:00.026000+00:00,1.25e-05
2026-09-03 04:00:00.025000+00:00,1.25e-05
2026-09-03 05:00:00.015000+00:00,1.25e-05
2026-09-03 06:00:00.016000+00:00,1.25e-05
2026-09-03 07:00:00.040000+00:00,1.25e-05
2026-09-03 08:00:00.025000+00:00,1.25e-05
2026-09-03 09:00:00.011000+00:00,1.25e-05
2026-09-03 10:00:00.005000+00:00,1.25e-05
2026-09-03 11:00:00.031000+00:00,1.25e-05
2026-09-03 12:00:00.063000+00:00,1.25e-05
2026-09-03 13:00:00.007000+00:00,1.25e-05
2026-09-03 14:00:00.032000+00:00,1.25e-05
2026-09-03 15:00:00.014000+00:00,1.25e-05
2026-09-03 16:00:00.021000+00:00,1.25e-05
2026-09-03 17:00:00.038000+00:00,1.25e-05
2026-09-03 18:00:00.030000+00:00,1.25e-05
2026-09-03 19:00:00.039000+00:00,1.25e-05
2026-09-03 20:00:00.007000+00:00,1.25e-05
2026-09-03 21:00:00.047000+00:00,1.25e-05
2026-09-03 22:00:00.059000+00:00,1.25e-05
2026-09-03 23:00:00.059000+00:00,1.25e-05
2026-09-04 00:00:00.030000+00:00,1.25e-05
2026-09-04 01:00:00.062000+00:00,1.25e-05
2026-09-04 02:00:00.002000+00:00,1.25e-05
2026-09-04 03:00:00.028000+00:00,1.25e-05
2026-09-04 04:00:00.049000+00:00,1.25e-05
2026-09-04 05:00:00.080000+00:00,1.25e-05
2026-09-04 06:00:00.034000+00:00,1.25e-05
2026-09-04 07:00:00.017000+00:00,1.25e-05
2026-09-04 08:00:00.050000+00:00,1.25e-05
2026-09-04 09:00:00.048000+00:00,1.25e-05
2026-09-04 10:00:00.025000+00:00,1.25e-05
2026-09-04 11:00:00.028000+00:00,1.25e-05
2026-09-04 12:00:00.038000+00:00,1.25e-05
2026-09-04 13:00:00.038000+00:00,1.25e-05
2026-09-04 14:00:00.057000+00:00,1.25e-05
2026-09-04 15:00:00.045000+00:00,1.25e-05
2026-09-04 16:00:00.041000+00:00,1.25e-05
2026-09-04 17:00:00.047000+00:00,1.25e-05
2026-09-04 18:00:00.018000+00:00,1.25e-05
2026-09-04 19:00:00.002000+00:00,1.25e-05
2026-09-04 20:00:00.122000+00:00,1.25e-05
2026-09-04 21:00:00.044000+00:00,1.25e-05
2026-09-04 22:00:00.003000+00:00,1.25e-05
2026-09-04 23:00:00+00:00,1.25e-05
2026-09-05 00:00:00.005000+00:00,1.25e-05
2026-09-05 01:00:00.016000+00:00,1.25e-05
2026-09-05 02:00:00.063000+00:00,1.25e-05
2026-09-05 03:00:00.037000+00:00,1.25e-05
2026-09-05 04:00:00.024000+00:00,1.25e-05
2026-09-05 05:00:00.089000+00:00,1.25e-05
2026-09-05 06:00:00.040000+00:00,1.25e-05
2026-09-05 07:00:00.013000+00:00,1.25e-05
2026-09-05 08:00:00.002000+00:00,1.25e-05
2026-09-05 09:00:00.072000+00:00,1.20223e-05
2026-09-05 10:00:00.044000+00:00,1.25e-05
2026-09-05 11:00:00.016000+00:00,1.25e-05
2026-09-05 12:00:00.053000+00:00,1.25e-05
2026-09-05 13:00:00.049000+00:00,1.25e-05
2026-09-05 14:00:00.049000+00:00,1.25e-05
2026-09-05 15:00:00.047000+00:00,1.25e-05
2026-09-05 16:00:00.012000+00:00,1.25e-05
2026-09-05 17:00:00.018000+00:00,1.25e-05
2026-09-05 18:00:00.022000+00:00,1.25e-05
2026-09-05 19:00:00.048000+00:00,1.25e-05
2026-09-05 20:00:00.032000+00:00,1.25e-05
2026-09-05 21:00:00.040000+00:00,1.25e-05
2026-09-05 22:00:00.045000+00:00,1.25e-05
2026-09-05 23:00:00.059000+00:00,1.25e-05
2026-09-06 00:00:00.016000+00:00,1.25e-05
2026-09-06 01:00:00.049000+00:00,1.25e-05
2026-09-06 02:00:00.027000+00:00,1.25e-05
2026-09-06 03:00:00.010000+00:00,1.25e-05
2026-09-06 04:00:00.036000+00:00,1.25e-05
2026-09-06 05:00:00.040000+00:00,1.25e-05
2026-09-06 06:00:00.097000+00:00,1.25e-05
2026-09-06 07:00:00.116000+00:00,1.25e-05
2026-09-06 08:00:00.054000+00:00,1.25e-05
2026-09-06 09:00:00.005000+00:00,1.25e-05
2026-09-06 10:00:00.109000+00:00,1.25e-05
2026-09-06 11:00:00.065000+00:00,1.25e-05
2026-09-06 12:00:00.035000+00:00,1.25e-05
2026-09-06 13:00:00.035000+00:00,1.25e-05
2026-09-06 14:00:00.037000+00:00,1.25e-05
2026-09-06 15:00:00.045000+00:00,1.25e-05
2026-09-06 16:00:00.038000+00:00,1.25e-05
2026-09-06 17:00:00.013000+00:00,1.25e-05
2026-09-06 18:00:00.120000+00:00,1.25e-05
2026-09-06 19:00:00.100000+00:00,1.25e-05
