time,open,high,low,close,vwap,volume,count,tb,tq,qv
2026-04-08 15:30:00+00:00,83.19,83.19,83.19,83.19,83.19,0.0,0,,,
2026-04-08 15:45:00+00:00,83.43,83.43,83.38,83.38,83.38,0.171,3,,,
2026-04-08 16:00:00+00:00,83.38,83.38,83.38,83.38,83.38,0.0,0,,,
2026-04-08 16:15:00+00:00,83.26,83.26,83.26,83.26,83.26,0.358,1,,,
2026-04-08 16:30:00+00:00,83.16,83.16,83.16,83.16,83.16,0.26,1,,,
2026-04-08 16:45:00+00:00,83.3,83.55,83.3,83.55,83.55,19.147,5,,,
2026-04-08 17:00:00+00:00,83.55,83.55,83.55,83.55,83.55,0.0,0,,,
2026-04-08 17:15:00+00:00,83.55,83.55,83.55,83.55,83.55,0.0,0,,,
2026-04-08 17:30:00+00:00,83.88,84.12,83.88,84.11,84.11,0.892,5,,,
2026-04-08 17:45:00+00:00,84.11,84.11,84.11,84.11,84.11,0.0,0,,,
2026-04-08 18:00:00+00:00,84.01,84.01,83.73,83.73,83.73,3.927,4,,,
2026-04-08 18:15:00+00:00,83.83,83.86,83.29,83.38,83.38,70.302,24,,,
2026-04-08 18:30:00+00:00,83.38,83.38,83.38,83.38,83.38,0.0,0,,,
2026-04-08 18:45:00+00:00,83.13,83.16,82.93,82.93,82.93,2.228,6,,,
2026-04-08 19:00:00+00:00,82.93,82.93,82.93,82.93,82.93,0.0,0,,,
2026-04-08 19:15:00+00:00,82.96,82.96,82.85,82.85,82.85,9.587,4,,,
2026-04-08 19:30:00+00:00,82.85,82.85,82.85,82.85,82.85,0.0,0,,,
2026-04-08 19:45:00+00:00,82.85,82.85,82.85,82.85,82.85,0.0,0,,,
2026-04-08 20:00:00+00:00,83.26,83.32,83.26,83.32,83.32,0.327,2,,,
2026-04-08 20:15:00+00:00,83.23,83.3,83.23,83.3,83.3,8.395,2,,,
2026-04-08 20:30:00+00:00,83.29,83.29,83.09,83.17,83.17,66.666,26,,,
2026-04-08 20:45:00+00:00,83.17,83.17,83.17,83.17,83.17,0.0,0,,,
2026-04-08 21:00:00+00:00,83.39,83.58,83.39,83.58,83.58,1.098,6,,,
2026-04-08 21:15:00+00:00,83.58,83.58,83.58,83.58,83.58,0.0,0,,,
2026-04-08 21:30:00+00:00,83.58,83.58,83.58,83.58,83.58,0.0,0,,,
2026-04-08 21:45:00+00:00,83.58,83.58,83.58,83.58,83.58,0.0,0,,,
2026-04-08 22:00:00+00:00,83.27,83.33,83.13,83.13,83.13,2.278,4,,,
2026-04-08 22:15:00+00:00,83.0,83.0,82.81,82.81,82.81,1.128,6,,,
2026-04-08 22:30:00+00:00,82.88,82.92,82.88,82.92,82.92,0.436,2,,,
2026-04-08 22:45:00+00:00,82.92,82.92,82.92,82.92,82.92,0.0,0,,,
2026-04-08 23:00:00+00:00,82.45,82.84,82.34,82.84,82.84,8.836,10,,,
2026-04-08 23:15:00+00:00,82.93,82.93,82.43,82.43,82.43,0.778,3,,,
2026-04-08 23:30:00+00:00,82.56,82.56,82.56,82.56,82.56,0.014,1,,,
2026-04-08 23:45:00+00:00,82.56,82.56,82.56,82.56,82.56,0.0,0,,,
2026-04-09 00:00:00+00:00,82.54,82.54,82.54,82.54,82.54,1.751,1,,,
2026-04-09 00:15:00+00:00,82.55,82.55,82.55,82.55,82.55,0.069,1,,,
2026-04-09 00:30:00+00:00,82.14,82.14,82.11,82.11,82.11,2.499,3,,,
2026-04-09 00:45:00+00:00,82.14,82.24,82.14,82.24,82.24,18.45,3,,,
2026-04-09 01:00:00+00:00,82.11,82.11,81.79,81.83,81.83,8.903,8,,,
2026-04-09 01:15:00+00:00,81.98,81.98,81.79,81.79,81.79,1.961,7,,,
2026-04-09 01:30:00+00:00,81.89,82.3,81.89,81.96,81.96,120.482,9,,,
2026-04-09 01:45:00+00:00,81.92,82.18,81.92,82.15,82.15,12.943,4,,,
2026-04-09 02:00:00+00:00,82.23,82.23,82.19,82.19,82.19,13.794,4,,,
2026-04-09 02:15:00+00:00,82.22,82.36,82.2,82.36,82.36,4.923,4,,,
2026-04-09 02:30:00+00:00,82.19,82.19,82.19,82.19,82.19,0.329,1,,,
2026-04-09 02:45:00+00:00,82.17,82.17,82.17,82.17,82.17,0.202,2,,,
2026-04-09 03:00:00+00:00,82.17,82.17,82.17,82.17,82.17,0.0,0,,,
2026-04-09 03:15:00+00:00,81.93,81.97,81.9,81.97,81.97,21.447,4,,,
2026-04-09 03:30:00+00:00,81.97,81.97,81.97,81.97,81.97,0.0,0,,,
2026-04-09 03:45:00+00:00,81.97,81.97,81.97,81.97,81.97,0.0,0,,,
2026-04-09 04:00:00+00:00,81.92,81.92,81.92,81.92,81.92,0.59,1,,,
2026-04-09 04:15:00+00:00,81.86,81.86,81.86,81.86,81.86,0.354,1,,,
2026-04-09 04:30:00+00:00,81.86,81.86,81.86,81.86,81.86,0.0,0,,,
2026-04-09 04:45:00+00:00,81.93,81.93,81.93,81.93,81.93,0.048,1,,,
2026-04-09 05:00:00+00:00,81.93,81.93,81.93,81.93,81.93,0.0,0,,,
2026-04-09 05:15:00+00:00,81.93,81.93,81.93,81.93,81.93,0.0,0,,,
2026-04-09 05:30:00+00:00,82.05,82.05,82.05,82.05,82.05,0.354,1,,,
2026-04-09 05:45:00+00:00,82.05,82.05,82.05,82.05,82.05,0.0,0,,,
2026-04-09 06:00:00+00:00,82.05,82.05,82.05,82.05,82.05,0.0,0,,,
2026-04-09 06:15:00+00:00,82.05,82.05,82.05,82.05,82.05,0.0,0,,,
2026-04-09 06:30:00+00:00,81.97,81.97,81.97,81.97,81.97,10.097,1,,,
2026-04-09 06:45:00+00:00,81.97,81.97,81.97,81.97,81.97,0.0,0,,,
2026-04-09 07:00:00+00:00,81.97,81.97,81.97,81.97,81.97,0.0,0,,,
2026-04-09 07:15:00+00:00,81.97,81.97,81.97,81.97,81.97,0.0,0,,,
2026-04-09 07:30:00+00:00,82.41,82.43,82.41,82.43,82.43,0.038,2,,,
2026-04-09 07:45:00+00:00,82.33,82.33,82.33,82.33,82.33,0.198,2,,,
2026-04-09 08:00:00+00:00,82.33,82.33,82.33,82.33,82.33,0.0,0,,,
2026-04-09 08:15:00+00:00,82.33,82.33,82.33,82.33,82.33,0.0,0,,,
2026-04-09 08:30:00+00:00,82.43,82.55,82.43,82.55,82.55,0.167,2,,,
2026-04-09 08:45:00+00:00,82.54,82.54,82.54,82.54,82.54,0.104,1,,,
2026-04-09 09:00:00+00:00,82.54,82.54,82.54,82.54,82.54,0.0,0,,,
2026-04-09 09:15:00+00:00,82.54,82.54,82.54,82.54,82.54,0.0,0,,,
2026-04-09 09:30:00+00:00,82.39,82.39,82.25,82.25,82.25,3.544,5,,,
2026-04-09 09:45:00+00:00,82.65,82.65,82.65,82.65,82.65,0.024,1,,,
2026-04-09 10:00:00+00:00,82.65,82.65,82.65,82.65,82.65,0.0,0,,,
2026-04-09 10:15:00+00:00,82.65,82.65,82.65,82.65,82.65,0.0,0,,,
2026-04-09 10:30:00+00:00,82.65,82.65,82.65,82.65,82.65,0.0,0,,,
2026-04-09 10:45:00+00:00,82.65,82.65,82.65,82.65,82.65,0.0,0,,,
2026-04-09 11:00:00+00:00,82.63,82.63,82.4,82.4,82.4,18.032,4,,,
2026-04-09 11:15:00+00:00,82.06,82.06,82.06,82.06,82.06,3.302,1,,,
2026-04-09 11:30:00+00:00,82.06,82.06,82.06,82.06,82.06,0.0,0,,,
2026-04-09 11:45:00+00:00,82.06,82.06,82.06,82.06,82.06,0.0,0,,,
2026-04-09 12:00:00+00:00,82.06,82.06,82.06,82.06,82.06,0.0,0,,,
2026-04-09 12:15:00+00:00,82.06,82.06,82.06,82.06,82.06,0.0,0,,,
2026-04-09 12:30:00+00:00,82.06,82.34,82.0,82.34,82.34,15.92,3,,,
2026-04-09 12:45:00+00:00,82.34,82.34,82.34,82.34,82.34,0.0,0,,,
2026-04-09 13:00:00+00:00,82.34,82.34,82.34,82.34,82.34,0.0,0,,,
2026-04-09 13:15:00+00:00,82.34,82.34,82.34,82.34,82.34,0.0,0,,,
2026-04-09 13:30:00+00:00,82.17,82.17,81.94,81.94,81.94,9.696,4,,,
2026-04-09 13:45:00+00:00,81.75,81.75,81.75,81.75,81.75,3.563,3,,,
2026-04-09 14:00:00+00:00,81.84,81.98,81.77,81.98,81.98,16.573,5,,,
2026-04-09 14:15:00+00:00,81.58,81.58,81.45,81.45,81.45,9.78,3,,,
2026-04-09 14:30:00+00:00,81.56,81.56,81.54,81.54,81.54,80.886,2,,,
2026-04-09 14:45:00+00:00,81.94,82.15,81.94,82.15,82.15,0.119,3,,,
2026-04-09 15:00:00+00:00,81.93,82.43,81.93,82.43,82.43,0.364,2,,,
2026-04-09 15:15:00+00:00,82.46,82.46,82.31,82.31,82.31,0.478,2,,,
2026-04-09 15:30:00+00:00,82.72,83.43,82.72,83.43,83.43,11.997,19,,,
2026-04-09 15:45:00+00:00,83.57,83.82,83.48,83.74,83.74,354.538,24,,,
2026-04-09 16:00:00+00:00,83.93,84.15,83.84,83.87,83.87,13.3,14,,,
2026-04-09 16:15:00+00:00,83.85,84.08,83.85,84.08,84.08,22.574,6,,,
2026-04-09 16:30:00+00:00,83.6,83.6,83.16,83.17,83.17,2.98,6,,,
2026-04-09 16:45:00+00:00,83.03,83.53,83.0,83.53,83.53,1.931,7,,,
2026-04-09 17:00:00+00:00,83.89,84.22,83.89,84.22,84.22,0.771,3,,,
2026-04-09 17:15:00+00:00,83.93,83.93,83.93,83.93,83.93,3.244,1,,,
2026-04-09 17:30:00+00:00,84.02,84.51,84.02,84.44,84.44,168.993,23,,,
2026-04-09 17:45:00+00:00,84.33,84.59,84.33,84.45,84.45,26.917,9,,,
2026-04-09 18:00:00+00:00,84.44,84.44,84.04,84.04,84.04,3.779,4,,,
2026-04-09 18:15:00+00:00,83.93,83.93,83.93,83.93,83.93,0.014,1,,,
2026-04-09 18:30:00+00:00,83.93,83.93,83.93,83.93,83.93,0.0,0,,,
2026-04-09 18:45:00+00:00,83.53,83.89,83.51,83.86,83.86,17.183,5,,,
2026-04-09 19:00:00+00:00,83.98,84.14,83.98,84.1,84.1,33.438,7,,,
2026-04-09 19:15:00+00:00,83.84,83.84,83.51,83.51,83.51,4.118,4,,,
2026-04-09 19:30:00+00:00,83.68,84.01,83.68,84.01,84.01,50.469,7,,,
2026-04-09 19:45:00+00:00,84.14,84.26,84.14,84.16,84.16,4.954,5,,,
2026-04-09 20:00:00+00:00,84.16,84.16,84.16,84.16,84.16,0.0,0,,,
2026-04-09 20:15:00+00:00,84.43,84.43,84.43,84.43,84.43,0.014,1,,,
2026-04-09 20:30:00+00:00,84.43,84.43,84.43,84.43,84.43,0.0,0,,,
2026-04-09 20:45:00+00:00,84.43,84.43,84.43,84.43,84.43,0.0,0,,,
2026-04-09 21:00:00+00:00,84.55,84.55,84.53,84.53,84.53,0.199,2,,,
2026-04-09 21:15:00+00:00,84.53,84.53,84.53,84.53,84.53,0.0,0,,,
2026-04-09 21:30:00+00:00,84.53,84.53,84.53,84.53,84.53,0.0,0,,,
2026-04-09 21:45:00+00:00,84.45,84.45,84.45,84.45,84.45,3.093,1,,,
2026-04-09 22:00:00+00:00,84.45,84.45,84.45,84.45,84.45,0.0,0,,,
2026-04-09 22:15:00+00:00,84.73,85.91,84.73,84.86,84.86,127.932,66,,,
2026-04-09 22:30:00+00:00,84.5,84.5,84.44,84.46,84.46,1.244,5,,,
2026-04-09 22:45:00+00:00,84.43,84.49,84.13,84.13,84.13,36.949,13,,,
2026-04-09 23:00:00+00:00,83.93,83.93,83.67,83.67,83.67,9.223,9,,,
2026-04-09 23:15:00+00:00,83.51,83.74,83.5,83.74,83.74,2.971,6,,,
2026-04-09 23:30:00+00:00,83.51,83.51,83.4,83.4,83.4,0.899,4,,,
2026-04-09 23:45:00+00:00,83.3,83.3,83.27,83.27,83.27,7.436,3,,,
2026-04-10 00:00:00+00:00,83.18,83.23,83.18,83.19,83.19,0.966,3,,,
2026-04-10 00:15:00+00:00,83.0,83.0,82.93,82.93,82.93,0.314,2,,,
2026-04-10 00:30:00+00:00,83.11,83.11,83.06,83.1,83.1,89.817,7,,,
2026-04-10 00:45:00+00:00,83.1,83.1,83.1,83.1,83.1,0.0,0,,,
2026-04-10 01:00:00+00:00,83.01,83.13,83.01,83.13,83.13,22.141,4,,,
2026-04-10 01:15:00+00:00,83.34,83.34,82.85,83.18,83.18,9.301,8,,,
2026-04-10 01:30:00+00:00,83.34,83.68,83.34,83.57,83.57,2.921,8,,,
2026-04-10 01:45:00+00:00,83.47,83.47,83.18,83.19,83.19,2.356,5,,,
2026-04-10 02:00:00+00:00,83.34,83.34,83.34,83.34,83.34,0.706,1,,,
2026-04-10 02:15:00+00:00,83.34,83.34,83.34,83.34,83.34,0.0,0,,,
2026-04-10 02:30:00+00:00,83.34,83.34,83.34,83.34,83.34,0.0,0,,,
2026-04-10 02:45:00+00:00,83.18,83.18,83.18,83.18,83.18,0.648,1,,,
2026-04-10 03:00:00+00:00,83.18,83.18,83.18,83.18,83.18,0.0,0,,,
2026-04-10 03:15:00+00:00,83.0,83.0,82.68,82.68,82.68,0.97,4,,,
2026-04-10 03:30:00+00:00,82.68,82.68,82.68,82.68,82.68,0.0,0,,,
2026-04-10 03:45:00+00:00,82.95,82.95,82.95,82.95,82.95,31.727,1,,,
2026-04-10 04:00:00+00:00,82.89,82.97,82.89,82.97,82.97,0.504,5,,,
2026-04-10 04:15:00+00:00,83.01,83.01,83.01,83.01,83.01,0.61,1,,,
2026-04-10 04:30:00+00:00,83.01,83.01,83.01,83.01,83.01,0.0,0,,,
2026-04-10 04:45:00+00:00,83.15,83.43,83.15,83.43,83.43,1.385,7,,,
2026-04-10 05:00:00+00:00,83.18,83.18,83.18,83.18,83.18,0.67,1,,,
2026-04-10 05:15:00+00:00,83.34,83.34,83.34,83.34,83.34,0.67,1,,,
2026-04-10 05:30:00+00:00,83.53,83.54,83.5,83.5,83.5,40.111,5,,,
2026-04-10 05:45:00+00:00,83.45,83.45,83.38,83.38,83.38,0.887,2,,,
2026-04-10 06:00:00+00:00,83.38,83.38,83.38,83.38,83.38,0.0,0,,,
2026-04-10 06:15:00+00:00,83.38,83.38,83.38,83.38,83.38,0.0,0,,,
2026-04-10 06:30:00+00:00,83.18,83.18,83.16,83.16,83.16,0.824,2,,,
2026-04-10 06:45:00+00:00,83.2,83.2,83.2,83.2,83.2,0.108,1,,,
2026-04-10 07:00:00+00:00,83.22,83.22,83.22,83.22,83.22,0.096,1,,,
2026-04-10 07:15:00+00:00,83.16,83.16,83.16,83.16,83.16,2.607,1,,,
2026-04-10 07:30:00+00:00,83.16,83.16,83.16,83.16,83.16,0.0,0,,,
2026-04-10 07:45:00+00:00,83.0,83.0,82.93,82.93,82.93,0.314,2,,,
2026-04-10 08:00:00+00:00,82.93,82.93,82.93,82.93,82.93,0.0,0,,,
2026-04-10 08:15:00+00:00,82.93,82.93,82.93,82.93,82.93,0.0,0,,,
2026-04-10 08:30:00+00:00,82.93,82.93,82.93,82.93,82.93,0.0,0,,,
2026-04-10 08:45:00+00:00,82.92,82.92,82.75,82.77,82.77,75.791,4,,,
2026-04-10 09:00:00+00:00,83.08,83.17,83.08,83.17,83.17,0.248,3,,,
2026-04-10 09:15:00+00:00,83.34,83.45,83.34,83.45,83.45,1.246,5,,,
2026-04-10 09:30:00+00:00,83.45,83.45,83.45,83.45,83.45,0.0,0,,,
2026-04-10 09:45:00+00:00,83.47,83.47,83.47,83.47,83.47,13.874,2,,,
2026-04-10 10:00:00+00:00,83.49,83.49,83.49,83.49,83.49,0.134,1,,,
2026-04-10 10:15:00+00:00,83.49,83.49,83.49,83.49,83.49,0.0,0,,,
2026-04-10 10:30:00+00:00,83.49,83.49,83.49,83.49,83.49,0.0,0,,,
2026-04-10 10:45:00+00:00,83.18,83.2,83.18,83.2,83.2,12.825,2,,,
2026-04-10 11:00:00+00:00,83.34,83.63,83.34,83.6,83.6,1.072,3,,,
2026-04-10 11:15:00+00:00,83.6,83.6,83.6,83.6,83.6,0.0,0,,,
2026-04-10 11:30:00+00:00,83.68,83.68,83.68,83.68,83.68,0.73,1,,,
2026-04-10 11:45:00+00:00,83.68,83.68,83.68,83.68,83.68,0.0,0,,,
2026-04-10 12:00:00+00:00,83.68,83.68,83.68,83.68,83.68,0.0,0,,,
2026-04-10 12:15:00+00:00,83.72,83.79,83.51,83.68,83.68,12.475,8,,,
2026-04-10 12:30:00+00:00,83.79,84.35,83.76,84.17,84.17,68.858,25,,,
2026-04-10 12:45:00+00:00,84.34,84.34,84.17,84.17,84.17,1.703,3,,,
2026-04-10 13:00:00+00:00,84.07,84.07,84.07,84.07,84.07,0.3,1,,,
2026-04-10 13:15:00+00:00,84.07,84.07,84.07,84.07,84.07,0.0,0,,,
2026-04-10 13:30:00+00:00,84.05,84.05,83.65,83.65,83.65,2.507,13,,,
2026-04-10 13:45:00+00:00,84.01,84.37,84.01,84.37,84.37,2.929,7,,,
2026-04-10 14:00:00+00:00,84.4,84.67,84.4,84.64,84.64,4.308,7,,,
2026-04-10 14:15:00+00:00,84.94,85.08,84.89,84.89,84.89,2.567,4,,,
2026-04-10 14:30:00+00:00,85.1,85.14,85.1,85.14,85.14,1.13,4,,,
2026-04-10 14:45:00+00:00,84.89,85.07,84.87,85.07,85.07,26.623,4,,,
2026-04-10 15:00:00+00:00,85.3,85.33,85.17,85.17,85.17,6.224,4,,,
2026-04-10 15:15:00+00:00,85.33,85.54,84.94,84.94,84.94,2.818,12,,,
2026-04-10 15:30:00+00:00,84.83,84.83,84.55,84.56,84.56,25.809,10,,,
2026-04-10 15:45:00+00:00,84.43,84.45,84.17,84.17,84.17,9.381,5,,,
2026-04-10 16:00:00+00:00,84.34,84.34,84.34,84.34,84.34,0.791,1,,,
2026-04-10 16:15:00+00:00,84.54,84.57,84.53,84.57,84.57,85.459,14,,,
2026-04-10 16:30:00+00:00,84.67,84.67,84.67,84.67,84.67,0.791,1,,,
2026-04-10 16:45:00+00:00,84.67,84.67,84.67,84.67,84.67,0.0,0,,,
2026-04-10 17:00:00+00:00,84.67,84.67,84.67,84.67,84.67,0.0,0,,,
2026-04-10 17:15:00+00:00,84.67,84.67,84.67,84.67,84.67,0.0,0,,,
2026-04-10 17:30:00+00:00,84.67,84.67,84.67,84.67,84.67,0.0,0,,,
2026-04-10 17:45:00+00:00,84.72,84.72,84.72,84.72,84.72,0.141,1,,,
2026-04-10 18:00:00+00:00,84.91,84.91,84.91,84.91,84.91,1.359,2,,,
2026-04-10 18:15:00+00:00,84.94,85.0,84.83,84.91,84.91,5.659,8,,,
2026-04-10 18:30:00+00:00,84.91,84.91,84.91,84.91,84.91,0.0,0,,,
2026-04-10 18:45:00+00:00,85.0,85.24,85.0,85.24,85.24,20.063,6,,,
2026-04-10 19:00:00+00:00,85.33,85.45,85.33,85.45,85.45,0.923,2,,,
2026-04-10 19:15:00+00:00,85.45,85.45,85.45,85.45,85.45,0.0,0,,,
2026-04-10 19:30:00+00:00,85.45,85.45,85.45,85.45,85.45,0.0,0,,,
2026-04-10 19:45:00+00:00,85.45,85.45,85.45,85.45,85.45,0.0,0,,,
2026-04-10 20:00:00+00:00,85.45,85.45,85.45,85.45,85.45,0.0,0,,,
2026-04-10 20:15:00+00:00,85.36,85.36,85.36,85.36,85.36,1.897,1,,,
2026-04-10 20:30:00+00:00,85.47,85.58,85.47,85.58,85.58,4.038,5,,,
2026-04-10 20:45:00+00:00,85.58,85.58,85.58,85.58,85.58,0.0,0,,,
2026-04-10 21:00:00+00:00,85.58,85.58,85.58,85.58,85.58,0.0,0,,,
2026-04-10 21:15:00+00:00,85.05,85.05,85.05,85.05,85.05,9.803,3,,,
2026-04-10 21:30:00+00:00,85.1,85.1,85.07,85.07,85.07,3.152,2,,,
2026-04-10 21:45:00+00:00,85.07,85.07,85.07,85.07,85.07,0.0,0,,,
2026-04-10 22:00:00+00:00,85.07,85.07,85.07,85.07,85.07,0.0,0,,,
2026-04-10 22:15:00+00:00,85.14,85.14,85.07,85.07,85.07,8.358,3,,,
2026-04-10 22:30:00+00:00,84.94,84.94,84.71,84.76,84.76,85.477,8,,,
2026-04-10 22:45:00+00:00,84.76,84.76,84.76,84.76,84.76,0.0,0,,,
2026-04-10 23:00:00+00:00,84.81,84.81,84.81,84.81,84.81,5.895,1,,,
2026-04-10 23:15:00+00:00,84.8,84.8,84.8,84.8,84.8,2.26,1,,,
2026-04-10 23:30:00+00:00,84.8,84.8,84.8,84.8,84.8,0.0,0,,,
2026-04-10 23:45:00+00:00,84.8,84.8,84.8,84.8,84.8,0.0,0,,,
2026-04-11 00:00:00+00:00,84.8,84.8,84.8,84.8,84.8,0.0,0,,,
2026-04-11 00:15:00+00:00,84.73,84.73,84.73,84.73,84.73,0.471,1,,,
2026-04-11 00:30:00+00:00,84.73,84.73,84.73,84.73,84.73,0.0,0,,,
2026-04-11 00:45:00+00:00,84.7,84.7,84.7,84.7,84.7,0.59,1,,,
2026-04-11 01:00:00+00:00,84.67,84.67,84.67,84.67,84.67,0.3,2,,,
2026-04-11 01:15:00+00:00,84.56,84.56,84.43,84.43,84.43,1.036,3,,,
2026-04-11 01:30:00+00:00,84.43,84.43,84.43,84.43,84.43,0.0,0,,,
2026-04-11 01:45:00+00:00,84.67,84.67,84.67,84.67,84.67,0.317,1,,,
2026-04-11 02:00:00+00:00,84.67,84.67,84.67,84.67,84.67,0.563,1,,,
2026-04-11 02:15:00+00:00,84.78,84.78,84.78,84.78,84.78,0.398,2,,,
2026-04-11 02:30:00+00:00,84.89,84.89,84.83,84.83,84.83,1.969,3,,,
2026-04-11 02:45:00+00:00,84.74,84.74,84.74,84.74,84.74,50.45,1,,,
2026-04-11 03:00:00+00:00,84.74,84.74,84.74,84.74,84.74,0.0,0,,,
2026-04-11 03:15:00+00:00,84.87,85.07,84.86,84.9,84.9,1375.636,29,,,
2026-04-11 03:30:00+00:00,84.82,84.82,84.72,84.79,84.79,20.179,8,,,
2026-04-11 03:45:00+00:00,84.66,84.66,84.41,84.41,84.41,61.129,5,,,
2026-04-11 04:00:00+00:00,84.46,84.46,84.46,84.46,84.46,0.48,1,,,
2026-04-11 04:15:00+00:00,84.33,84.35,84.13,84.25,84.25,1260.068,31,,,
2026-04-11 04:30:00+00:00,84.36,84.43,84.35,84.43,84.43,9.741,6,,,
2026-04-11 04:45:00+00:00,84.43,84.43,84.43,84.43,84.43,0.0,0,,,
2026-04-11 05:00:00+00:00,84.43,84.43,84.43,84.43,84.43,0.0,0,,,
2026-04-11 05:15:00+00:00,84.43,84.43,84.43,84.43,84.43,0.0,0,,,
2026-04-11 05:30:00+00:00,84.26,84.31,84.26,84.31,84.31,12.563,2,,,
2026-04-11 05:45:00+00:00,84.23,84.23,84.23,84.23,84.23,13.386,1,,,
2026-04-11 06:00:00+00:00,84.07,84.07,84.07,84.07,84.07,0.3,1,,,
2026-04-11 06:15:00+00:00,84.07,84.07,83.93,83.93,83.93,0.608,2,,,
2026-04-11 06:30:00+00:00,83.93,83.93,83.93,83.93,83.93,0.0,0,,,
2026-04-11 06:45:00+00:00,83.93,83.93,83.93,83.93,83.93,0.0,0,,,
2026-04-11 07:00:00+00:00,83.93,83.93,83.93,83.93,83.93,0.0,0,,,
2026-04-11 07:15:00+00:00,84.3,84.39,84.3,84.39,84.39,0.537,3,,,
2026-04-11 07:30:00+00:00,84.39,84.39,84.39,84.39,84.39,0.0,0,,,
2026-04-11 07:45:00+00:00,84.39,84.39,84.39,84.39,84.39,0.0,0,,,
2026-04-11 08:00:00+00:00,84.36,84.36,84.36,84.36,84.36,0.096,1,,,
2026-04-11 08:15:00+00:00,84.36,84.36,84.36,84.36,84.36,0.0,0,,,
2026-04-11 08:30:00+00:00,84.36,84.36,84.36,84.36,84.36,0.0,0,,,
2026-04-11 08:45:00+00:00,84.36,84.36,84.36,84.36,84.36,0.0,0,,,
2026-04-11 09:00:00+00:00,84.25,84.25,84.25,84.25,84.25,0.083,1,,,
2026-04-11 09:15:00+00:00,84.43,84.76,84.43,84.69,84.69,1.584,5,,,
2026-04-11 09:30:00+00:00,84.71,84.71,84.54,84.6,84.6,8.827,9,,,
2026-04-11 09:45:00+00:00,84.6,84.6,84.6,84.6,84.6,0.0,0,,,
2026-04-11 10:00:00+00:00,84.5,84.5,84.5,84.5,84.5,0.829,1,,,
2026-04-11 10:15:00+00:00,84.5,84.5,84.5,84.5,84.5,0.0,0,,,
2026-04-11 10:30:00+00:00,84.12,84.12,84.12,84.12,84.12,0.096,1,,,
2026-04-11 10:45:00+00:00,84.07,84.07,84.07,84.07,84.07,0.3,1,,,
2026-04-11 11:00:00+00:00,84.03,84.03,84.03,84.03,84.03,0.237,2,,,
2026-04-11 11:15:00+00:00,83.93,83.93,83.88,83.88,83.88,0.614,2,,,
2026-04-11 11:30:00+00:00,83.88,83.88,83.88,83.88,83.88,0.0,0,,,
2026-04-11 11:45:00+00:00,83.88,83.88,83.88,83.88,83.88,0.0,0,,,
2026-04-11 12:00:00+00:00,83.88,83.88,83.88,83.88,83.88,0.0,0,,,
2026-04-11 12:15:00+00:00,84.14,84.14,84.14,84.14,84.14,1.188,1,,,
2026-04-11 12:30:00+00:00,84.26,84.3,84.26,84.3,84.3,0.537,3,,,
2026-04-11 12:45:00+00:00,84.43,84.5,84.32,84.32,84.32,6.647,5,,,
2026-04-11 13:00:00+00:00,84.24,84.24,83.88,83.88,83.88,62.401,9,,,
2026-04-11 13:15:00+00:00,84.29,84.3,84.29,84.29,84.29,0.604,3,,,
2026-04-11 13:30:00+00:00,84.29,84.29,84.29,84.29,84.29,0.0,0,,,
2026-04-11 13:45:00+00:00,84.29,84.29,84.29,84.29,84.29,0.0,0,,,
2026-04-11 14:00:00+00:00,84.12,84.23,84.12,84.23,84.23,4.382,3,,,
2026-04-11 14:15:00+00:00,84.34,84.34,84.34,84.34,84.34,0.62,2,,,
2026-04-11 14:30:00+00:00,84.31,84.31,84.31,84.31,84.31,1.78,1,,,
2026-04-11 14:45:00+00:00,84.31,84.31,84.31,84.31,84.31,0.0,0,,,
2026-04-11 15:00:00+00:00,84.43,84.43,84.43,84.43,84.43,0.014,1,,,
2026-04-11 15:15:00+00:00,84.46,84.67,84.46,84.67,84.67,1.192,3,,,
2026-04-11 15:30:00+00:00,84.85,84.85,84.74,84.74,84.74,72.457,5,,,
2026-04-11 15:45:00+00:00,84.74,84.74,84.74,84.74,84.74,0.0,0,,,
2026-04-11 16:00:00+00:00,84.74,84.74,84.74,84.74,84.74,0.5,1,,,
2026-04-11 16:15:00+00:00,84.74,84.74,84.74,84.74,84.74,0.0,0,,,
2026-04-11 16:30:00+00:00,84.94,85.33,84.94,85.15,85.15,4.494,10,,,
2026-04-11 16:45:00+00:00,85.19,85.19,85.19,85.19,85.19,0.586,1,,,
2026-04-11 17:00:00+00:00,85.19,85.19,85.19,85.19,85.19,0.0,0,,,
2026-04-11 17:15:00+00:00,85.19,85.19,85.19,85.19,85.19,0.0,0,,,
2026-04-11 17:30:00+00:00,84.9,84.9,84.9,84.9,84.9,1.295,1,,,
2026-04-11 17:45:00+00:00,84.83,84.83,84.83,84.83,84.83,0.839,1,,,
2026-04-11 18:00:00+00:00,84.81,84.81,84.78,84.81,84.81,112.497,8,,,
2026-04-11 18:15:00+00:00,84.97,84.97,84.97,84.97,84.97,0.589,1,,,
2026-04-11 18:30:00+00:00,85.0,85.76,85.0,85.49,85.49,383.191,29,,,
2026-04-11 18:45:00+00:00,85.49,85.49,85.49,85.49,85.49,0.0,0,,,
2026-04-11 19:00:00+00:00,85.66,85.79,85.66,85.66,85.66,1.634,3,,,
2026-04-11 19:15:00+00:00,85.86,85.9,85.85,85.9,85.9,1.403,3,,,
2026-04-11 19:30:00+00:00,85.96,86.17,85.96,86.13,86.13,68.46,12,,,
2026-04-11 19:45:00+00:00,86.13,86.13,86.13,86.13,86.13,0.0,0,,,
2026-04-11 20:00:00+00:00,85.69,85.69,85.68,85.68,85.68,13.824,3,,,
2026-04-11 20:15:00+00:00,85.68,85.68,85.68,85.68,85.68,0.0,0,,,
2026-04-11 20:30:00+00:00,85.45,85.45,85.23,85.31,85.31,1.869,5,,,
2026-04-11 20:45:00+00:00,85.43,85.43,85.42,85.42,85.42,0.67,2,,,
2026-04-11 21:00:00+00:00,85.42,85.42,85.42,85.42,85.42,0.0,0,,,
2026-04-11 21:15:00+00:00,85.42,85.42,85.42,85.42,85.42,0.0,0,,,
2026-04-11 21:30:00+00:00,85.33,85.33,85.33,85.33,85.33,4.0,1,,,
2026-04-11 21:45:00+00:00,85.33,85.33,85.33,85.33,85.33,0.0,0,,,
2026-04-11 22:00:00+00:00,85.49,85.49,85.49,85.49,85.49,0.197,1,,,
2026-04-11 22:15:00+00:00,85.55,86.27,85.55,85.61,85.61,275.263,28,,,
2026-04-11 22:30:00+00:00,85.51,85.51,85.16,85.21,85.21,7.19,10,,,
2026-04-11 22:45:00+00:00,85.21,85.21,85.21,85.21,85.21,0.0,0,,,
2026-04-11 23:00:00+00:00,84.99,84.99,84.73,84.73,84.73,11.387,9,,,
2026-04-11 23:15:00+00:00,84.73,84.73,84.73,84.73,84.73,0.0,0,,,
2026-04-11 23:30:00+00:00,84.73,84.73,84.73,84.73,84.73,0.0,0,,,
2026-04-11 23:45:00+00:00,84.73,84.73,84.73,84.73,84.73,0.0,0,,,
2026-04-12 00:00:00+00:00,84.73,84.73,84.73,84.73,84.73,0.0,0,,,
2026-04-12 00:15:00+00:00,84.73,84.73,84.73,84.73,84.73,0.0,0,,,
2026-04-12 00:30:00+00:00,84.96,84.96,84.96,84.96,84.96,0.235,1,,,
2026-04-12 00:45:00+00:00,84.96,84.96,84.96,84.96,84.96,0.0,0,,,
2026-04-12 01:00:00+00:00,84.96,84.96,84.96,84.96,84.96,0.0,0,,,
2026-04-12 01:15:00+00:00,84.73,84.73,84.73,84.73,84.73,100.0,3,,,
2026-04-12 01:30:00+00:00,84.5,84.5,82.68,82.68,82.68,242.303,47,,,
2026-04-12 01:45:00+00:00,82.68,82.68,82.09,82.29,82.29,219.152,30,,,
2026-04-12 02:00:00+00:00,82.28,82.43,81.92,82.43,82.43,45.974,12,,,
2026-04-12 02:15:00+00:00,82.7,82.93,82.7,82.73,82.73,4.653,9,,,
2026-04-12 02:30:00+00:00,82.73,82.73,82.73,82.73,82.73,0.0,0,,,
2026-04-12 02:45:00+00:00,82.73,82.73,82.73,82.73,82.73,1.211,3,,,
2026-04-12 03:00:00+00:00,82.74,82.77,82.74,82.77,82.77,50.6,5,,,
2026-04-12 03:15:00+00:00,82.77,82.77,82.77,82.77,82.77,0.0,0,,,
2026-04-12 03:30:00+00:00,82.52,82.52,82.43,82.47,82.47,1.102,5,,,
2026-04-12 03:45:00+00:00,82.47,82.47,82.47,82.47,82.47,0.121,1,,,
2026-04-12 04:00:00+00:00,82.34,82.34,82.34,82.34,82.34,0.08,1,,,
2026-04-12 04:15:00+00:00,82.34,82.34,82.34,82.34,82.34,0.0,0,,,
2026-04-12 04:30:00+00:00,82.34,82.34,82.34,82.34,82.34,0.0,0,,,
2026-04-12 04:45:00+00:00,82.26,82.26,82.19,82.19,82.19,76.323,7,,,
2026-04-12 05:00:00+00:00,82.3,82.3,82.3,82.3,82.3,61.97,1,,,
2026-04-12 05:15:00+00:00,82.35,82.35,82.35,82.35,82.35,0.402,1,,,
2026-04-12 05:30:00+00:00,82.35,82.35,82.35,82.35,82.35,0.0,0,,,
2026-04-12 05:45:00+00:00,82.35,82.35,82.35,82.35,82.35,0.0,0,,,
2026-04-12 06:00:00+00:00,82.46,82.46,82.46,82.46,82.46,0.6,1,,,
2026-04-12 06:15:00+00:00,82.46,82.46,82.46,82.46,82.46,0.0,0,,,
2026-04-12 06:30:00+00:00,82.46,82.46,82.46,82.46,82.46,0.0,0,,,
2026-04-12 06:45:00+00:00,82.46,82.46,82.46,82.46,82.46,0.0,0,,,
2026-04-12 07:00:00+00:00,82.46,82.46,82.46,82.46,82.46,0.0,0,,,
2026-04-12 07:15:00+00:00,82.46,82.46,82.46,82.46,82.46,0.0,0,,,
2026-04-12 07:30:00+00:00,82.46,82.46,82.46,82.46,82.46,0.121,1,,,
2026-04-12 07:45:00+00:00,82.46,82.46,82.46,82.46,82.46,0.0,0,,,
2026-04-12 08:00:00+00:00,82.46,82.46,82.46,82.46,82.46,0.0,0,,,
2026-04-12 08:15:00+00:00,82.46,82.46,82.46,82.46,82.46,0.0,0,,,
2026-04-12 08:30:00+00:00,82.46,82.46,82.46,82.46,82.46,0.0,0,,,
2026-04-12 08:45:00+00:00,82.46,82.46,82.46,82.46,82.46,0.0,0,,,
2026-04-12 09:00:00+00:00,82.36,82.36,82.36,82.36,82.36,0.6,1,,,
2026-04-12 09:15:00+00:00,82.27,82.27,82.27,82.27,82.27,0.29,1,,,
2026-04-12 09:30:00+00:00,82.27,82.27,82.27,82.27,82.27,0.0,0,,,
2026-04-12 09:45:00+00:00,82.29,82.29,82.28,82.28,82.28,0.115,2,,,
2026-04-12 10:00:00+00:00,82.28,82.28,82.28,82.28,82.28,0.0,0,,,
2026-04-12 10:15:00+00:00,82.28,82.28,82.28,82.28,82.28,0.0,0,,,
2026-04-12 10:30:00+00:00,82.28,82.28,82.28,82.28,82.28,0.0,0,,,
2026-04-12 10:45:00+00:00,82.09,82.09,82.09,82.09,82.09,0.6,1,,,
2026-04-12 11:00:00+00:00,82.08,82.08,82.08,82.08,82.08,0.29,1,,,
2026-04-12 11:15:00+00:00,82.26,82.26,82.26,82.26,82.26,0.7,3,,,
2026-04-12 11:30:00+00:00,82.4,82.4,82.4,82.4,82.4,0.084,1,,,
2026-04-12 11:45:00+00:00,82.4,82.4,82.4,82.4,82.4,0.0,0,,,
2026-04-12 12:00:00+00:00,82.4,82.4,82.4,82.4,82.4,0.0,0,,,
2026-04-12 12:15:00+00:00,82.34,82.41,82.34,82.41,82.41,5.431,3,,,
2026-04-12 12:30:00+00:00,82.51,82.54,82.31,82.31,82.31,20.711,10,,,
2026-04-12 12:45:00+00:00,82.44,82.47,81.96,82.05,82.05,136.991,21,,,
2026-04-12 13:00:00+00:00,82.14,82.21,82.06,82.14,82.14,47.364,7,,,
2026-04-12 13:15:00+00:00,82.14,82.14,82.14,82.14,82.14,0.0,0,,,
2026-04-12 13:30:00+00:00,81.94,82.03,81.86,82.03,82.03,3.033,10,,,
2026-04-12 13:45:00+00:00,82.03,82.03,82.03,82.03,82.03,0.0,0,,,
2026-04-12 14:00:00+00:00,82.03,82.12,81.87,81.87,81.87,42.87,8,,,
2026-04-12 14:15:00+00:00,82.03,82.03,82.03,82.03,82.03,0.6,1,,,
2026-04-12 14:30:00+00:00,81.86,81.86,81.41,81.41,81.41,10.37,17,,,
2026-04-12 14:45:00+00:00,81.4,81.57,81.36,81.57,81.57,368.458,23,,,
2026-04-12 15:00:00+00:00,81.67,81.81,81.67,81.81,81.81,1.443,4,,,
2026-04-12 15:15:00+00:00,81.84,81.84,81.53,81.53,81.53,36.909,6,,,
2026-04-12 15:30:00+00:00,81.48,81.61,81.48,81.61,81.61,4.8,5,,,
2026-04-12 15:45:00+00:00,81.69,81.69,81.69,81.69,81.69,0.344,1,,,
2026-04-12 16:00:00+00:00,81.61,81.61,81.61,81.61,81.61,0.022,2,,,
2026-04-12 16:15:00+00:00,81.61,81.61,81.61,81.61,81.61,0.0,0,,,
2026-04-12 16:30:00+00:00,81.8,81.84,81.78,81.79,81.79,17.213,5,,,
2026-04-12 16:45:00+00:00,81.85,81.86,81.8,81.8,81.8,64.009,7,,,
2026-04-12 17:00:00+00:00,81.9,81.94,81.82,81.82,81.82,0.642,3,,,
2026-04-12 17:15:00+00:00,81.82,81.82,81.82,81.82,81.82,0.0,0,,,
2026-04-12 17:30:00+00:00,81.98,82.02,81.98,82.02,82.02,1.579,5,,,
2026-04-12 17:45:00+00:00,82.1,82.28,82.1,82.24,82.24,10.778,7,,,
2026-04-12 18:00:00+00:00,82.28,82.28,82.28,82.28,82.28,0.5,1,,,
2026-04-12 18:15:00+00:00,82.28,82.28,82.28,82.28,82.28,0.0,0,,,
2026-04-12 18:30:00+00:00,82.28,82.28,82.28,82.28,82.28,0.0,0,,,
2026-04-12 18:45:00+00:00,82.28,82.28,82.28,82.28,82.28,0.0,0,,,
2026-04-12 19:00:00+00:00,82.3,82.32,82.3,82.32,82.32,0.55,3,,,
2026-04-12 19:15:00+00:00,82.32,82.32,82.32,82.32,82.32,0.0,0,,,
2026-04-12 19:30:00+00:00,82.32,82.32,82.32,82.32,82.32,0.0,0,,,
2026-04-12 19:45:00+00:00,82.1,82.1,82.1,82.1,82.1,0.25,1,,,
2026-04-12 20:00:00+00:00,82.1,82.1,82.1,82.1,82.1,0.0,0,,,
2026-04-12 20:15:00+00:00,82.1,82.1,82.1,82.1,82.1,0.0,0,,,
2026-04-12 20:30:00+00:00,82.3,82.88,82.3,82.88,82.88,6.117,16,,,
2026-04-12 20:45:00+00:00,82.88,82.88,82.88,82.88,82.88,0.0,0,,,
2026-04-12 21:00:00+00:00,82.88,82.88,82.88,82.88,82.88,0.0,0,,,
2026-04-12 21:15:00+00:00,82.88,82.88,82.88,82.88,82.88,0.0,0,,,
2026-04-12 21:30:00+00:00,82.88,82.88,82.88,82.88,82.88,0.0,0,,,
2026-04-12 21:45:00+00:00,82.7,82.72,82.7,82.72,82.72,13.616,2,,,
2026-04-12 22:00:00+00:00,82.52,82.52,82.05,82.05,82.05,7.04,16,,,
2026-04-12 22:15:00+00:00,81.94,81.94,81.68,81.7,81.7,20.853,15,,,
2026-04-12 22:30:00+00:00,81.55,82.02,81.45,82.02,82.02,5.695,10,,,
2026-04-12 22:45:00+00:00,82.02,82.02,82.02,82.02,82.02,0.0,0,,,
2026-04-12 23:00:00+00:00,81.86,81.86,81.5,81.5,81.5,123.761,17,,,
2026-04-12 23:15:00+00:00,81.51,81.51,81.4,81.4,81.4,0.7,4,,,
2026-04-12 23:30:00+00:00,81.4,81.45,81.4,81.45,81.45,52.294,3,,,
2026-04-12 23:45:00+00:00,81.45,81.45,81.45,81.45,81.45,0.0,0,,,
2026-04-13 00:00:00+00:00,81.45,81.76,81.45,81.76,81.76,13.315,4,,,
2026-04-13 00:15:00+00:00,81.9,81.94,81.9,81.94,81.94,0.264,2,,,
2026-04-13 00:30:00+00:00,81.94,81.94,81.94,81.94,81.94,0.0,0,,,
2026-04-13 00:45:00+00:00,82.02,82.16,82.02,82.16,82.16,1.031,6,,,
2026-04-13 01:00:00+00:00,82.3,82.3,82.1,82.1,82.1,1.088,6,,,
2026-04-13 01:15:00+00:00,82.03,82.05,82.03,82.05,82.05,3.027,2,,,
2026-04-13 01:30:00+00:00,82.17,82.19,82.17,82.19,82.19,0.876,3,,,
2026-04-13 01:45:00+00:00,82.3,82.32,82.3,82.32,82.32,0.449,2,,,
2026-04-13 02:00:00+00:00,82.41,82.41,82.1,82.1,82.1,0.719,3,,,
2026-04-13 02:15:00+00:00,82.07,82.33,82.07,82.33,82.33,0.592,3,,,
2026-04-13 02:30:00+00:00,82.27,82.27,82.05,82.05,82.05,0.5,5,,,
2026-04-13 02:45:00+00:00,81.99,82.0,81.98,81.98,81.98,0.075,3,,,
2026-04-13 03:00:00+00:00,81.97,81.97,81.9,81.9,81.9,0.275,2,,,
2026-04-13 03:15:00+00:00,81.9,81.9,81.9,81.9,81.9,0.0,0,,,
2026-04-13 03:30:00+00:00,81.93,81.93,81.84,81.84,81.84,2.544,3,,,
2026-04-13 03:45:00+00:00,81.9,81.96,81.9,81.96,81.96,15.835,4,,,
2026-04-13 04:00:00+00:00,81.97,81.97,81.97,81.97,81.97,1.145,2,,,
2026-04-13 04:15:00+00:00,81.97,81.97,81.97,81.97,81.97,0.0,0,,,
2026-04-13 04:30:00+00:00,82.1,82.23,82.1,82.23,82.23,0.389,3,,,
2026-04-13 04:45:00+00:00,82.06,82.06,81.88,81.93,81.93,9.479,4,,,
2026-04-13 05:00:00+00:00,81.93,81.93,81.93,81.93,81.93,0.0,0,,,
2026-04-13 05:15:00+00:00,81.73,81.73,81.7,81.7,81.7,0.456,4,,,
2026-04-13 05:30:00+00:00,81.7,81.7,81.7,81.7,81.7,0.0,0,,,
2026-04-13 05:45:00+00:00,81.7,81.7,81.7,81.7,81.7,0.0,0,,,
2026-04-13 06:00:00+00:00,81.9,82.1,81.9,82.1,82.1,0.706,4,,,
2026-04-13 06:15:00+00:00,82.11,82.3,82.11,82.3,82.3,6.902,6,,,
2026-04-13 06:30:00+00:00,82.43,82.43,82.26,82.41,82.41,0.825,3,,,
2026-04-13 06:45:00+00:00,82.41,82.5,82.41,82.42,82.42,1.124,6,,,
2026-04-13 07:00:00+00:00,82.3,82.3,82.3,82.3,82.3,0.25,1,,,
2026-04-13 07:15:00+00:00,82.1,82.1,81.94,81.94,81.94,0.264,2,,,
2026-04-13 07:30:00+00:00,82.09,82.09,82.08,82.08,82.08,0.691,2,,,
2026-04-13 07:45:00+00:00,82.08,82.08,82.08,82.08,82.08,0.0,0,,,
2026-04-13 08:00:00+00:00,82.25,82.25,82.19,82.19,82.19,9.352,4,,,
2026-04-13 08:15:00+00:00,81.9,81.9,81.9,81.9,81.9,0.25,1,,,
2026-04-13 08:30:00+00:00,81.87,81.87,81.87,81.87,81.87,0.085,1,,,
2026-04-13 08:45:00+00:00,81.87,81.87,81.87,81.87,81.87,0.0,0,,,
2026-04-13 09:00:00+00:00,82.1,82.1,82.1,82.1,82.1,0.25,1,,,
2026-04-13 09:15:00+00:00,81.9,82.05,81.88,82.05,82.05,4.052,4,,,
2026-04-13 09:30:00+00:00,82.05,82.05,82.05,82.05,82.05,0.0,0,,,
2026-04-13 09:45:00+00:00,81.95,81.95,81.95,81.95,81.95,1.92,1,,,
2026-04-13 10:00:00+00:00,81.95,81.95,81.95,81.95,81.95,0.0,0,,,
2026-04-13 10:15:00+00:00,81.95,81.95,81.95,81.95,81.95,0.0,0,,,
2026-04-13 10:30:00+00:00,81.85,81.85,81.85,81.85,81.85,0.32,1,,,
2026-04-13 10:45:00+00:00,81.7,81.7,81.7,81.7,81.7,0.185,1,,,
2026-04-13 11:00:00+00:00,81.7,81.7,81.7,81.7,81.7,0.0,0,,,
2026-04-13 11:15:00+00:00,81.7,81.7,81.7,81.7,81.7,0.0,0,,,
2026-04-13 11:30:00+00:00,81.89,81.89,81.88,81.88,81.88,1.043,2,,,
2026-04-13 11:45:00+00:00,82.03,82.03,81.86,81.86,81.86,1.143,2,,,
2026-04-13 12:00:00+00:00,81.96,82.13,81.96,82.13,82.13,4.185,4,,,
2026-04-13 12:15:00+00:00,82.13,82.13,82.13,82.13,82.13,0.0,0,,,
2026-04-13 12:30:00+00:00,82.13,82.13,82.13,82.13,82.13,0.0,0,,,
2026-04-13 12:45:00+00:00,82.27,82.7,82.27,82.52,82.52,4.351,13,,,
2026-04-13 13:00:00+00:00,82.65,82.65,82.5,82.5,82.5,10.432,4,,,
2026-04-13 13:15:00+00:00,82.49,82.66,82.49,82.65,82.65,9.229,8,,,
2026-04-13 13:30:00+00:00,82.55,82.8,82.43,82.62,82.62,15.726,7,,,
2026-04-13 13:45:00+00:00,82.84,83.66,82.84,83.6,83.6,27.761,43,,,
2026-04-13 14:00:00+00:00,83.68,83.73,83.18,83.18,83.18,3.205,10,,,
2026-04-13 14:15:00+00:00,83.12,83.12,82.8,82.8,82.8,0.591,4,,,
2026-04-13 14:30:00+00:00,83.11,83.43,83.07,83.43,83.43,8.959,9,,,
2026-04-13 14:45:00+00:00,83.23,83.75,83.23,83.75,83.75,3.627,5,,,
2026-04-13 15:00:00+00:00,83.63,83.85,83.27,83.27,83.27,439.309,23,,,
2026-04-13 15:15:00+00:00,83.22,83.22,82.93,82.94,82.94,2.106,5,,,
2026-04-13 15:30:00+00:00,82.56,82.56,82.51,82.53,82.53,4.465,5,,,
2026-04-13 15:45:00+00:00,82.46,82.51,82.46,82.51,82.51,9.75,2,,,
2026-04-13 16:00:00+00:00,82.57,82.83,82.52,82.83,82.83,283.086,16,,,
2026-04-13 16:15:00+00:00,83.12,83.4,83.12,83.4,83.4,13.687,4,,,
2026-04-13 16:30:00+00:00,83.43,83.53,83.43,83.53,83.53,0.875,3,,,
2026-04-13 16:45:00+00:00,83.57,83.57,83.57,83.57,83.57,0.189,1,,,
2026-04-13 17:00:00+00:00,83.57,83.57,83.57,83.57,83.57,0.0,0,,,
2026-04-13 17:15:00+00:00,83.57,83.57,83.57,83.57,83.57,0.603,1,,,
2026-04-13 17:30:00+00:00,83.82,83.82,83.78,83.78,83.78,0.241,2,,,
2026-04-13 17:45:00+00:00,83.15,83.15,83.15,83.15,83.15,0.344,2,,,
2026-04-13 18:00:00+00:00,83.15,83.15,83.15,83.15,83.15,0.0,0,,,
2026-04-13 18:15:00+00:00,83.1,83.1,82.83,82.83,82.83,1.714,4,,,
2026-04-13 18:30:00+00:00,83.12,83.12,83.12,83.12,83.12,0.5,1,,,
2026-04-13 18:45:00+00:00,83.12,83.12,83.12,83.12,83.12,0.0,0,,,
2026-04-13 19:00:00+00:00,83.12,83.12,83.12,83.12,83.12,0.0,0,,,
2026-04-13 19:15:00+00:00,83.37,83.56,83.35,83.52,83.52,20.478,11,,,
2026-04-13 19:30:00+00:00,83.73,83.73,83.67,83.67,83.67,1.373,2,,,
2026-04-13 19:45:00+00:00,83.84,84.25,83.84,84.19,84.19,10.567,13,,,
2026-04-13 20:00:00+00:00,84.04,84.05,83.92,83.92,83.92,71.721,12,,,
2026-04-13 20:15:00+00:00,83.92,83.96,83.92,83.96,83.96,1.06,2,,,
2026-04-13 20:30:00+00:00,84.21,84.39,84.21,84.39,84.39,1.738,6,,,
2026-04-13 20:45:00+00:00,84.39,84.39,84.39,84.39,84.39,0.0,0,,,
2026-04-13 21:00:00+00:00,84.39,84.39,84.39,84.39,84.39,0.0,0,,,
2026-04-13 21:15:00+00:00,84.39,84.39,84.39,84.39,84.39,0.0,0,,,
2026-04-13 21:30:00+00:00,84.09,84.09,84.03,84.09,84.09,2.823,3,,,
2026-04-13 21:45:00+00:00,83.9,83.9,83.9,83.9,83.9,0.6,1,,,
2026-04-13 22:00:00+00:00,84.3,85.0,84.3,85.0,85.0,44.873,19,,,
2026-04-13 22:15:00+00:00,84.93,85.9,84.93,85.59,85.59,102.694,35,,,
2026-04-13 22:30:00+00:00,85.93,86.07,85.61,85.61,85.61,319.216,32,,,
2026-04-13 22:45:00+00:00,85.91,86.35,85.89,86.25,86.25,125.126,20,,,
2026-04-13 23:00:00+00:00,86.35,86.59,86.04,86.47,86.47,25.202,11,,,
2026-04-13 23:15:00+00:00,86.3,86.79,86.13,86.59,86.59,604.19,36,,,
2026-04-13 23:30:00+00:00,86.54,86.54,86.44,86.44,86.44,8.703,3,,,
2026-04-13 23:45:00+00:00,86.45,86.45,86.38,86.38,86.38,0.513,2,,,
2026-04-14 00:00:00+00:00,86.62,86.62,86.62,86.62,86.62,2.458,1,,,
2026-04-14 00:15:00+00:00,86.64,86.68,86.19,86.19,86.19,1.263,4,,,
2026-04-14 00:30:00+00:00,86.19,86.19,86.19,86.19,86.19,0.0,0,,,
2026-04-14 00:45:00+00:00,85.96,86.03,85.77,85.92,85.92,684.715,35,,,
2026-04-14 01:00:00+00:00,85.89,85.89,85.77,85.77,85.77,0.716,2,,,
2026-04-14 01:15:00+00:00,86.02,86.02,85.9,85.92,85.92,63.699,4,,,
2026-04-14 01:30:00+00:00,85.92,85.92,85.92,85.92,85.92,0.0,0,,,
2026-04-14 01:45:00+00:00,85.92,85.92,85.92,85.92,85.92,0.0,0,,,
2026-04-14 02:00:00+00:00,85.95,86.25,85.95,86.25,86.25,10.988,11,,,
2026-04-14 02:15:00+00:00,86.25,86.25,86.25,86.25,86.25,0.0,0,,,
2026-04-14 02:30:00+00:00,86.25,86.25,86.25,86.25,86.25,0.0,0,,,
2026-04-14 02:45:00+00:00,86.25,86.25,86.25,86.25,86.25,0.0,0,,,
2026-04-14 03:00:00+00:00,86.21,86.21,86.21,86.21,86.21,2.32,1,,,
2026-04-14 03:15:00+00:00,86.21,86.21,86.21,86.21,86.21,0.0,0,,,
2026-04-14 03:30:00+00:00,86.15,86.16,86.09,86.09,86.09,4.52,4,,,
2026-04-14 03:45:00+00:00,86.09,86.09,86.09,86.09,86.09,0.0,0,,,
2026-04-14 04:00:00+00:00,85.98,85.98,85.98,85.98,85.98,1.19,1,,,
2026-04-14 04:15:00+00:00,85.93,85.93,85.88,85.88,85.88,2.727,2,,,
2026-04-14 04:30:00+00:00,85.83,85.83,85.7,85.7,85.7,2.755,4,,,
2026-04-14 04:45:00+00:00,85.68,85.68,85.64,85.67,85.67,10.004,4,,,
2026-04-14 05:00:00+00:00,85.67,85.67,85.67,85.67,85.67,0.0,0,,,
2026-04-14 05:15:00+00:00,85.67,85.67,85.67,85.67,85.67,0.0,0,,,
2026-04-14 05:30:00+00:00,85.81,85.81,85.81,85.81,85.81,0.6,1,,,
2026-04-14 05:45:00+00:00,85.5,85.5,85.5,85.5,85.5,0.4,1,,,
2026-04-14 06:00:00+00:00,85.5,85.5,85.5,85.5,85.5,0.0,0,,,
2026-04-14 06:15:00+00:00,85.88,85.93,85.88,85.93,85.93,4.01,4,,,
2026-04-14 06:30:00+00:00,85.78,85.78,85.74,85.74,85.74,0.952,3,,,
2026-04-14 06:45:00+00:00,86.06,86.06,86.06,86.06,86.06,0.252,2,,,
2026-04-14 07:00:00+00:00,86.14,86.14,86.08,86.09,86.09,12.1,5,,,
2026-04-14 07:15:00+00:00,85.95,86.08,85.95,86.05,86.05,21.922,5,,,
2026-04-14 07:30:00+00:00,85.92,85.92,85.92,85.92,85.92,0.6,1,,,
2026-04-14 07:45:00+00:00,85.92,85.92,85.92,85.92,85.92,0.0,0,,,
2026-04-14 08:00:00+00:00,85.8,85.8,85.8,85.8,85.8,2.335,1,,,
2026-04-14 08:15:00+00:00,85.8,85.8,85.8,85.8,85.8,0.0,0,,,
2026-04-14 08:30:00+00:00,86.23,86.38,86.23,86.38,86.38,0.764,4,,,
2026-04-14 08:45:00+00:00,86.38,86.38,86.38,86.38,86.38,0.0,0,,,
2026-04-14 09:00:00+00:00,86.38,86.38,86.38,86.38,86.38,0.0,0,,,
2026-04-14 09:15:00+00:00,86.17,86.17,86.11,86.11,86.11,0.262,2,,,
2026-04-14 09:30:00+00:00,86.11,86.11,86.11,86.11,86.11,0.0,0,,,
2026-04-14 09:45:00+00:00,86.11,86.11,86.11,86.11,86.11,0.0,0,,,
2026-04-14 10:00:00+00:00,86.11,86.11,86.11,86.11,86.11,0.0,0,,,
2026-04-14 10:15:00+00:00,86.11,86.11,86.11,86.11,86.11,0.0,0,,,
2026-04-14 10:30:00+00:00,86.38,86.55,86.38,86.47,86.47,5.244,11,,,
2026-04-14 10:45:00+00:00,86.12,86.15,86.12,86.15,86.15,0.537,3,,,
2026-04-14 11:00:00+00:00,85.99,86.02,85.9,85.99,85.99,6.803,5,,,
2026-04-14 11:15:00+00:00,85.99,86.0,85.73,85.73,85.73,14.53,7,,,
2026-04-14 11:30:00+00:00,85.85,85.85,85.85,85.85,85.85,1.098,3,,,
2026-04-14 11:45:00+00:00,85.87,85.93,85.8,85.8,85.8,25.654,6,,,
2026-04-14 12:00:00+00:00,85.8,85.8,85.8,85.8,85.8,0.0,0,,,
2026-04-14 12:15:00+00:00,85.8,85.8,85.8,85.8,85.8,0.0,0,,,
2026-04-14 12:30:00+00:00,85.8,85.8,85.72,85.72,85.72,0.741,2,,,
2026-04-14 12:45:00+00:00,85.72,85.72,85.72,85.72,85.72,0.0,0,,,
2026-04-14 13:00:00+00:00,86.1,86.16,86.1,86.16,86.16,1.545,4,,,
2026-04-14 13:15:00+00:00,86.04,86.38,86.04,86.33,86.33,34.403,13,,,
2026-04-14 13:30:00+00:00,86.28,87.06,86.28,87.06,87.06,12.691,33,,,
2026-04-14 13:45:00+00:00,87.01,87.45,86.9,87.32,87.32,22.21,19,,,
2026-04-14 14:00:00+00:00,87.14,87.14,86.8,86.94,86.94,90.453,14,,,
2026-04-14 14:15:00+00:00,86.9,87.25,86.9,87.25,87.25,0.367,3,,,
2026-04-14 14:30:00+00:00,87.3,87.67,86.45,86.56,86.56,45.045,35,,,
2026-04-14 14:45:00+00:00,86.34,86.47,86.21,86.21,86.21,6.449,9,,,
2026-04-14 15:00:00+00:00,85.96,86.16,85.35,85.51,85.51,38.506,33,,,
2026-04-14 15:15:00+00:00,85.6,85.66,85.5,85.57,85.57,90.217,10,,,
2026-04-14 15:30:00+00:00,85.72,86.18,85.72,86.15,86.15,4.159,7,,,
2026-04-14 15:45:00+00:00,86.3,86.31,86.17,86.18,86.18,11.983,5,,,
2026-04-14 16:00:00+00:00,86.03,86.04,85.82,85.82,85.82,5.28,5,,,
2026-04-14 16:15:00+00:00,85.8,85.81,85.54,85.58,85.58,3.22,5,,,
2026-04-14 16:30:00+00:00,85.58,85.58,85.58,85.58,85.58,0.0,0,,,
2026-04-14 16:45:00+00:00,85.52,85.52,84.88,84.88,84.88,36.7,25,,,
2026-04-14 17:00:00+00:00,85.03,85.18,85.03,85.18,85.18,2.71,4,,,
2026-04-14 17:15:00+00:00,85.38,85.38,85.32,85.32,85.32,2.113,4,,,
2026-04-14 17:30:00+00:00,85.16,85.18,85.09,85.09,85.09,61.8,5,,,
2026-04-14 17:45:00+00:00,85.32,85.32,85.26,85.26,85.26,11.145,3,,,
2026-04-14 18:00:00+00:00,85.38,85.47,85.38,85.47,85.47,1.467,5,,,
2026-04-14 18:15:00+00:00,85.09,85.09,84.87,84.87,84.87,19.535,5,,,
2026-04-14 18:30:00+00:00,84.76,84.76,84.59,84.59,84.59,3.61,5,,,
2026-04-14 18:45:00+00:00,84.53,84.53,83.97,84.12,84.12,20.917,17,,,
2026-04-14 19:00:00+00:00,84.12,84.12,84.12,84.12,84.12,0.0,0,,,
2026-04-14 19:15:00+00:00,83.93,83.93,83.82,83.82,83.82,4.285,4,,,
2026-04-14 19:30:00+00:00,84.18,84.27,84.0,84.0,84.0,120.389,19,,,
2026-04-14 19:45:00+00:00,84.04,84.04,84.04,84.04,84.04,0.117,1,,,
2026-04-14 20:00:00+00:00,84.04,84.04,84.04,84.04,84.04,0.0,0,,,
2026-04-14 20:15:00+00:00,83.82,83.82,83.71,83.71,83.71,25.696,3,,,
2026-04-14 20:30:00+00:00,83.55,83.55,83.55,83.55,83.55,13.794,2,,,
2026-04-14 20:45:00+00:00,83.51,83.51,83.51,83.51,83.51,1.158,3,,,
2026-04-14 21:00:00+00:00,83.73,83.84,83.73,83.81,83.81,3.486,3,,,
2026-04-14 21:15:00+00:00,83.81,83.81,83.81,83.81,83.81,0.0,0,,,
2026-04-14 21:30:00+00:00,83.81,83.81,83.81,83.81,83.81,0.0,0,,,
2026-04-14 21:45:00+00:00,83.81,83.81,83.81,83.81,83.81,0.0,0,,,
2026-04-14 22:00:00+00:00,83.77,83.77,83.76,83.76,83.76,9.221,3,,,
2026-04-14 22:15:00+00:00,83.63,83.71,83.63,83.71,83.71,392.194,14,,,
2026-04-14 22:30:00+00:00,83.43,83.67,83.38,83.38,83.38,15.185,6,,,
2026-04-14 22:45:00+00:00,83.38,83.57,83.38,83.57,83.57,6.777,5,,,
2026-04-14 23:00:00+00:00,83.57,83.57,83.57,83.57,83.57,0.0,0,,,
2026-04-14 23:15:00+00:00,83.73,83.74,83.73,83.74,83.74,3.454,2,,,
2026-04-14 23:30:00+00:00,83.92,83.92,83.92,83.92,83.92,0.05,1,,,
2026-04-14 23:45:00+00:00,84.06,84.06,83.84,83.84,83.84,18.745,5,,,
2026-04-15 00:00:00+00:00,84.05,84.06,83.89,83.89,83.89,38.592,6,,,
2026-04-15 00:15:00+00:00,83.64,83.91,83.64,83.91,83.91,13.073,8,,,
2026-04-15 00:30:00+00:00,83.91,83.91,83.91,83.91,83.91,0.0,0,,,
2026-04-15 00:45:00+00:00,83.91,83.91,83.65,83.65,83.65,8.085,7,,,
2026-04-15 01:00:00+00:00,83.73,83.83,83.71,83.83,83.83,1.041,5,,,
2026-04-15 01:15:00+00:00,83.79,83.83,83.78,83.83,83.83,43.473,4,,,
2026-04-15 01:30:00+00:00,83.9,83.92,83.9,83.92,83.92,16.2,4,,,
2026-04-15 01:45:00+00:00,83.99,83.99,83.99,83.99,83.99,0.2,1,,,
2026-04-15 02:00:00+00:00,83.96,83.96,83.92,83.95,83.95,0.371,3,,,
2026-04-15 02:15:00+00:00,83.82,83.82,83.82,83.82,83.82,0.374,2,,,
2026-04-15 02:30:00+00:00,83.51,83.51,83.2,83.2,83.2,10.04,11,,,
2026-04-15 02:45:00+00:00,83.2,83.2,83.2,83.2,83.2,0.0,0,,,
2026-04-15 03:00:00+00:00,83.38,83.38,83.36,83.36,83.36,0.261,2,,,
2026-04-15 03:15:00+00:00,83.36,83.36,83.36,83.36,83.36,0.0,0,,,
2026-04-15 03:30:00+00:00,83.36,83.36,83.36,83.36,83.36,0.0,0,,,
2026-04-15 03:45:00+00:00,83.45,83.45,83.45,83.45,83.45,0.599,1,,,
2026-04-15 04:00:00+00:00,83.65,83.65,83.65,83.65,83.65,1.255,1,,,
2026-04-15 04:15:00+00:00,83.65,83.65,83.65,83.65,83.65,0.0,0,,,
2026-04-15 04:30:00+00:00,83.65,83.65,83.65,83.65,83.65,0.0,0,,,
2026-04-15 04:45:00+00:00,83.65,83.65,83.65,83.65,83.65,0.0,0,,,
2026-04-15 05:00:00+00:00,83.67,83.73,83.67,83.73,83.73,0.744,4,,,
2026-04-15 05:15:00+00:00,83.48,83.48,83.36,83.36,83.36,0.494,2,,,
2026-04-15 05:30:00+00:00,83.13,83.13,83.08,83.08,83.08,0.728,3,,,
2026-04-15 05:45:00+00:00,83.08,83.08,83.08,83.08,83.08,0.0,0,,,
2026-04-15 06:00:00+00:00,83.0,83.0,83.0,83.0,83.0,2.205,2,,,
2026-04-15 06:15:00+00:00,83.0,83.0,83.0,83.0,83.0,0.0,0,,,
2026-04-15 06:30:00+00:00,83.01,83.01,83.01,83.01,83.01,0.116,2,,,
2026-04-15 06:45:00+00:00,83.02,83.02,82.96,82.96,82.96,21.012,4,,,
2026-04-15 07:00:00+00:00,82.96,82.96,82.96,82.96,82.96,0.0,0,,,
2026-04-15 07:15:00+00:00,82.93,82.93,82.85,82.85,82.85,3.462,7,,,
2026-04-15 07:30:00+00:00,82.85,82.85,82.85,82.85,82.85,0.0,0,,,
2026-04-15 07:45:00+00:00,82.78,82.94,82.78,82.94,82.94,3.277,2,,,
2026-04-15 08:00:00+00:00,82.87,82.99,82.87,82.99,82.99,21.151,3,,,
2026-04-15 08:15:00+00:00,83.07,83.07,83.07,83.07,83.07,0.397,1,,,
2026-04-15 08:30:00+00:00,83.07,83.07,83.07,83.07,83.07,0.0,0,,,
2026-04-15 08:45:00+00:00,83.07,83.07,83.07,83.07,83.07,0.0,0,,,
2026-04-15 09:00:00+00:00,83.07,83.07,83.07,83.07,83.07,0.0,0,,,
2026-04-15 09:15:00+00:00,83.15,83.15,83.15,83.15,83.15,1.0,1,,,
2026-04-15 09:30:00+00:00,83.15,83.15,83.15,83.15,83.15,0.0,0,,,
2026-04-15 09:45:00+00:00,83.15,83.15,83.15,83.15,83.15,0.0,0,,,
2026-04-15 10:00:00+00:00,83.15,83.15,83.15,83.15,83.15,0.0,0,,,
2026-04-15 10:15:00+00:00,83.15,83.15,83.15,83.15,83.15,0.0,0,,,
2026-04-15 10:30:00+00:00,83.15,83.15,83.15,83.15,83.15,0.0,0,,,
2026-04-15 10:45:00+00:00,83.43,83.55,83.11,83.11,83.11,4.157,6,,,
2026-04-15 11:00:00+00:00,83.23,83.23,83.1,83.15,83.15,9.793,7,,,
2026-04-15 11:15:00+00:00,83.15,83.15,83.15,83.15,83.15,0.0,0,,,
2026-04-15 11:30:00+00:00,83.41,83.43,83.41,83.43,83.43,2.998,3,,,
2026-04-15 11:45:00+00:00,83.5,83.65,83.5,83.65,83.65,0.822,4,,,
2026-04-15 12:00:00+00:00,83.65,83.65,83.65,83.65,83.65,0.0,0,,,
2026-04-15 12:15:00+00:00,83.65,83.65,83.65,83.65,83.65,0.0,0,,,
2026-04-15 12:30:00+00:00,83.85,83.85,83.76,83.76,83.76,0.575,3,,,
2026-04-15 12:45:00+00:00,83.76,83.76,83.76,83.76,83.76,0.0,0,,,
2026-04-15 13:00:00+00:00,83.76,83.76,83.76,83.76,83.76,0.0,0,,,
2026-04-15 13:15:00+00:00,83.62,83.62,83.62,83.62,83.62,0.158,2,,,
2026-04-15 13:30:00+00:00,83.51,83.57,83.4,83.4,83.4,4.275,5,,,
2026-04-15 13:45:00+00:00,83.36,83.36,83.31,83.31,83.31,12.05,3,,,
2026-04-15 14:00:00+00:00,83.31,83.31,83.31,83.31,83.31,0.0,0,,,
2026-04-15 14:15:00+00:00,83.72,84.43,83.72,84.43,84.43,3.449,17,,,
2026-04-15 14:30:00+00:00,84.17,84.18,83.89,83.89,83.89,5.232,6,,,
2026-04-15 14:45:00+00:00,84.28,84.39,84.28,84.39,84.39,1.076,2,,,
2026-04-15 15:00:00+00:00,84.45,84.45,84.17,84.17,84.17,6.802,3,,,
2026-04-15 15:15:00+00:00,84.06,84.06,84.05,84.05,84.05,0.299,2,,,
2026-04-15 15:30:00+00:00,83.89,83.89,83.66,83.73,83.73,75.14,7,,,
2026-04-15 15:45:00+00:00,83.74,84.11,83.74,84.11,84.11,42.352,3,,,
2026-04-15 16:00:00+00:00,84.13,84.44,84.13,84.35,84.35,423.377,12,,,
2026-04-15 16:15:00+00:00,84.56,84.67,84.56,84.57,84.57,3.951,7,,,
2026-04-15 16:30:00+00:00,84.53,84.53,84.28,84.28,84.28,3.508,2,,,
2026-04-15 16:45:00+00:00,84.3,84.57,84.28,84.56,84.56,12.872,6,,,
2026-04-15 17:00:00+00:00,84.67,84.94,84.67,84.81,84.81,17.08,7,,,
2026-04-15 17:15:00+00:00,84.66,85.08,84.66,85.08,85.08,20.563,12,,,
2026-04-15 17:30:00+00:00,84.83,84.83,84.5,84.5,84.5,4.026,6,,,
2026-04-15 17:45:00+00:00,84.62,84.62,84.62,84.62,84.62,3.056,1,,,
2026-04-15 18:00:00+00:00,84.71,84.94,84.71,84.94,84.94,3.222,3,,,
2026-04-15 18:15:00+00:00,84.97,84.97,84.97,84.97,84.97,0.118,1,,,
2026-04-15 18:30:00+00:00,84.88,84.94,84.88,84.94,84.94,11.624,2,,,
2026-04-15 18:45:00+00:00,85.02,85.02,85.02,85.02,85.02,0.235,1,,,
2026-04-15 19:00:00+00:00,85.05,85.2,85.05,85.14,85.14,25.589,10,,,
2026-04-15 19:15:00+00:00,85.14,85.14,85.14,85.14,85.14,0.0,0,,,
2026-04-15 19:30:00+00:00,85.3,85.8,85.26,85.8,85.8,24.737,18,,,
2026-04-15 19:45:00+00:00,85.48,85.48,85.48,85.48,85.48,1.175,1,,,
2026-04-15 20:00:00+00:00,85.3,85.31,84.94,84.94,84.94,15.466,5,,,
2026-04-15 20:15:00+00:00,84.82,84.82,84.82,84.82,84.82,0.267,2,,,
2026-04-15 20:30:00+00:00,84.77,84.77,84.77,84.77,84.77,0.233,1,,,
2026-04-15 20:45:00+00:00,84.77,84.77,84.77,84.77,84.77,0.0,0,,,
2026-04-15 21:00:00+00:00,84.67,84.67,84.43,84.43,84.43,0.414,2,,,
2026-04-15 21:15:00+00:00,84.37,84.37,84.28,84.28,84.28,1.262,4,,,
2026-04-15 21:30:00+00:00,84.45,84.72,84.45,84.72,84.72,1.193,6,,,
2026-04-15 21:45:00+00:00,84.72,84.72,84.72,84.72,84.72,0.0,0,,,
2026-04-15 22:00:00+00:00,84.8,85.25,84.8,85.25,85.25,1.077,6,,,
2026-04-15 22:15:00+00:00,85.17,85.17,85.17,85.17,85.17,0.074,1,,,
2026-04-15 22:30:00+00:00,85.25,85.58,85.25,85.56,85.56,1.498,6,,,
2026-04-15 22:45:00+00:00,85.24,85.31,85.06,85.06,85.06,88.429,11,,,
2026-04-15 23:00:00+00:00,84.94,84.94,84.94,84.94,84.94,0.014,1,,,
2026-04-15 23:15:00+00:00,84.75,84.75,84.75,84.75,84.75,12.065,1,,,
2026-04-15 23:30:00+00:00,84.75,84.75,84.75,84.75,84.75,0.0,0,,,
2026-04-15 23:45:00+00:00,84.75,84.75,84.75,84.75,84.75,0.0,0,,,
2026-04-16 00:00:00+00:00,84.75,84.75,84.75,84.75,84.75,4.72,1,,,
2026-04-16 00:15:00+00:00,84.67,84.67,84.58,84.64,84.64,0.68,4,,,
2026-04-16 00:30:00+00:00,84.93,84.95,84.93,84.95,84.95,4.096,2,,,
2026-04-16 00:45:00+00:00,84.95,85.06,84.95,85.06,85.06,4.47,2,,,
2026-04-16 01:00:00+00:00,84.67,84.74,84.55,84.74,84.74,23.257,5,,,
2026-04-16 01:15:00+00:00,84.76,84.82,84.76,84.82,84.82,0.423,3,,,
2026-04-16 01:30:00+00:00,84.82,84.82,84.82,84.82,84.82,0.0,0,,,
2026-04-16 01:45:00+00:00,84.82,84.82,84.82,84.82,84.82,0.0,0,,,
2026-04-16 02:00:00+00:00,85.03,85.03,85.03,85.03,85.03,2.31,1,,,
2026-04-16 02:15:00+00:00,84.9,85.08,84.9,85.08,85.08,1.502,3,,,
2026-04-16 02:30:00+00:00,85.44,85.55,85.35,85.55,85.55,21.884,7,,,
2026-04-16 02:45:00+00:00,85.55,85.55,85.55,85.55,85.55,0.0,0,,,
2026-04-16 03:00:00+00:00,85.55,85.55,85.55,85.55,85.55,0.0,0,,,
2026-04-16 03:15:00+00:00,85.43,85.47,85.43,85.47,85.47,23.378,5,,,
2026-04-16 03:30:00+00:00,85.47,85.47,85.47,85.47,85.47,0.0,0,,,
2026-04-16 03:45:00+00:00,85.47,85.47,85.47,85.47,85.47,0.0,0,,,
2026-04-16 04:00:00+00:00,85.29,85.34,85.29,85.34,85.34,0.787,3,,,
2026-04-16 04:15:00+00:00,85.34,85.34,85.34,85.34,85.34,0.0,0,,,
2026-04-16 04:30:00+00:00,85.34,85.34,85.34,85.34,85.34,0.0,0,,,
2026-04-16 04:45:00+00:00,85.06,85.06,85.06,85.06,85.06,0.4,1,,,
2026-04-16 05:00:00+00:00,85.06,85.06,85.06,85.06,85.06,0.0,0,,,
2026-04-16 05:15:00+00:00,85.44,85.46,85.44,85.46,85.46,2.0,2,,,
2026-04-16 05:30:00+00:00,85.46,85.46,85.46,85.46,85.46,0.0,0,,,
2026-04-16 05:45:00+00:00,85.46,85.46,85.46,85.46,85.46,0.0,0,,,
2026-04-16 06:00:00+00:00,85.48,85.48,85.48,85.48,85.48,0.629,1,,,
2026-04-16 06:15:00+00:00,85.48,85.48,85.48,85.48,85.48,0.0,0,,,
2026-04-16 06:30:00+00:00,85.48,85.48,85.48,85.48,85.48,0.0,0,,,
2026-04-16 06:45:00+00:00,85.48,85.48,85.48,85.48,85.48,0.0,0,,,
2026-04-16 07:00:00+00:00,85.61,85.65,85.55,85.65,85.65,29.307,4,,,
2026-04-16 07:15:00+00:00,85.65,85.65,85.65,85.65,85.65,0.0,0,,,
2026-04-16 07:30:00+00:00,85.65,85.65,85.65,85.65,85.65,0.0,0,,,
2026-04-16 07:45:00+00:00,85.65,85.65,85.65,85.65,85.65,0.0,0,,,
2026-04-16 08:00:00+00:00,85.18,85.18,85.06,85.06,85.06,16.493,4,,,
2026-04-16 08:15:00+00:00,85.18,85.2,85.18,85.2,85.2,1.5,2,,,
2026-04-16 08:30:00+00:00,85.15,85.15,85.05,85.05,85.05,0.49,2,,,
2026-04-16 08:45:00+00:00,85.18,85.19,85.09,85.09,85.09,6.156,3,,,
2026-04-16 09:00:00+00:00,85.09,85.09,85.09,85.09,85.09,0.0,0,,,
2026-04-16 09:15:00+00:00,85.32,85.47,85.32,85.47,85.47,13.26,7,,,
2026-04-16 09:30:00+00:00,85.47,85.47,85.47,85.47,85.47,0.0,0,,,
2026-04-16 09:45:00+00:00,85.32,85.32,85.32,85.32,85.32,3.133,1,,,
2026-04-16 10:00:00+00:00,85.06,85.06,84.94,84.94,84.94,0.414,2,,,
2026-04-16 10:15:00+00:00,85.16,85.16,85.16,85.16,85.16,14.022,1,,,
2026-04-16 10:30:00+00:00,85.18,85.18,85.18,85.18,85.18,8.219,3,,,
2026-04-16 10:45:00+00:00,84.99,84.99,84.99,84.99,84.99,3.121,1,,,
2026-04-16 11:00:00+00:00,84.99,84.99,84.99,84.99,84.99,0.0,0,,,
2026-04-16 11:15:00+00:00,84.99,84.99,84.99,84.99,84.99,0.0,0,,,
2026-04-16 11:30:00+00:00,84.99,85.12,84.99,85.11,85.11,2.59,3,,,
2026-04-16 11:45:00+00:00,85.11,85.11,85.11,85.11,85.11,0.0,0,,,
2026-04-16 12:00:00+00:00,85.37,85.45,85.37,85.45,85.45,6.7,4,,,
2026-04-16 12:15:00+00:00,85.44,85.44,85.44,85.44,85.44,0.585,1,,,
2026-04-16 12:30:00+00:00,85.44,85.44,85.44,85.44,85.44,0.0,0,,,
2026-04-16 12:45:00+00:00,85.3,85.31,85.3,85.3,85.3,0.229,5,,,
2026-04-16 13:00:00+00:00,85.38,85.91,85.38,85.91,85.91,10.741,9,,,
2026-04-16 13:15:00+00:00,85.96,86.22,85.96,86.15,86.15,18.452,12,,,
2026-04-16 13:30:00+00:00,85.93,85.98,85.83,85.83,85.83,3.539,7,,,
2026-04-16 13:45:00+00:00,85.45,85.45,83.89,84.69,84.69,25.57,43,,,
2026-04-16 14:00:00+00:00,84.69,84.85,84.69,84.85,84.85,1.718,16,,,
2026-04-16 14:15:00+00:00,84.71,84.71,84.18,84.4,84.4,13.91,4,,,
2026-04-16 14:30:00+00:00,84.67,84.67,84.67,84.67,84.67,0.4,1,,,
2026-04-16 14:45:00+00:00,84.94,85.45,84.94,85.45,85.45,2.602,9,,,
2026-04-16 15:00:00+00:00,85.49,86.26,85.49,86.26,86.26,57.508,11,,,
2026-04-16 15:15:00+00:00,86.26,86.57,86.26,86.38,86.38,31.215,14,,,
2026-04-16 15:30:00+00:00,86.37,87.05,86.22,86.69,86.69,44.589,29,,,
2026-04-16 15:45:00+00:00,86.47,86.71,86.47,86.58,86.58,22.369,7,,,
2026-04-16 16:00:00+00:00,86.81,86.98,86.81,86.98,86.98,12.323,4,,,
2026-04-16 16:15:00+00:00,86.47,86.47,86.47,86.47,86.47,0.013,1,,,
2026-04-16 16:30:00+00:00,86.58,86.58,86.34,86.36,86.36,85.448,11,,,
2026-04-16 16:45:00+00:00,86.15,86.15,85.69,85.87,85.87,32.975,11,,,
2026-04-16 17:00:00+00:00,86.03,86.14,85.92,86.14,86.14,1.579,6,,,
2026-04-16 17:15:00+00:00,86.14,86.14,86.14,86.14,86.14,0.0,0,,,
2026-04-16 17:30:00+00:00,86.18,86.43,86.07,86.43,86.43,1.193,5,,,
2026-04-16 17:45:00+00:00,86.33,86.68,86.33,86.68,86.68,29.167,6,,,
2026-04-16 18:00:00+00:00,86.85,87.09,86.84,86.99,86.99,12.98,10,,,
2026-04-16 18:15:00+00:00,87.12,87.61,87.12,87.22,87.22,84.902,45,,,
2026-04-16 18:30:00+00:00,87.24,87.89,87.24,87.89,87.89,53.201,18,,,
2026-04-16 18:45:00+00:00,88.0,89.07,88.0,89.06,89.06,54.928,54,,,
2026-04-16 19:00:00+00:00,89.16,89.16,88.68,88.72,88.72,13.661,5,,,
2026-04-16 19:15:00+00:00,88.87,89.29,88.87,89.29,89.29,3.291,7,,,
2026-04-16 19:30:00+00:00,89.5,89.99,89.45,89.99,89.99,51.98,16,,,
2026-04-16 19:45:00+00:00,89.85,90.13,89.85,90.1,90.1,163.819,23,,,
2026-04-16 20:00:00+00:00,90.24,90.47,90.01,90.03,90.03,28.397,18,,,
2026-04-16 20:15:00+00:00,89.78,89.85,89.6,89.85,89.85,166.042,14,,,
2026-04-16 20:30:00+00:00,89.71,89.71,89.71,89.71,89.71,1.91,1,,,
2026-04-16 20:45:00+00:00,89.43,89.57,89.43,89.55,89.55,91.925,6,,,
2026-04-16 21:00:00+00:00,89.65,89.65,89.55,89.55,89.55,0.338,2,,,
2026-04-16 21:15:00+00:00,89.65,89.72,88.85,88.87,88.87,78.031,34,,,
2026-04-16 21:30:00+00:00,88.99,88.99,88.87,88.91,88.91,3.999,3,,,
2026-04-16 21:45:00+00:00,89.05,89.05,89.05,89.05,89.05,1.123,1,,,
2026-04-16 22:00:00+00:00,89.09,89.34,89.07,89.34,89.34,1.326,4,,,
2026-04-16 22:15:00+00:00,89.34,89.34,89.34,89.34,89.34,0.0,0,,,
2026-04-16 22:30:00+00:00,89.34,89.34,89.34,89.34,89.34,0.0,0,,,
2026-04-16 22:45:00+00:00,89.34,89.34,89.34,89.34,89.34,0.0,0,,,
2026-04-16 23:00:00+00:00,89.34,89.34,89.34,89.34,89.34,0.0,0,,,
2026-04-16 23:15:00+00:00,89.01,89.02,89.01,89.02,89.02,11.233,2,,,
2026-04-16 23:30:00+00:00,89.02,89.02,89.02,89.02,89.02,0.0,0,,,
2026-04-16 23:45:00+00:00,89.02,89.02,89.02,89.02,89.02,5.72,2,,,
2026-04-17 00:00:00+00:00,89.15,89.15,89.15,89.15,89.15,0.28,1,,,
2026-04-17 00:15:00+00:00,88.9,88.94,88.7,88.7,88.7,4.198,5,,,
2026-04-17 00:30:00+00:00,88.83,88.83,88.83,88.83,88.83,0.101,1,,,
2026-04-17 00:45:00+00:00,88.8,88.8,88.8,88.8,88.8,2.252,1,,,
2026-04-17 01:00:00+00:00,88.98,88.98,88.98,88.98,88.98,0.459,1,,,
2026-04-17 01:15:00+00:00,88.7,88.7,88.38,88.38,88.38,6.646,10,,,
2026-04-17 01:30:00+00:00,88.38,88.38,88.38,88.38,88.38,0.0,0,,,
2026-04-17 01:45:00+00:00,88.02,88.03,87.95,87.97,87.97,23.436,7,,,
2026-04-17 02:00:00+00:00,88.29,88.29,88.29,88.29,88.29,0.218,2,,,
2026-04-17 02:15:00+00:00,88.01,88.01,87.9,87.9,87.9,3.945,5,,,
2026-04-17 02:30:00+00:00,87.63,87.81,87.62,87.81,87.81,1.079,3,,,
2026-04-17 02:45:00+00:00,87.81,87.81,87.81,87.81,87.81,0.0,0,,,
2026-04-17 03:00:00+00:00,87.85,87.85,87.85,87.85,87.85,0.087,1,,,
2026-04-17 03:15:00+00:00,87.85,87.85,87.85,87.85,87.85,0.0,0,,,
2026-04-17 03:30:00+00:00,87.58,87.61,87.58,87.61,87.61,4.877,2,,,
2026-04-17 03:45:00+00:00,87.73,87.73,87.73,87.73,87.73,2.849,1,,,
2026-04-17 04:00:00+00:00,87.73,87.73,87.73,87.73,87.73,0.0,0,,,
2026-04-17 04:15:00+00:00,88.1,88.1,88.1,88.1,88.1,0.198,2,,,
2026-04-17 04:30:00+00:00,88.16,88.22,88.16,88.22,88.22,0.37,2,,,
2026-04-17 04:45:00+00:00,88.21,88.21,88.06,88.06,88.06,3.352,3,,,
2026-04-17 05:00:00+00:00,87.53,87.55,87.5,87.55,87.55,4.821,5,,,
2026-04-17 05:15:00+00:00,87.57,87.71,87.57,87.71,87.71,13.182,4,,,
2026-04-17 05:30:00+00:00,87.71,87.71,87.71,87.71,87.71,0.0,0,,,
2026-04-17 05:45:00+00:00,87.71,87.71,87.71,87.71,87.71,0.0,0,,,
2026-04-17 06:00:00+00:00,87.4,87.66,87.39,87.66,87.66,0.655,3,,,
2026-04-17 06:15:00+00:00,87.66,87.66,87.66,87.66,87.66,0.0,0,,,
2026-04-17 06:30:00+00:00,87.74,87.83,87.74,87.83,87.83,0.198,2,,,
2026-04-17 06:45:00+00:00,87.94,88.05,87.94,88.05,88.05,1.999,5,,,
2026-04-17 07:00:00+00:00,88.05,88.05,88.05,88.05,88.05,0.0,0,,,
2026-04-17 07:15:00+00:00,88.05,88.05,88.05,88.05,88.05,0.0,0,,,
2026-04-17 07:30:00+00:00,88.1,88.1,88.1,88.1,88.1,2.392,1,,,
2026-04-17 07:45:00+00:00,88.1,88.1,88.1,88.1,88.1,0.0,0,,,
2026-04-17 08:00:00+00:00,88.1,88.1,88.1,88.1,88.1,0.0,0,,,
2026-04-17 08:15:00+00:00,88.5,88.55,88.5,88.55,88.55,3.701,5,,,
2026-04-17 08:30:00+00:00,88.65,88.65,88.65,88.65,88.65,0.078,1,,,
2026-04-17 08:45:00+00:00,88.76,89.0,88.76,89.0,89.0,0.75,3,,,
2026-04-17 09:00:00+00:00,88.85,88.85,88.85,88.85,88.85,1.41,1,,,
2026-04-17 09:15:00+00:00,88.87,89.5,88.76,89.41,89.41,8.538,12,,,
2026-04-17 09:30:00+00:00,89.47,89.47,88.35,88.48,88.48,99.786,21,,,
2026-04-17 09:45:00+00:00,88.53,88.72,88.4,88.72,88.72,68.254,10,,,
2026-04-17 10:00:00+00:00,88.72,88.72,88.72,88.72,88.72,0.0,0,,,
2026-04-17 10:15:00+00:00,88.22,88.3,87.91,87.91,87.91,102.228,12,,,
2026-04-17 10:30:00+00:00,87.8,87.81,87.5,87.5,87.5,62.187,17,,,
2026-04-17 10:45:00+00:00,87.45,87.66,87.42,87.66,87.66,14.534,4,,,
2026-04-17 11:00:00+00:00,87.65,87.79,87.65,87.79,87.79,0.594,3,,,
2026-04-17 11:15:00+00:00,88.0,88.08,88.0,88.08,88.08,0.497,3,,,
2026-04-17 11:30:00+00:00,88.09,88.2,88.09,88.2,88.2,0.693,2,,,
2026-04-17 11:45:00+00:00,88.29,88.32,88.29,88.32,88.32,6.955,2,,,
2026-04-17 12:00:00+00:00,88.32,88.32,88.32,88.32,88.32,0.0,0,,,
2026-04-17 12:15:00+00:00,88.25,88.25,88.25,88.25,88.25,0.113,1,,,
2026-04-17 12:30:00+00:00,88.25,88.25,88.25,88.25,88.25,0.0,0,,,
2026-04-17 12:45:00+00:00,88.5,88.67,88.5,88.67,88.67,58.057,5,,,
2026-04-17 13:00:00+00:00,88.92,89.78,88.81,89.77,89.77,36.084,17,,,
2026-04-17 13:15:00+00:00,89.82,90.5,89.1,89.62,89.62,1230.77,90,,,
2026-04-17 13:30:00+00:00,89.31,89.86,88.9,89.81,89.81,323.171,77,,,
2026-04-17 13:45:00+00:00,89.87,90.15,89.67,90.1,90.1,25.057,21,,,
2026-04-17 14:00:00+00:00,90.2,90.21,89.78,89.78,89.78,5.053,25,,,
2026-04-17 14:15:00+00:00,90.06,90.06,90.06,90.06,90.06,4.849,1,,,
2026-04-17 14:30:00+00:00,90.35,90.69,90.01,90.06,90.06,247.515,33,,,
2026-04-17 14:45:00+00:00,90.18,90.25,89.95,90.2,90.2,62.662,10,,,
2026-04-17 15:00:00+00:00,89.6,89.91,89.6,89.91,89.91,1.051,2,,,
2026-04-17 15:15:00+00:00,89.91,89.91,89.8,89.9,89.9,265.968,16,,,
2026-04-17 15:30:00+00:00,89.9,89.9,89.9,89.9,89.9,66.74,3,,,
2026-04-17 15:45:00+00:00,89.84,90.0,89.66,90.0,90.0,271.044,10,,,
2026-04-17 16:00:00+00:00,90.17,90.35,90.17,90.35,90.35,101.426,10,,,
2026-04-17 16:15:00+00:00,90.4,90.5,90.4,90.48,90.48,6.677,6,,,
2026-04-17 16:30:00+00:00,90.17,90.29,90.17,90.29,90.29,1.217,3,,,
2026-04-17 16:45:00+00:00,90.44,90.44,90.44,90.44,90.44,0.25,1,,,
2026-04-17 17:00:00+00:00,90.17,90.17,89.69,89.69,89.69,7.316,8,,,
2026-04-17 17:15:00+00:00,89.99,89.99,89.18,89.22,89.22,31.15,14,,,
2026-04-17 17:30:00+00:00,89.61,89.69,89.61,89.67,89.67,0.276,3,,,
2026-04-17 17:45:00+00:00,89.81,89.89,89.81,89.89,89.89,1.414,3,,,
2026-04-17 18:00:00+00:00,89.61,89.61,89.0,89.0,89.0,14.815,8,,,
2026-04-17 18:15:00+00:00,89.24,89.24,89.24,89.24,89.24,0.323,2,,,
2026-04-17 18:30:00+00:00,89.31,89.32,89.31,89.32,89.32,1.12,2,,,
2026-04-17 18:45:00+00:00,89.0,89.0,89.0,89.0,89.0,5.618,1,,,
2026-04-17 19:00:00+00:00,89.0,89.0,89.0,89.0,89.0,0.0,0,,,
2026-04-17 19:15:00+00:00,89.0,89.0,89.0,89.0,89.0,0.0,0,,,
2026-04-17 19:30:00+00:00,89.5,89.5,89.5,89.5,89.5,0.33,1,,,
2026-04-17 19:45:00+00:00,89.5,89.5,89.5,89.5,89.5,0.0,0,,,
2026-04-17 20:00:00+00:00,89.39,89.39,89.39,89.39,89.39,0.295,1,,,
2026-04-17 20:15:00+00:00,89.15,89.15,89.15,89.15,89.15,0.262,2,,,
2026-04-17 20:30:00+00:00,89.12,89.12,88.61,88.67,88.67,78.386,9,,,
2026-04-17 20:45:00+00:00,88.67,88.67,88.67,88.67,88.67,0.0,0,,,
2026-04-17 21:00:00+00:00,89.11,89.13,89.11,89.13,89.13,11.212,3,,,
2026-04-17 21:15:00+00:00,89.13,89.13,89.13,89.13,89.13,0.0,0,,,
2026-04-17 21:30:00+00:00,88.95,88.95,88.95,88.95,88.95,2.893,1,,,
2026-04-17 21:45:00+00:00,89.14,89.14,89.12,89.12,89.12,11.961,3,,,
2026-04-17 22:00:00+00:00,89.12,89.12,89.12,89.12,89.12,0.0,0,,,
2026-04-17 22:15:00+00:00,89.06,89.06,89.06,89.06,89.06,0.258,1,,,
2026-04-17 22:30:00+00:00,89.24,89.25,89.24,89.25,89.25,0.112,2,,,
2026-04-17 22:45:00+00:00,89.25,89.25,89.25,89.25,89.25,0.0,0,,,
2026-04-17 23:00:00+00:00,89.25,89.25,89.25,89.25,89.25,0.0,0,,,
2026-04-17 23:15:00+00:00,88.54,88.62,88.54,88.62,88.62,0.08,2,,,
2026-04-17 23:30:00+00:00,88.86,88.86,88.79,88.79,88.79,0.203,2,,,
2026-04-17 23:45:00+00:00,88.79,88.79,88.79,88.79,88.79,0.0,0,,,
2026-04-18 00:00:00+00:00,88.9,88.9,88.9,88.9,88.9,1.265,1,,,
2026-04-18 00:15:00+00:00,88.9,88.9,88.9,88.9,88.9,0.0,0,,,
2026-04-18 00:30:00+00:00,88.69,88.84,88.69,88.84,88.84,23.1,3,,,
2026-04-18 00:45:00+00:00,88.84,88.84,88.84,88.84,88.84,0.0,0,,,
2026-04-18 01:00:00+00:00,88.97,88.97,88.97,88.97,88.97,48.937,3,,,
2026-04-18 01:15:00+00:00,88.97,88.97,88.97,88.97,88.97,0.0,0,,,
2026-04-18 01:30:00+00:00,88.9,88.97,88.9,88.97,88.97,1.174,3,,,
2026-04-18 01:45:00+00:00,88.97,88.97,88.97,88.97,88.97,0.0,0,,,
2026-04-18 02:00:00+00:00,88.97,88.97,88.97,88.97,88.97,0.0,0,,,
2026-04-18 02:15:00+00:00,88.97,88.97,88.97,88.97,88.97,0.0,0,,,
2026-04-18 02:30:00+00:00,88.97,88.97,88.97,88.97,88.97,0.0,0,,,
2026-04-18 02:45:00+00:00,88.97,88.97,88.97,88.97,88.97,0.0,0,,,
2026-04-18 03:00:00+00:00,88.89,88.89,88.89,88.89,88.89,5.619,1,,,
2026-04-18 03:15:00+00:00,88.89,88.89,88.89,88.89,88.89,0.0,0,,,
2026-04-18 03:30:00+00:00,88.89,88.89,88.89,88.89,88.89,0.0,0,,,
2026-04-18 03:45:00+00:00,88.52,88.52,88.3,88.3,88.3,64.055,7,,,
2026-04-18 04:00:00+00:00,88.3,88.3,88.3,88.3,88.3,0.0,0,,,
2026-04-18 04:15:00+00:00,88.53,88.53,88.46,88.46,88.46,1.525,3,,,
2026-04-18 04:30:00+00:00,88.46,88.46,88.46,88.46,88.46,0.0,0,,,
2026-04-18 04:45:00+00:00,88.46,88.46,88.46,88.46,88.46,0.018,1,,,
2026-04-18 05:00:00+00:00,88.37,88.37,88.37,88.37,88.37,0.018,1,,,
2026-04-18 05:15:00+00:00,88.37,88.37,88.37,88.37,88.37,0.0,0,,,
2026-04-18 05:30:00+00:00,88.3,88.38,88.3,88.38,88.38,3.201,2,,,
2026-04-18 05:45:00+00:00,88.38,88.38,88.38,88.38,88.38,0.0,0,,,
2026-04-18 06:00:00+00:00,88.38,88.38,88.38,88.38,88.38,0.0,0,,,
2026-04-18 06:15:00+00:00,88.41,88.41,88.37,88.37,88.37,0.549,2,,,
2026-04-18 06:30:00+00:00,88.37,88.37,88.37,88.37,88.37,0.0,0,,,
2026-04-18 06:45:00+00:00,88.58,88.61,88.58,88.58,88.58,11.37,5,,,
2026-04-18 07:00:00+00:00,88.46,88.46,88.46,88.46,88.46,0.807,1,,,
2026-04-18 07:15:00+00:00,88.46,88.46,88.46,88.46,88.46,0.0,0,,,
2026-04-18 07:30:00+00:00,88.45,88.45,88.45,88.45,88.45,0.093,1,,,
2026-04-18 07:45:00+00:00,88.45,88.45,88.45,88.45,88.45,0.0,0,,,
2026-04-18 08:00:00+00:00,88.5,88.5,88.15,88.15,88.15,16.097,4,,,
2026-04-18 08:15:00+00:00,88.12,88.12,87.75,87.75,87.75,8.178,15,,,
2026-04-18 08:30:00+00:00,87.66,87.78,87.25,87.25,87.25,9.215,15,,,
2026-04-18 08:45:00+00:00,87.58,87.58,87.56,87.56,87.56,3.031,2,,,
2026-04-18 09:00:00+00:00,87.56,87.56,87.56,87.56,87.56,0.0,0,,,
2026-04-18 09:15:00+00:00,87.56,87.56,87.56,87.56,87.56,0.0,0,,,
2026-04-18 09:30:00+00:00,87.56,87.56,87.56,87.56,87.56,0.0,0,,,
2026-04-18 09:45:00+00:00,87.67,87.67,87.67,87.67,87.67,0.079,1,,,
2026-04-18 10:00:00+00:00,87.49,87.49,87.05,87.17,87.17,30.919,7,,,
2026-04-18 10:15:00+00:00,87.26,87.26,87.26,87.26,87.26,0.262,1,,,
2026-04-18 10:30:00+00:00,87.0,87.0,86.93,86.94,86.94,19.323,6,,,
2026-04-18 10:45:00+00:00,86.88,86.88,86.88,86.88,86.88,12.661,1,,,
2026-04-18 11:00:00+00:00,86.81,86.81,86.69,86.69,86.69,10.133,7,,,
2026-04-18 11:15:00+00:00,86.69,86.69,86.69,86.69,86.69,0.0,0,,,
2026-04-18 11:30:00+00:00,86.74,86.74,86.34,86.34,86.34,15.912,14,,,
2026-04-18 11:45:00+00:00,86.48,86.48,86.48,86.48,86.48,0.245,1,,,
2026-04-18 12:00:00+00:00,86.71,86.84,86.71,86.84,86.84,1.73,2,,,
2026-04-18 12:15:00+00:00,86.84,86.84,86.84,86.84,86.84,0.0,0,,,
2026-04-18 12:30:00+00:00,86.78,86.78,86.78,86.78,86.78,1.038,1,,,
2026-04-18 12:45:00+00:00,86.89,86.92,86.89,86.92,86.92,50.267,4,,,
2026-04-18 13:00:00+00:00,86.92,86.92,86.92,86.92,86.92,0.0,0,,,
2026-04-18 13:15:00+00:00,86.74,86.74,86.74,86.74,86.74,0.478,1,,,
2026-04-18 13:30:00+00:00,86.61,86.62,86.48,86.48,86.48,74.801,8,,,
2026-04-18 13:45:00+00:00,86.57,86.71,86.57,86.71,86.71,0.717,2,,,
2026-04-18 14:00:00+00:00,86.74,86.74,86.74,86.74,86.74,0.709,1,,,
2026-04-18 14:15:00+00:00,86.75,86.75,86.75,86.75,86.75,1.0,2,,,
2026-04-18 14:30:00+00:00,86.82,86.82,86.82,86.82,86.82,1.64,1,,,
2026-04-18 14:45:00+00:00,86.82,86.82,86.82,86.82,86.82,0.0,0,,,
2026-04-18 15:00:00+00:00,86.82,86.82,86.82,86.82,86.82,0.0,0,,,
2026-04-18 15:15:00+00:00,86.82,86.82,86.82,86.82,86.82,0.0,0,,,
2026-04-18 15:30:00+00:00,86.82,86.82,86.82,86.82,86.82,0.0,0,,,
2026-04-18 15:45:00+00:00,86.8,86.8,86.8,86.8,86.8,2.564,1,,,
2026-04-18 16:00:00+00:00,86.7,86.7,86.7,86.7,86.7,0.241,1,,,
2026-04-18 16:15:00+00:00,86.76,86.91,86.76,86.91,86.91,65.565,6,,,
2026-04-18 16:30:00+00:00,86.91,86.91,86.91,86.91,86.91,0.0,0,,,
2026-04-18 16:45:00+00:00,86.68,86.68,86.68,86.68,86.68,10.612,2,,,
2026-04-18 17:00:00+00:00,86.7,86.7,86.66,86.66,86.66,0.806,2,,,
2026-04-18 17:15:00+00:00,86.66,86.66,86.66,86.66,86.66,0.0,0,,,
2026-04-18 17:30:00+00:00,86.66,86.66,86.66,86.66,86.66,0.0,0,,,
2026-04-18 17:45:00+00:00,86.66,86.66,86.66,86.66,86.66,0.0,0,,,
2026-04-18 18:00:00+00:00,86.66,86.66,86.66,86.66,86.66,0.0,0,,,
2026-04-18 18:15:00+00:00,86.61,86.61,86.47,86.47,86.47,1.04,2,,,
2026-04-18 18:30:00+00:00,86.34,86.34,85.96,85.96,85.96,13.619,10,,,
2026-04-18 18:45:00+00:00,86.05,86.05,86.05,86.05,86.05,2.994,1,,,
2026-04-18 19:00:00+00:00,86.21,86.21,86.21,86.21,86.21,6.215,2,,,
2026-04-18 19:15:00+00:00,86.21,86.21,86.21,86.21,86.21,4.0,1,,,
2026-04-18 19:30:00+00:00,86.08,86.08,86.07,86.07,86.07,9.362,2,,,
2026-04-18 19:45:00+00:00,86.06,86.06,86.02,86.02,86.02,57.179,5,,,
2026-04-18 20:00:00+00:00,86.08,86.08,86.08,86.08,86.08,0.58,2,,,
2026-04-18 20:15:00+00:00,86.08,86.08,86.08,86.08,86.08,0.0,0,,,
2026-04-18 20:30:00+00:00,86.08,86.08,86.08,86.08,86.08,0.0,0,,,
2026-04-18 20:45:00+00:00,86.28,86.28,86.28,86.28,86.28,0.673,1,,,
2026-04-18 21:00:00+00:00,86.28,86.28,86.28,86.28,86.28,0.0,0,,,
2026-04-18 21:15:00+00:00,86.15,86.15,86.15,86.15,86.15,0.536,1,,,
2026-04-18 21:30:00+00:00,86.24,86.24,86.24,86.24,86.24,4.29,2,,,
2026-04-18 21:45:00+00:00,86.24,86.24,86.24,86.24,86.24,0.0,0,,,
2026-04-18 22:00:00+00:00,86.0,86.0,86.0,86.0,86.0,35.0,2,,,
2026-04-18 22:15:00+00:00,86.0,86.0,86.0,86.0,86.0,0.0,0,,,
2026-04-18 22:30:00+00:00,86.25,86.25,86.19,86.19,86.19,2.412,2,,,
2026-04-18 22:45:00+00:00,86.34,86.35,86.34,86.35,86.35,0.113,2,,,
2026-04-18 23:00:00+00:00,86.38,86.38,86.38,86.38,86.38,0.536,1,,,
2026-04-18 23:15:00+00:00,86.38,86.38,86.38,86.38,86.38,0.0,0,,,
2026-04-18 23:30:00+00:00,86.38,86.38,86.38,86.38,86.38,0.0,0,,,
2026-04-18 23:45:00+00:00,86.27,86.28,86.27,86.28,86.28,1.736,3,,,
2026-04-19 00:00:00+00:00,86.28,86.28,86.28,86.28,86.28,0.579,2,,,
2026-04-19 00:15:00+00:00,86.15,86.15,86.15,86.15,86.15,0.924,2,,,
2026-04-19 00:30:00+00:00,86.11,86.11,86.11,86.11,86.11,5.809,1,,,
2026-04-19 00:45:00+00:00,85.99,85.99,85.99,85.99,85.99,0.116,1,,,
2026-04-19 01:00:00+00:00,85.99,85.99,85.99,85.99,85.99,0.0,0,,,
2026-04-19 01:15:00+00:00,85.82,85.82,85.82,85.82,85.82,0.506,1,,,
2026-04-19 01:30:00+00:00,85.75,85.75,85.75,85.75,85.75,2.332,1,,,
2026-04-19 01:45:00+00:00,85.73,85.73,85.73,85.73,85.73,0.117,1,,,
2026-04-19 02:00:00+00:00,85.73,85.73,85.73,85.73,85.73,0.032,1,,,
2026-04-19 02:15:00+00:00,85.73,85.73,85.36,85.36,85.36,144.089,15,,,
2026-04-19 02:30:00+00:00,85.31,85.86,85.31,85.86,85.86,23.048,5,,,
2026-04-19 02:45:00+00:00,85.86,85.86,85.86,85.86,85.86,0.0,0,,,
2026-04-19 03:00:00+00:00,85.86,85.86,85.86,85.86,85.86,0.0,0,,,
2026-04-19 03:15:00+00:00,85.86,85.86,85.86,85.86,85.86,0.0,0,,,
2026-04-19 03:30:00+00:00,85.86,85.86,85.86,85.86,85.86,0.0,0,,,
2026-04-19 03:45:00+00:00,85.86,85.86,85.86,85.86,85.86,0.0,0,,,
2026-04-19 04:00:00+00:00,85.64,85.92,85.64,85.92,85.92,23.211,3,,,
2026-04-19 04:15:00+00:00,85.96,85.96,85.92,85.92,85.92,0.123,2,,,
2026-04-19 04:30:00+00:00,85.66,85.66,85.31,85.31,85.31,5.097,6,,,
2026-04-19 04:45:00+00:00,85.37,85.37,85.37,85.37,85.37,0.094,1,,,
2026-04-19 05:00:00+00:00,85.37,85.37,85.37,85.37,85.37,0.0,0,,,
2026-04-19 05:15:00+00:00,85.37,85.37,85.37,85.37,85.37,0.0,0,,,
2026-04-19 05:30:00+00:00,85.37,85.37,85.37,85.37,85.37,0.0,0,,,
2026-04-19 05:45:00+00:00,85.51,85.51,85.51,85.51,85.51,3.056,1,,,
2026-04-19 06:00:00+00:00,85.51,85.51,85.51,85.51,85.51,0.0,0,,,
2026-04-19 06:15:00+00:00,85.2,85.2,85.2,85.2,85.2,1.176,2,,,
2026-04-19 06:30:00+00:00,85.67,85.67,85.67,85.67,85.67,0.063,1,,,
2026-04-19 06:45:00+00:00,85.67,85.67,85.67,85.67,85.67,0.0,0,,,
2026-04-19 07:00:00+00:00,85.67,85.67,85.67,85.67,85.67,0.0,0,,,
2026-04-19 07:15:00+00:00,85.09,85.09,84.63,84.63,84.63,145.427,20,,,
2026-04-19 07:30:00+00:00,84.7,84.87,84.49,84.86,84.86,36.787,8,,,
2026-04-19 07:45:00+00:00,84.83,84.96,84.81,84.95,84.95,0.351,7,,,
2026-04-19 08:00:00+00:00,84.95,84.95,84.95,84.95,84.95,0.0,0,,,
2026-04-19 08:15:00+00:00,85.05,85.05,85.05,85.05,85.05,0.127,1,,,
2026-04-19 08:30:00+00:00,84.83,84.83,84.83,84.83,84.83,0.19,1,,,
2026-04-19 08:45:00+00:00,84.78,84.84,84.78,84.84,84.84,3.306,2,,,
2026-04-19 09:00:00+00:00,84.86,84.86,84.86,84.86,84.86,0.262,1,,,
2026-04-19 09:15:00+00:00,84.86,84.86,84.86,84.86,84.86,0.0,0,,,
2026-04-19 09:30:00+00:00,85.03,85.03,85.03,85.03,85.03,3.129,1,,,
2026-04-19 09:45:00+00:00,85.03,85.03,85.03,85.03,85.03,0.0,0,,,
2026-04-19 10:00:00+00:00,84.61,84.61,84.61,84.61,84.61,3.027,1,,,
2026-04-19 10:15:00+00:00,84.72,84.72,84.72,84.72,84.72,0.026,1,,,
2026-04-19 10:30:00+00:00,84.72,84.72,84.72,84.72,84.72,0.0,0,,,
2026-04-19 10:45:00+00:00,84.72,84.72,84.72,84.72,84.72,0.0,0,,,
2026-04-19 11:00:00+00:00,85.16,85.38,85.16,85.38,85.38,0.59,6,,,
2026-04-19 11:15:00+00:00,85.45,85.45,85.36,85.36,85.36,0.681,3,,,
2026-04-19 11:30:00+00:00,85.36,85.36,85.36,85.36,85.36,0.0,0,,,
2026-04-19 11:45:00+00:00,85.36,85.36,85.36,85.36,85.36,0.0,0,,,
2026-04-19 12:00:00+00:00,85.36,85.36,85.36,85.36,85.36,0.0,0,,,
2026-04-19 12:15:00+00:00,85.77,85.77,85.77,85.77,85.77,5.0,1,,,
2026-04-19 12:30:00+00:00,85.73,85.73,85.73,85.73,85.73,0.233,1,,,
2026-04-19 12:45:00+00:00,85.72,85.75,85.72,85.75,85.75,12.05,4,,,
2026-04-19 13:00:00+00:00,85.96,86.26,85.96,86.26,86.26,1.441,13,,,
2026-04-19 13:15:00+00:00,86.37,86.89,86.37,86.89,86.89,3.378,7,,,
2026-04-19 13:30:00+00:00,86.44,86.44,86.44,86.44,86.44,1.244,1,,,
2026-04-19 13:45:00+00:00,86.46,86.46,86.41,86.41,86.41,0.508,3,,,
2026-04-19 14:00:00+00:00,86.29,86.29,86.29,86.29,86.29,0.082,1,,,
2026-04-19 14:15:00+00:00,86.69,87.1,86.69,87.1,87.1,1.43,12,,,
2026-04-19 14:30:00+00:00,87.04,87.04,86.84,86.84,86.84,3.056,2,,,
2026-04-19 14:45:00+00:00,86.84,86.97,86.84,86.97,86.97,10.565,2,,,
2026-04-19 15:00:00+00:00,86.49,86.49,86.35,86.45,86.45,14.865,8,,,
2026-04-19 15:15:00+00:00,86.58,86.58,86.58,86.58,86.58,0.024,1,,,
2026-04-19 15:30:00+00:00,86.32,86.32,85.81,85.81,85.81,0.057,4,,,
2026-04-19 15:45:00+00:00,86.32,86.36,86.32,86.36,86.36,0.029,2,,,
2026-04-19 16:00:00+00:00,86.41,86.47,86.23,86.23,86.23,0.144,3,,,
2026-04-19 16:15:00+00:00,86.23,86.23,86.23,86.23,86.23,0.0,0,,,
2026-04-19 16:30:00+00:00,86.14,86.14,86.14,86.14,86.14,0.028,1,,,
2026-04-19 16:45:00+00:00,85.96,85.96,85.81,85.81,85.81,0.043,3,,,
2026-04-19 17:00:00+00:00,85.82,85.82,85.45,85.49,85.49,15.358,3,,,
2026-04-19 17:15:00+00:00,85.96,85.96,85.96,85.96,85.96,0.014,1,,,
2026-04-19 17:30:00+00:00,85.45,85.45,85.45,85.45,85.45,0.014,1,,,
2026-04-19 17:45:00+00:00,85.38,85.38,85.29,85.29,85.29,0.377,3,,,
2026-04-19 18:00:00+00:00,85.18,85.21,85.18,85.21,85.21,2.478,2,,,
2026-04-19 18:15:00+00:00,85.21,85.21,85.21,85.21,85.21,0.0,0,,,
2026-04-19 18:30:00+00:00,85.16,85.16,85.16,85.16,85.16,0.188,1,,,
2026-04-19 18:45:00+00:00,85.0,85.19,85.0,85.19,85.19,1.367,3,,,
2026-04-19 19:00:00+00:00,85.23,85.45,85.23,85.45,85.45,119.56,9,,,
2026-04-19 19:15:00+00:00,85.46,85.46,85.46,85.46,85.46,9.361,1,,,
2026-04-19 19:30:00+00:00,85.46,85.46,85.46,85.46,85.46,0.0,0,,,
2026-04-19 19:45:00+00:00,85.46,85.46,85.46,85.46,85.46,0.0,0,,,
2026-04-19 20:00:00+00:00,85.46,85.46,85.46,85.46,85.46,0.0,0,,,
2026-04-19 20:15:00+00:00,85.46,85.46,85.46,85.46,85.46,0.0,0,,,
2026-04-19 20:30:00+00:00,85.17,85.17,84.94,84.94,84.94,0.359,2,,,
2026-04-19 20:45:00+00:00,84.94,84.94,84.83,84.83,84.83,0.133,3,,,
2026-04-19 21:00:00+00:00,84.83,84.83,84.83,84.83,84.83,0.0,0,,,
2026-04-19 21:15:00+00:00,85.03,85.03,85.02,85.02,85.02,0.135,2,,,
2026-04-19 21:30:00+00:00,85.02,85.02,85.02,85.02,85.02,0.0,0,,,
2026-04-19 21:45:00+00:00,85.01,85.01,84.65,84.65,84.65,3.734,4,,,
2026-04-19 22:00:00+00:00,84.64,84.64,84.19,84.4,84.4,19.575,14,,,
2026-04-19 22:15:00+00:00,84.0,84.0,83.08,83.21,83.21,662.458,27,,,
2026-04-19 22:30:00+00:00,83.78,83.82,83.61,83.82,83.82,70.975,7,,,
2026-04-19 22:45:00+00:00,83.88,83.91,83.86,83.91,83.91,6.788,3,,,
2026-04-19 23:00:00+00:00,83.91,83.91,83.91,83.91,83.91,0.0,0,,,
2026-04-19 23:15:00+00:00,83.55,83.55,83.55,83.55,83.55,0.071,1,,,
2026-04-19 23:30:00+00:00,83.55,83.55,83.55,83.55,83.55,0.0,0,,,
2026-04-19 23:45:00+00:00,83.55,83.55,83.55,83.55,83.55,38.0,2,,,
2026-04-20 00:00:00+00:00,83.75,83.75,83.75,83.75,83.75,3.098,1,,,
2026-04-20 00:15:00+00:00,83.74,83.74,83.56,83.56,83.56,20.766,3,,,
2026-04-20 00:30:00+00:00,83.96,84.03,83.96,84.0,84.0,1.044,3,,,
2026-04-20 00:45:00+00:00,84.17,84.17,84.17,84.17,84.17,3.185,1,,,
2026-04-20 01:00:00+00:00,84.17,84.17,84.17,84.17,84.17,1.165,1,,,
2026-04-20 01:15:00+00:00,84.11,84.13,84.08,84.13,84.13,53.487,4,,,
2026-04-20 01:30:00+00:00,84.28,84.43,84.28,84.43,84.43,0.069,4,,,
2026-04-20 01:45:00+00:00,84.43,84.43,84.43,84.43,84.43,0.0,0,,,
2026-04-20 02:00:00+00:00,84.25,84.25,84.0,84.0,84.0,4.943,3,,,
2026-04-20 02:15:00+00:00,83.82,83.82,83.78,83.82,83.82,0.126,3,,,
2026-04-20 02:30:00+00:00,83.82,83.82,83.82,83.82,83.82,0.0,0,,,
2026-04-20 02:45:00+00:00,84.28,84.28,84.28,84.28,84.28,0.014,1,,,
2026-04-20 03:00:00+00:00,84.32,84.32,84.32,84.32,84.32,0.015,1,,,
2026-04-20 03:15:00+00:00,84.32,84.32,84.32,84.32,84.32,0.0,0,,,
2026-04-20 03:30:00+00:00,84.32,84.32,84.32,84.32,84.32,0.0,0,,,
2026-04-20 03:45:00+00:00,84.63,84.63,84.63,84.63,84.63,2.5,1,,,
2026-04-20 04:00:00+00:00,84.63,84.63,84.63,84.63,84.63,0.0,0,,,
2026-04-20 04:15:00+00:00,84.63,84.63,84.63,84.63,84.63,0.0,0,,,
2026-04-20 04:30:00+00:00,84.63,84.63,84.63,84.63,84.63,0.0,0,,,
2026-04-20 04:45:00+00:00,84.63,84.63,84.6,84.6,84.6,228.517,3,,,
2026-04-20 05:00:00+00:00,84.6,84.6,84.6,84.6,84.6,0.0,0,,,
2026-04-20 05:15:00+00:00,84.12,84.12,84.05,84.05,84.05,1.729,3,,,
2026-04-20 05:30:00+00:00,84.05,84.05,84.05,84.05,84.05,0.0,0,,,
2026-04-20 05:45:00+00:00,83.82,83.95,83.82,83.95,83.95,0.13,3,,,
2026-04-20 06:00:00+00:00,83.85,83.98,83.85,83.98,83.98,68.243,4,,,
2026-04-20 06:15:00+00:00,83.98,83.98,83.98,83.98,83.98,0.0,0,,,
2026-04-20 06:30:00+00:00,84.32,84.75,84.24,84.62,84.62,54.482,8,,,
2026-04-20 06:45:00+00:00,84.52,84.52,84.52,84.52,84.52,60.34,1,,,
2026-04-20 07:00:00+00:00,84.52,84.52,84.52,84.52,84.52,0.0,0,,,
2026-04-20 07:15:00+00:00,84.78,85.75,84.78,85.45,85.45,50.559,19,,,
2026-04-20 07:30:00+00:00,85.1,85.1,84.79,84.79,84.79,3.338,5,,,
2026-04-20 07:45:00+00:00,84.78,84.78,84.72,84.72,84.72,2.485,2,,,
2026-04-20 08:00:00+00:00,84.73,84.73,84.73,84.73,84.73,0.115,1,,,
2026-04-20 08:15:00+00:00,84.73,84.73,84.73,84.73,84.73,0.0,0,,,
2026-04-20 08:30:00+00:00,84.75,84.75,84.75,84.75,84.75,3.561,2,,,
2026-04-20 08:45:00+00:00,84.81,84.81,84.64,84.64,84.64,6.426,2,,,
2026-04-20 09:00:00+00:00,84.72,85.02,84.72,85.02,85.02,0.066,2,,,
2026-04-20 09:15:00+00:00,85.02,85.02,85.02,85.02,85.02,0.0,0,,,
2026-04-20 09:30:00+00:00,85.02,85.02,85.02,85.02,85.02,0.0,0,,,
2026-04-20 09:45:00+00:00,85.02,85.02,85.02,85.02,85.02,0.0,0,,,
2026-04-20 10:00:00+00:00,85.29,85.33,85.29,85.33,85.33,0.107,3,,,
2026-04-20 10:15:00+00:00,85.33,85.33,85.33,85.33,85.33,0.0,0,,,
2026-04-20 10:30:00+00:00,85.33,85.33,85.33,85.33,85.33,0.0,0,,,
2026-04-20 10:45:00+00:00,85.0,85.0,84.98,84.98,84.98,11.881,2,,,
2026-04-20 11:00:00+00:00,84.83,85.04,84.83,85.04,85.04,0.077,2,,,
2026-04-20 11:15:00+00:00,85.04,85.04,85.04,85.04,85.04,0.0,0,,,
2026-04-20 11:30:00+00:00,85.28,85.28,85.28,85.28,85.28,0.25,1,,,
2026-04-20 11:45:00+00:00,85.31,85.33,85.14,85.14,85.14,5.11,7,,,
2026-04-20 12:00:00+00:00,85.0,85.28,84.96,85.28,85.28,0.704,4,,,
2026-04-20 12:15:00+00:00,85.38,85.45,85.38,85.45,85.45,1.5,3,,,
2026-04-20 12:30:00+00:00,85.16,85.16,84.94,85.12,85.12,34.092,7,,,
2026-04-20 12:45:00+00:00,85.28,85.28,85.28,85.28,85.28,0.25,1,,,
2026-04-20 13:00:00+00:00,85.38,85.45,85.35,85.45,85.45,17.549,5,,,
2026-04-20 13:15:00+00:00,85.45,85.45,85.45,85.45,85.45,0.0,0,,,
2026-04-20 13:30:00+00:00,85.0,85.33,85.0,85.33,85.33,1.189,4,,,
2026-04-20 13:45:00+00:00,85.16,85.38,85.16,85.38,85.38,2.94,4,,,
2026-04-20 14:00:00+00:00,85.16,85.24,85.16,85.24,85.24,1.584,3,,,
2026-04-20 14:15:00+00:00,85.38,85.83,85.38,85.48,85.48,7.637,14,,,
2026-04-20 14:30:00+00:00,85.3,85.3,85.16,85.16,85.16,1.736,4,,,
2026-04-20 14:45:00+00:00,85.38,85.38,84.78,84.78,84.78,63.647,11,,,
2026-04-20 15:00:00+00:00,84.62,84.62,84.5,84.59,84.59,22.786,4,,,
2026-04-20 15:15:00+00:00,85.08,85.76,85.08,85.76,85.76,6.363,12,,,
2026-04-20 15:30:00+00:00,85.76,85.76,85.76,85.76,85.76,0.0,0,,,
2026-04-20 15:45:00+00:00,85.49,85.89,85.49,85.89,85.89,3.261,6,,,
2026-04-20 16:00:00+00:00,85.8,85.8,85.56,85.56,85.56,1.479,2,,,
2026-04-20 16:15:00+00:00,85.56,85.56,85.56,85.56,85.56,0.0,0,,,
2026-04-20 16:30:00+00:00,85.56,85.56,85.56,85.56,85.56,0.0,0,,,
2026-04-20 16:45:00+00:00,85.49,85.49,85.33,85.33,85.33,1.576,2,,,
2026-04-20 17:00:00+00:00,85.62,85.96,85.62,85.96,85.96,3.567,8,,,
2026-04-20 17:15:00+00:00,85.82,86.11,85.82,86.11,86.11,4.221,6,,,
2026-04-20 17:30:00+00:00,85.83,85.83,85.77,85.77,85.77,2.214,4,,,
2026-04-20 17:45:00+00:00,85.77,85.77,85.77,85.77,85.77,0.0,0,,,
2026-04-20 18:00:00+00:00,86.11,86.17,86.1,86.1,86.1,3.671,5,,,
2026-04-20 18:15:00+00:00,86.22,86.22,86.22,86.22,86.22,0.158,1,,,
2026-04-20 18:30:00+00:00,86.22,86.22,86.22,86.22,86.22,0.0,0,,,
2026-04-20 18:45:00+00:00,85.83,86.11,85.79,86.11,86.11,26.635,9,,,
2026-04-20 19:00:00+00:00,86.09,86.09,86.08,86.08,86.08,10.402,2,,,
2026-04-20 19:15:00+00:00,85.83,85.86,85.83,85.86,85.86,2.666,4,,,
2026-04-20 19:30:00+00:00,85.86,85.86,85.86,85.86,85.86,0.0,0,,,
2026-04-20 19:45:00+00:00,86.02,86.03,86.02,86.03,86.03,0.697,2,,,
2026-04-20 20:00:00+00:00,85.82,85.94,85.82,85.94,85.94,1.741,3,,,
2026-04-20 20:15:00+00:00,85.94,86.15,85.94,86.15,86.15,19.604,5,,,
2026-04-20 20:30:00+00:00,85.83,85.83,85.83,85.83,85.83,0.25,1,,,
2026-04-20 20:45:00+00:00,85.94,85.94,85.94,85.94,85.94,2.327,1,,,
2026-04-20 21:00:00+00:00,86.11,86.22,85.73,85.73,85.73,56.893,8,,,
2026-04-20 21:15:00+00:00,85.73,85.73,85.73,85.73,85.73,0.0,0,,,
2026-04-20 21:30:00+00:00,85.64,85.78,85.64,85.78,85.78,1.465,3,,,
2026-04-20 21:45:00+00:00,85.78,85.78,85.78,85.78,85.78,0.0,0,,,
2026-04-20 22:00:00+00:00,86.05,86.06,86.05,86.06,86.06,0.369,2,,,
2026-04-20 22:15:00+00:00,85.82,85.82,85.78,85.78,85.78,4.386,4,,,
2026-04-20 22:30:00+00:00,85.81,85.81,85.81,85.81,85.81,0.298,1,,,
2026-04-20 22:45:00+00:00,85.81,85.81,85.81,85.81,85.81,0.0,0,,,
2026-04-20 23:00:00+00:00,85.56,85.56,85.45,85.46,85.46,2.555,5,,,
2026-04-20 23:15:00+00:00,85.33,85.33,85.32,85.32,85.32,0.116,2,,,
2026-04-20 23:30:00+00:00,85.29,85.33,85.29,85.33,85.33,0.132,2,,,
2026-04-20 23:45:00+00:00,85.33,85.33,85.33,85.33,85.33,3.515,2,,,
2026-04-21 00:00:00+00:00,85.33,85.33,85.33,85.33,85.33,0.0,0,,,
2026-04-21 00:15:00+00:00,85.33,85.33,85.33,85.33,85.33,0.0,0,,,
2026-04-21 00:30:00+00:00,85.48,85.48,85.48,85.48,85.48,0.174,1,,,
2026-04-21 00:45:00+00:00,85.73,85.77,85.73,85.77,85.77,2.217,2,,,
2026-04-21 01:00:00+00:00,85.77,85.77,85.77,85.77,85.77,0.0,0,,,
2026-04-21 01:15:00+00:00,85.77,85.77,85.77,85.77,85.77,0.0,0,,,
2026-04-21 01:30:00+00:00,85.81,85.81,85.81,85.81,85.81,0.014,1,,,
2026-04-21 01:45:00+00:00,85.81,85.81,85.81,85.81,85.81,0.0,0,,,
2026-04-21 02:00:00+00:00,85.32,85.32,85.32,85.32,85.32,0.703,1,,,
2026-04-21 02:15:00+00:00,85.29,85.37,85.28,85.37,85.37,0.333,3,,,
2026-04-21 02:30:00+00:00,85.37,85.37,85.37,85.37,85.37,0.0,0,,,
2026-04-21 02:45:00+00:00,85.37,85.37,85.37,85.37,85.37,0.0,0,,,
2026-04-21 03:00:00+00:00,85.31,85.31,85.24,85.24,85.24,15.443,6,,,
2026-04-21 03:15:00+00:00,85.24,85.24,85.24,85.24,85.24,0.0,0,,,
2026-04-21 03:30:00+00:00,85.32,85.32,85.32,85.32,85.32,174.142,1,,,
2026-04-21 03:45:00+00:00,85.34,85.34,85.34,85.34,85.34,2.316,1,,,
2026-04-21 04:00:00+00:00,85.34,85.34,85.34,85.34,85.34,0.0,0,,,
2026-04-21 04:15:00+00:00,85.16,85.16,85.16,85.16,85.16,1.834,1,,,
2026-04-21 04:30:00+00:00,85.16,85.17,85.1,85.17,85.17,15.994,4,,,
2026-04-21 04:45:00+00:00,85.4,85.4,85.4,85.4,85.4,1.834,1,,,
2026-04-21 05:00:00+00:00,85.52,85.81,85.52,85.81,85.81,0.427,5,,,
2026-04-21 05:15:00+00:00,85.81,85.81,85.81,85.81,85.81,0.0,0,,,
2026-04-21 05:30:00+00:00,85.81,85.81,85.81,85.81,85.81,0.0,0,,,
2026-04-21 05:45:00+00:00,85.81,85.81,85.81,85.81,85.81,0.0,0,,,
2026-04-21 06:00:00+00:00,85.65,85.65,85.65,85.65,85.65,40.848,1,,,
2026-04-21 06:15:00+00:00,85.29,85.29,85.28,85.28,85.28,0.264,2,,,
2026-04-21 06:30:00+00:00,85.56,85.85,85.56,85.85,85.85,0.529,5,,,
2026-04-21 06:45:00+00:00,85.85,85.85,85.85,85.85,85.85,0.0,0,,,
2026-04-21 07:00:00+00:00,85.56,85.56,85.49,85.49,85.49,2.352,3,,,
2026-04-21 07:15:00+00:00,85.73,85.83,85.73,85.83,85.83,2.701,3,,,
2026-04-21 07:30:00+00:00,85.66,85.81,85.66,85.81,85.81,0.38,4,,,
2026-04-21 07:45:00+00:00,85.96,85.96,85.82,85.82,85.82,0.107,2,,,
2026-04-21 08:00:00+00:00,85.82,85.82,85.82,85.82,85.82,0.291,1,,,
2026-04-21 08:15:00+00:00,85.82,85.82,85.82,85.82,85.82,0.0,0,,,
2026-04-21 08:30:00+00:00,85.9,85.9,85.9,85.9,85.9,0.081,1,,,
2026-04-21 08:45:00+00:00,86.06,86.32,86.06,86.28,86.28,18.228,11,,,
2026-04-21 09:00:00+00:00,85.83,85.83,85.81,85.81,85.81,2.254,3,,,
2026-04-21 09:15:00+00:00,85.81,85.81,85.81,85.81,85.81,0.0,0,,,
2026-04-21 09:30:00+00:00,85.81,85.81,85.81,85.81,85.81,0.0,0,,,
2026-04-21 09:45:00+00:00,85.81,85.81,85.81,85.81,85.81,0.0,0,,,
2026-04-21 10:00:00+00:00,86.06,86.1,86.06,86.1,86.1,2.446,3,,,
2026-04-21 10:15:00+00:00,86.1,86.1,86.1,86.1,86.1,0.0,0,,,
2026-04-21 10:30:00+00:00,86.11,86.11,86.11,86.11,86.11,0.25,1,,,
2026-04-21 10:45:00+00:00,86.11,86.11,86.11,86.11,86.11,0.0,0,,,
2026-04-21 11:00:00+00:00,86.12,86.12,85.82,85.82,85.82,17.513,5,,,
2026-04-21 11:15:00+00:00,86.11,86.13,86.11,86.13,86.13,2.415,2,,,
2026-04-21 11:30:00+00:00,86.13,86.13,86.13,86.13,86.13,0.0,0,,,
2026-04-21 11:45:00+00:00,86.13,86.13,86.13,86.13,86.13,0.0,0,,,
2026-04-21 12:00:00+00:00,86.13,86.13,86.13,86.13,86.13,0.0,0,,,
2026-04-21 12:15:00+00:00,85.83,85.83,85.78,85.78,85.78,4.986,6,,,
2026-04-21 12:30:00+00:00,85.56,85.56,85.28,85.28,85.28,18.676,10,,,
2026-04-21 12:45:00+00:00,85.26,85.56,85.26,85.56,85.56,0.367,2,,,
2026-04-21 13:00:00+00:00,85.47,85.47,85.47,85.47,85.47,0.469,1,,,
2026-04-21 13:15:00+00:00,85.48,85.48,85.48,85.48,85.48,11.553,1,,,
2026-04-21 13:30:00+00:00,85.52,85.83,85.52,85.83,85.83,2.873,4,,,
2026-04-21 13:45:00+00:00,85.83,85.83,85.83,85.83,85.83,0.0,0,,,
2026-04-21 14:00:00+00:00,85.85,85.85,85.85,85.85,85.85,0.015,1,,,
2026-04-21 14:15:00+00:00,85.96,86.18,85.96,86.18,86.18,27.953,7,,,
2026-04-21 14:30:00+00:00,86.25,86.88,86.25,86.88,86.88,12.076,18,,,
2026-04-21 14:45:00+00:00,86.39,86.44,85.81,85.81,85.81,3.136,12,,,
2026-04-21 15:00:00+00:00,85.8,86.11,85.8,86.11,86.11,14.163,5,,,
2026-04-21 15:15:00+00:00,85.83,85.83,85.83,85.83,85.83,0.25,1,,,
2026-04-21 15:30:00+00:00,85.56,85.83,85.45,85.83,85.83,0.514,3,,,
2026-04-21 15:45:00+00:00,85.76,85.96,85.76,85.96,85.96,0.026,2,,,
2026-04-21 16:00:00+00:00,86.11,86.11,86.11,86.11,86.11,0.25,1,,,
2026-04-21 16:15:00+00:00,86.11,86.11,86.11,86.11,86.11,0.0,0,,,
2026-04-21 16:30:00+00:00,86.11,86.11,86.11,86.11,86.11,0.0,0,,,
2026-04-21 16:45:00+00:00,85.83,85.83,85.83,85.83,85.83,0.25,1,,,
2026-04-21 17:00:00+00:00,85.73,85.74,85.33,85.33,85.33,46.596,9,,,
2026-04-21 17:15:00+00:00,85.29,85.29,84.83,85.07,85.07,19.502,12,,,
2026-04-21 17:30:00+00:00,85.28,85.79,85.17,85.63,85.63,30.923,12,,,
2026-04-21 17:45:00+00:00,85.6,85.6,85.39,85.39,85.39,0.231,3,,,
2026-04-21 18:00:00+00:00,85.28,85.28,85.28,85.28,85.28,0.25,1,,,
2026-04-21 18:15:00+00:00,85.37,85.37,84.94,84.94,84.94,3.36,3,,,
2026-04-21 18:30:00+00:00,84.99,85.0,84.99,85.0,85.0,15.529,3,,,
2026-04-21 18:45:00+00:00,85.01,85.11,84.78,85.11,85.11,324.617,30,,,
2026-04-21 19:00:00+00:00,85.28,85.56,85.28,85.28,85.28,55.681,13,,,
2026-04-21 19:15:00+00:00,85.56,85.67,85.56,85.67,85.67,0.364,2,,,
2026-04-21 19:30:00+00:00,85.28,85.28,84.43,84.43,84.43,2.952,11,,,
2026-04-21 19:45:00+00:00,84.62,84.62,84.62,84.62,84.62,0.048,1,,,
2026-04-21 20:00:00+00:00,84.53,85.39,84.53,85.36,85.36,929.941,53,,,
2026-04-21 20:15:00+00:00,85.45,85.56,85.45,85.49,85.49,0.359,3,,,
2026-04-21 20:30:00+00:00,85.73,85.73,85.73,85.73,85.73,0.095,1,,,
2026-04-21 20:45:00+00:00,85.46,85.57,85.46,85.56,85.56,4.231,3,,,
2026-04-21 21:00:00+00:00,85.43,85.43,85.28,85.28,85.28,374.825,5,,,
2026-04-21 21:15:00+00:00,85.28,85.28,85.28,85.28,85.28,0.0,0,,,
2026-04-21 21:30:00+00:00,85.09,85.09,85.09,85.09,85.09,1.252,1,,,
2026-04-21 21:45:00+00:00,85.09,85.09,85.09,85.09,85.09,0.0,0,,,
2026-04-21 22:00:00+00:00,85.34,85.4,85.29,85.4,85.4,18.408,3,,,
2026-04-21 22:15:00+00:00,85.16,85.16,85.16,85.16,85.16,2.766,2,,,
2026-04-21 22:30:00+00:00,85.09,85.2,85.09,85.2,85.2,0.125,2,,,
2026-04-21 22:45:00+00:00,85.2,85.2,85.2,85.2,85.2,0.0,0,,,
2026-04-21 23:00:00+00:00,85.4,85.56,85.4,85.56,85.56,1.678,3,,,
2026-04-21 23:15:00+00:00,85.72,85.85,85.56,85.56,85.56,12.859,9,,,
2026-04-21 23:30:00+00:00,85.83,85.83,85.83,85.83,85.83,0.25,1,,,
2026-04-21 23:45:00+00:00,85.88,86.11,85.88,86.11,86.11,2.432,6,,,
2026-04-22 00:00:00+00:00,86.14,86.14,86.14,86.14,86.14,2.5,1,,,
2026-04-22 00:15:00+00:00,86.21,86.4,86.21,86.25,86.25,36.343,11,,,
2026-04-22 00:30:00+00:00,86.26,86.26,86.25,86.25,86.25,12.595,4,,,
2026-04-22 00:45:00+00:00,86.25,86.47,86.25,86.47,86.47,225.784,10,,,
2026-04-22 01:00:00+00:00,86.47,86.47,86.47,86.47,86.47,0.0,0,,,
2026-04-22 01:15:00+00:00,86.47,86.47,86.47,86.47,86.47,0.0,0,,,
2026-04-22 01:30:00+00:00,86.47,86.47,86.47,86.47,86.47,0.0,0,,,
2026-04-22 01:45:00+00:00,86.38,86.38,86.38,86.38,86.38,8.509,1,,,
2026-04-22 02:00:00+00:00,86.62,86.84,86.62,86.84,86.84,1.192,7,,,
2026-04-22 02:15:00+00:00,86.78,87.32,86.78,87.32,87.32,433.396,26,,,
2026-04-22 02:30:00+00:00,87.36,87.5,87.18,87.5,87.5,4.19,4,,,
2026-04-22 02:45:00+00:00,87.56,87.56,87.52,87.53,87.53,3.097,3,,,
2026-04-22 03:00:00+00:00,87.44,87.87,87.44,87.68,87.68,29.657,15,,,
2026-04-22 03:15:00+00:00,87.68,87.68,87.68,87.68,87.68,0.0,0,,,
2026-04-22 03:30:00+00:00,87.36,87.36,87.36,87.36,87.36,0.013,1,,,
2026-04-22 03:45:00+00:00,87.36,87.36,87.36,87.36,87.36,0.0,0,,,
2026-04-22 04:00:00+00:00,87.36,87.36,87.36,87.36,87.36,0.0,0,,,
2026-04-22 04:15:00+00:00,87.36,87.36,87.36,87.36,87.36,0.0,0,,,
2026-04-22 04:30:00+00:00,87.36,87.36,87.36,87.36,87.36,0.0,0,,,
2026-04-22 04:45:00+00:00,87.05,87.07,87.05,87.07,87.07,1.149,4,,,
2026-04-22 05:00:00+00:00,87.09,87.09,87.09,87.09,87.09,1.143,2,,,
2026-04-22 05:15:00+00:00,87.24,88.12,87.24,88.05,88.05,175.327,34,,,
2026-04-22 05:30:00+00:00,88.23,88.26,88.1,88.23,88.23,90.134,11,,,
2026-04-22 05:45:00+00:00,88.12,88.31,88.05,88.06,88.06,58.395,6,,,
2026-04-22 06:00:00+00:00,88.06,88.06,88.06,88.06,88.06,0.0,0,,,
2026-04-22 06:15:00+00:00,88.06,88.06,88.06,88.06,88.06,0.0,0,,,
2026-04-22 06:30:00+00:00,88.06,88.06,88.06,88.06,88.06,0.0,0,,,
2026-04-22 06:45:00+00:00,87.85,87.85,87.85,87.85,87.85,15.278,1,,,
2026-04-22 07:00:00+00:00,87.82,87.93,87.82,87.93,87.93,100.311,5,,,
2026-04-22 07:15:00+00:00,87.94,87.94,87.94,87.94,87.94,11.378,1,,,
2026-04-22 07:30:00+00:00,88.1,88.1,88.1,88.1,88.1,7.304,1,,,
2026-04-22 07:45:00+00:00,88.21,88.21,88.21,88.21,88.21,0.541,1,,,
2026-04-22 08:00:00+00:00,88.05,88.05,88.05,88.05,88.05,0.079,1,,,
2026-04-22 08:15:00+00:00,88.05,88.05,88.05,88.05,88.05,0.0,0,,,
2026-04-22 08:30:00+00:00,87.73,87.73,87.72,87.72,87.72,3.131,2,,,
2026-04-22 08:45:00+00:00,87.95,88.27,87.95,88.27,88.27,52.926,5,,,
2026-04-22 09:00:00+00:00,87.98,88.88,87.94,88.56,88.56,117.217,37,,,
2026-04-22 09:15:00+00:00,88.56,88.56,88.56,88.56,88.56,0.0,0,,,
2026-04-22 09:30:00+00:00,88.48,88.51,88.48,88.51,88.51,32.268,4,,,
2026-04-22 09:45:00+00:00,88.23,88.23,88.23,88.23,88.23,0.225,1,,,
2026-04-22 10:00:00+00:00,88.26,88.26,88.26,88.26,88.26,0.19,1,,,
2026-04-22 10:15:00+00:00,88.26,88.26,88.26,88.26,88.26,0.0,0,,,
2026-04-22 10:30:00+00:00,88.26,88.26,88.26,88.26,88.26,0.0,0,,,
2026-04-22 10:45:00+00:00,88.26,88.26,88.26,88.26,88.26,0.0,0,,,
2026-04-22 11:00:00+00:00,88.26,88.26,88.26,88.26,88.26,0.0,0,,,
2026-04-22 11:15:00+00:00,88.38,88.43,88.32,88.32,88.32,4.315,7,,,
2026-04-22 11:30:00+00:00,88.24,88.24,88.24,88.24,88.24,0.2,1,,,
2026-04-22 11:45:00+00:00,88.34,88.34,88.33,88.33,88.33,0.497,2,,,
2026-04-22 12:00:00+00:00,88.33,88.33,88.33,88.33,88.33,0.0,0,,,
2026-04-22 12:15:00+00:00,88.33,88.33,88.33,88.33,88.33,0.0,0,,,
2026-04-22 12:30:00+00:00,88.33,88.33,88.33,88.33,88.33,0.0,0,,,
2026-04-22 12:45:00+00:00,88.6,88.67,88.6,88.67,88.67,0.845,3,,,
2026-04-22 13:00:00+00:00,88.71,88.79,88.71,88.75,88.75,1.171,4,,,
2026-04-22 13:15:00+00:00,88.8,88.83,88.72,88.72,88.72,328.025,13,,,
2026-04-22 13:30:00+00:00,88.91,88.99,88.55,88.99,88.99,31.523,14,,,
2026-04-22 13:45:00+00:00,88.99,89.15,88.99,89.15,89.15,4.656,6,,,
2026-04-22 14:00:00+00:00,89.17,89.31,89.0,89.31,89.31,17.505,9,,,
2026-04-22 14:15:00+00:00,89.31,89.31,88.94,89.17,89.17,26.522,10,,,
2026-04-22 14:30:00+00:00,89.1,89.1,88.79,88.82,88.82,8.379,6,,,
2026-04-22 14:45:00+00:00,88.82,88.82,88.82,88.82,88.82,0.0,0,,,
2026-04-22 15:00:00+00:00,88.44,88.44,88.42,88.42,88.42,0.241,2,,,
2026-04-22 15:15:00+00:00,88.4,88.4,88.08,88.13,88.13,10.44,9,,,
2026-04-22 15:30:00+00:00,88.41,88.41,88.29,88.29,88.29,12.237,3,,,
2026-04-22 15:45:00+00:00,88.25,88.25,88.25,88.25,88.25,0.854,1,,,
2026-04-22 16:00:00+00:00,88.25,88.25,88.25,88.25,88.25,0.0,0,,,
2026-04-22 16:15:00+00:00,88.13,88.13,87.83,87.97,87.97,5.957,14,,,
2026-04-22 16:30:00+00:00,87.98,87.98,87.98,87.98,87.98,0.114,1,,,
2026-04-22 16:45:00+00:00,87.8,87.84,87.66,87.66,87.66,1.905,5,,,
2026-04-22 17:00:00+00:00,87.7,87.77,87.7,87.77,87.77,39.288,8,,,
2026-04-22 17:15:00+00:00,87.95,87.95,87.92,87.92,87.92,14.909,3,,,
2026-04-22 17:30:00+00:00,87.88,87.88,87.86,87.86,87.86,1.2,2,,,
2026-04-22 17:45:00+00:00,87.87,88.0,87.87,88.0,88.0,0.367,2,,,
2026-04-22 18:00:00+00:00,88.05,88.05,88.05,88.05,88.05,1.503,1,,,
2026-04-22 18:15:00+00:00,88.05,88.05,88.05,88.05,88.05,0.0,0,,,
2026-04-22 18:30:00+00:00,88.05,88.05,88.05,88.05,88.05,0.0,0,,,
2026-04-22 18:45:00+00:00,88.27,88.33,88.0,88.0,88.0,0.617,5,,,
2026-04-22 19:00:00+00:00,87.67,87.67,87.5,87.6,87.6,6.469,6,,,
2026-04-22 19:15:00+00:00,87.6,87.6,87.6,87.6,87.6,0.0,0,,,
2026-04-22 19:30:00+00:00,87.73,87.74,87.28,87.28,87.28,67.153,18,,,
2026-04-22 19:45:00+00:00,87.35,87.35,87.35,87.35,87.35,0.905,1,,,
2026-04-22 20:00:00+00:00,87.35,87.35,87.35,87.35,87.35,26.227,1,,,
2026-04-22 20:15:00+00:00,87.35,87.35,87.2,87.2,87.2,19.939,5,,,
2026-04-22 20:30:00+00:00,87.2,87.2,87.2,87.2,87.2,0.0,0,,,
2026-04-22 20:45:00+00:00,87.2,87.2,87.2,87.2,87.2,0.0,0,,,
2026-04-22 21:00:00+00:00,87.22,87.22,87.22,87.22,87.22,0.081,2,,,
2026-04-22 21:15:00+00:00,87.22,87.22,87.22,87.22,87.22,0.0,0,,,
2026-04-22 21:30:00+00:00,87.46,87.61,87.46,87.61,87.61,9.98,3,,,
2026-04-22 21:45:00+00:00,87.61,87.61,87.61,87.61,87.61,0.0,0,,,
2026-04-22 22:00:00+00:00,87.66,87.72,87.66,87.71,87.71,1.56,4,,,
2026-04-22 22:15:00+00:00,87.71,87.71,87.71,87.71,87.71,0.0,0,,,
2026-04-22 22:30:00+00:00,87.46,87.46,87.39,87.39,87.39,1.057,2,,,
2026-04-22 22:45:00+00:00,87.39,87.39,87.39,87.39,87.39,0.0,0,,,
2026-04-22 23:00:00+00:00,87.38,87.38,87.3,87.3,87.3,344.02,20,,,
2026-04-22 23:15:00+00:00,87.11,87.12,86.98,86.98,86.98,9.456,4,,,
2026-04-22 23:30:00+00:00,86.98,86.98,86.98,86.98,86.98,0.0,0,,,
2026-04-22 23:45:00+00:00,86.98,86.98,86.98,86.98,86.98,0.0,0,,,
2026-04-23 00:00:00+00:00,86.73,86.73,86.56,86.56,86.56,3.738,6,,,
2026-04-23 00:15:00+00:00,86.49,86.98,86.23,86.98,86.98,3.499,9,,,
2026-04-23 00:30:00+00:00,86.98,86.98,86.98,86.98,86.98,0.0,0,,,
2026-04-23 00:45:00+00:00,86.98,86.98,86.98,86.98,86.98,0.0,0,,,
2026-04-23 01:00:00+00:00,86.85,86.85,86.71,86.71,86.71,1.208,3,,,
2026-04-23 01:15:00+00:00,86.47,86.47,86.25,86.3,86.3,289.758,10,,,
2026-04-23 01:30:00+00:00,86.3,86.3,86.3,86.3,86.3,0.0,0,,,
2026-04-23 01:45:00+00:00,86.45,86.45,86.45,86.45,86.45,0.052,1,,,
2026-04-23 02:00:00+00:00,86.33,86.33,86.3,86.3,86.3,2.429,2,,,
2026-04-23 02:15:00+00:00,86.33,86.33,86.04,86.04,86.04,13.619,4,,,
2026-04-23 02:30:00+00:00,86.04,86.04,85.81,85.9,85.9,6.11,8,,,
2026-04-23 02:45:00+00:00,85.9,85.9,85.9,85.9,85.9,0.0,0,,,
2026-04-23 03:00:00+00:00,85.9,85.9,85.9,85.9,85.9,0.0,0,,,
2026-04-23 03:15:00+00:00,85.82,85.82,85.82,85.82,85.82,2.124,2,,,
2026-04-23 03:30:00+00:00,85.86,85.86,85.65,85.65,85.65,0.269,3,,,
2026-04-23 03:45:00+00:00,85.65,85.65,85.65,85.65,85.65,0.0,0,,,
2026-04-23 04:00:00+00:00,85.89,85.89,85.89,85.89,85.89,3.04,1,,,
2026-04-23 04:15:00+00:00,85.89,85.89,85.89,85.89,85.89,0.0,0,,,
2026-04-23 04:30:00+00:00,85.89,85.89,85.89,85.89,85.89,0.0,0,,,
2026-04-23 04:45:00+00:00,85.93,85.93,85.93,85.93,85.93,0.093,1,,,
2026-04-23 05:00:00+00:00,86.02,86.06,85.93,85.93,85.93,1.787,3,,,
2026-04-23 05:15:00+00:00,85.97,85.99,85.97,85.99,85.99,9.198,4,,,
2026-04-23 05:30:00+00:00,85.57,85.71,85.57,85.71,85.71,6.174,3,,,
2026-04-23 05:45:00+00:00,85.71,85.71,85.71,85.71,85.71,0.0,0,,,
2026-04-23 06:00:00+00:00,85.89,85.89,85.89,85.89,85.89,0.071,1,,,
2026-04-23 06:15:00+00:00,85.89,85.89,85.89,85.89,85.89,0.0,0,,,
2026-04-23 06:30:00+00:00,85.89,85.89,85.89,85.89,85.89,0.0,0,,,
2026-04-23 06:45:00+00:00,85.89,85.89,85.89,85.89,85.89,0.0,0,,,
2026-04-23 07:00:00+00:00,85.89,85.89,85.89,85.89,85.89,0.0,0,,,
2026-04-23 07:15:00+00:00,85.89,85.89,85.89,85.89,85.89,0.0,0,,,
2026-04-23 07:30:00+00:00,85.89,85.89,85.89,85.89,85.89,0.0,0,,,
2026-04-23 07:45:00+00:00,85.89,85.89,85.89,85.89,85.89,0.0,0,,,
2026-04-23 08:00:00+00:00,85.89,85.89,85.89,85.89,85.89,0.0,0,,,
2026-04-23 08:15:00+00:00,85.76,85.87,85.76,85.87,85.87,12.858,2,,,
2026-04-23 08:30:00+00:00,85.87,85.87,85.87,85.87,85.87,0.0,0,,,
2026-04-23 08:45:00+00:00,85.87,85.87,85.87,85.87,85.87,0.0,0,,,
2026-04-23 09:00:00+00:00,85.6,85.6,85.35,85.35,85.35,1.908,8,,,
2026-04-23 09:15:00+00:00,85.35,85.35,85.35,85.35,85.35,0.0,0,,,
2026-04-23 09:30:00+00:00,85.35,85.35,85.35,85.35,85.35,0.0,0,,,
2026-04-23 09:45:00+00:00,85.64,85.64,85.51,85.51,85.51,0.644,3,,,
2026-04-23 10:00:00+00:00,85.49,85.59,85.35,85.35,85.35,35.4,13,,,
2026-04-23 10:15:00+00:00,85.35,85.35,85.35,85.35,85.35,0.0,0,,,
2026-04-23 10:30:00+00:00,85.46,85.47,85.46,85.47,85.47,0.85,3,,,
2026-04-23 10:45:00+00:00,85.42,85.42,85.4,85.4,85.4,0.956,3,,,
2026-04-23 11:00:00+00:00,85.4,85.4,85.4,85.4,85.4,0.0,0,,,
2026-04-23 11:15:00+00:00,85.4,85.4,85.4,85.4,85.4,0.0,0,,,
2026-04-23 11:30:00+00:00,85.66,85.75,85.66,85.75,85.75,0.166,3,,,
2026-04-23 11:45:00+00:00,85.82,85.82,85.82,85.82,85.82,0.414,1,,,
2026-04-23 12:00:00+00:00,85.93,85.96,85.93,85.96,85.96,5.08,4,,,
2026-04-23 12:15:00+00:00,85.97,85.97,85.97,85.97,85.97,10.0,2,,,
2026-04-23 12:30:00+00:00,85.97,85.97,85.97,85.97,85.97,0.0,0,,,
2026-04-23 12:45:00+00:00,85.82,85.96,85.82,85.96,85.96,6.076,7,,,
2026-04-23 13:00:00+00:00,85.96,85.96,85.96,85.96,85.96,0.0,0,,,
2026-04-23 13:15:00+00:00,85.96,85.96,85.96,85.96,85.96,0.0,0,,,
2026-04-23 13:30:00+00:00,85.82,85.9,85.82,85.87,85.87,12.346,3,,,
2026-04-23 13:45:00+00:00,85.87,85.87,85.87,85.87,85.87,0.0,0,,,
2026-04-23 14:00:00+00:00,85.87,85.87,85.87,85.87,85.87,0.0,0,,,
2026-04-23 14:15:00+00:00,85.85,86.02,85.85,86.02,86.02,29.773,2,,,
2026-04-23 14:30:00+00:00,86.02,86.02,86.02,86.02,86.02,0.0,0,,,
2026-04-23 14:45:00+00:00,86.17,86.17,86.17,86.17,86.17,0.111,1,,,
2026-04-23 15:00:00+00:00,85.91,85.91,85.91,85.91,85.91,0.071,1,,,
2026-04-23 15:15:00+00:00,85.93,86.29,85.91,86.29,86.29,2.051,7,,,
2026-04-23 15:30:00+00:00,86.24,86.28,86.24,86.28,86.28,35.724,3,,,
2026-04-23 15:45:00+00:00,86.55,86.64,86.29,86.29,86.29,8.313,7,,,
2026-04-23 16:00:00+00:00,86.24,86.24,86.24,86.24,86.24,0.301,1,,,
2026-04-23 16:15:00+00:00,86.2,86.21,86.2,86.21,86.21,0.794,3,,,
2026-04-23 16:30:00+00:00,86.21,86.21,86.21,86.21,86.21,0.0,0,,,
2026-04-23 16:45:00+00:00,86.03,86.03,86.03,86.03,86.03,0.071,1,,,
2026-04-23 17:00:00+00:00,85.93,85.94,85.4,85.52,85.52,31.703,10,,,
2026-04-23 17:15:00+00:00,85.26,85.26,84.92,85.1,85.1,507.557,26,,,
2026-04-23 17:30:00+00:00,84.96,84.96,84.64,84.82,84.82,4.834,11,,,
2026-04-23 17:45:00+00:00,84.71,85.33,84.71,85.33,85.33,1.002,9,,,
2026-04-23 18:00:00+00:00,85.47,85.58,85.47,85.49,85.49,5.157,6,,,
2026-04-23 18:15:00+00:00,85.38,85.38,85.33,85.33,85.33,1.36,2,,,
2026-04-23 18:30:00+00:00,85.63,85.63,85.63,85.63,85.63,2.456,1,,,
2026-04-23 18:45:00+00:00,85.5,85.5,85.37,85.37,85.37,1.17,3,,,
2026-04-23 19:00:00+00:00,85.21,85.25,85.21,85.25,85.25,33.492,4,,,
2026-04-23 19:15:00+00:00,85.49,85.49,85.49,85.49,85.49,0.024,1,,,
2026-04-23 19:30:00+00:00,85.49,85.49,85.49,85.49,85.49,0.0,0,,,
2026-04-23 19:45:00+00:00,85.26,85.26,85.26,85.26,85.26,8.434,1,,,
2026-04-23 20:00:00+00:00,85.63,85.65,85.63,85.63,85.63,16.021,5,,,
2026-04-23 20:15:00+00:00,85.63,85.63,85.63,85.63,85.63,0.0,0,,,
2026-04-23 20:30:00+00:00,85.67,85.75,85.67,85.75,85.75,1.203,3,,,
2026-04-23 20:45:00+00:00,85.75,85.75,85.75,85.75,85.75,0.0,0,,,
2026-04-23 21:00:00+00:00,85.75,85.75,85.75,85.75,85.75,0.0,0,,,
2026-04-23 21:15:00+00:00,85.75,85.75,85.75,85.75,85.75,0.0,0,,,
2026-04-23 21:30:00+00:00,85.94,85.97,85.94,85.97,85.97,0.524,2,,,
2026-04-23 21:45:00+00:00,85.97,85.97,85.97,85.97,85.97,0.0,0,,,
2026-04-23 22:00:00+00:00,85.9,86.04,85.82,86.04,86.04,140.247,53,,,
2026-04-23 22:15:00+00:00,86.13,86.13,86.13,86.13,86.13,0.2,1,,,
2026-04-23 22:30:00+00:00,86.15,86.15,86.14,86.14,86.14,5.355,2,,,
2026-04-23 22:45:00+00:00,86.13,86.13,86.01,86.01,86.01,2.377,2,,,
2026-04-23 23:00:00+00:00,86.01,86.01,86.01,86.01,86.01,0.0,0,,,
2026-04-23 23:15:00+00:00,85.75,85.75,85.75,85.75,85.75,29.355,3,,,
2026-04-23 23:30:00+00:00,85.75,85.75,85.75,85.75,85.75,0.0,0,,,
2026-04-23 23:45:00+00:00,86.13,86.18,86.13,86.16,86.16,1.506,7,,,
2026-04-24 00:00:00+00:00,86.16,86.16,86.16,86.16,86.16,0.0,0,,,
2026-04-24 00:15:00+00:00,86.07,86.35,86.07,86.35,86.35,1.526,4,,,
2026-04-24 00:30:00+00:00,86.35,86.35,86.35,86.35,86.35,0.0,0,,,
2026-04-24 00:45:00+00:00,86.35,86.35,86.35,86.35,86.35,0.0,0,,,
2026-04-24 01:00:00+00:00,86.35,86.35,86.35,86.35,86.35,0.0,0,,,
2026-04-24 01:15:00+00:00,85.92,86.0,85.91,86.0,86.0,6.748,4,,,
2026-04-24 01:30:00+00:00,86.0,86.0,86.0,86.0,86.0,0.0,0,,,
2026-04-24 01:45:00+00:00,86.0,86.0,86.0,86.0,86.0,0.0,0,,,
2026-04-24 02:00:00+00:00,86.0,86.0,86.0,86.0,86.0,0.0,0,,,
2026-04-24 02:15:00+00:00,86.0,86.0,86.0,86.0,86.0,0.0,0,,,
2026-04-24 02:30:00+00:00,86.0,86.0,86.0,86.0,86.0,0.0,0,,,
2026-04-24 02:45:00+00:00,86.13,86.13,85.85,85.86,85.86,12.067,4,,,
2026-04-24 03:00:00+00:00,85.94,85.94,85.94,85.94,85.94,0.289,1,,,
2026-04-24 03:15:00+00:00,85.75,85.75,85.75,85.75,85.75,0.2,1,,,
2026-04-24 03:30:00+00:00,85.49,85.49,85.49,85.49,85.49,1.826,2,,,
2026-04-24 03:45:00+00:00,85.64,85.66,85.64,85.66,85.66,0.363,2,,,
2026-04-24 04:00:00+00:00,85.71,85.71,85.63,85.63,85.63,0.361,4,,,
2026-04-24 04:15:00+00:00,85.63,85.63,85.63,85.63,85.63,0.0,0,,,
2026-04-24 04:30:00+00:00,85.51,85.51,85.25,85.25,85.25,8.426,6,,,
2026-04-24 04:45:00+00:00,85.37,85.49,85.36,85.36,85.36,5.241,10,,,
2026-04-24 05:00:00+00:00,85.25,85.42,85.25,85.37,85.37,7.429,9,,,
2026-04-24 05:15:00+00:00,85.39,85.39,85.34,85.34,85.34,0.332,5,,,
2026-04-24 05:30:00+00:00,85.37,85.44,85.37,85.4,85.4,30.513,4,,,
2026-04-24 05:45:00+00:00,85.55,85.75,85.55,85.75,85.75,14.777,6,,,
2026-04-24 06:00:00+00:00,85.66,85.67,85.66,85.67,85.67,0.859,3,,,
2026-04-24 06:15:00+00:00,85.6,85.6,85.6,85.6,85.6,3.146,1,,,
2026-04-24 06:30:00+00:00,85.49,85.49,85.38,85.38,85.38,2.906,3,,,
2026-04-24 06:45:00+00:00,85.38,85.38,85.38,85.38,85.38,0.0,0,,,
2026-04-24 07:00:00+00:00,85.38,85.38,85.38,85.38,85.38,0.0,0,,,
2026-04-24 07:15:00+00:00,85.38,85.38,85.38,85.38,85.38,0.0,0,,,
2026-04-24 07:30:00+00:00,85.41,85.43,85.41,85.43,85.43,3.026,2,,,
2026-04-24 07:45:00+00:00,85.43,85.43,85.43,85.43,85.43,0.0,0,,,
2026-04-24 08:00:00+00:00,85.4,85.4,85.4,85.4,85.4,1.203,1,,,
2026-04-24 08:15:00+00:00,85.43,85.71,85.43,85.6,85.6,8.082,8,,,
2026-04-24 08:30:00+00:00,85.6,85.6,85.6,85.6,85.6,0.0,0,,,
2026-04-24 08:45:00+00:00,85.54,85.54,85.4,85.4,85.4,12.506,4,,,
2026-04-24 09:00:00+00:00,85.27,85.27,85.0,85.16,85.16,3.326,5,,,
2026-04-24 09:15:00+00:00,85.17,85.17,85.14,85.14,85.14,2.825,3,,,
2026-04-24 09:30:00+00:00,85.19,85.31,85.19,85.31,85.31,5.22,5,,,
2026-04-24 09:45:00+00:00,85.32,85.32,85.29,85.32,85.32,3.265,4,,,
2026-04-24 10:00:00+00:00,85.29,85.32,85.29,85.32,85.32,3.198,3,,,
2026-04-24 10:15:00+00:00,85.5,85.5,85.5,85.5,85.5,0.33,1,,,
2026-04-24 10:30:00+00:00,85.5,85.5,85.5,85.5,85.5,0.0,0,,,
2026-04-24 10:45:00+00:00,85.6,85.73,85.6,85.73,85.73,1.617,2,,,
2026-04-24 11:00:00+00:00,85.75,86.07,85.75,86.07,86.07,28.015,18,,,
2026-04-24 11:15:00+00:00,86.04,86.22,86.04,86.22,86.22,11.142,8,,,
2026-04-24 11:30:00+00:00,86.25,86.26,86.23,86.23,86.23,2.922,5,,,
2026-04-24 11:45:00+00:00,86.23,86.23,86.23,86.23,86.23,0.0,0,,,
2026-04-24 12:00:00+00:00,86.26,86.66,86.26,86.66,86.66,37.0,22,,,
2026-04-24 12:15:00+00:00,86.63,86.63,86.5,86.5,86.5,2.031,3,,,
2026-04-24 12:30:00+00:00,86.4,86.4,86.4,86.4,86.4,1.812,1,,,
2026-04-24 12:45:00+00:00,86.37,86.37,86.25,86.28,86.28,6.603,4,,,
2026-04-24 13:00:00+00:00,86.49,86.54,86.44,86.54,86.54,13.472,10,,,
2026-04-24 13:15:00+00:00,86.49,86.49,86.49,86.49,86.49,0.252,1,,,
2026-04-24 13:30:00+00:00,86.25,86.3,86.22,86.22,86.22,12.389,3,,,
2026-04-24 13:45:00+00:00,86.0,86.0,85.96,85.99,85.99,6.197,4,,,
2026-04-24 14:00:00+00:00,85.96,86.06,85.96,85.98,85.98,5.802,5,,,
2026-04-24 14:15:00+00:00,86.01,86.01,85.73,85.8,85.8,15.472,10,,,
2026-04-24 14:30:00+00:00,85.93,86.19,85.93,86.19,86.19,5.764,5,,,
2026-04-24 14:45:00+00:00,86.1,86.1,85.93,85.96,85.96,7.285,5,,,
2026-04-24 15:00:00+00:00,85.99,85.99,85.67,85.67,85.67,4.526,4,,,
2026-04-24 15:15:00+00:00,85.81,86.09,85.81,86.09,86.09,13.502,6,,,
2026-04-24 15:30:00+00:00,86.25,86.35,86.25,86.35,86.35,2.389,2,,,
2026-04-24 15:45:00+00:00,86.5,86.5,86.5,86.5,86.5,0.33,1,,,
2026-04-24 16:00:00+00:00,86.5,86.5,86.37,86.4,86.4,3.783,7,,,
2026-04-24 16:15:00+00:00,86.25,86.25,86.24,86.24,86.24,1.205,2,,,
2026-04-24 16:30:00+00:00,86.21,86.24,86.21,86.24,86.24,4.056,2,,,
2026-04-24 16:45:00+00:00,86.24,86.24,86.24,86.24,86.24,0.0,0,,,
2026-04-24 17:00:00+00:00,86.43,86.5,86.41,86.5,86.5,0.674,3,,,
2026-04-24 17:15:00+00:00,86.5,86.5,86.5,86.5,86.5,0.0,0,,,
2026-04-24 17:30:00+00:00,86.25,86.25,86.22,86.25,86.25,4.292,4,,,
2026-04-24 17:45:00+00:00,86.37,86.5,86.37,86.5,86.5,1.595,3,,,
2026-04-24 18:00:00+00:00,86.51,86.51,86.37,86.37,86.37,2.074,4,,,
2026-04-24 18:15:00+00:00,86.25,86.25,86.16,86.16,86.16,0.406,2,,,
2026-04-24 18:30:00+00:00,86.31,86.37,86.31,86.37,86.37,2.02,2,,,
2026-04-24 18:45:00+00:00,86.37,86.37,86.37,86.37,86.37,0.0,0,,,
2026-04-24 19:00:00+00:00,86.5,86.5,86.33,86.33,86.33,0.847,3,,,
2026-04-24 19:15:00+00:00,86.4,86.4,86.3,86.3,86.3,0.465,4,,,
2026-04-24 19:30:00+00:00,86.3,86.3,86.3,86.3,86.3,0.0,0,,,
2026-04-24 19:45:00+00:00,86.3,86.3,86.3,86.3,86.3,0.0,0,,,
2026-04-24 20:00:00+00:00,86.42,86.57,86.42,86.48,86.48,0.566,5,,,
2026-04-24 20:15:00+00:00,86.51,86.51,86.31,86.31,86.31,5.284,7,,,
2026-04-24 20:30:00+00:00,86.53,86.93,86.53,86.8,86.8,21.221,31,,,
2026-04-24 20:45:00+00:00,86.8,86.8,86.8,86.8,86.8,0.0,0,,,
2026-04-24 21:00:00+00:00,86.93,86.93,86.65,86.65,86.65,7.287,4,,,
2026-04-24 21:15:00+00:00,86.63,86.63,86.6,86.6,86.6,2.983,6,,,
2026-04-24 21:30:00+00:00,86.6,86.6,86.51,86.51,86.51,0.842,3,,,
2026-04-24 21:45:00+00:00,86.51,86.51,86.51,86.51,86.51,0.0,0,,,
2026-04-24 22:00:00+00:00,86.51,86.51,86.51,86.51,86.51,0.0,0,,,
2026-04-24 22:15:00+00:00,86.51,86.51,86.51,86.51,86.51,0.0,0,,,
2026-04-24 22:30:00+00:00,86.4,86.41,86.24,86.24,86.24,24.373,7,,,
2026-04-24 22:45:00+00:00,86.27,86.27,86.23,86.23,86.23,0.599,3,,,
2026-04-24 23:00:00+00:00,86.22,86.29,86.22,86.29,86.29,1.849,4,,,
2026-04-24 23:15:00+00:00,86.24,86.24,86.24,86.24,86.24,2.55,2,,,
2026-04-24 23:30:00+00:00,86.24,86.24,86.24,86.24,86.24,0.0,0,,,
2026-04-24 23:45:00+00:00,86.25,86.25,86.25,86.25,86.25,0.173,1,,,
2026-04-25 00:00:00+00:00,86.23,86.23,86.17,86.17,86.17,0.379,3,,,
2026-04-25 00:15:00+00:00,86.17,86.17,86.17,86.17,86.17,0.0,0,,,
2026-04-25 00:30:00+00:00,86.17,86.17,86.17,86.17,86.17,0.0,0,,,
2026-04-25 00:45:00+00:00,86.17,86.17,86.17,86.17,86.17,0.0,0,,,
2026-04-25 01:00:00+00:00,86.32,86.32,86.24,86.24,86.24,0.46,2,,,
2026-04-25 01:15:00+00:00,86.24,86.24,86.24,86.24,86.24,0.0,0,,,
2026-04-25 01:30:00+00:00,86.24,86.24,86.24,86.24,86.24,0.0,0,,,
2026-04-25 01:45:00+00:00,86.35,86.35,86.35,86.35,86.35,0.33,1,,,
2026-04-25 02:00:00+00:00,86.34,86.34,86.34,86.34,86.34,0.5,1,,,
2026-04-25 02:15:00+00:00,86.34,86.34,86.34,86.34,86.34,0.0,0,,,
2026-04-25 02:30:00+00:00,86.34,86.34,86.34,86.34,86.34,0.0,0,,,
2026-04-25 02:45:00+00:00,86.31,86.31,86.3,86.3,86.3,2.699,2,,,
2026-04-25 03:00:00+00:00,86.34,86.37,86.33,86.33,86.33,3.253,3,,,
2026-04-25 03:15:00+00:00,86.35,86.41,86.35,86.41,86.41,0.375,2,,,
2026-04-25 03:30:00+00:00,86.41,86.41,86.41,86.41,86.41,0.0,0,,,
2026-04-25 03:45:00+00:00,86.41,86.41,86.41,86.41,86.41,0.0,0,,,
2026-04-25 04:00:00+00:00,86.49,86.49,86.45,86.45,86.45,3.062,4,,,
2026-04-25 04:15:00+00:00,86.44,86.44,86.37,86.37,86.37,2.007,3,,,
2026-04-25 04:30:00+00:00,86.37,86.37,86.37,86.37,86.37,0.0,0,,,
2026-04-25 04:45:00+00:00,86.37,86.37,86.37,86.37,86.37,0.0,0,,,
2026-04-25 05:00:00+00:00,86.25,86.25,86.21,86.21,86.21,0.321,3,,,
2026-04-25 05:15:00+00:00,86.2,86.2,86.2,86.2,86.2,0.865,2,,,
2026-04-25 05:30:00+00:00,86.19,86.19,86.19,86.19,86.19,1.921,2,,,
2026-04-25 05:45:00+00:00,86.19,86.19,86.19,86.19,86.19,0.0,0,,,
2026-04-25 06:00:00+00:00,86.19,86.19,86.19,86.19,86.19,0.0,0,,,
2026-04-25 06:15:00+00:00,86.19,86.19,86.19,86.19,86.19,0.0,0,,,
2026-04-25 06:30:00+00:00,86.19,86.19,86.19,86.19,86.19,0.0,0,,,
2026-04-25 06:45:00+00:00,86.55,86.62,86.49,86.49,86.49,4.864,7,,,
2026-04-25 07:00:00+00:00,86.36,86.36,86.35,86.35,86.35,4.064,3,,,
2026-04-25 07:15:00+00:00,86.35,86.35,86.35,86.35,86.35,0.0,0,,,
2026-04-25 07:30:00+00:00,86.37,86.42,86.37,86.42,86.42,6.284,2,,,
2026-04-25 07:45:00+00:00,86.42,86.43,86.38,86.43,86.43,4.047,3,,,
2026-04-25 08:00:00+00:00,86.43,86.43,86.43,86.43,86.43,0.0,0,,,
2026-04-25 08:15:00+00:00,86.43,86.43,86.43,86.43,86.43,0.0,0,,,
2026-04-25 08:30:00+00:00,86.6,86.74,86.6,86.71,86.71,6.14,9,,,
2026-04-25 08:45:00+00:00,86.71,86.71,86.71,86.71,86.71,0.0,0,,,
2026-04-25 09:00:00+00:00,86.67,86.67,86.67,86.67,86.67,0.228,2,,,
2026-04-25 09:15:00+00:00,86.67,86.67,86.67,86.67,86.67,0.0,0,,,
2026-04-25 09:30:00+00:00,86.67,86.67,86.67,86.67,86.67,0.0,0,,,
2026-04-25 09:45:00+00:00,86.74,86.74,86.74,86.74,86.74,0.113,1,,,
2026-04-25 10:00:00+00:00,86.74,86.74,86.74,86.74,86.74,0.0,0,,,
2026-04-25 10:15:00+00:00,86.74,86.74,86.74,86.74,86.74,0.0,0,,,
2026-04-25 10:30:00+00:00,86.74,86.74,86.74,86.74,86.74,0.0,0,,,
2026-04-25 10:45:00+00:00,86.74,86.74,86.74,86.74,86.74,0.0,0,,,
2026-04-25 11:00:00+00:00,86.56,86.56,86.48,86.48,86.48,2.115,2,,,
2026-04-25 11:15:00+00:00,86.48,86.48,86.48,86.48,86.48,0.0,0,,,
2026-04-25 11:30:00+00:00,86.48,86.48,86.48,86.48,86.48,0.0,0,,,
2026-04-25 11:45:00+00:00,86.34,86.34,86.34,86.34,86.34,0.3,1,,,
2026-04-25 12:00:00+00:00,86.34,86.4,86.34,86.4,86.4,2.021,4,,,
2026-04-25 12:15:00+00:00,86.4,86.4,86.4,86.4,86.4,0.0,0,,,
2026-04-25 12:30:00+00:00,86.45,86.45,86.42,86.42,86.42,0.862,2,,,
2026-04-25 12:45:00+00:00,86.42,86.42,86.42,86.42,86.42,0.0,0,,,
2026-04-25 13:00:00+00:00,86.46,86.52,86.46,86.52,86.52,2.973,6,,,
2026-04-25 13:15:00+00:00,86.55,86.56,86.55,86.56,86.56,2.071,3,,,
2026-04-25 13:30:00+00:00,86.56,86.56,86.56,86.56,86.56,0.0,0,,,
2026-04-25 13:45:00+00:00,86.56,86.56,86.56,86.56,86.56,0.0,0,,,
2026-04-25 14:00:00+00:00,86.65,86.65,86.58,86.63,86.63,0.29,3,,,
2026-04-25 14:15:00+00:00,86.61,86.61,86.61,86.61,86.61,0.034,1,,,
2026-04-25 14:30:00+00:00,86.61,86.61,86.61,86.61,86.61,0.0,0,,,
2026-04-25 14:45:00+00:00,86.61,86.61,86.61,86.61,86.61,0.0,0,,,
2026-04-25 15:00:00+00:00,86.61,86.61,86.61,86.61,86.61,0.0,0,,,
2026-04-25 15:15:00+00:00,86.61,86.61,86.61,86.61,86.61,0.0,0,,,
2026-04-25 15:30:00+00:00,86.61,86.61,86.61,86.61,86.61,0.0,0,,,
2026-04-25 15:45:00+00:00,86.4,86.4,86.34,86.34,86.34,0.5,2,,,
2026-04-25 16:00:00+00:00,86.29,86.29,86.24,86.28,86.28,0.981,3,,,
2026-04-25 16:15:00+00:00,86.12,86.12,86.11,86.11,86.11,29.91,2,,,
2026-04-25 16:30:00+00:00,86.0,86.0,85.88,85.88,85.88,5.502,6,,,
2026-04-25 16:45:00+00:00,85.88,85.88,85.88,85.88,85.88,0.0,0,,,
2026-04-25 17:00:00+00:00,85.85,85.85,85.8,85.8,85.8,3.012,6,,,
2026-04-25 17:15:00+00:00,85.8,85.8,85.8,85.8,85.8,0.0,0,,,
2026-04-25 17:30:00+00:00,85.71,85.71,85.67,85.7,85.7,7.027,6,,,
2026-04-25 17:45:00+00:00,85.67,85.67,85.67,85.67,85.67,0.839,1,,,
2026-04-25 18:00:00+00:00,85.7,85.79,85.7,85.76,85.76,1.761,3,,,
2026-04-25 18:15:00+00:00,85.72,85.72,85.55,85.61,85.61,2.091,5,,,
2026-04-25 18:30:00+00:00,85.61,85.61,85.61,85.61,85.61,0.0,0,,,
2026-04-25 18:45:00+00:00,85.61,85.61,85.61,85.61,85.61,0.0,0,,,
2026-04-25 19:00:00+00:00,85.68,85.69,85.67,85.69,85.69,4.256,4,,,
2026-04-25 19:15:00+00:00,85.69,85.69,85.69,85.69,85.69,0.0,0,,,
2026-04-25 19:30:00+00:00,85.69,85.69,85.69,85.69,85.69,0.0,0,,,
2026-04-25 19:45:00+00:00,85.72,85.72,85.7,85.7,85.7,11.7,2,,,
2026-04-25 20:00:00+00:00,85.71,85.77,85.68,85.77,85.77,0.394,4,,,
2026-04-25 20:15:00+00:00,85.77,85.77,85.77,85.77,85.77,0.0,0,,,
2026-04-25 20:30:00+00:00,85.81,85.81,85.81,85.81,85.81,0.065,1,,,
2026-04-25 20:45:00+00:00,85.9,85.9,85.9,85.9,85.9,0.3,1,,,
2026-04-25 21:00:00+00:00,85.98,85.98,85.98,85.98,85.98,1.15,1,,,
2026-04-25 21:15:00+00:00,85.98,85.98,85.98,85.98,85.98,0.0,0,,,
2026-04-25 21:30:00+00:00,85.91,85.91,85.81,85.81,85.81,3.509,4,,,
2026-04-25 21:45:00+00:00,85.81,85.81,85.81,85.81,85.81,0.0,0,,,
2026-04-25 22:00:00+00:00,85.81,85.81,85.81,85.81,85.81,0.0,0,,,
2026-04-25 22:15:00+00:00,85.81,85.81,85.81,85.81,85.81,0.0,0,,,
2026-04-25 22:30:00+00:00,86.12,86.14,86.12,86.14,86.14,2.115,2,,,
2026-04-25 22:45:00+00:00,86.14,86.14,86.14,86.14,86.14,0.0,0,,,
2026-04-25 23:00:00+00:00,86.12,86.17,86.12,86.14,86.14,1.533,6,,,
2026-04-25 23:15:00+00:00,86.12,86.12,86.09,86.09,86.09,9.499,3,,,
2026-04-25 23:30:00+00:00,86.09,86.09,86.09,86.09,86.09,0.0,0,,,
2026-04-25 23:45:00+00:00,86.15,86.15,86.15,86.15,86.15,1.753,2,,,
2026-04-26 00:00:00+00:00,86.19,86.23,86.14,86.14,86.14,2.428,6,,,
2026-04-26 00:15:00+00:00,86.13,86.13,86.13,86.13,86.13,0.119,1,,,
2026-04-26 00:30:00+00:00,86.09,86.09,86.06,86.06,86.06,10.143,2,,,
2026-04-26 00:45:00+00:00,86.06,86.06,86.06,86.06,86.06,0.0,0,,,
2026-04-26 01:00:00+00:00,86.06,86.06,86.06,86.06,86.06,0.0,0,,,
2026-04-26 01:15:00+00:00,86.06,86.06,86.06,86.06,86.06,0.0,0,,,
2026-04-26 01:30:00+00:00,86.03,86.03,86.03,86.03,86.03,1.403,1,,,
2026-04-26 01:45:00+00:00,86.07,86.07,86.07,86.07,86.07,1.403,1,,,
2026-04-26 02:00:00+00:00,86.07,86.07,86.07,86.07,86.07,0.0,0,,,
2026-04-26 02:15:00+00:00,86.07,86.07,86.07,86.07,86.07,0.0,0,,,
2026-04-26 02:30:00+00:00,86.07,86.07,86.07,86.07,86.07,0.0,0,,,
2026-04-26 02:45:00+00:00,86.24,86.35,86.24,86.35,86.35,2.008,3,,,
2026-04-26 03:00:00+00:00,86.4,86.4,86.21,86.33,86.33,8.3,8,,,
2026-04-26 03:15:00+00:00,86.12,86.12,86.12,86.12,86.12,0.3,1,,,
2026-04-26 03:30:00+00:00,85.92,86.14,85.9,85.9,85.9,13.357,7,,,
2026-04-26 03:45:00+00:00,85.9,85.9,85.9,85.9,85.9,0.0,0,,,
2026-04-26 04:00:00+00:00,85.97,86.12,85.97,86.12,86.12,0.614,4,,,
2026-04-26 04:15:00+00:00,86.12,86.12,86.12,86.12,86.12,0.0,0,,,
2026-04-26 04:30:00+00:00,86.14,86.34,86.14,86.34,86.34,4.436,4,,,
2026-04-26 04:45:00+00:00,86.56,86.64,86.45,86.45,86.45,5.164,5,,,
2026-04-26 05:00:00+00:00,86.36,86.61,86.24,86.61,86.61,10.127,13,,,
2026-04-26 05:15:00+00:00,86.65,86.65,86.61,86.65,86.65,94.115,10,,,
2026-04-26 05:30:00+00:00,86.65,86.65,86.65,86.65,86.65,0.0,0,,,
2026-04-26 05:45:00+00:00,86.65,86.65,86.65,86.65,86.65,0.0,0,,,
2026-04-26 06:00:00+00:00,86.65,86.65,86.65,86.65,86.65,0.0,0,,,
2026-04-26 06:15:00+00:00,86.65,86.65,86.65,86.65,86.65,0.0,0,,,
2026-04-26 06:30:00+00:00,86.65,86.65,86.65,86.65,86.65,0.0,0,,,
2026-04-26 06:45:00+00:00,86.65,86.65,86.65,86.65,86.65,0.0,0,,,
2026-04-26 07:00:00+00:00,86.54,86.54,86.54,86.54,86.54,1.143,1,,,
2026-04-26 07:15:00+00:00,86.54,86.54,86.54,86.54,86.54,0.0,0,,,
2026-04-26 07:30:00+00:00,86.5,86.5,86.5,86.5,86.5,2.0,1,,,
2026-04-26 07:45:00+00:00,86.5,86.5,86.5,86.5,86.5,0.0,0,,,
2026-04-26 08:00:00+00:00,86.67,86.67,86.67,86.67,86.67,0.043,1,,,
2026-04-26 08:15:00+00:00,86.67,86.67,86.67,86.67,86.67,0.0,0,,,
2026-04-26 08:30:00+00:00,86.67,86.67,86.67,86.67,86.67,0.0,0,,,
2026-04-26 08:45:00+00:00,86.67,86.67,86.67,86.67,86.67,0.0,0,,,
2026-04-26 09:00:00+00:00,86.53,86.56,86.53,86.56,86.56,0.23,2,,,
2026-04-26 09:15:00+00:00,86.56,86.56,86.56,86.56,86.56,0.0,0,,,
2026-04-26 09:30:00+00:00,86.56,86.56,86.56,86.56,86.56,0.0,0,,,
2026-04-26 09:45:00+00:00,86.56,86.56,86.56,86.56,86.56,0.0,0,,,
2026-04-26 10:00:00+00:00,86.62,86.62,86.62,86.62,86.62,0.072,1,,,
2026-04-26 10:15:00+00:00,86.62,86.62,86.62,86.62,86.62,0.0,0,,,
2026-04-26 10:30:00+00:00,86.57,86.57,86.57,86.57,86.57,1.568,1,,,
2026-04-26 10:45:00+00:00,86.57,86.57,86.57,86.57,86.57,0.0,0,,,
2026-04-26 11:00:00+00:00,86.57,86.57,86.57,86.57,86.57,0.0,0,,,
2026-04-26 11:15:00+00:00,86.57,86.57,86.57,86.57,86.57,0.0,0,,,
2026-04-26 11:30:00+00:00,86.57,86.57,86.57,86.57,86.57,0.0,0,,,
2026-04-26 11:45:00+00:00,86.55,86.55,86.55,86.55,86.55,0.08,1,,,
2026-04-26 12:00:00+00:00,86.34,86.34,86.31,86.31,86.31,4.035,3,,,
2026-04-26 12:15:00+00:00,86.31,86.31,86.31,86.31,86.31,0.0,0,,,
2026-04-26 12:30:00+00:00,86.31,86.31,86.31,86.31,86.31,0.0,0,,,
2026-04-26 12:45:00+00:00,86.12,86.16,85.99,86.11,86.11,7.953,14,,,
2026-04-26 13:00:00+00:00,86.12,86.17,86.08,86.15,86.15,1.637,6,,,
2026-04-26 13:15:00+00:00,86.1,86.1,86.1,86.1,86.1,0.3,1,,,
2026-04-26 13:30:00+00:00,86.24,86.24,86.22,86.22,86.22,3.158,2,,,
2026-04-26 13:45:00+00:00,86.08,86.19,86.08,86.16,86.16,5.633,7,,,
2026-04-26 14:00:00+00:00,86.11,86.17,86.11,86.14,86.14,0.926,3,,,
2026-04-26 14:15:00+00:00,86.17,86.46,86.17,86.46,86.46,12.836,6,,,
2026-04-26 14:30:00+00:00,86.46,86.46,86.46,86.46,86.46,0.0,0,,,
2026-04-26 14:45:00+00:00,86.46,86.46,86.46,86.46,86.46,0.0,0,,,
2026-04-26 15:00:00+00:00,86.45,86.47,86.44,86.47,86.47,2.437,3,,,
2026-04-26 15:15:00+00:00,86.54,86.54,86.54,86.54,86.54,3.733,2,,,
2026-04-26 15:30:00+00:00,86.54,86.54,86.54,86.54,86.54,0.0,0,,,
2026-04-26 15:45:00+00:00,86.54,86.54,86.54,86.54,86.54,0.0,0,,,
2026-04-26 16:00:00+00:00,86.57,86.57,86.55,86.55,86.55,0.689,3,,,
2026-04-26 16:15:00+00:00,86.55,86.55,86.55,86.55,86.55,0.0,0,,,
2026-04-26 16:30:00+00:00,86.55,86.55,86.55,86.55,86.55,0.0,0,,,
2026-04-26 16:45:00+00:00,86.55,86.55,86.55,86.55,86.55,0.0,0,,,
2026-04-26 17:00:00+00:00,86.41,86.47,86.41,86.47,86.47,0.378,3,,,
2026-04-26 17:15:00+00:00,86.57,86.57,86.57,86.57,86.57,0.577,1,,,
2026-04-26 17:30:00+00:00,86.57,86.57,86.57,86.57,86.57,0.0,0,,,
2026-04-26 17:45:00+00:00,86.57,86.57,86.57,86.57,86.57,0.0,0,,,
2026-04-26 18:00:00+00:00,86.55,86.68,86.51,86.68,86.68,0.975,4,,,
2026-04-26 18:15:00+00:00,86.76,87.0,86.76,87.0,87.0,5.344,10,,,
2026-04-26 18:30:00+00:00,87.0,87.0,87.0,87.0,87.0,0.0,0,,,
2026-04-26 18:45:00+00:00,87.0,87.0,87.0,87.0,87.0,0.0,0,,,
2026-04-26 19:00:00+00:00,86.86,86.95,86.86,86.95,86.95,0.571,3,,,
2026-04-26 19:15:00+00:00,87.0,87.22,86.74,86.74,86.74,34.818,17,,,
2026-04-26 19:30:00+00:00,86.74,86.74,86.74,86.74,86.74,0.0,0,,,
2026-04-26 19:45:00+00:00,86.74,86.74,86.74,86.74,86.74,0.0,0,,,
2026-04-26 20:00:00+00:00,86.94,86.94,86.8,86.8,86.8,0.387,4,,,
2026-04-26 20:15:00+00:00,86.8,86.8,86.8,86.8,86.8,0.0,0,,,
2026-04-26 20:30:00+00:00,86.68,86.85,86.68,86.85,86.85,15.528,4,,,
2026-04-26 20:45:00+00:00,86.85,86.85,86.85,86.85,86.85,0.0,0,,,
2026-04-26 21:00:00+00:00,86.91,86.91,86.91,86.91,86.91,0.228,1,,,
2026-04-26 21:15:00+00:00,87.04,87.14,87.04,87.14,87.14,13.088,2,,,
2026-04-26 21:30:00+00:00,86.65,86.65,86.52,86.52,86.52,11.66,4,,,
2026-04-26 21:45:00+00:00,86.38,86.92,86.28,86.84,86.84,37.218,10,,,
2026-04-26 22:00:00+00:00,86.91,87.02,86.86,87.01,87.01,29.96,5,,,
2026-04-26 22:15:00+00:00,87.09,87.29,87.09,87.1,87.1,11.81,10,,,
2026-04-26 22:30:00+00:00,86.88,86.88,86.5,86.5,86.5,2.559,5,,,
2026-04-26 22:45:00+00:00,86.77,86.8,86.77,86.8,86.8,4.43,4,,,
2026-04-26 23:00:00+00:00,86.72,86.74,86.72,86.72,86.72,4.042,3,,,
2026-04-26 23:15:00+00:00,86.79,86.79,86.79,86.79,86.79,5.0,1,,,
2026-04-26 23:30:00+00:00,86.79,86.79,86.79,86.79,86.79,0.0,0,,,
2026-04-26 23:45:00+00:00,87.03,87.07,87.03,87.07,87.07,1.376,2,,,
2026-04-27 00:00:00+00:00,87.12,87.21,86.99,86.99,86.99,2.1,6,,,
2026-04-27 00:15:00+00:00,86.72,86.72,86.72,86.72,86.72,15.859,1,,,
2026-04-27 00:30:00+00:00,86.67,86.67,86.67,86.67,86.67,0.138,1,,,
2026-04-27 00:45:00+00:00,87.05,87.27,86.85,87.27,87.27,74.711,16,,,
2026-04-27 01:00:00+00:00,87.5,87.83,87.5,87.57,87.57,24.031,16,,,
2026-04-27 01:15:00+00:00,87.59,87.59,87.46,87.46,87.46,13.292,5,,,
2026-04-27 01:30:00+00:00,87.46,87.46,87.46,87.46,87.46,0.0,0,,,
2026-04-27 01:45:00+00:00,87.46,87.46,87.46,87.46,87.46,0.0,0,,,
2026-04-27 02:00:00+00:00,87.76,87.76,87.64,87.64,87.64,13.984,3,,,
2026-04-27 02:15:00+00:00,87.5,87.5,87.5,87.5,87.5,0.148,1,,,
2026-04-27 02:30:00+00:00,87.77,87.8,87.69,87.69,87.69,186.432,12,,,
2026-04-27 02:45:00+00:00,87.68,88.04,87.68,88.0,88.0,292.383,10,,,
2026-04-27 03:00:00+00:00,87.85,87.86,87.83,87.86,87.86,1.469,3,,,
2026-04-27 03:15:00+00:00,88.0,88.0,88.0,88.0,88.0,0.078,1,,,
2026-04-27 03:30:00+00:00,88.0,88.02,87.95,87.95,87.95,0.476,3,,,
2026-04-27 03:45:00+00:00,87.78,87.78,87.78,87.78,87.78,1.795,1,,,
2026-04-27 04:00:00+00:00,87.76,87.76,87.7,87.74,87.74,0.743,5,,,
2026-04-27 04:15:00+00:00,87.65,87.73,87.63,87.71,87.71,6.213,7,,,
2026-04-27 04:30:00+00:00,87.71,87.71,87.71,87.71,87.71,0.0,0,,,
2026-04-27 04:45:00+00:00,87.68,87.68,87.52,87.52,87.52,2.56,2,,,
2026-04-27 05:00:00+00:00,87.55,87.55,86.83,86.83,86.83,14.451,10,,,
2026-04-27 05:15:00+00:00,86.8,86.8,86.1,86.14,86.14,139.663,24,,,
2026-04-27 05:30:00+00:00,86.05,86.15,85.95,85.95,85.95,3.107,7,,,
2026-04-27 05:45:00+00:00,85.86,85.86,85.86,85.86,85.86,2.789,3,,,
2026-04-27 06:00:00+00:00,85.94,85.94,85.81,85.81,85.81,13.815,7,,,
2026-04-27 06:15:00+00:00,85.81,85.81,85.81,85.81,85.81,0.0,0,,,
2026-04-27 06:30:00+00:00,85.73,85.73,85.49,85.49,85.49,4.749,9,,,
2026-04-27 06:45:00+00:00,85.49,85.49,85.49,85.49,85.49,0.0,0,,,
2026-04-27 07:00:00+00:00,85.49,85.49,85.49,85.49,85.49,0.0,0,,,
2026-04-27 07:15:00+00:00,85.49,85.49,85.49,85.49,85.49,0.0,0,,,
2026-04-27 07:30:00+00:00,85.49,85.49,85.49,85.49,85.49,0.0,0,,,
2026-04-27 07:45:00+00:00,85.49,85.49,85.49,85.49,85.49,0.0,0,,,
2026-04-27 08:00:00+00:00,85.24,85.24,85.24,85.24,85.24,1.832,1,,,
2026-04-27 08:15:00+00:00,85.24,85.24,85.24,85.24,85.24,0.0,0,,,
2026-04-27 08:30:00+00:00,85.12,85.19,85.12,85.19,85.19,11.759,2,,,
2026-04-27 08:45:00+00:00,85.19,85.19,85.19,85.19,85.19,0.0,0,,,
2026-04-27 09:00:00+00:00,85.19,85.19,85.19,85.19,85.19,0.0,0,,,
2026-04-27 09:15:00+00:00,85.48,85.48,85.48,85.48,85.48,13.591,1,,,
2026-04-27 09:30:00+00:00,85.43,85.43,85.43,85.43,85.43,3.266,1,,,
2026-04-27 09:45:00+00:00,85.61,85.61,85.61,85.61,85.61,0.081,1,,,
2026-04-27 10:00:00+00:00,85.61,85.61,85.61,85.61,85.61,0.0,0,,,
2026-04-27 10:15:00+00:00,85.46,85.46,85.28,85.28,85.28,9.627,13,,,
2026-04-27 10:30:00+00:00,85.23,85.4,85.17,85.17,85.17,5.274,4,,,
2026-04-27 10:45:00+00:00,85.17,85.17,85.17,85.17,85.17,0.0,0,,,
2026-04-27 11:00:00+00:00,85.19,85.19,85.19,85.19,85.19,0.03,1,,,
2026-04-27 11:15:00+00:00,85.19,85.19,85.19,85.19,85.19,0.0,0,,,
2026-04-27 11:30:00+00:00,85.23,85.23,85.23,85.23,85.23,0.45,1,,,
2026-04-27 11:45:00+00:00,85.23,85.23,85.23,85.23,85.23,0.0,0,,,
2026-04-27 12:00:00+00:00,85.23,85.23,85.23,85.23,85.23,0.0,0,,,
2026-04-27 12:15:00+00:00,85.23,85.23,85.23,85.23,85.23,0.0,0,,,
2026-04-27 12:30:00+00:00,85.09,85.09,84.99,84.99,84.99,33.512,9,,,
2026-04-27 12:45:00+00:00,84.99,84.99,84.99,84.99,84.99,0.0,0,,,
2026-04-27 13:00:00+00:00,84.99,84.99,84.99,84.99,84.99,0.0,0,,,
2026-04-27 13:15:00+00:00,84.99,84.99,84.99,84.99,84.99,0.0,0,,,
2026-04-27 13:30:00+00:00,85.33,85.33,85.27,85.27,85.27,81.724,6,,,
2026-04-27 13:45:00+00:00,85.14,85.14,84.78,84.79,84.79,20.602,15,,,
2026-04-27 14:00:00+00:00,84.79,84.79,84.79,84.79,84.79,0.0,0,,,
2026-04-27 14:15:00+00:00,85.33,85.33,85.3,85.3,85.3,469.568,12,,,
2026-04-27 14:30:00+00:00,85.21,85.83,85.21,85.5,85.5,56.487,18,,,
2026-04-27 14:45:00+00:00,85.33,85.33,85.33,85.33,85.33,0.35,1,,,
2026-04-27 15:00:00+00:00,85.12,85.12,84.62,84.8,84.8,107.93,13,,,
2026-04-27 15:15:00+00:00,84.5,84.5,83.72,84.02,84.02,69.477,27,,,
2026-04-27 15:30:00+00:00,84.29,84.32,84.24,84.31,84.31,2.33,4,,,
2026-04-27 15:45:00+00:00,84.14,84.14,84.03,84.12,84.12,8.616,7,,,
2026-04-27 16:00:00+00:00,84.12,84.18,84.12,84.18,84.18,0.983,2,,,
2026-04-27 16:15:00+00:00,84.27,84.32,84.27,84.28,84.28,1.659,4,,,
2026-04-27 16:30:00+00:00,84.28,84.28,84.28,84.28,84.28,118.657,7,,,
2026-04-27 16:45:00+00:00,84.28,84.28,84.28,84.28,84.28,0.0,0,,,
2026-04-27 17:00:00+00:00,84.39,84.39,84.33,84.33,84.33,0.81,3,,,
2026-04-27 17:15:00+00:00,84.33,84.64,84.31,84.64,84.64,26.837,9,,,
2026-04-27 17:30:00+00:00,84.65,84.65,84.57,84.57,84.57,13.661,3,,,
2026-04-27 17:45:00+00:00,84.55,84.57,84.55,84.57,84.57,47.335,6,,,
2026-04-27 18:00:00+00:00,84.5,84.6,84.39,84.6,84.6,5.542,4,,,
2026-04-27 18:15:00+00:00,84.66,84.66,84.63,84.63,84.63,2.101,3,,,
2026-04-27 18:30:00+00:00,84.54,84.61,84.54,84.61,84.61,2.724,2,,,
2026-04-27 18:45:00+00:00,84.64,84.64,84.64,84.64,84.64,0.033,1,,,
2026-04-27 19:00:00+00:00,84.47,84.47,84.47,84.47,84.47,1.775,1,,,
2026-04-27 19:15:00+00:00,84.44,84.44,84.09,84.09,84.09,20.73,6,,,
2026-04-27 19:30:00+00:00,84.08,84.08,84.0,84.06,84.06,2.336,4,,,
2026-04-27 19:45:00+00:00,84.19,84.19,84.11,84.11,84.11,3.494,3,,,
2026-04-27 20:00:00+00:00,84.27,84.27,84.2,84.25,84.25,3.109,5,,,
2026-04-27 20:15:00+00:00,84.25,84.25,84.25,84.25,84.25,0.0,0,,,
2026-04-27 20:30:00+00:00,84.31,84.31,84.28,84.28,84.28,0.751,2,,,
2026-04-27 20:45:00+00:00,84.3,84.3,84.23,84.29,84.29,2.815,3,,,
2026-04-27 21:00:00+00:00,84.2,84.2,84.14,84.16,84.16,2.645,5,,,
2026-04-27 21:15:00+00:00,84.27,84.32,84.27,84.32,84.32,0.355,2,,,
2026-04-27 21:30:00+00:00,84.39,84.39,84.39,84.39,84.39,0.033,1,,,
2026-04-27 21:45:00+00:00,84.39,84.39,84.32,84.32,84.32,3.812,2,,,
2026-04-27 22:00:00+00:00,84.27,84.36,84.27,84.36,84.36,0.29,2,,,
2026-04-27 22:15:00+00:00,84.41,84.41,84.41,84.41,84.41,0.033,1,,,
2026-04-27 22:30:00+00:00,84.53,84.58,84.44,84.44,84.44,30.971,4,,,
2026-04-27 22:45:00+00:00,84.44,84.44,84.44,84.44,84.44,0.0,0,,,
2026-04-27 23:00:00+00:00,84.44,84.44,84.44,84.44,84.44,0.0,0,,,
2026-04-27 23:15:00+00:00,84.46,84.68,84.46,84.6,84.6,9.142,4,,,
2026-04-27 23:30:00+00:00,84.66,84.74,84.66,84.74,84.74,0.277,2,,,
2026-04-27 23:45:00+00:00,84.82,84.84,84.82,84.84,84.84,0.921,2,,,
2026-04-28 00:00:00+00:00,84.84,84.84,84.84,84.84,84.84,0.0,0,,,
2026-04-28 00:15:00+00:00,84.84,84.84,84.84,84.84,84.84,0.0,0,,,
2026-04-28 00:30:00+00:00,84.84,84.84,84.84,84.84,84.84,0.0,0,,,
2026-04-28 00:45:00+00:00,84.84,84.84,84.84,84.84,84.84,0.0,0,,,
2026-04-28 01:00:00+00:00,84.84,84.84,84.84,84.84,84.84,0.0,0,,,
2026-04-28 01:15:00+00:00,84.68,84.69,84.66,84.66,84.66,7.806,4,,,
2026-04-28 01:30:00+00:00,84.6,84.6,84.54,84.56,84.56,2.606,4,,,
2026-04-28 01:45:00+00:00,84.56,84.56,84.56,84.56,84.56,0.0,0,,,
2026-04-28 02:00:00+00:00,84.43,84.46,84.43,84.46,84.46,2.079,3,,,
2026-04-28 02:15:00+00:00,84.6,84.6,84.57,84.57,84.57,0.311,2,,,
2026-04-28 02:30:00+00:00,84.39,84.39,84.09,84.09,84.09,360.72,12,,,
2026-04-28 02:45:00+00:00,84.0,84.0,83.99,83.99,83.99,13.709,5,,,
2026-04-28 03:00:00+00:00,83.99,83.99,83.99,83.99,83.99,0.0,0,,,
2026-04-28 03:15:00+00:00,83.99,83.99,83.99,83.99,83.99,0.0,0,,,
2026-04-28 03:30:00+00:00,83.99,83.99,83.99,83.99,83.99,0.0,0,,,
2026-04-28 03:45:00+00:00,83.99,83.99,83.99,83.99,83.99,0.0,0,,,
2026-04-28 04:00:00+00:00,83.99,83.99,83.99,83.99,83.99,0.0,0,,,
2026-04-28 04:15:00+00:00,84.28,84.41,83.9,84.06,84.06,406.21,23,,,
2026-04-28 04:30:00+00:00,84.06,84.06,84.06,84.06,84.06,0.0,0,,,
2026-04-28 04:45:00+00:00,84.12,84.12,84.12,84.12,84.12,0.468,1,,,
2026-04-28 05:00:00+00:00,84.12,84.12,84.12,84.12,84.12,0.0,0,,,
2026-04-28 05:15:00+00:00,84.26,84.28,84.26,84.28,84.28,0.806,2,,,
2026-04-28 05:30:00+00:00,84.28,84.28,84.28,84.28,84.28,0.0,0,,,
2026-04-28 05:45:00+00:00,84.22,84.26,84.14,84.26,84.26,2.018,3,,,
2026-04-28 06:00:00+00:00,84.24,84.28,84.24,84.28,84.28,1.961,2,,,
2026-04-28 06:15:00+00:00,84.12,84.12,84.12,84.12,84.12,11.887,1,,,
2026-04-28 06:30:00+00:00,84.05,84.05,83.84,83.84,83.84,4.191,5,,,
2026-04-28 06:45:00+00:00,84.02,84.11,84.02,84.11,84.11,0.395,3,,,
2026-04-28 07:00:00+00:00,83.87,83.89,83.87,83.89,83.89,2.495,2,,,
2026-04-28 07:15:00+00:00,83.79,83.79,83.79,83.79,83.79,0.033,1,,,
2026-04-28 07:30:00+00:00,83.88,83.93,83.88,83.93,83.93,0.093,2,,,
2026-04-28 07:45:00+00:00,84.01,84.01,84.01,84.01,84.01,3.189,1,,,
2026-04-28 08:00:00+00:00,83.94,83.97,83.93,83.95,83.95,0.332,4,,,
2026-04-28 08:15:00+00:00,84.12,84.12,84.06,84.06,84.06,0.16,2,,,
2026-04-28 08:30:00+00:00,84.06,84.06,84.06,84.06,84.06,0.0,0,,,
2026-04-28 08:45:00+00:00,83.8,83.9,83.78,83.86,83.86,0.68,9,,,
2026-04-28 09:00:00+00:00,83.86,83.86,83.86,83.86,83.86,0.0,0,,,
2026-04-28 09:15:00+00:00,83.91,83.91,83.84,83.84,83.84,0.103,2,,,
2026-04-28 09:30:00+00:00,83.78,83.78,83.77,83.77,83.77,0.243,2,,,
2026-04-28 09:45:00+00:00,83.7,83.7,83.45,83.49,83.49,74.359,14,,,
2026-04-28 10:00:00+00:00,83.49,83.49,83.49,83.49,83.49,0.0,0,,,
2026-04-28 10:15:00+00:00,83.8,83.8,83.8,83.8,83.8,0.33,1,,,
2026-04-28 10:30:00+00:00,83.79,83.79,83.79,83.79,83.79,0.419,1,,,
2026-04-28 10:45:00+00:00,83.79,83.79,83.79,83.79,83.79,0.0,0,,,
2026-04-28 11:00:00+00:00,83.79,83.79,83.79,83.79,83.79,0.0,0,,,
2026-04-28 11:15:00+00:00,83.79,83.79,83.79,83.79,83.79,0.0,0,,,
2026-04-28 11:30:00+00:00,83.79,83.79,83.79,83.79,83.79,0.0,0,,,
2026-04-28 11:45:00+00:00,83.45,83.45,83.45,83.45,83.45,0.059,1,,,
2026-04-28 12:00:00+00:00,83.45,83.45,83.45,83.45,83.45,0.0,0,,,
2026-04-28 12:15:00+00:00,83.45,83.45,83.37,83.37,83.37,383.702,13,,,
2026-04-28 12:30:00+00:00,83.31,83.31,83.31,83.31,83.31,2.817,1,,,
2026-04-28 12:45:00+00:00,83.73,83.73,83.67,83.67,83.67,5.917,4,,,
2026-04-28 13:00:00+00:00,83.59,83.59,83.29,83.32,83.32,483.18,27,,,
2026-04-28 13:15:00+00:00,83.25,83.43,83.25,83.43,83.43,58.0,5,,,
2026-04-28 13:30:00+00:00,83.37,83.77,83.37,83.77,83.77,282.811,13,,,
2026-04-28 13:45:00+00:00,83.85,83.94,83.5,83.5,83.5,296.06,21,,,
2026-04-28 14:00:00+00:00,83.46,83.49,83.46,83.49,83.49,20.0,4,,,
2026-04-28 14:15:00+00:00,83.37,83.37,83.03,83.03,83.03,32.147,8,,,
2026-04-28 14:30:00+00:00,83.27,83.28,83.09,83.09,83.09,9.895,6,,,
2026-04-28 14:45:00+00:00,83.35,83.43,83.31,83.43,83.43,0.459,4,,,
2026-04-28 15:00:00+00:00,83.43,83.45,83.4,83.45,83.45,0.443,3,,,
2026-04-28 15:15:00+00:00,83.45,83.45,83.45,83.45,83.45,0.0,0,,,
2026-04-28 15:30:00+00:00,83.45,83.45,83.45,83.45,83.45,0.0,0,,,
2026-04-28 15:45:00+00:00,83.45,83.45,83.45,83.45,83.45,0.0,0,,,
2026-04-28 16:00:00+00:00,83.5,83.5,83.49,83.49,83.49,2.269,4,,,
2026-04-28 16:15:00+00:00,83.57,83.57,83.57,83.57,83.57,0.033,1,,,
2026-04-28 16:30:00+00:00,83.54,83.54,83.31,83.33,83.33,0.756,6,,,
2026-04-28 16:45:00+00:00,83.42,83.65,83.39,83.6,83.6,4.727,11,,,
2026-04-28 17:00:00+00:00,83.6,83.6,83.5,83.5,83.5,0.268,3,,,
2026-04-28 17:15:00+00:00,83.52,83.52,83.51,83.51,83.51,0.354,2,,,
2026-04-28 17:30:00+00:00,83.59,83.8,83.59,83.76,83.76,5.286,8,,,
2026-04-28 17:45:00+00:00,83.62,83.62,83.62,83.62,83.62,0.15,1,,,
2026-04-28 18:00:00+00:00,83.62,83.62,83.62,83.62,83.62,0.0,0,,,
2026-04-28 18:15:00+00:00,83.62,83.62,83.62,83.62,83.62,0.0,0,,,
2026-04-28 18:30:00+00:00,83.62,83.62,83.62,83.62,83.62,0.0,0,,,
2026-04-28 18:45:00+00:00,83.67,83.68,83.65,83.68,83.68,0.278,3,,,
2026-04-28 19:00:00+00:00,83.79,83.79,83.79,83.79,83.79,0.033,1,,,
2026-04-28 19:15:00+00:00,83.79,83.79,83.79,83.79,83.79,0.0,0,,,
2026-04-28 19:30:00+00:00,83.79,83.86,83.79,83.86,83.86,1.984,2,,,
2026-04-28 19:45:00+00:00,84.01,84.01,83.94,83.94,83.94,14.104,6,,,
2026-04-28 20:00:00+00:00,83.93,83.93,83.93,83.93,83.93,384.04,6,,,
2026-04-28 20:15:00+00:00,83.91,83.91,83.91,83.91,83.91,0.095,1,,,
2026-04-28 20:30:00+00:00,83.82,83.93,83.82,83.88,83.88,60.165,11,,,
2026-04-28 20:45:00+00:00,83.87,83.87,83.77,83.77,83.77,16.048,4,,,
2026-04-28 21:00:00+00:00,83.77,83.77,83.77,83.77,83.77,0.0,0,,,
2026-04-28 21:15:00+00:00,83.84,83.84,83.84,83.84,83.84,0.138,1,,,
2026-04-28 21:30:00+00:00,83.76,83.76,83.76,83.76,83.76,0.033,1,,,
2026-04-28 21:45:00+00:00,83.76,83.76,83.76,83.76,83.76,0.0,0,,,
2026-04-28 22:00:00+00:00,83.76,83.76,83.76,83.76,83.76,0.0,0,,,
2026-04-28 22:15:00+00:00,83.74,83.74,83.74,83.74,83.74,0.165,1,,,
2026-04-28 22:30:00+00:00,83.61,83.79,83.61,83.76,83.76,56.086,8,,,
2026-04-28 22:45:00+00:00,83.76,83.76,83.76,83.76,83.76,0.0,0,,,
2026-04-28 23:00:00+00:00,83.7,83.8,83.68,83.8,83.8,61.045,3,,,
2026-04-28 23:15:00+00:00,83.82,83.82,83.8,83.8,83.8,31.006,2,,,
2026-04-28 23:30:00+00:00,83.9,83.9,83.9,83.9,83.9,0.033,1,,,
2026-04-28 23:45:00+00:00,84.07,84.14,83.95,84.06,84.06,34.84,13,,,
2026-04-29 00:00:00+00:00,84.12,84.12,84.12,84.12,84.12,6.505,1,,,
2026-04-29 00:15:00+00:00,84.12,84.12,84.12,84.12,84.12,0.0,0,,,
2026-04-29 00:30:00+00:00,84.12,84.12,84.12,84.12,84.12,0.0,0,,,
2026-04-29 00:45:00+00:00,83.89,84.01,83.89,84.01,84.01,17.055,5,,,
2026-04-29 01:00:00+00:00,83.96,83.96,83.96,83.96,83.96,0.164,1,,,
2026-04-29 01:15:00+00:00,83.91,83.91,83.87,83.87,83.87,0.375,3,,,
2026-04-29 01:30:00+00:00,83.87,83.87,83.87,83.87,83.87,0.0,0,,,
2026-04-29 01:45:00+00:00,84.18,84.18,84.1,84.11,84.11,3.834,4,,,
2026-04-29 02:00:00+00:00,84.11,84.11,84.11,84.11,84.11,0.0,0,,,
2026-04-29 02:15:00+00:00,84.11,84.11,84.11,84.11,84.11,0.0,0,,,
2026-04-29 02:30:00+00:00,84.11,84.11,84.11,84.11,84.11,0.0,0,,,
2026-04-29 02:45:00+00:00,84.05,84.08,84.02,84.08,84.08,0.461,3,,,
2026-04-29 03:00:00+00:00,84.09,84.09,84.09,84.09,84.09,0.163,1,,,
2026-04-29 03:15:00+00:00,84.28,84.5,84.28,84.5,84.5,1.334,8,,,
2026-04-29 03:30:00+00:00,84.64,84.7,84.64,84.7,84.7,30.445,3,,,
2026-04-29 03:45:00+00:00,84.65,84.67,84.55,84.6,84.6,88.854,9,,,
2026-04-29 04:00:00+00:00,84.6,84.6,84.6,84.6,84.6,0.0,0,,,
2026-04-29 04:15:00+00:00,84.7,84.7,84.7,84.7,84.7,30.11,1,,,
2026-04-29 04:30:00+00:00,84.7,85.0,84.7,84.9,84.9,308.823,13,,,
2026-04-29 04:45:00+00:00,84.97,84.97,84.97,84.97,84.97,3.386,1,,,
2026-04-29 05:00:00+00:00,84.75,84.78,84.75,84.78,84.78,16.403,4,,,
2026-04-29 05:15:00+00:00,84.83,84.83,84.83,84.83,84.83,0.083,1,,,
2026-04-29 05:30:00+00:00,84.84,84.84,84.84,84.84,84.84,0.036,1,,,
2026-04-29 05:45:00+00:00,84.93,84.93,84.93,84.93,84.93,0.081,1,,,
2026-04-29 06:00:00+00:00,84.93,84.93,84.93,84.93,84.93,0.0,0,,,
2026-04-29 06:15:00+00:00,84.79,84.79,84.78,84.78,84.78,5.932,2,,,
2026-04-29 06:30:00+00:00,84.76,84.8,84.76,84.8,84.8,0.521,4,,,
2026-04-29 06:45:00+00:00,84.59,84.59,84.59,84.59,84.59,0.137,1,,,
2026-04-29 07:00:00+00:00,84.59,84.59,84.59,84.59,84.59,0.0,0,,,
2026-04-29 07:15:00+00:00,84.59,84.59,84.59,84.59,84.59,0.0,0,,,
2026-04-29 07:30:00+00:00,84.59,84.59,84.59,84.59,84.59,0.0,0,,,
2026-04-29 07:45:00+00:00,84.77,84.77,84.68,84.68,84.68,0.22,2,,,
2026-04-29 08:00:00+00:00,84.68,84.68,84.68,84.68,84.68,12.995,2,,,
2026-04-29 08:15:00+00:00,84.68,84.68,84.68,84.68,84.68,0.0,0,,,
2026-04-29 08:30:00+00:00,84.43,84.43,84.43,84.43,84.43,3.836,2,,,
2026-04-29 08:45:00+00:00,84.45,84.45,84.45,84.45,84.45,82.935,1,,,
2026-04-29 09:00:00+00:00,84.53,84.53,84.53,84.53,84.53,0.049,1,,,
2026-04-29 09:15:00+00:00,84.7,84.74,84.7,84.74,84.74,82.984,2,,,
2026-04-29 09:30:00+00:00,84.85,84.85,84.85,84.85,84.85,4.019,3,,,
2026-04-29 09:45:00+00:00,85.01,85.44,84.8,85.29,85.29,1870.244,62,,,
2026-04-29 10:00:00+00:00,85.31,85.43,85.31,85.42,85.42,2.773,9,,,
2026-04-29 10:15:00+00:00,85.41,85.5,85.41,85.5,85.5,1.65,3,,,
2026-04-29 10:30:00+00:00,85.42,85.42,85.38,85.38,85.38,81.314,3,,,
2026-04-29 10:45:00+00:00,85.38,85.38,85.38,85.38,85.38,0.0,0,,,
2026-04-29 11:00:00+00:00,85.1,85.1,85.02,85.03,85.03,7.211,5,,,
2026-04-29 11:15:00+00:00,84.92,84.96,84.91,84.91,84.91,19.341,3,,,
2026-04-29 11:30:00+00:00,84.97,85.0,84.96,84.96,84.96,0.619,4,,,
2026-04-29 11:45:00+00:00,84.85,84.87,84.85,84.87,84.87,0.645,3,,,
2026-04-29 12:00:00+00:00,84.64,84.64,84.49,84.49,84.49,11.027,6,,,
2026-04-29 12:15:00+00:00,84.29,84.3,83.91,84.1,84.1,9.556,24,,,
2026-04-29 12:30:00+00:00,83.99,84.23,83.99,84.23,84.23,29.759,5,,,
2026-04-29 12:45:00+00:00,84.2,84.25,84.2,84.25,84.25,1.024,2,,,
2026-04-29 13:00:00+00:00,84.25,84.25,84.25,84.25,84.25,0.0,0,,,
2026-04-29 13:15:00+00:00,84.02,84.02,83.94,83.94,83.94,0.304,2,,,
2026-04-29 13:30:00+00:00,83.97,84.05,83.88,83.89,83.89,1.658,9,,,
2026-04-29 13:45:00+00:00,83.79,84.0,83.64,84.0,84.0,6.902,5,,,
2026-04-29 14:00:00+00:00,84.0,84.0,84.0,84.0,84.0,0.0,0,,,
2026-04-29 14:15:00+00:00,84.0,84.0,84.0,84.0,84.0,0.0,0,,,
2026-04-29 14:30:00+00:00,83.93,83.93,83.88,83.88,83.88,1.5,3,,,
2026-04-29 14:45:00+00:00,83.88,83.88,83.88,83.88,83.88,0.0,0,,,
2026-04-29 15:00:00+00:00,83.65,83.7,83.18,83.18,83.18,373.88,20,,,
2026-04-29 15:15:00+00:00,83.18,83.18,83.18,83.18,83.18,0.0,0,,,
2026-04-29 15:30:00+00:00,83.26,83.26,83.23,83.23,83.23,0.274,2,,,
2026-04-29 15:45:00+00:00,83.19,83.23,83.02,83.14,83.14,4.677,11,,,
2026-04-29 16:00:00+00:00,83.53,83.54,83.49,83.52,83.52,2.044,4,,,
2026-04-29 16:15:00+00:00,83.13,83.15,83.09,83.15,83.15,1.885,3,,,
2026-04-29 16:30:00+00:00,83.14,83.24,83.08,83.14,83.14,5.898,8,,,
2026-04-29 16:45:00+00:00,83.16,83.2,82.99,83.0,83.0,101.551,18,,,
2026-04-29 17:00:00+00:00,83.18,83.18,83.09,83.09,83.09,48.07,5,,,
2026-04-29 17:15:00+00:00,83.05,83.12,82.74,82.87,82.87,12.368,19,,,
2026-04-29 17:30:00+00:00,82.81,83.04,82.81,83.04,83.04,9.961,17,,,
2026-04-29 17:45:00+00:00,83.09,83.18,82.98,83.18,83.18,0.75,7,,,
2026-04-29 18:00:00+00:00,83.33,83.36,81.41,81.9,81.9,218.837,46,,,
2026-04-29 18:15:00+00:00,81.89,81.98,81.68,81.68,81.68,60.073,8,,,
2026-04-29 18:30:00+00:00,81.7,81.95,81.4,81.89,81.89,7.878,15,,,
2026-04-29 18:45:00+00:00,81.78,82.25,81.77,82.23,82.23,109.016,18,,,
2026-04-29 19:00:00+00:00,82.23,82.23,82.05,82.05,82.05,17.581,3,,,
2026-04-29 19:15:00+00:00,82.32,82.32,82.32,82.32,82.32,2.507,1,,,
2026-04-29 19:30:00+00:00,82.32,82.32,82.32,82.32,82.32,0.0,0,,,
2026-04-29 19:45:00+00:00,82.26,82.26,82.2,82.2,82.2,7.45,2,,,
2026-04-29 20:00:00+00:00,82.26,82.38,82.26,82.34,82.34,1.596,6,,,
2026-04-29 20:15:00+00:00,82.39,82.39,82.39,82.39,82.39,0.314,1,,,
2026-04-29 20:30:00+00:00,82.53,82.53,82.53,82.53,82.53,0.033,1,,,
2026-04-29 20:45:00+00:00,82.53,82.53,82.53,82.53,82.53,0.0,0,,,
2026-04-29 21:00:00+00:00,82.65,82.65,82.58,82.63,82.63,13.187,3,,,
2026-04-29 21:15:00+00:00,82.83,82.87,82.83,82.87,82.87,14.424,2,,,
2026-04-29 21:30:00+00:00,83.03,83.05,83.0,83.05,83.05,7.66,6,,,
2026-04-29 21:45:00+00:00,83.02,83.02,82.99,82.99,82.99,20.53,4,,,
2026-04-29 22:00:00+00:00,82.99,82.99,82.99,82.99,82.99,0.0,0,,,
2026-04-29 22:15:00+00:00,82.92,82.98,82.91,82.98,82.98,10.687,3,,,
2026-04-29 22:30:00+00:00,83.03,83.03,83.01,83.01,83.01,4.107,3,,,
2026-04-29 22:45:00+00:00,83.06,83.1,83.06,83.1,83.1,0.461,2,,,
2026-04-29 23:00:00+00:00,83.07,83.07,83.01,83.01,83.01,4.091,3,,,
2026-04-29 23:15:00+00:00,82.84,83.0,82.81,83.0,83.0,6.63,6,,,
2026-04-29 23:30:00+00:00,82.98,82.98,82.98,82.98,82.98,11.55,4,,,
2026-04-29 23:45:00+00:00,82.99,83.04,82.99,83.04,83.04,11.811,4,,,
2026-04-30 00:00:00+00:00,83.15,83.27,83.09,83.16,83.16,55.296,17,,,
2026-04-30 00:15:00+00:00,83.13,83.31,83.13,83.31,83.31,3.892,3,,,
2026-04-30 00:30:00+00:00,83.34,83.83,83.34,83.55,83.55,42.461,20,,,
2026-04-30 00:45:00+00:00,83.55,83.55,83.55,83.55,83.55,0.0,0,,,
2026-04-30 01:00:00+00:00,83.72,83.78,83.72,83.76,83.76,6.606,6,,,
2026-04-30 01:15:00+00:00,83.76,83.76,83.76,83.76,83.76,5.4,1,,,
2026-04-30 01:30:00+00:00,83.93,83.93,83.9,83.9,83.9,5.987,3,,,
2026-04-30 01:45:00+00:00,83.78,83.78,83.75,83.75,83.75,37.05,3,,,
2026-04-30 02:00:00+00:00,83.81,83.94,83.81,83.94,83.94,0.427,2,,,
2026-04-30 02:15:00+00:00,83.94,83.94,83.94,83.94,83.94,0.0,0,,,
2026-04-30 02:30:00+00:00,83.55,83.55,82.78,82.86,82.86,16.35,18,,,
2026-04-30 02:45:00+00:00,82.93,83.01,82.93,83.01,83.01,2.732,5,,,
2026-04-30 03:00:00+00:00,83.0,83.0,83.0,83.0,83.0,0.28,1,,,
2026-04-30 03:15:00+00:00,82.92,83.06,82.9,82.94,82.94,6.809,10,,,
2026-04-30 03:30:00+00:00,83.06,83.17,82.96,83.17,83.17,1.595,5,,,
2026-04-30 03:45:00+00:00,83.17,83.17,83.17,83.17,83.17,0.0,0,,,
2026-04-30 04:00:00+00:00,82.95,82.95,82.76,82.76,82.76,1.965,5,,,
2026-04-30 04:15:00+00:00,82.73,82.78,82.68,82.78,82.78,0.682,5,,,
2026-04-30 04:30:00+00:00,82.68,82.68,82.42,82.42,82.42,44.677,9,,,
2026-04-30 04:45:00+00:00,82.41,82.41,82.41,82.41,82.41,0.138,1,,,
2026-04-30 05:00:00+00:00,82.39,82.49,82.35,82.49,82.49,11.202,9,,,
2026-04-30 05:15:00+00:00,82.45,82.45,82.23,82.31,82.31,0.831,5,,,
2026-04-30 05:30:00+00:00,82.48,82.73,82.48,82.72,82.72,1.435,5,,,
2026-04-30 05:45:00+00:00,82.65,82.65,82.65,82.65,82.65,12.474,2,,,
2026-04-30 06:00:00+00:00,82.65,82.65,82.65,82.65,82.65,0.0,0,,,
2026-04-30 06:15:00+00:00,82.65,82.65,82.65,82.65,82.65,0.0,0,,,
2026-04-30 06:30:00+00:00,82.75,83.03,82.75,82.93,82.93,14.516,6,,,
2026-04-30 06:45:00+00:00,82.93,82.93,82.93,82.93,82.93,6.958,1,,,
2026-04-30 07:00:00+00:00,82.96,83.02,82.96,83.02,83.02,5.903,2,,,
2026-04-30 07:15:00+00:00,83.02,83.02,83.02,83.02,83.02,0.2,1,,,
2026-04-30 07:30:00+00:00,83.1,83.23,83.1,83.16,83.16,14.066,8,,,
2026-04-30 07:45:00+00:00,83.31,83.31,83.28,83.28,83.28,1.014,2,,,
2026-04-30 08:00:00+00:00,83.35,83.35,83.24,83.24,83.24,4.035,2,,,
2026-04-30 08:15:00+00:00,83.24,83.28,83.24,83.28,83.28,3.135,2,,,
2026-04-30 08:30:00+00:00,83.28,83.28,83.28,83.28,83.28,0.0,0,,,
2026-04-30 08:45:00+00:00,83.22,83.22,83.18,83.18,83.18,0.151,2,,,
2026-04-30 09:00:00+00:00,83.13,83.13,83.11,83.11,83.11,4.744,2,,,
2026-04-30 09:15:00+00:00,83.12,83.12,83.12,83.12,83.12,0.139,1,,,
2026-04-30 09:30:00+00:00,83.32,83.51,83.32,83.51,83.51,1.521,6,,,
2026-04-30 09:45:00+00:00,83.23,83.23,83.18,83.18,83.18,5.267,4,,,
2026-04-30 10:00:00+00:00,83.09,83.09,83.03,83.03,83.03,2.083,4,,,
2026-04-30 10:15:00+00:00,83.03,83.03,82.92,82.96,82.96,2.916,6,,,
2026-04-30 10:30:00+00:00,82.96,82.96,82.96,82.96,82.96,0.0,0,,,
2026-04-30 10:45:00+00:00,82.96,82.96,82.96,82.96,82.96,0.0,0,,,
2026-04-30 11:00:00+00:00,83.01,83.27,83.01,83.27,83.27,13.364,11,,,
2026-04-30 11:15:00+00:00,83.27,83.27,83.27,83.27,83.27,0.0,0,,,
2026-04-30 11:30:00+00:00,83.01,83.01,82.98,82.98,82.98,0.385,3,,,
2026-04-30 11:45:00+00:00,82.92,82.92,82.85,82.85,82.85,0.593,2,,,
2026-04-30 12:00:00+00:00,82.85,82.85,82.85,82.85,82.85,0.0,0,,,
2026-04-30 12:15:00+00:00,83.23,83.35,83.23,83.35,83.35,21.766,15,,,
2026-04-30 12:30:00+00:00,83.32,83.32,83.32,83.32,83.32,0.617,1,,,
2026-04-30 12:45:00+00:00,83.32,83.32,83.32,83.32,83.32,0.0,0,,,
2026-04-30 13:00:00+00:00,83.2,83.2,83.2,83.2,83.2,0.426,2,,,
2026-04-30 13:15:00+00:00,83.15,83.16,83.05,83.05,83.05,5.173,7,,,
2026-04-30 13:30:00+00:00,83.03,83.48,82.98,83.48,83.48,4.827,14,,,
2026-04-30 13:45:00+00:00,83.48,83.48,83.17,83.17,83.17,4.612,8,,,
2026-04-30 14:00:00+00:00,83.28,83.28,83.28,83.28,83.28,0.55,1,,,
2026-04-30 14:15:00+00:00,83.03,83.03,82.73,82.97,82.97,6.145,16,,,
2026-04-30 14:30:00+00:00,82.98,83.24,82.98,83.07,83.07,5.161,12,,,
2026-04-30 14:45:00+00:00,83.23,83.24,83.2,83.2,83.2,24.69,3,,,
2026-04-30 15:00:00+00:00,83.28,83.28,83.12,83.12,83.12,0.862,4,,,
2026-04-30 15:15:00+00:00,83.18,83.46,83.18,83.46,83.46,7.516,9,,,
2026-04-30 15:30:00+00:00,83.48,83.77,83.32,83.32,83.32,23.117,15,,,
2026-04-30 15:45:00+00:00,83.23,83.41,83.17,83.4,83.4,0.744,6,,,
2026-04-30 16:00:00+00:00,83.35,83.35,83.32,83.32,83.32,0.124,2,,,
2026-04-30 16:15:00+00:00,83.32,83.32,83.13,83.13,83.13,0.393,2,,,
2026-04-30 16:30:00+00:00,83.16,83.22,83.11,83.16,83.16,0.676,5,,,
2026-04-30 16:45:00+00:00,83.13,83.13,82.96,82.96,82.96,9.903,6,,,
2026-04-30 17:00:00+00:00,83.12,83.12,83.12,83.12,83.12,0.279,2,,,
2026-04-30 17:15:00+00:00,82.91,82.91,82.87,82.87,82.87,1.175,2,,,
2026-04-30 17:30:00+00:00,83.01,83.01,82.91,82.91,82.91,3.474,2,,,
2026-04-30 17:45:00+00:00,82.91,82.91,82.91,82.91,82.91,0.0,0,,,
2026-04-30 18:00:00+00:00,83.14,83.23,83.14,83.23,83.23,0.363,2,,,
2026-04-30 18:15:00+00:00,83.18,83.18,83.09,83.09,83.09,2.493,2,,,
2026-04-30 18:30:00+00:00,83.05,83.05,83.05,83.05,83.05,0.242,1,,,
2026-04-30 18:45:00+00:00,83.05,83.05,83.05,83.05,83.05,0.0,0,,,
2026-04-30 19:00:00+00:00,83.03,83.03,83.03,83.03,83.03,0.28,1,,,
2026-04-30 19:15:00+00:00,83.12,83.12,83.12,83.12,83.12,0.279,1,,,
2026-04-30 19:30:00+00:00,83.18,83.23,83.16,83.23,83.23,1.683,11,,,
2026-04-30 19:45:00+00:00,83.15,83.16,83.1,83.1,83.1,10.837,4,,,
2026-04-30 20:00:00+00:00,83.1,83.1,83.1,83.1,83.1,0.0,0,,,
2026-04-30 20:15:00+00:00,83.1,83.1,83.1,83.1,83.1,0.0,0,,,
2026-04-30 20:30:00+00:00,83.09,83.16,83.05,83.12,83.12,10.799,13,,,
2026-04-30 20:45:00+00:00,83.12,83.12,83.04,83.04,83.04,2.227,2,,,
2026-04-30 21:00:00+00:00,83.06,83.11,83.06,83.11,83.11,2.444,5,,,
2026-04-30 21:15:00+00:00,82.99,82.99,82.98,82.98,82.98,2.309,3,,,
2026-04-30 21:30:00+00:00,83.02,83.02,83.02,83.02,83.02,0.241,1,,,
2026-04-30 21:45:00+00:00,82.96,82.96,82.87,82.87,82.87,2.171,4,,,
2026-04-30 22:00:00+00:00,82.93,82.93,82.79,82.83,82.83,0.754,5,,,
2026-04-30 22:15:00+00:00,82.96,82.96,82.93,82.93,82.93,0.143,3,,,
2026-04-30 22:30:00+00:00,82.96,82.97,82.79,82.79,82.79,0.892,4,,,
2026-04-30 22:45:00+00:00,82.86,82.86,82.79,82.79,82.79,0.109,2,,,
2026-04-30 23:00:00+00:00,82.9,82.9,82.86,82.86,82.86,0.11,2,,,
2026-04-30 23:15:00+00:00,82.86,82.86,82.86,82.86,82.86,0.0,0,,,
2026-04-30 23:30:00+00:00,82.86,82.86,82.86,82.86,82.86,0.0,0,,,
2026-04-30 23:45:00+00:00,83.06,83.06,83.06,83.06,83.06,28.0,1,,,
2026-05-01 00:00:00+00:00,83.09,83.27,83.09,83.27,83.27,9.196,8,,,
2026-05-01 00:15:00+00:00,83.28,83.29,83.28,83.29,83.29,0.133,2,,,
2026-05-01 00:30:00+00:00,83.29,83.29,83.29,83.29,83.29,0.0,0,,,
2026-05-01 00:45:00+00:00,83.16,83.16,83.15,83.15,83.15,15.4,2,,,
2026-05-01 01:00:00+00:00,83.38,83.38,83.38,83.38,83.38,0.408,1,,,
2026-05-01 01:15:00+00:00,83.3,83.3,83.3,83.3,83.3,3.62,1,,,
2026-05-01 01:30:00+00:00,83.34,83.49,83.34,83.49,83.49,3.098,4,,,
2026-05-01 01:45:00+00:00,83.5,83.56,83.5,83.56,83.56,1.482,3,,,
2026-05-01 02:00:00+00:00,83.56,83.56,83.56,83.56,83.56,2.4,1,,,
2026-05-01 02:15:00+00:00,83.5,83.5,83.49,83.49,83.49,6.5,2,,,
2026-05-01 02:30:00+00:00,83.49,83.49,83.49,83.49,83.49,0.0,0,,,
2026-05-01 02:45:00+00:00,83.52,83.77,83.52,83.73,83.73,32.759,8,,,
2026-05-01 03:00:00+00:00,83.6,83.6,83.6,83.6,83.6,0.323,1,,,
2026-05-01 03:15:00+00:00,83.62,84.28,83.62,84.11,84.11,17.256,16,,,
2026-05-01 03:30:00+00:00,84.15,84.15,83.98,83.98,83.98,0.492,2,,,
2026-05-01 03:45:00+00:00,83.98,83.98,83.98,83.98,83.98,0.0,0,,,
2026-05-01 04:00:00+00:00,83.89,83.92,83.89,83.92,83.92,1.912,2,,,
2026-05-01 04:15:00+00:00,83.75,83.75,83.73,83.73,83.73,0.801,2,,,
2026-05-01 04:30:00+00:00,83.73,83.73,83.73,83.73,83.73,0.0,0,,,
2026-05-01 04:45:00+00:00,83.84,83.84,83.84,83.84,83.84,8.441,1,,,
2026-05-01 05:00:00+00:00,83.98,84.15,83.98,84.15,84.15,9.142,6,,,
2026-05-01 05:15:00+00:00,84.15,84.15,84.15,84.15,84.15,0.0,0,,,
2026-05-01 05:30:00+00:00,84.15,84.15,84.15,84.15,84.15,0.0,0,,,
2026-05-01 05:45:00+00:00,84.1,84.14,84.07,84.09,84.09,123.193,7,,,
2026-05-01 06:00:00+00:00,84.09,84.09,84.09,84.09,84.09,0.0,0,,,
2026-05-01 06:15:00+00:00,84.09,84.09,84.09,84.09,84.09,0.0,0,,,
2026-05-01 06:30:00+00:00,84.05,84.05,83.87,83.87,83.87,14.235,3,,,
2026-05-01 06:45:00+00:00,83.89,83.92,83.71,83.92,83.92,2.113,7,,,
2026-05-01 07:00:00+00:00,83.92,83.92,83.92,83.92,83.92,0.0,0,,,
2026-05-01 07:15:00+00:00,83.69,83.69,83.69,83.69,83.69,0.019,1,,,
2026-05-01 07:30:00+00:00,83.68,83.85,83.68,83.76,83.76,29.099,11,,,
2026-05-01 07:45:00+00:00,83.89,83.89,83.89,83.89,83.89,1.738,1,,,
2026-05-01 08:00:00+00:00,83.98,84.1,83.98,84.1,84.1,1.304,5,,,
2026-05-01 08:15:00+00:00,84.15,84.23,84.15,84.17,84.17,395.998,21,,,
2026-05-01 08:30:00+00:00,84.17,84.17,84.17,84.17,84.17,0.0,0,,,
2026-05-01 08:45:00+00:00,84.11,84.11,84.11,84.11,84.11,0.209,1,,,
2026-05-01 09:00:00+00:00,84.07,84.07,84.07,84.07,84.07,0.154,1,,,
2026-05-01 09:15:00+00:00,83.98,83.98,83.98,83.98,83.98,0.439,2,,,
2026-05-01 09:30:00+00:00,84.02,84.02,84.0,84.0,84.0,0.615,3,,,
2026-05-01 09:45:00+00:00,84.0,84.0,84.0,84.0,84.0,0.0,0,,,
2026-05-01 10:00:00+00:00,83.87,83.87,83.73,83.73,83.73,14.204,5,,,
2026-05-01 10:15:00+00:00,83.77,84.0,83.76,84.0,84.0,19.951,7,,,
2026-05-01 10:30:00+00:00,83.83,83.83,83.83,83.83,83.83,0.012,1,,,
2026-05-01 10:45:00+00:00,83.91,83.91,83.91,83.91,83.91,15.19,1,,,
2026-05-01 11:00:00+00:00,83.91,83.91,83.91,83.91,83.91,0.0,0,,,
2026-05-01 11:15:00+00:00,83.91,83.91,83.91,83.91,83.91,0.0,0,,,
2026-05-01 11:30:00+00:00,83.91,83.91,83.91,83.91,83.91,0.0,0,,,
2026-05-01 11:45:00+00:00,83.91,83.91,83.91,83.91,83.91,0.0,0,,,
2026-05-01 12:00:00+00:00,83.95,83.96,83.95,83.96,83.96,28.208,2,,,
2026-05-01 12:15:00+00:00,84.18,84.38,84.18,84.38,84.38,9.876,8,,,
2026-05-01 12:30:00+00:00,84.48,84.48,84.39,84.42,84.42,1.798,3,,,
2026-05-01 12:45:00+00:00,84.42,84.42,84.42,84.42,84.42,0.0,0,,,
2026-05-01 13:00:00+00:00,84.48,84.49,84.48,84.49,84.49,0.764,2,,,
2026-05-01 13:15:00+00:00,84.45,84.45,84.4,84.4,84.4,0.238,2,,,
2026-05-01 13:30:00+00:00,84.4,84.4,84.4,84.4,84.4,0.0,0,,,
2026-05-01 13:45:00+00:00,84.3,84.8,84.3,84.65,84.65,33.789,12,,,
2026-05-01 14:00:00+00:00,84.48,84.67,84.48,84.67,84.67,5.114,4,,,
2026-05-01 14:15:00+00:00,84.42,84.42,84.23,84.23,84.23,5.888,8,,,
2026-05-01 14:30:00+00:00,83.98,83.98,83.98,83.98,83.98,0.301,1,,,
2026-05-01 14:45:00+00:00,84.23,84.29,84.21,84.21,84.21,88.236,4,,,
2026-05-01 15:00:00+00:00,84.21,84.21,84.21,84.21,84.21,0.0,0,,,
2026-05-01 15:15:00+00:00,84.3,84.3,84.3,84.3,84.3,0.118,1,,,
2026-05-01 15:30:00+00:00,84.47,84.51,84.47,84.51,84.51,0.975,3,,,
2026-05-01 15:45:00+00:00,84.23,84.23,84.19,84.19,84.19,0.982,3,,,
2026-05-01 16:00:00+00:00,84.48,84.57,84.48,84.57,84.57,1.122,4,,,
2026-05-01 16:15:00+00:00,84.23,84.37,84.23,84.23,84.23,26.909,5,,,
2026-05-01 16:30:00+00:00,84.23,84.23,84.23,84.23,84.23,0.0,0,,,
2026-05-01 16:45:00+00:00,84.23,84.23,84.23,84.23,84.23,0.0,0,,,
2026-05-01 17:00:00+00:00,83.98,83.98,83.94,83.94,83.94,0.399,2,,,
2026-05-01 17:15:00+00:00,83.94,83.94,83.94,83.94,83.94,0.0,0,,,
2026-05-01 17:30:00+00:00,84.14,84.18,84.14,84.15,84.15,3.045,3,,,
2026-05-01 17:45:00+00:00,84.23,84.23,84.23,84.23,84.23,0.301,1,,,
2026-05-01 18:00:00+00:00,84.14,84.2,84.14,84.2,84.2,0.448,2,,,
2026-05-01 18:15:00+00:00,84.27,84.27,84.12,84.12,84.12,27.443,3,,,
2026-05-01 18:30:00+00:00,84.12,84.12,84.12,84.12,84.12,0.0,0,,,
2026-05-01 18:45:00+00:00,84.04,84.04,84.02,84.02,84.02,0.291,3,,,
2026-05-01 19:00:00+00:00,83.98,83.98,83.98,83.98,83.98,0.301,1,,,
2026-05-01 19:15:00+00:00,83.95,83.95,83.92,83.92,83.92,3.367,2,,,
2026-05-01 19:30:00+00:00,83.88,83.88,83.84,83.87,83.87,120.67,5,,,
2026-05-01 19:45:00+00:00,83.87,83.87,83.87,83.87,83.87,0.0,0,,,
2026-05-01 20:00:00+00:00,83.87,83.87,83.87,83.87,83.87,0.484,2,,,
2026-05-01 20:15:00+00:00,83.83,83.83,83.73,83.73,83.73,4.009,5,,,
2026-05-01 20:30:00+00:00,83.7,83.7,83.62,83.62,83.62,3.253,3,,,
2026-05-01 20:45:00+00:00,83.55,83.55,83.37,83.47,83.47,115.599,13,,,
2026-05-01 21:00:00+00:00,83.44,83.57,83.44,83.57,83.57,4.211,4,,,
2026-05-01 21:15:00+00:00,83.55,83.61,83.55,83.61,83.61,2.343,2,,,
2026-05-01 21:30:00+00:00,83.73,83.8,83.73,83.8,83.8,0.988,4,,,
2026-05-01 21:45:00+00:00,83.8,83.8,83.8,83.8,83.8,0.0,0,,,
2026-05-01 22:00:00+00:00,83.77,83.78,83.71,83.71,83.71,119.561,10,,,
2026-05-01 22:15:00+00:00,83.82,83.82,83.82,83.82,83.82,3.216,2,,,
2026-05-01 22:30:00+00:00,83.74,83.74,83.74,83.74,83.74,0.15,1,,,
2026-05-01 22:45:00+00:00,83.74,83.74,83.74,83.74,83.74,0.0,0,,,
2026-05-01 23:00:00+00:00,83.72,83.72,83.72,83.72,83.72,0.194,3,,,
2026-05-01 23:15:00+00:00,83.88,83.88,83.74,83.74,83.74,6.45,3,,,
2026-05-01 23:30:00+00:00,83.74,83.74,83.74,83.74,83.74,0.0,0,,,
2026-05-01 23:45:00+00:00,83.74,83.74,83.74,83.74,83.74,0.0,0,,,
2026-05-02 00:00:00+00:00,83.69,83.69,83.69,83.69,83.69,0.289,2,,,
2026-05-02 00:15:00+00:00,83.63,83.68,83.62,83.68,83.68,0.414,6,,,
2026-05-02 00:30:00+00:00,83.58,83.58,83.49,83.49,83.49,13.689,4,,,
2026-05-02 00:45:00+00:00,83.75,83.81,83.75,83.78,83.78,3.091,6,,,
2026-05-02 01:00:00+00:00,83.86,83.86,83.86,83.86,83.86,1.999,1,,,
2026-05-02 01:15:00+00:00,83.82,83.82,83.79,83.79,83.79,3.849,2,,,
2026-05-02 01:30:00+00:00,83.79,83.79,83.79,83.79,83.79,0.0,0,,,
2026-05-02 01:45:00+00:00,83.98,84.02,83.98,84.02,84.02,0.84,3,,,
2026-05-02 02:00:00+00:00,84.03,84.15,84.0,84.01,84.01,23.174,9,,,
2026-05-02 02:15:00+00:00,83.99,83.99,83.94,83.94,83.94,0.272,2,,,
2026-05-02 02:30:00+00:00,83.95,83.96,83.95,83.96,83.96,0.209,2,,,
2026-05-02 02:45:00+00:00,84.06,84.06,84.06,84.06,84.06,6.606,2,,,
2026-05-02 03:00:00+00:00,83.75,83.75,83.73,83.73,83.73,0.56,2,,,
2026-05-02 03:15:00+00:00,83.73,83.73,83.73,83.73,83.73,0.0,0,,,
2026-05-02 03:30:00+00:00,83.84,83.84,83.84,83.84,83.84,4.586,1,,,
2026-05-02 03:45:00+00:00,83.84,83.84,83.84,83.84,83.84,0.143,1,,,
2026-05-02 04:00:00+00:00,83.8,83.8,83.68,83.7,83.7,37.681,10,,,
2026-05-02 04:15:00+00:00,83.7,83.7,83.7,83.7,83.7,30.46,1,,,
2026-05-02 04:30:00+00:00,83.7,83.7,83.7,83.7,83.7,0.0,0,,,
2026-05-02 04:45:00+00:00,83.68,83.69,83.67,83.67,83.67,298.792,17,,,
2026-05-02 05:00:00+00:00,83.65,83.65,83.6,83.6,83.6,1.218,4,,,
2026-05-02 05:15:00+00:00,83.62,83.62,83.62,83.62,83.62,0.299,2,,,
2026-05-02 05:30:00+00:00,83.62,83.62,83.62,83.62,83.62,0.0,0,,,
2026-05-02 05:45:00+00:00,83.72,83.74,83.72,83.74,83.74,0.528,2,,,
2026-05-02 06:00:00+00:00,83.75,83.75,83.75,83.75,83.75,0.036,1,,,
2026-05-02 06:15:00+00:00,83.75,83.75,83.75,83.75,83.75,0.0,0,,,
2026-05-02 06:30:00+00:00,83.66,83.66,83.66,83.66,83.66,0.21,1,,,
2026-05-02 06:45:00+00:00,83.66,83.66,83.66,83.66,83.66,0.0,0,,,
2026-05-02 07:00:00+00:00,83.66,83.66,83.66,83.66,83.66,0.0,0,,,
2026-05-02 07:15:00+00:00,83.66,83.66,83.66,83.66,83.66,0.0,0,,,
2026-05-02 07:30:00+00:00,83.66,83.66,83.66,83.66,83.66,0.0,0,,,
2026-05-02 07:45:00+00:00,83.71,83.71,83.71,83.71,83.71,3.885,2,,,
2026-05-02 08:00:00+00:00,83.71,83.71,83.71,83.71,83.71,0.0,0,,,
2026-05-02 08:15:00+00:00,83.7,83.7,83.7,83.7,83.7,0.45,1,,,
2026-05-02 08:30:00+00:00,83.7,83.7,83.7,83.7,83.7,0.0,0,,,
2026-05-02 08:45:00+00:00,83.7,83.7,83.7,83.7,83.7,0.0,0,,,
2026-05-02 09:00:00+00:00,83.7,83.7,83.7,83.7,83.7,0.0,0,,,
2026-05-02 09:15:00+00:00,83.9,83.92,83.9,83.92,83.92,0.199,2,,,
2026-05-02 09:30:00+00:00,83.98,84.0,83.98,84.0,84.0,359.301,23,,,
2026-05-02 09:45:00+00:00,84.08,84.1,84.07,84.07,84.07,6.838,3,,,
2026-05-02 10:00:00+00:00,83.99,83.99,83.99,83.99,83.99,0.062,1,,,
2026-05-02 10:15:00+00:00,83.92,83.92,83.92,83.92,83.92,0.121,1,,,
2026-05-02 10:30:00+00:00,83.92,83.92,83.92,83.92,83.92,0.0,0,,,
2026-05-02 10:45:00+00:00,83.93,83.93,83.93,83.93,83.93,0.049,1,,,
2026-05-02 11:00:00+00:00,83.83,83.83,83.83,83.83,83.83,6.0,1,,,
2026-05-02 11:15:00+00:00,83.82,83.82,83.82,83.82,83.82,1.99,1,,,
2026-05-02 11:30:00+00:00,83.75,83.75,83.54,83.72,83.72,1.222,6,,,
2026-05-02 11:45:00+00:00,83.68,83.68,83.68,83.68,83.68,0.126,1,,,
2026-05-02 12:00:00+00:00,83.8,83.8,83.74,83.74,83.74,0.093,2,,,
2026-05-02 12:15:00+00:00,83.85,84.0,83.85,84.0,84.0,0.884,3,,,
2026-05-02 12:30:00+00:00,84.06,84.06,83.79,83.88,83.88,76.044,6,,,
2026-05-02 12:45:00+00:00,83.93,83.93,83.88,83.88,83.88,5.057,3,,,
2026-05-02 13:00:00+00:00,83.88,83.88,83.88,83.88,83.88,0.0,0,,,
2026-05-02 13:15:00+00:00,83.88,83.88,83.88,83.88,83.88,0.0,0,,,
2026-05-02 13:30:00+00:00,83.94,83.94,83.82,83.82,83.82,100.107,15,,,
2026-05-02 13:45:00+00:00,83.82,83.82,83.82,83.82,83.82,0.0,0,,,
2026-05-02 14:00:00+00:00,83.91,83.91,83.91,83.91,83.91,0.154,1,,,
2026-05-02 14:15:00+00:00,83.94,83.94,83.94,83.94,83.94,0.074,1,,,
2026-05-02 14:30:00+00:00,83.94,83.94,83.94,83.94,83.94,0.0,0,,,
2026-05-02 14:45:00+00:00,83.94,83.94,83.94,83.94,83.94,0.0,0,,,
2026-05-02 15:00:00+00:00,83.94,83.94,83.94,83.94,83.94,0.0,0,,,
2026-05-02 15:15:00+00:00,83.94,83.94,83.94,83.94,83.94,0.0,0,,,
2026-05-02 15:30:00+00:00,83.94,83.94,83.94,83.94,83.94,0.0,0,,,
2026-05-02 15:45:00+00:00,83.95,83.95,83.95,83.95,83.95,2.282,1,,,
2026-05-02 16:00:00+00:00,83.95,83.95,83.95,83.95,83.95,0.0,0,,,
2026-05-02 16:15:00+00:00,84.14,84.14,84.13,84.13,84.13,0.231,2,,,
2026-05-02 16:30:00+00:00,84.12,84.12,84.12,84.12,84.12,0.062,1,,,
2026-05-02 16:45:00+00:00,84.19,84.19,84.19,84.19,84.19,0.716,2,,,
2026-05-02 17:00:00+00:00,84.12,84.12,84.12,84.12,84.12,0.12,1,,,
2026-05-02 17:15:00+00:00,84.08,84.09,84.08,84.08,84.08,0.817,3,,,
2026-05-02 17:30:00+00:00,84.08,84.08,84.08,84.08,84.08,0.0,0,,,
2026-05-02 17:45:00+00:00,84.04,84.04,84.04,84.04,84.04,0.448,1,,,
2026-05-02 18:00:00+00:00,84.01,84.02,84.0,84.0,84.0,1.731,4,,,
2026-05-02 18:15:00+00:00,84.11,84.11,84.11,84.11,84.11,0.142,1,,,
2026-05-02 18:30:00+00:00,84.11,84.11,84.11,84.11,84.11,0.0,0,,,
2026-05-02 18:45:00+00:00,84.19,84.2,84.19,84.2,84.2,1.187,3,,,
2026-05-02 19:00:00+00:00,84.22,84.25,84.22,84.25,84.25,0.904,3,,,
2026-05-02 19:15:00+00:00,84.25,84.25,84.25,84.25,84.25,0.0,0,,,
2026-05-02 19:30:00+00:00,84.25,84.25,84.25,84.25,84.25,0.0,0,,,
2026-05-02 19:45:00+00:00,84.25,84.25,84.25,84.25,84.25,0.0,0,,,
2026-05-02 20:00:00+00:00,84.19,84.19,84.19,84.19,84.19,0.12,1,,,
2026-05-02 20:15:00+00:00,84.19,84.19,84.19,84.19,84.19,0.0,0,,,
2026-05-02 20:30:00+00:00,84.19,84.19,84.19,84.19,84.19,0.0,0,,,
2026-05-02 20:45:00+00:00,84.19,84.19,84.19,84.19,84.19,0.0,0,,,
2026-05-02 21:00:00+00:00,84.19,84.19,84.19,84.19,84.19,0.0,0,,,
2026-05-02 21:15:00+00:00,84.29,84.29,84.29,84.29,84.29,3.694,2,,,
2026-05-02 21:30:00+00:00,84.32,84.91,84.32,84.66,84.66,18.176,16,,,
2026-05-02 21:45:00+00:00,84.72,84.82,84.72,84.75,84.75,38.651,7,,,
2026-05-02 22:00:00+00:00,84.65,84.65,84.42,84.42,84.42,13.304,3,,,
2026-05-02 22:15:00+00:00,84.26,84.29,84.09,84.28,84.28,81.227,22,,,
2026-05-02 22:30:00+00:00,84.28,84.38,84.28,84.38,84.38,110.736,4,,,
2026-05-02 22:45:00+00:00,84.33,84.5,84.33,84.49,84.49,582.617,28,,,
2026-05-02 23:00:00+00:00,84.36,84.36,84.36,84.36,84.36,0.152,1,,,
2026-05-02 23:15:00+00:00,84.36,84.36,84.36,84.36,84.36,0.0,0,,,
2026-05-02 23:30:00+00:00,84.36,84.36,84.36,84.36,84.36,0.0,0,,,
2026-05-02 23:45:00+00:00,84.35,84.44,84.24,84.29,84.29,23.178,8,,,
2026-05-03 00:00:00+00:00,84.23,84.23,84.0,84.0,84.0,6.59,4,,,
2026-05-03 00:15:00+00:00,83.98,84.13,83.9,84.12,84.12,33.049,13,,,
2026-05-03 00:30:00+00:00,84.12,84.12,84.12,84.12,84.12,0.0,0,,,
2026-05-03 00:45:00+00:00,84.05,84.05,84.05,84.05,84.05,0.241,1,,,
2026-05-03 01:00:00+00:00,83.9,83.97,83.9,83.97,83.97,357.809,7,,,
2026-05-03 01:15:00+00:00,83.91,83.91,83.87,83.87,83.87,0.527,3,,,
2026-05-03 01:30:00+00:00,83.8,83.8,83.78,83.78,83.78,37.168,4,,,
2026-05-03 01:45:00+00:00,83.84,83.84,83.84,83.84,83.84,0.242,1,,,
2026-05-03 02:00:00+00:00,83.75,83.82,83.7,83.7,83.7,113.462,15,,,
2026-05-03 02:15:00+00:00,83.7,83.7,83.7,83.7,83.7,0.0,0,,,
2026-05-03 02:30:00+00:00,83.71,83.71,83.71,83.71,83.71,0.287,2,,,
2026-05-03 02:45:00+00:00,83.7,83.7,83.7,83.7,83.7,0.287,1,,,
2026-05-03 03:00:00+00:00,83.67,83.67,83.62,83.62,83.62,1.408,4,,,
2026-05-03 03:15:00+00:00,83.62,83.62,83.62,83.62,83.62,0.0,0,,,
2026-05-03 03:30:00+00:00,83.7,83.7,83.64,83.64,83.64,0.259,2,,,
2026-05-03 03:45:00+00:00,83.68,83.68,83.68,83.68,83.68,0.242,1,,,
2026-05-03 04:00:00+00:00,83.67,83.67,83.66,83.66,83.66,0.31,2,,,
2026-05-03 04:15:00+00:00,83.67,83.67,83.67,83.67,83.67,1.5,1,,,
2026-05-03 04:30:00+00:00,83.67,83.67,83.67,83.67,83.67,0.0,0,,,
2026-05-03 04:45:00+00:00,83.67,83.67,83.67,83.67,83.67,0.0,0,,,
2026-05-03 05:00:00+00:00,83.79,83.79,83.79,83.79,83.79,0.033,1,,,
2026-05-03 05:15:00+00:00,83.79,83.79,83.79,83.79,83.79,0.0,0,,,
2026-05-03 05:30:00+00:00,83.79,83.79,83.79,83.79,83.79,0.0,0,,,
2026-05-03 05:45:00+00:00,83.74,83.75,83.74,83.75,83.75,0.21,2,,,
2026-05-03 06:00:00+00:00,83.69,83.73,83.69,83.71,83.71,1.319,3,,,
2026-05-03 06:15:00+00:00,83.67,83.67,83.67,83.67,83.67,0.12,1,,,
2026-05-03 06:30:00+00:00,83.64,83.64,83.64,83.64,83.64,0.329,2,,,
2026-05-03 06:45:00+00:00,83.64,83.64,83.64,83.64,83.64,0.0,0,,,
2026-05-03 07:00:00+00:00,83.9,83.96,83.9,83.96,83.96,0.647,6,,,
2026-05-03 07:15:00+00:00,83.96,83.96,83.96,83.96,83.96,0.0,0,,,
2026-05-03 07:30:00+00:00,83.97,83.98,83.97,83.98,83.98,0.669,3,,,
2026-05-03 07:45:00+00:00,83.9,83.9,83.9,83.9,83.9,2.231,1,,,
2026-05-03 08:00:00+00:00,83.9,83.9,83.9,83.9,83.9,0.0,0,,,
2026-05-03 08:15:00+00:00,83.9,83.9,83.9,83.9,83.9,0.0,0,,,
2026-05-03 08:30:00+00:00,83.88,83.88,83.86,83.86,83.86,2.129,3,,,
2026-05-03 08:45:00+00:00,83.86,83.86,83.86,83.86,83.86,0.0,0,,,
2026-05-03 09:00:00+00:00,83.86,83.86,83.86,83.86,83.86,0.0,0,,,
2026-05-03 09:15:00+00:00,83.9,84.01,83.9,84.01,84.01,2.533,3,,,
2026-05-03 09:30:00+00:00,84.01,84.01,84.01,84.01,84.01,0.0,0,,,
2026-05-03 09:45:00+00:00,84.01,84.01,84.01,84.01,84.01,0.0,0,,,
2026-05-03 10:00:00+00:00,83.98,83.98,83.98,83.98,83.98,2.345,1,,,
2026-05-03 10:15:00+00:00,83.98,83.98,83.98,83.98,83.98,0.0,0,,,
2026-05-03 10:30:00+00:00,83.98,83.98,83.98,83.98,83.98,0.0,0,,,
2026-05-03 10:45:00+00:00,83.98,83.98,83.98,83.98,83.98,0.0,0,,,
2026-05-03 11:00:00+00:00,83.82,83.98,83.82,83.98,83.98,0.204,2,,,
2026-05-03 11:15:00+00:00,83.9,83.9,83.9,83.9,83.9,0.121,1,,,
2026-05-03 11:30:00+00:00,83.88,84.1,83.88,84.1,84.1,0.258,2,,,
2026-05-03 11:45:00+00:00,84.05,84.05,84.04,84.04,84.04,6.48,2,,,
2026-05-03 12:00:00+00:00,84.19,84.2,84.19,84.2,84.2,30.29,4,,,
2026-05-03 12:15:00+00:00,84.17,84.17,84.17,84.17,84.17,0.112,1,,,
2026-05-03 12:30:00+00:00,84.17,84.17,84.17,84.17,84.17,0.0,0,,,
2026-05-03 12:45:00+00:00,84.17,84.17,84.17,84.17,84.17,0.0,0,,,
2026-05-03 13:00:00+00:00,84.1,84.1,84.1,84.1,84.1,0.174,1,,,
2026-05-03 13:15:00+00:00,84.07,84.07,84.07,84.07,84.07,0.081,1,,,
2026-05-03 13:30:00+00:00,84.14,84.14,84.04,84.04,84.04,0.391,5,,,
2026-05-03 13:45:00+00:00,84.04,84.04,84.04,84.04,84.04,0.0,0,,,
2026-05-03 14:00:00+00:00,84.14,84.19,84.14,84.19,84.19,328.413,16,,,
2026-05-03 14:15:00+00:00,84.2,84.29,84.2,84.29,84.29,1.239,7,,,
2026-05-03 14:30:00+00:00,84.29,84.29,84.29,84.29,84.29,0.0,0,,,
2026-05-03 14:45:00+00:00,84.35,84.35,84.35,84.35,84.35,0.112,1,,,
2026-05-03 15:00:00+00:00,84.42,84.42,84.42,84.42,84.42,1.14,1,,,
2026-05-03 15:15:00+00:00,84.32,84.32,84.32,84.32,84.32,0.062,1,,,
2026-05-03 15:30:00+00:00,84.27,84.27,84.27,84.27,84.27,0.077,1,,,
2026-05-03 15:45:00+00:00,84.22,84.22,84.17,84.17,84.17,0.124,2,,,
2026-05-03 16:00:00+00:00,84.09,84.09,84.06,84.06,84.06,0.493,3,,,
2026-05-03 16:15:00+00:00,84.16,84.16,84.16,84.16,84.16,0.054,1,,,
2026-05-03 16:30:00+00:00,84.22,84.22,84.22,84.22,84.22,0.165,1,,,
2026-05-03 16:45:00+00:00,84.22,84.22,84.22,84.22,84.22,0.0,0,,,
2026-05-03 17:00:00+00:00,84.02,84.09,84.02,84.09,84.09,0.31,3,,,
2026-05-03 17:15:00+00:00,84.28,84.28,84.25,84.25,84.25,0.8,2,,,
2026-05-03 17:30:00+00:00,84.23,84.23,84.23,84.23,84.23,0.094,1,,,
2026-05-03 17:45:00+00:00,84.22,84.22,84.22,84.22,84.22,0.062,1,,,
2026-05-03 18:00:00+00:00,84.21,84.21,84.21,84.21,84.21,0.186,1,,,
2026-05-03 18:15:00+00:00,84.18,84.18,84.18,84.18,84.18,0.224,1,,,
2026-05-03 18:30:00+00:00,84.18,84.18,84.18,84.18,84.18,0.0,0,,,
2026-05-03 18:45:00+00:00,84.18,84.18,84.18,84.18,84.18,0.0,0,,,
2026-05-03 19:00:00+00:00,84.28,84.28,84.28,84.28,84.28,0.13,1,,,
2026-05-03 19:15:00+00:00,84.28,84.28,84.28,84.28,84.28,0.0,0,,,
2026-05-03 19:30:00+00:00,84.3,84.4,84.3,84.4,84.4,129.643,10,,,
2026-05-03 19:45:00+00:00,84.4,84.4,84.4,84.4,84.4,0.0,0,,,
2026-05-03 20:00:00+00:00,84.4,84.4,84.4,84.4,84.4,0.0,0,,,
2026-05-03 20:15:00+00:00,84.48,84.5,84.48,84.5,84.5,1.551,3,,,
2026-05-03 20:30:00+00:00,84.5,84.5,84.5,84.5,84.5,0.0,0,,,
2026-05-03 20:45:00+00:00,84.35,84.35,84.35,84.35,84.35,0.164,1,,,
2026-05-03 21:00:00+00:00,84.35,84.35,84.35,84.35,84.35,0.0,0,,,
2026-05-03 21:15:00+00:00,84.35,84.35,84.35,84.35,84.35,0.0,0,,,
2026-05-03 21:30:00+00:00,84.33,84.37,83.95,83.95,83.95,47.131,13,,,
2026-05-03 21:45:00+00:00,83.99,84.09,83.92,84.09,84.09,0.424,3,,,
2026-05-03 22:00:00+00:00,84.15,84.75,84.15,84.75,84.75,21.162,13,,,
2026-05-03 22:15:00+00:00,84.83,84.9,84.53,84.53,84.53,49.25,12,,,
2026-05-03 22:30:00+00:00,84.59,84.74,84.48,84.74,84.74,1.298,15,,,
2026-05-03 22:45:00+00:00,84.74,84.83,84.64,84.65,84.65,1.05,12,,,
2026-05-03 23:00:00+00:00,84.66,84.66,84.55,84.55,84.55,1.423,3,,,
2026-05-03 23:15:00+00:00,84.5,84.5,84.0,84.0,84.0,2.206,6,,,
2026-05-03 23:30:00+00:00,84.06,84.14,83.98,83.98,83.98,1.438,18,,,
2026-05-03 23:45:00+00:00,83.93,83.99,83.86,83.88,83.88,75.165,28,,,
2026-05-04 00:00:00+00:00,83.85,83.85,83.65,83.71,83.71,365.406,36,,,
2026-05-04 00:15:00+00:00,83.75,83.76,83.36,83.47,83.47,117.85,29,,,
2026-05-04 00:30:00+00:00,83.44,83.5,83.44,83.5,83.5,0.537,3,,,
2026-05-04 00:45:00+00:00,83.52,83.81,83.52,83.81,83.81,1.184,6,,,
2026-05-04 01:00:00+00:00,83.85,83.85,83.85,83.85,83.85,0.248,2,,,
2026-05-04 01:15:00+00:00,83.65,83.65,83.48,83.48,83.48,0.851,4,,,
2026-05-04 01:30:00+00:00,83.73,84.38,83.72,84.02,84.02,364.954,35,,,
2026-05-04 01:45:00+00:00,84.06,84.9,84.02,84.75,84.75,546.296,57,,,
2026-05-04 02:00:00+00:00,84.91,85.22,84.81,84.99,84.99,165.059,60,,,
2026-05-04 02:15:00+00:00,85.07,85.14,84.83,85.0,85.0,3.816,17,,,
2026-05-04 02:30:00+00:00,85.07,85.61,85.07,85.52,85.52,299.422,34,,,
2026-05-04 02:45:00+00:00,85.51,85.53,85.25,85.25,85.25,2.075,9,,,
2026-05-04 03:00:00+00:00,85.32,85.52,85.22,85.52,85.52,6.118,16,,,
2026-05-04 03:15:00+00:00,85.48,85.51,85.26,85.28,85.28,0.65,14,,,
2026-05-04 03:30:00+00:00,85.29,85.33,85.13,85.19,85.19,43.179,21,,,
2026-05-04 03:45:00+00:00,85.2,85.39,85.2,85.39,85.39,80.479,19,,,
2026-05-04 04:00:00+00:00,85.41,85.51,85.39,85.51,85.51,1.55,18,,,
2026-05-04 04:15:00+00:00,85.52,85.73,85.48,85.66,85.66,210.598,30,,,
2026-05-04 04:30:00+00:00,85.75,85.85,85.74,85.78,85.78,13.984,20,,,
2026-05-04 04:45:00+00:00,85.81,85.82,85.71,85.71,85.71,6.557,15,,,
2026-05-04 05:00:00+00:00,85.77,85.78,85.55,85.61,85.61,35.491,18,,,
2026-05-04 05:15:00+00:00,85.65,85.65,85.39,85.39,85.39,1.537,15,,,
2026-05-04 05:30:00+00:00,85.41,85.5,85.34,85.46,85.46,40.051,18,,,
2026-05-04 05:45:00+00:00,85.47,85.47,85.35,85.38,85.38,0.6,12,,,
2026-05-04 06:00:00+00:00,85.39,85.39,85.2,85.27,85.27,2.048,15,,,
2026-05-04 06:15:00+00:00,85.24,85.24,84.58,84.73,84.73,33.505,31,,,
2026-05-04 06:30:00+00:00,84.77,84.8,84.61,84.72,84.72,20.532,18,,,
2026-05-04 06:45:00+00:00,84.82,84.94,84.82,84.9,84.9,1.974,17,,,
2026-05-04 07:00:00+00:00,84.78,84.97,84.78,84.95,84.95,0.6,12,,,
2026-05-04 07:15:00+00:00,84.97,84.97,84.82,84.82,84.82,0.726,12,,,
2026-05-04 07:30:00+00:00,84.84,84.84,84.7,84.84,84.84,18.801,18,,,
2026-05-04 07:45:00+00:00,84.82,84.96,84.82,84.86,84.86,0.65,13,,,
2026-05-04 08:00:00+00:00,84.84,84.85,84.63,84.85,84.85,1.094,14,,,
2026-05-04 08:15:00+00:00,84.82,84.82,84.65,84.79,84.79,60.12,18,,,
2026-05-04 08:30:00+00:00,84.82,84.86,84.74,84.74,84.74,0.782,15,,,
2026-05-04 08:45:00+00:00,84.77,84.88,84.73,84.81,84.81,0.65,13,,,
2026-05-04 09:00:00+00:00,84.71,84.82,84.7,84.75,84.75,0.3,6,,,
2026-05-04 09:15:00+00:00,84.75,84.75,84.75,84.75,84.75,0.0,0,,,
2026-05-04 09:30:00+00:00,84.89,85.13,84.89,85.13,85.13,2.486,6,,,
2026-05-04 09:45:00+00:00,85.05,85.05,85.03,85.03,85.03,0.577,2,,,
2026-05-04 10:00:00+00:00,84.75,84.75,83.71,83.79,83.79,135.797,45,,,
2026-05-04 10:15:00+00:00,83.48,83.48,83.31,83.31,83.31,363.402,23,,,
2026-05-04 10:30:00+00:00,83.57,84.12,83.57,84.09,84.09,57.142,21,,,
2026-05-04 10:45:00+00:00,84.09,84.09,84.09,84.09,84.09,0.0,0,,,
2026-05-04 11:00:00+00:00,84.05,84.05,84.0,84.0,84.0,359.848,7,,,
2026-05-04 11:15:00+00:00,84.04,84.04,84.04,84.04,84.04,0.736,2,,,
2026-05-04 11:30:00+00:00,83.88,83.88,83.88,83.88,83.88,0.242,1,,,
2026-05-04 11:45:00+00:00,83.88,83.88,83.88,83.88,83.88,0.0,0,,,
2026-05-04 12:00:00+00:00,83.94,83.94,83.93,83.93,83.93,6.121,2,,,
2026-05-04 12:15:00+00:00,83.93,83.93,83.93,83.93,83.93,0.0,0,,,
2026-05-04 12:30:00+00:00,83.93,83.93,83.93,83.93,83.93,0.0,0,,,
2026-05-04 12:45:00+00:00,84.01,84.01,84.0,84.0,84.0,121.614,5,,,
2026-05-04 13:00:00+00:00,83.73,84.02,83.73,84.02,84.02,13.033,3,,,
2026-05-04 13:15:00+00:00,84.09,84.09,84.09,84.09,84.09,0.1,1,,,
2026-05-04 13:30:00+00:00,84.11,84.27,84.11,84.13,84.13,240.488,24,,,
2026-05-04 13:45:00+00:00,84.1,84.17,83.98,83.99,83.99,448.331,38,,,
2026-05-04 14:00:00+00:00,83.98,84.24,83.82,84.24,84.24,555.985,35,,,
2026-05-04 14:15:00+00:00,84.2,84.66,84.2,84.66,84.66,504.806,26,,,
2026-05-04 14:30:00+00:00,84.74,84.75,84.74,84.75,84.75,1.301,3,,,
2026-05-04 14:45:00+00:00,84.81,85.25,84.81,84.96,84.96,17.907,19,,,
2026-05-04 15:00:00+00:00,85.01,85.1,84.76,84.76,84.76,6.613,5,,,
2026-05-04 15:15:00+00:00,84.75,84.76,84.05,84.53,84.53,170.496,32,,,
2026-05-04 15:30:00+00:00,84.4,84.48,84.23,84.46,84.46,53.818,12,,,
2026-05-04 15:45:00+00:00,84.55,84.55,84.2,84.51,84.51,16.438,12,,,
2026-05-04 16:00:00+00:00,84.52,84.52,84.14,84.26,84.26,170.012,11,,,
2026-05-04 16:15:00+00:00,84.48,84.74,84.48,84.7,84.7,7.012,12,,,
2026-05-04 16:30:00+00:00,84.48,84.57,84.48,84.57,84.57,16.41,3,,,
2026-05-04 16:45:00+00:00,84.57,84.57,84.57,84.57,84.57,0.0,0,,,
2026-05-04 17:00:00+00:00,84.74,84.89,84.74,84.89,84.89,18.197,4,,,
2026-05-04 17:15:00+00:00,84.92,84.96,84.92,84.96,84.96,3.589,4,,,
2026-05-04 17:30:00+00:00,84.71,84.74,84.71,84.74,84.74,2.561,3,,,
2026-05-04 17:45:00+00:00,84.98,85.15,84.98,85.15,85.15,5.686,9,,,
2026-05-04 18:00:00+00:00,85.15,85.15,85.15,85.15,85.15,0.0,0,,,
2026-05-04 18:15:00+00:00,84.81,84.81,84.81,84.81,84.81,1.977,1,,,
2026-05-04 18:30:00+00:00,84.77,84.77,84.77,84.77,84.77,5.898,1,,,
2026-05-04 18:45:00+00:00,84.74,84.74,84.62,84.62,84.62,0.957,4,,,
2026-05-04 19:00:00+00:00,84.72,84.72,84.68,84.68,84.68,0.766,3,,,
2026-05-04 19:15:00+00:00,84.48,84.48,84.48,84.48,84.48,0.301,1,,,
2026-05-04 19:30:00+00:00,84.45,84.45,84.4,84.4,84.4,0.701,3,,,
2026-05-04 19:45:00+00:00,84.44,84.44,84.39,84.39,84.39,18.712,2,,,
2026-05-04 20:00:00+00:00,84.3,84.3,84.3,84.3,84.3,0.508,2,,,
2026-05-04 20:15:00+00:00,84.35,84.35,84.2,84.25,84.25,1.535,4,,,
2026-05-04 20:30:00+00:00,84.1,84.1,84.1,84.1,84.1,29.726,1,,,
2026-05-04 20:45:00+00:00,84.1,84.1,84.1,84.1,84.1,0.285,1,,,
2026-05-04 21:00:00+00:00,84.1,84.1,84.1,84.1,84.1,0.0,0,,,
2026-05-04 21:15:00+00:00,84.28,84.28,84.28,84.28,84.28,2.378,2,,,
2026-05-04 21:30:00+00:00,84.4,84.4,84.4,84.4,84.4,0.118,1,,,
2026-05-04 21:45:00+00:00,84.46,84.46,84.46,84.46,84.46,2.367,1,,,
2026-05-04 22:00:00+00:00,84.48,84.49,84.48,84.49,84.49,0.494,2,,,
2026-05-04 22:15:00+00:00,84.49,84.49,84.49,84.49,84.49,0.0,0,,,
2026-05-04 22:30:00+00:00,84.23,84.23,84.23,84.23,84.23,0.301,1,,,
2026-05-04 22:45:00+00:00,84.26,84.26,84.26,84.26,84.26,0.257,2,,,
2026-05-04 23:00:00+00:00,84.19,84.23,84.19,84.23,84.23,356.167,14,,,
2026-05-04 23:15:00+00:00,84.23,84.23,84.23,84.23,84.23,0.0,0,,,
2026-05-04 23:30:00+00:00,84.08,84.09,84.08,84.09,84.09,9.911,2,,,
2026-05-04 23:45:00+00:00,84.09,84.09,84.09,84.09,84.09,0.0,0,,,
2026-05-05 00:00:00+00:00,84.1,84.17,84.1,84.17,84.17,0.161,2,,,
2026-05-05 00:15:00+00:00,84.1,84.1,84.1,84.1,84.1,7.049,1,,,
2026-05-05 00:30:00+00:00,84.1,84.1,84.1,84.1,84.1,0.0,0,,,
2026-05-05 00:45:00+00:00,84.25,84.31,84.25,84.31,84.31,0.755,3,,,
2026-05-05 01:00:00+00:00,84.31,84.31,84.31,84.31,84.31,0.0,0,,,
2026-05-05 01:15:00+00:00,84.31,84.31,84.31,84.31,84.31,0.0,0,,,
2026-05-05 01:30:00+00:00,84.31,84.31,84.31,84.31,84.31,0.0,0,,,
2026-05-05 01:45:00+00:00,84.41,84.44,84.39,84.39,84.39,2.233,3,,,
2026-05-05 02:00:00+00:00,84.42,84.52,84.42,84.52,84.52,358.323,26,,,
2026-05-05 02:15:00+00:00,84.58,84.6,84.57,84.6,84.6,10.651,3,,,
2026-05-05 02:30:00+00:00,84.64,84.73,84.64,84.73,84.73,2.518,3,,,
2026-05-05 02:45:00+00:00,84.74,84.74,84.46,84.49,84.49,3.105,5,,,
2026-05-05 03:00:00+00:00,84.48,84.55,84.42,84.55,84.55,28.023,10,,,
2026-05-05 03:15:00+00:00,84.58,84.69,84.58,84.69,84.69,12.278,5,,,
2026-05-05 03:30:00+00:00,84.74,84.86,84.74,84.85,84.85,10.636,7,,,
2026-05-05 03:45:00+00:00,84.85,84.85,84.85,84.85,84.85,0.0,0,,,
2026-05-05 04:00:00+00:00,84.82,84.82,84.72,84.72,84.72,238.505,16,,,
2026-05-05 04:15:00+00:00,84.73,84.85,84.7,84.85,84.85,36.237,7,,,
2026-05-05 04:30:00+00:00,84.85,84.85,84.85,84.85,84.85,0.0,0,,,
2026-05-05 04:45:00+00:00,84.83,84.83,84.83,84.83,84.83,11.788,2,,,
2026-05-05 05:00:00+00:00,84.88,84.88,84.88,84.88,84.88,11.788,1,,,
2026-05-05 05:15:00+00:00,84.88,84.95,84.88,84.93,84.93,2.659,4,,,
2026-05-05 05:30:00+00:00,84.95,85.09,84.9,84.95,84.95,2.579,17,,,
2026-05-05 05:45:00+00:00,84.89,85.07,84.86,84.92,84.92,30.7,15,,,
2026-05-05 06:00:00+00:00,84.92,84.92,84.79,84.88,84.88,1.215,12,,,
2026-05-05 06:15:00+00:00,84.77,84.78,84.63,84.63,84.63,6.035,8,,,
2026-05-05 06:30:00+00:00,84.6,84.6,84.6,84.6,84.6,0.76,2,,,
2026-05-05 06:45:00+00:00,84.58,84.91,84.58,84.91,84.91,14.274,5,,,
2026-05-05 07:00:00+00:00,84.97,85.02,84.88,84.88,84.88,2.512,8,,,
2026-05-05 07:15:00+00:00,84.96,84.96,84.96,84.96,84.96,0.47,1,,,
2026-05-05 07:30:00+00:00,84.96,84.96,84.96,84.96,84.96,0.0,0,,,
2026-05-05 07:45:00+00:00,84.97,84.97,84.94,84.94,84.94,6.203,2,,,
2026-05-05 08:00:00+00:00,84.87,84.88,84.84,84.88,84.88,34.664,5,,,
2026-05-05 08:15:00+00:00,84.74,84.74,84.74,84.74,84.74,0.301,1,,,
2026-05-05 08:30:00+00:00,84.71,84.71,84.71,84.71,84.71,12.393,4,,,
2026-05-05 08:45:00+00:00,84.75,84.75,84.75,84.75,84.75,0.902,2,,,
2026-05-05 09:00:00+00:00,84.72,84.72,84.64,84.64,84.64,1.288,3,,,
2026-05-05 09:15:00+00:00,84.64,84.64,84.64,84.64,84.64,0.0,0,,,
2026-05-05 09:30:00+00:00,84.51,84.51,84.5,84.5,84.5,39.363,4,,,
2026-05-05 09:45:00+00:00,84.5,84.5,84.5,84.5,84.5,0.0,0,,,
2026-05-05 10:00:00+00:00,84.48,84.48,84.48,84.48,84.48,0.301,1,,,
2026-05-05 10:15:00+00:00,84.74,84.74,84.74,84.74,84.74,0.301,1,,,
2026-05-05 10:30:00+00:00,84.79,84.79,84.79,84.79,84.79,0.888,2,,,
2026-05-05 10:45:00+00:00,84.79,84.79,84.79,84.79,84.79,0.0,0,,,
2026-05-05 11:00:00+00:00,84.79,84.79,84.79,84.79,84.79,0.0,0,,,
2026-05-05 11:15:00+00:00,84.85,84.85,84.72,84.75,84.75,17.009,3,,,
2026-05-05 11:30:00+00:00,84.84,84.9,84.84,84.9,84.9,21.239,2,,,
2026-05-05 11:45:00+00:00,84.9,84.9,84.9,84.9,84.9,1.367,1,,,
2026-05-05 12:00:00+00:00,84.98,85.05,84.98,85.05,85.05,2.082,5,,,
2026-05-05 12:15:00+00:00,85.1,85.21,85.08,85.21,85.21,25.686,11,,,
2026-05-05 12:30:00+00:00,85.25,85.3,85.25,85.3,85.3,47.57,10,,,
2026-05-05 12:45:00+00:00,85.27,85.32,85.27,85.32,85.32,21.532,5,,,
2026-05-05 13:00:00+00:00,85.39,86.05,85.39,86.05,86.05,114.82,29,,,
2026-05-05 13:15:00+00:00,85.9,85.95,85.7,85.71,85.71,60.875,13,,,
2026-05-05 13:30:00+00:00,85.67,85.67,85.53,85.53,85.53,1.049,4,,,
2026-05-05 13:45:00+00:00,85.48,85.58,85.48,85.58,85.58,0.508,2,,,
2026-05-05 14:00:00+00:00,85.58,85.65,85.58,85.59,85.59,23.211,4,,,
2026-05-05 14:15:00+00:00,85.32,85.5,85.25,85.5,85.5,2.247,6,,,
2026-05-05 14:30:00+00:00,85.66,85.68,85.27,85.27,85.27,1.613,6,,,
2026-05-05 14:45:00+00:00,85.25,85.25,85.25,85.25,85.25,0.301,1,,,
2026-05-05 15:00:00+00:00,85.5,85.81,85.5,85.81,85.81,3.2,9,,,
2026-05-05 15:15:00+00:00,85.8,85.8,85.68,85.68,85.68,0.603,2,,,
2026-05-05 15:30:00+00:00,85.62,85.62,85.62,85.62,85.62,11.68,2,,,
2026-05-05 15:45:00+00:00,85.55,85.55,85.5,85.5,85.5,3.324,4,,,
2026-05-05 16:00:00+00:00,85.5,85.5,85.5,85.5,85.5,0.0,0,,,
2026-05-05 16:15:00+00:00,85.59,85.59,85.44,85.45,85.45,19.598,4,,,
2026-05-05 16:30:00+00:00,85.36,85.38,85.1,85.1,85.1,20.222,7,,,
2026-05-05 16:45:00+00:00,85.12,85.12,85.12,85.12,85.12,0.094,1,,,
2026-05-05 17:00:00+00:00,85.29,85.29,85.29,85.29,85.29,0.192,2,,,
2026-05-05 17:15:00+00:00,85.48,85.48,85.48,85.48,85.48,0.143,1,,,
2026-05-05 17:30:00+00:00,85.48,85.48,85.48,85.48,85.48,0.0,0,,,
2026-05-05 17:45:00+00:00,85.48,85.48,85.48,85.48,85.48,0.0,0,,,
2026-05-05 18:00:00+00:00,85.5,85.76,85.5,85.76,85.76,122.846,11,,,
2026-05-05 18:15:00+00:00,85.79,85.79,85.79,85.79,85.79,1.177,1,,,
2026-05-05 18:30:00+00:00,85.79,85.79,85.79,85.79,85.79,0.0,0,,,
2026-05-05 18:45:00+00:00,85.79,85.79,85.79,85.79,85.79,0.0,0,,,
2026-05-05 19:00:00+00:00,85.93,85.93,85.93,85.93,85.93,0.105,1,,,
2026-05-05 19:15:00+00:00,85.94,86.33,85.94,86.33,86.33,54.715,12,,,
2026-05-05 19:30:00+00:00,86.33,86.46,86.33,86.46,86.46,4.67,5,,,
2026-05-05 19:45:00+00:00,86.41,86.5,86.35,86.5,86.5,50.305,7,,,
2026-05-05 20:00:00+00:00,86.6,86.71,86.41,86.62,86.62,25.884,13,,,
2026-05-05 20:15:00+00:00,86.68,86.68,86.62,86.63,86.63,11.137,3,,,
2026-05-05 20:30:00+00:00,86.76,86.87,86.76,86.87,86.87,5.329,4,,,
2026-05-05 20:45:00+00:00,86.87,86.87,86.87,86.87,86.87,0.0,0,,,
2026-05-05 21:00:00+00:00,86.87,86.87,86.87,86.87,86.87,0.0,0,,,
2026-05-05 21:15:00+00:00,86.5,86.67,86.5,86.66,86.66,3.111,4,,,
2026-05-05 21:30:00+00:00,86.25,86.4,86.25,86.4,86.4,1.757,4,,,
2026-05-05 21:45:00+00:00,86.51,86.69,86.51,86.69,86.69,16.321,4,,,
2026-05-05 22:00:00+00:00,86.71,86.91,86.61,86.61,86.61,8.411,6,,,
2026-05-05 22:15:00+00:00,86.6,86.9,86.6,86.85,86.85,30.033,8,,,
2026-05-05 22:30:00+00:00,86.6,86.6,86.3,86.3,86.3,17.579,4,,,
2026-05-05 22:45:00+00:00,86.38,86.73,86.38,86.65,86.65,21.551,10,,,
2026-05-05 23:00:00+00:00,86.59,86.59,86.47,86.47,86.47,6.032,4,,,
2026-05-05 23:15:00+00:00,86.53,86.53,86.42,86.42,86.42,12.526,4,,,
2026-05-05 23:30:00+00:00,86.27,86.27,86.19,86.19,86.19,0.818,3,,,
2026-05-05 23:45:00+00:00,86.37,86.37,86.37,86.37,86.37,0.174,1,,,
2026-05-06 00:00:00+00:00,86.37,86.37,86.37,86.37,86.37,28.62,5,,,
2026-05-06 00:15:00+00:00,86.45,86.49,86.17,86.17,86.17,197.644,23,,,
2026-05-06 00:30:00+00:00,86.38,86.38,86.38,86.38,86.38,0.144,1,,,
2026-05-06 00:45:00+00:00,86.19,86.43,86.19,86.43,86.43,48.507,5,,,
2026-05-06 01:00:00+00:00,86.43,86.43,86.43,86.43,86.43,0.0,0,,,
2026-05-06 01:15:00+00:00,86.56,86.88,86.56,86.88,86.88,25.955,8,,,
2026-05-06 01:30:00+00:00,86.88,86.88,86.88,86.88,86.88,0.0,0,,,
2026-05-06 01:45:00+00:00,86.95,86.97,86.95,86.97,86.97,0.51,2,,,
2026-05-06 02:00:00+00:00,86.81,86.81,86.73,86.73,86.73,0.615,4,,,
2026-05-06 02:15:00+00:00,86.79,86.79,86.66,86.66,86.66,0.726,2,,,
2026-05-06 02:30:00+00:00,86.49,86.49,86.45,86.45,86.45,0.504,3,,,
2026-05-06 02:45:00+00:00,86.62,86.73,86.62,86.73,86.73,0.604,3,,,
2026-05-06 03:00:00+00:00,86.92,87.28,86.92,87.05,87.05,20.968,20,,,
2026-05-06 03:15:00+00:00,87.06,87.39,87.06,87.36,87.36,2.118,6,,,
2026-05-06 03:30:00+00:00,87.34,87.34,87.34,87.34,87.34,0.594,1,,,
2026-05-06 03:45:00+00:00,87.24,87.34,87.15,87.34,87.34,370.672,14,,,
2026-05-06 04:00:00+00:00,87.28,87.28,87.28,87.28,87.28,29.22,1,,,
2026-05-06 04:15:00+00:00,87.28,87.28,87.28,87.28,87.28,0.0,0,,,
2026-05-06 04:30:00+00:00,87.03,87.03,86.9,86.99,86.99,200.801,21,,,
2026-05-06 04:45:00+00:00,86.73,86.79,86.7,86.79,86.79,1.54,5,,,
2026-05-06 05:00:00+00:00,86.83,86.83,86.83,86.83,86.83,2.303,1,,,
2026-05-06 05:15:00+00:00,86.97,86.99,86.97,86.99,86.99,6.429,2,,,
2026-05-06 05:30:00+00:00,87.07,87.29,86.93,87.27,87.27,83.014,14,,,
2026-05-06 05:45:00+00:00,87.32,87.41,87.32,87.41,87.41,1.257,2,,,
2026-05-06 06:00:00+00:00,87.42,87.52,87.28,87.28,87.28,13.693,9,,,
2026-05-06 06:15:00+00:00,87.23,87.23,87.2,87.2,87.2,5.064,3,,,
2026-05-06 06:30:00+00:00,87.31,87.38,87.31,87.38,87.38,40.023,7,,,
2026-05-06 06:45:00+00:00,87.38,87.47,87.36,87.47,87.47,266.85,21,,,
2026-05-06 07:00:00+00:00,87.54,87.7,87.54,87.7,87.7,1.311,6,,,
2026-05-06 07:15:00+00:00,87.73,87.78,87.73,87.78,87.78,3.949,4,,,
2026-05-06 07:30:00+00:00,87.78,87.78,87.78,87.78,87.78,0.0,0,,,
2026-05-06 07:45:00+00:00,87.68,87.68,87.67,87.67,87.67,18.203,4,,,
2026-05-06 08:00:00+00:00,87.78,87.93,87.78,87.83,87.83,7.035,8,,,
2026-05-06 08:15:00+00:00,87.83,87.83,87.83,87.83,87.83,0.0,0,,,
2026-05-06 08:30:00+00:00,88.0,88.26,88.0,88.26,88.26,5.353,11,,,
2026-05-06 08:45:00+00:00,88.29,89.11,88.29,88.9,88.9,18.124,27,,,
2026-05-06 09:00:00+00:00,88.81,88.85,88.75,88.81,88.81,18.847,8,,,
2026-05-06 09:15:00+00:00,88.64,88.64,88.6,88.6,88.6,4.458,4,,,
2026-05-06 09:30:00+00:00,89.06,89.25,89.06,89.25,89.25,7.237,7,,,
2026-05-06 09:45:00+00:00,89.3,89.5,89.3,89.43,89.43,9.225,9,,,
2026-05-06 10:00:00+00:00,89.34,89.34,89.26,89.26,89.26,8.523,4,,,
2026-05-06 10:15:00+00:00,89.59,89.59,89.5,89.59,89.59,112.192,8,,,
2026-05-06 10:30:00+00:00,89.55,89.6,89.54,89.6,89.6,17.095,4,,,
2026-05-06 10:45:00+00:00,89.45,89.51,89.41,89.41,89.41,42.245,8,,,
2026-05-06 11:00:00+00:00,89.32,89.5,89.32,89.44,89.44,33.209,6,,,
2026-05-06 11:15:00+00:00,89.59,89.99,89.59,89.65,89.65,68.693,18,,,
2026-05-06 11:30:00+00:00,89.63,89.63,89.59,89.59,89.59,1.002,2,,,
2026-05-06 11:45:00+00:00,89.5,89.86,89.5,89.83,89.83,9.531,5,,,
2026-05-06 12:00:00+00:00,89.91,89.91,89.59,89.59,89.59,0.978,2,,,
2026-05-06 12:15:00+00:00,89.59,89.59,89.59,89.59,89.59,0.0,0,,,
2026-05-06 12:30:00+00:00,89.59,89.59,89.59,89.59,89.59,0.0,0,,,
2026-05-06 12:45:00+00:00,89.86,89.86,89.59,89.59,89.59,0.778,3,,,
2026-05-06 13:00:00+00:00,89.59,89.59,88.48,88.87,88.87,72.985,36,,,
2026-05-06 13:15:00+00:00,88.97,88.97,88.41,88.5,88.5,17.568,7,,,
2026-05-06 13:30:00+00:00,88.76,88.76,88.73,88.73,88.73,0.986,3,,,
2026-05-06 13:45:00+00:00,88.26,88.36,88.22,88.23,88.23,17.929,10,,,
2026-05-06 14:00:00+00:00,88.2,88.22,87.54,88.0,88.0,9.864,22,,,
2026-05-06 14:15:00+00:00,88.15,88.41,88.15,88.38,88.38,2.28,6,,,
2026-05-06 14:30:00+00:00,88.45,88.54,88.45,88.54,88.54,1.622,6,,,
2026-05-06 14:45:00+00:00,88.68,88.79,88.53,88.53,88.53,1.169,3,,,
2026-05-06 15:00:00+00:00,88.46,88.5,88.46,88.48,88.48,10.023,3,,,
2026-05-06 15:15:00+00:00,88.79,88.88,88.79,88.85,88.85,7.152,6,,,
2026-05-06 15:30:00+00:00,88.73,88.78,88.69,88.78,88.78,6.349,6,,,
2026-05-06 15:45:00+00:00,88.93,89.0,88.9,89.0,89.0,15.338,12,,,
2026-05-06 16:00:00+00:00,88.96,89.14,88.96,89.14,89.14,16.339,12,,,
2026-05-06 16:15:00+00:00,88.89,88.89,88.74,88.75,88.75,12.685,7,,,
2026-05-06 16:30:00+00:00,88.72,89.11,88.68,89.11,89.11,15.454,8,,,
2026-05-06 16:45:00+00:00,89.25,89.47,89.25,89.47,89.47,3.588,13,,,
2026-05-06 17:00:00+00:00,89.47,89.47,89.47,89.47,89.47,0.0,0,,,
2026-05-06 17:15:00+00:00,89.06,89.13,88.9,89.06,89.06,1.781,6,,,
2026-05-06 17:30:00+00:00,89.06,89.06,89.06,89.06,89.06,0.0,0,,,
2026-05-06 17:45:00+00:00,88.9,88.9,88.63,88.73,88.73,24.019,9,,,
2026-05-06 18:00:00+00:00,88.7,88.7,88.53,88.63,88.63,59.908,8,,,
2026-05-06 18:15:00+00:00,88.79,88.94,88.79,88.94,88.94,1.106,4,,,
2026-05-06 18:30:00+00:00,88.73,88.95,88.64,88.95,88.95,2.364,7,,,
2026-05-06 18:45:00+00:00,89.0,89.09,88.9,89.09,89.09,61.533,8,,,
2026-05-06 19:00:00+00:00,89.15,89.17,89.15,89.17,89.17,4.002,3,,,
2026-05-06 19:15:00+00:00,89.17,89.17,89.17,89.17,89.17,0.0,0,,,
2026-05-06 19:30:00+00:00,89.17,89.17,89.17,89.17,89.17,0.0,0,,,
2026-05-06 19:45:00+00:00,89.17,89.17,89.17,89.17,89.17,0.0,0,,,
2026-05-06 20:00:00+00:00,89.28,89.51,89.28,89.51,89.51,7.174,7,,,
2026-05-06 20:15:00+00:00,89.51,89.51,89.51,89.51,89.51,0.0,0,,,
2026-05-06 20:30:00+00:00,89.4,89.4,89.06,89.06,89.06,1.66,7,,,
2026-05-06 20:45:00+00:00,89.0,89.0,89.0,89.0,89.0,0.1,1,,,
2026-05-06 21:00:00+00:00,89.17,89.33,89.17,89.33,89.33,0.718,2,,,
2026-05-06 21:15:00+00:00,89.4,89.4,89.4,89.4,89.4,0.163,1,,,
2026-05-06 21:30:00+00:00,89.43,89.43,89.43,89.43,89.43,0.524,1,,,
2026-05-06 21:45:00+00:00,89.54,89.56,89.54,89.56,89.56,3.417,3,,,
2026-05-06 22:00:00+00:00,89.47,89.49,89.47,89.49,89.49,2.794,3,,,
2026-05-06 22:15:00+00:00,89.49,89.49,89.49,89.49,89.49,0.0,0,,,
2026-05-06 22:30:00+00:00,89.19,89.19,89.12,89.12,89.12,3.18,4,,,
2026-05-06 22:45:00+00:00,89.14,89.14,89.06,89.06,89.06,29.183,2,,,
2026-05-06 23:00:00+00:00,89.06,89.06,88.72,89.0,89.0,7.139,6,,,
2026-05-06 23:15:00+00:00,89.0,89.06,89.0,89.06,89.06,5.619,4,,,
2026-05-06 23:30:00+00:00,89.06,89.06,89.06,89.06,89.06,0.0,0,,,
2026-05-06 23:45:00+00:00,89.06,89.06,89.06,89.06,89.06,0.0,0,,,
2026-05-07 00:00:00+00:00,89.23,89.23,89.11,89.11,89.11,14.033,2,,,
2026-05-07 00:15:00+00:00,88.79,88.79,88.79,88.79,88.79,0.573,1,,,
2026-05-07 00:30:00+00:00,88.61,88.61,88.3,88.3,88.3,265.367,11,,,
2026-05-07 00:45:00+00:00,88.26,88.26,88.26,88.26,88.26,0.573,1,,,
2026-05-07 01:00:00+00:00,88.23,88.33,87.93,88.25,88.25,9.634,18,,,
2026-05-07 01:15:00+00:00,88.14,88.4,88.0,88.4,88.4,406.952,27,,,
2026-05-07 01:30:00+00:00,88.43,88.43,88.4,88.4,88.4,0.767,2,,,
2026-05-07 01:45:00+00:00,88.19,88.19,88.16,88.16,88.16,0.847,3,,,
2026-05-07 02:00:00+00:00,88.16,88.16,88.0,88.0,88.0,5.339,5,,,
2026-05-07 02:15:00+00:00,87.95,88.0,87.94,87.94,87.94,12.605,9,,,
2026-05-07 02:30:00+00:00,88.01,88.04,88.01,88.01,88.01,7.153,7,,,
2026-05-07 02:45:00+00:00,87.97,88.16,87.97,88.16,88.16,18.575,4,,,
2026-05-07 03:00:00+00:00,88.13,88.13,88.13,88.13,88.13,0.507,1,,,
2026-05-07 03:15:00+00:00,87.8,87.8,87.73,87.73,87.73,6.607,2,,,
2026-05-07 03:30:00+00:00,87.92,87.92,87.92,87.92,87.92,3.671,2,,,
2026-05-07 03:45:00+00:00,88.0,88.0,87.91,87.91,87.91,21.868,7,,,
2026-05-07 04:00:00+00:00,87.73,88.0,87.7,88.0,88.0,2.211,6,,,
2026-05-07 04:15:00+00:00,88.09,88.16,88.09,88.16,88.16,1.663,5,,,
2026-05-07 04:30:00+00:00,88.2,88.2,88.2,88.2,88.2,0.07,1,,,
2026-05-07 04:45:00+00:00,88.2,88.35,88.2,88.35,88.35,115.077,8,,,
2026-05-07 05:00:00+00:00,88.43,88.86,88.43,88.63,88.63,4.167,12,,,
2026-05-07 05:15:00+00:00,88.61,88.61,88.49,88.49,88.49,2.745,4,,,
2026-05-07 05:30:00+00:00,88.49,88.49,88.49,88.49,88.49,0.0,0,,,
2026-05-07 05:45:00+00:00,88.43,88.54,88.4,88.54,88.54,6.833,4,,,
2026-05-07 06:00:00+00:00,88.65,88.65,88.26,88.26,88.26,15.827,4,,,
2026-05-07 06:15:00+00:00,88.26,88.26,88.26,88.26,88.26,0.0,0,,,
2026-05-07 06:30:00+00:00,88.53,89.06,88.53,89.06,89.06,348.473,18,,,
2026-05-07 06:45:00+00:00,89.03,89.19,89.03,89.19,89.19,28.92,3,,,
2026-05-07 07:00:00+00:00,89.28,89.33,89.28,89.31,89.31,1.508,5,,,
2026-05-07 07:15:00+00:00,89.51,89.59,89.45,89.59,89.59,24.164,5,,,
2026-05-07 07:30:00+00:00,89.64,90.27,89.64,90.27,90.27,9.463,17,,,
2026-05-07 07:45:00+00:00,90.26,90.35,90.0,90.0,90.0,336.647,32,,,
2026-05-07 08:00:00+00:00,90.21,90.21,90.21,90.21,90.21,55.526,2,,,
2026-05-07 08:15:00+00:00,89.94,89.94,89.71,89.71,89.71,59.434,7,,,
2026-05-07 08:30:00+00:00,89.59,89.76,89.59,89.75,89.75,8.446,4,,,
2026-05-07 08:45:00+00:00,89.75,89.75,89.75,89.75,89.75,0.0,0,,,
2026-05-07 09:00:00+00:00,89.48,89.48,89.35,89.35,89.35,2.123,2,,,
2026-05-07 09:15:00+00:00,89.32,89.32,89.25,89.26,89.26,1.592,5,,,
2026-05-07 09:30:00+00:00,89.53,89.53,89.5,89.5,89.5,13.487,2,,,
2026-05-07 09:45:00+00:00,89.5,89.5,89.5,89.5,89.5,0.0,0,,,
2026-05-07 10:00:00+00:00,89.14,89.14,89.14,89.14,89.14,0.173,1,,,
2026-05-07 10:15:00+00:00,89.21,89.22,88.79,88.79,88.79,8.631,14,,,
2026-05-07 10:30:00+00:00,89.06,89.14,89.06,89.14,89.14,0.886,2,,,
2026-05-07 10:45:00+00:00,89.14,89.14,89.14,89.14,89.14,0.0,0,,,
2026-05-07 11:00:00+00:00,89.27,89.59,89.27,89.44,89.44,33.321,12,,,
2026-05-07 11:15:00+00:00,89.44,89.44,89.44,89.44,89.44,0.0,0,,,
2026-05-07 11:30:00+00:00,89.5,89.5,89.42,89.42,89.42,5.661,2,,,
2026-05-07 11:45:00+00:00,89.42,89.47,89.32,89.47,89.47,0.822,4,,,
2026-05-07 12:00:00+00:00,89.55,89.95,89.55,89.95,89.95,3.227,10,,,
2026-05-07 12:15:00+00:00,90.02,90.02,89.77,89.79,89.79,3.065,7,,,
2026-05-07 12:30:00+00:00,89.79,89.79,89.79,89.79,89.79,0.0,0,,,
2026-05-07 12:45:00+00:00,89.74,89.81,89.69,89.81,89.81,99.998,13,,,
2026-05-07 13:00:00+00:00,89.61,89.69,89.11,89.11,89.11,405.872,39,,,
2026-05-07 13:15:00+00:00,89.18,89.4,89.18,89.27,89.27,16.955,3,,,
2026-05-07 13:30:00+00:00,89.06,89.16,88.99,88.99,88.99,0.839,4,,,
2026-05-07 13:45:00+00:00,89.01,89.01,88.43,88.72,88.72,45.7,21,,,
2026-05-07 14:00:00+00:00,88.79,88.87,88.79,88.87,88.87,1.391,3,,,
2026-05-07 14:15:00+00:00,88.74,88.74,88.51,88.57,88.57,26.07,12,,,
2026-05-07 14:30:00+00:00,88.43,88.43,87.87,88.04,88.04,12.135,15,,,
2026-05-07 14:45:00+00:00,88.01,88.26,88.01,88.23,88.23,1.017,4,,,
2026-05-07 15:00:00+00:00,88.3,88.43,88.3,88.4,88.4,0.551,3,,,
2026-05-07 15:15:00+00:00,88.42,88.49,87.87,87.87,87.87,15.559,14,,,
2026-05-07 15:30:00+00:00,88.26,88.43,88.26,88.38,88.38,1.63,9,,,
2026-05-07 15:45:00+00:00,88.5,88.53,88.5,88.53,88.53,0.752,2,,,
2026-05-07 16:00:00+00:00,88.26,88.26,88.21,88.23,88.23,18.838,4,,,
2026-05-07 16:15:00+00:00,88.18,88.7,88.15,88.65,88.65,7.52,11,,,
2026-05-07 16:30:00+00:00,88.71,88.76,88.71,88.76,88.76,18.864,3,,,
2026-05-07 16:45:00+00:00,88.67,88.67,88.53,88.53,88.53,0.276,2,,,
2026-05-07 17:00:00+00:00,88.51,88.51,88.48,88.48,88.48,0.589,3,,,
2026-05-07 17:15:00+00:00,88.44,88.57,88.0,88.26,88.26,16.872,19,,,
2026-05-07 17:30:00+00:00,88.19,88.53,88.19,88.53,88.53,1.885,6,,,
2026-05-07 17:45:00+00:00,88.63,88.81,88.63,88.81,88.81,1.28,6,,,
2026-05-07 18:00:00+00:00,88.86,88.96,88.86,88.96,88.96,1.634,6,,,
2026-05-07 18:15:00+00:00,88.96,88.96,88.96,88.96,88.96,0.0,0,,,
2026-05-07 18:30:00+00:00,89.0,89.0,88.69,88.69,88.69,0.965,4,,,
2026-05-07 18:45:00+00:00,88.64,88.64,88.36,88.49,88.49,30.085,5,,,
2026-05-07 19:00:00+00:00,88.46,88.55,88.46,88.55,88.55,0.58,3,,,
2026-05-07 19:15:00+00:00,88.52,88.52,88.52,88.52,88.52,0.295,1,,,
2026-05-07 19:30:00+00:00,88.61,88.61,88.58,88.58,88.58,0.993,3,,,
2026-05-07 19:45:00+00:00,88.61,88.61,88.29,88.36,88.36,10.955,11,,,
2026-05-07 20:00:00+00:00,88.79,88.8,88.61,88.61,88.61,2.817,3,,,
2026-05-07 20:15:00+00:00,88.53,88.53,88.53,88.53,88.53,2.356,2,,,
2026-05-07 20:30:00+00:00,88.48,88.48,88.19,88.19,88.19,68.767,3,,,
2026-05-07 20:45:00+00:00,88.16,88.16,88.16,88.16,88.16,0.241,1,,,
2026-05-07 21:00:00+00:00,88.08,88.08,87.69,87.69,87.69,9.335,8,,,
2026-05-07 21:15:00+00:00,88.0,88.03,88.0,88.03,88.03,0.735,3,,,
2026-05-07 21:30:00+00:00,88.16,88.18,88.16,88.18,88.18,0.746,3,,,
2026-05-07 21:45:00+00:00,88.04,88.04,88.02,88.02,88.02,28.505,3,,,
2026-05-07 22:00:00+00:00,87.99,87.99,87.73,87.73,87.73,268.633,20,,,
2026-05-07 22:15:00+00:00,88.0,88.09,88.0,88.06,88.06,1.829,5,,,
2026-05-07 22:30:00+00:00,88.09,88.09,87.93,87.93,87.93,3.088,5,,,
2026-05-07 22:45:00+00:00,87.92,88.12,87.92,88.12,88.12,0.83,4,,,
2026-05-07 23:00:00+00:00,88.2,88.21,88.2,88.21,88.21,0.455,3,,,
2026-05-07 23:15:00+00:00,88.18,88.26,88.18,88.26,88.26,1.269,4,,,
2026-05-07 23:30:00+00:00,88.23,88.32,88.23,88.32,88.32,1.412,4,,,
2026-05-07 23:45:00+00:00,88.38,88.43,88.38,88.43,88.43,5.763,4,,,
2026-05-08 00:00:00+00:00,88.49,88.53,88.49,88.53,88.53,0.369,3,,,
2026-05-08 00:15:00+00:00,88.53,88.53,88.53,88.53,88.53,0.0,0,,,
2026-05-08 00:30:00+00:00,88.41,88.41,88.27,88.27,88.27,24.947,9,,,
2026-05-08 00:45:00+00:00,88.27,88.27,88.27,88.27,88.27,0.0,0,,,
2026-05-08 01:00:00+00:00,88.34,88.34,88.11,88.11,88.11,79.002,20,,,
2026-05-08 01:15:00+00:00,88.0,88.0,87.96,87.96,87.96,6.932,3,,,
2026-05-08 01:30:00+00:00,88.25,88.25,88.25,88.25,88.25,0.168,2,,,
2026-05-08 01:45:00+00:00,88.25,88.25,88.25,88.25,88.25,0.0,0,,,
2026-05-08 02:00:00+00:00,87.95,87.95,87.9,87.94,87.94,38.23,3,,,
2026-05-08 02:15:00+00:00,87.85,87.85,87.64,87.8,87.8,427.123,17,,,
2026-05-08 02:30:00+00:00,87.97,88.26,87.97,88.26,88.26,0.985,3,,,
2026-05-08 02:45:00+00:00,88.26,88.26,88.26,88.26,88.26,0.0,0,,,
2026-05-08 03:00:00+00:00,88.0,88.0,87.77,87.78,87.78,1.206,4,,,
2026-05-08 03:15:00+00:00,88.05,88.06,88.05,88.06,88.06,5.133,2,,,
2026-05-08 03:30:00+00:00,88.26,88.26,88.26,88.26,88.26,0.573,1,,,
2026-05-08 03:45:00+00:00,88.25,88.25,88.25,88.25,88.25,341.621,18,,,
2026-05-08 04:00:00+00:00,88.25,88.25,88.19,88.2,88.2,720.916,134,,,
2026-05-08 04:15:00+00:00,88.2,88.2,88.2,88.2,88.2,0.0,0,,,
2026-05-08 04:30:00+00:00,88.2,88.2,88.2,88.2,88.2,0.0,0,,,
2026-05-08 04:45:00+00:00,88.2,88.2,88.2,88.2,88.2,0.0,0,,,
2026-05-08 05:00:00+00:00,88.17,88.17,88.17,88.17,88.17,0.092,2,,,
2026-05-08 05:15:00+00:00,88.17,88.17,88.17,88.17,88.17,0.0,0,,,
2026-05-08 05:30:00+00:00,88.17,88.17,88.17,88.17,88.17,0.0,0,,,
2026-05-08 05:45:00+00:00,88.17,88.17,88.17,88.17,88.17,0.0,0,,,
2026-05-08 06:00:00+00:00,88.03,88.03,87.94,87.94,87.94,1.509,6,,,
2026-05-08 06:15:00+00:00,88.1,88.21,88.03,88.05,88.05,42.984,18,,,
2026-05-08 06:30:00+00:00,87.95,87.96,87.84,87.91,87.91,529.323,146,,,
2026-05-08 06:45:00+00:00,88.06,88.06,88.01,88.01,88.01,4.778,10,,,
2026-05-08 07:00:00+00:00,87.83,87.85,87.8,87.8,87.8,113.959,4,,,
2026-05-08 07:15:00+00:00,87.8,87.88,87.79,87.79,87.79,298.464,21,,,
2026-05-08 07:30:00+00:00,87.85,88.1,87.85,88.1,88.1,63.051,13,,,
2026-05-08 07:45:00+00:00,88.17,88.2,88.14,88.2,88.2,87.77,11,,,
2026-05-08 08:00:00+00:00,88.2,88.32,88.2,88.22,88.22,285.383,18,,,
2026-05-08 08:15:00+00:00,88.01,88.07,88.01,88.07,88.07,44.137,3,,,
2026-05-08 08:30:00+00:00,88.36,88.48,88.36,88.48,88.48,1.316,8,,,
2026-05-08 08:45:00+00:00,88.51,88.59,88.49,88.49,88.49,5.55,7,,,
2026-05-08 09:00:00+00:00,88.36,88.44,88.33,88.44,88.44,29.761,6,,,
2026-05-08 09:15:00+00:00,88.59,88.67,88.59,88.64,88.64,2.141,7,,,
2026-05-08 09:30:00+00:00,88.64,88.64,88.64,88.64,88.64,0.0,0,,,
2026-05-08 09:45:00+00:00,88.64,88.64,88.64,88.64,88.64,0.0,0,,,
2026-05-08 10:00:00+00:00,88.39,88.39,88.38,88.38,88.38,9.647,2,,,
2026-05-08 10:15:00+00:00,88.38,88.46,88.38,88.46,88.46,0.532,3,,,
2026-05-08 10:30:00+00:00,88.63,88.63,88.63,88.63,88.63,0.082,1,,,
2026-05-08 10:45:00+00:00,88.66,88.68,88.64,88.68,88.68,8.627,6,,,
2026-05-08 11:00:00+00:00,88.68,88.68,88.68,88.68,88.68,0.0,0,,,
2026-05-08 11:15:00+00:00,88.68,88.68,88.68,88.68,88.68,0.0,0,,,
2026-05-08 11:30:00+00:00,88.68,88.68,88.68,88.68,88.68,0.0,0,,,
2026-05-08 11:45:00+00:00,88.68,88.68,88.68,88.68,88.68,0.0,0,,,
2026-05-08 12:00:00+00:00,88.66,88.66,88.59,88.59,88.59,17.289,3,,,
2026-05-08 12:15:00+00:00,88.59,88.59,88.59,88.59,88.59,0.0,0,,,
2026-05-08 12:30:00+00:00,88.73,88.8,88.73,88.8,88.8,19.226,5,,,
2026-05-08 12:45:00+00:00,88.41,88.41,88.39,88.39,88.39,4.725,3,,,
2026-05-08 13:00:00+00:00,88.53,88.53,88.22,88.22,88.22,7.974,7,,,
2026-05-08 13:15:00+00:00,88.46,88.46,88.3,88.3,88.3,10.0,3,,,
2026-05-08 13:30:00+00:00,88.35,88.35,88.05,88.05,88.05,45.434,13,,,
2026-05-08 13:45:00+00:00,88.05,88.05,88.05,88.05,88.05,0.0,0,,,
2026-05-08 14:00:00+00:00,88.51,88.8,88.49,88.8,88.8,25.882,13,,,
2026-05-08 14:15:00+00:00,88.84,89.36,88.84,89.1,89.1,37.41,20,,,
2026-05-08 14:30:00+00:00,88.7,89.22,88.7,89.22,89.22,59.882,14,,,
2026-05-08 14:45:00+00:00,89.1,89.12,89.1,89.12,89.12,38.712,5,,,
2026-05-08 15:00:00+00:00,89.23,89.28,89.18,89.18,89.18,2.23,5,,,
2026-05-08 15:15:00+00:00,88.7,88.73,88.42,88.42,88.42,37.393,9,,,
2026-05-08 15:30:00+00:00,89.0,89.19,89.0,89.19,89.19,9.486,8,,,
2026-05-08 15:45:00+00:00,89.21,89.55,89.21,89.48,89.48,15.481,12,,,
2026-05-08 16:00:00+00:00,89.59,89.59,89.36,89.36,89.36,13.208,4,,,
2026-05-08 16:15:00+00:00,89.61,89.74,89.61,89.68,89.68,3.096,8,,,
2026-05-08 16:30:00+00:00,89.64,89.64,89.64,89.64,89.64,5.711,1,,,
2026-05-08 16:45:00+00:00,89.65,89.65,89.59,89.62,89.62,3.148,3,,,
2026-05-08 17:00:00+00:00,89.75,89.8,89.62,89.62,89.62,15.829,11,,,
2026-05-08 17:15:00+00:00,89.8,90.28,89.8,90.17,90.17,157.02,34,,,
2026-05-08 17:30:00+00:00,90.3,91.89,90.3,91.54,91.54,637.371,117,,,
2026-05-08 17:45:00+00:00,91.6,91.71,91.6,91.7,91.7,13.639,4,,,
2026-05-08 18:00:00+00:00,91.85,91.92,91.75,91.88,91.88,143.535,31,,,
2026-05-08 18:15:00+00:00,91.85,92.34,91.85,92.29,92.29,74.74,26,,,
2026-05-08 18:30:00+00:00,92.38,92.53,92.38,92.49,92.49,25.954,7,,,
2026-05-08 18:45:00+00:00,92.32,92.5,92.32,92.5,92.5,18.463,11,,,
2026-05-08 19:00:00+00:00,92.13,92.13,92.06,92.13,92.13,8.27,12,,,
2026-05-08 19:15:00+00:00,92.49,92.7,92.49,92.5,92.5,33.582,7,,,
2026-05-08 19:30:00+00:00,92.71,92.76,92.57,92.57,92.57,14.014,8,,,
2026-05-08 19:45:00+00:00,92.56,92.75,92.56,92.7,92.7,624.188,44,,,
2026-05-08 20:00:00+00:00,92.7,92.74,92.26,92.41,92.41,411.772,71,,,
2026-05-08 20:15:00+00:00,92.41,92.45,92.41,92.45,92.45,45.134,8,,,
2026-05-08 20:30:00+00:00,92.28,92.3,92.28,92.29,92.29,154.548,3,,,
2026-05-08 20:45:00+00:00,92.26,92.26,92.05,92.05,92.05,2.059,2,,,
2026-05-08 21:00:00+00:00,92.14,92.18,91.79,91.92,91.92,6.307,12,,,
2026-05-08 21:15:00+00:00,92.06,92.06,92.06,92.06,92.06,1.086,1,,,
2026-05-08 21:30:00+00:00,92.18,92.35,92.18,92.35,92.35,0.529,3,,,
2026-05-08 21:45:00+00:00,92.32,92.32,92.32,92.32,92.32,0.139,1,,,
2026-05-08 22:00:00+00:00,92.39,92.6,92.39,92.6,92.6,17.674,9,,,
2026-05-08 22:15:00+00:00,92.6,92.6,92.6,92.6,92.6,0.0,0,,,
2026-05-08 22:30:00+00:00,92.42,92.43,92.4,92.4,92.4,11.66,3,,,
2026-05-08 22:45:00+00:00,92.39,92.39,92.32,92.32,92.32,14.007,5,,,
2026-05-08 23:00:00+00:00,92.32,92.32,92.32,92.32,92.32,0.0,0,,,
2026-05-08 23:15:00+00:00,91.99,91.99,91.99,91.99,91.99,27.203,3,,,
2026-05-08 23:30:00+00:00,91.82,91.82,91.8,91.8,91.8,5.445,2,,,
2026-05-08 23:45:00+00:00,91.82,91.94,91.82,91.94,91.94,2.829,2,,,
2026-05-09 00:00:00+00:00,91.92,92.12,91.91,92.1,92.1,13.331,11,,,
2026-05-09 00:15:00+00:00,92.11,92.3,92.11,92.3,92.3,2.12,5,,,
2026-05-09 00:30:00+00:00,92.39,92.51,92.39,92.48,92.48,14.456,5,,,
2026-05-09 00:45:00+00:00,92.58,92.58,92.48,92.48,92.48,1.491,4,,,
2026-05-09 01:00:00+00:00,92.66,92.78,92.66,92.77,92.77,1502.691,63,,,
2026-05-09 01:15:00+00:00,92.58,93.3,92.54,92.54,92.54,3719.931,446,,,
2026-05-09 01:30:00+00:00,92.53,93.31,92.52,93.22,93.22,255.59,46,,,
2026-05-09 01:45:00+00:00,93.21,93.85,93.07,93.62,93.62,1102.55,62,,,
2026-05-09 02:00:00+00:00,93.48,93.71,93.48,93.65,93.65,101.33,7,,,
2026-05-09 02:15:00+00:00,93.58,93.65,93.52,93.52,93.52,326.121,4,,,
2026-05-09 02:30:00+00:00,93.46,93.63,93.46,93.51,93.51,111.539,5,,,
2026-05-09 02:45:00+00:00,93.44,93.44,93.42,93.42,93.42,6.314,2,,,
2026-05-09 03:00:00+00:00,93.62,93.66,93.62,93.66,93.66,1.496,2,,,
2026-05-09 03:15:00+00:00,93.73,93.74,93.73,93.74,93.74,0.52,2,,,
2026-05-09 03:30:00+00:00,93.74,93.74,93.74,93.74,93.74,0.0,0,,,
2026-05-09 03:45:00+00:00,93.55,93.55,93.54,93.55,93.55,24.786,5,,,
2026-05-09 04:00:00+00:00,93.81,94.11,93.81,94.08,94.08,74.196,15,,,
2026-05-09 04:15:00+00:00,93.83,93.83,93.83,93.83,93.83,0.534,1,,,
2026-05-09 04:30:00+00:00,93.55,93.55,93.5,93.5,93.5,1.349,4,,,
2026-05-09 04:45:00+00:00,93.58,93.58,93.18,93.26,93.26,856.743,38,,,
2026-05-09 05:00:00+00:00,93.1,93.1,92.87,92.99,92.99,75.046,16,,,
2026-05-09 05:15:00+00:00,93.27,93.51,93.27,93.51,93.51,6.519,2,,,
2026-05-09 05:30:00+00:00,93.55,93.6,93.55,93.6,93.6,6.022,2,,,
2026-05-09 05:45:00+00:00,93.73,93.73,93.73,93.73,93.73,0.078,1,,,
2026-05-09 06:00:00+00:00,93.77,94.07,93.77,94.07,94.07,7.461,6,,,
2026-05-09 06:15:00+00:00,93.67,93.67,93.55,93.55,93.55,6.61,4,,,
2026-05-09 06:30:00+00:00,93.38,93.38,93.27,93.31,93.31,23.758,7,,,
2026-05-09 06:45:00+00:00,93.42,93.57,93.42,93.57,93.57,6.372,3,,,
2026-05-09 07:00:00+00:00,93.59,93.59,93.59,93.59,93.59,0.526,1,,,
2026-05-09 07:15:00+00:00,93.72,93.76,93.72,93.76,93.76,0.148,2,,,
2026-05-09 07:30:00+00:00,93.83,93.97,93.83,93.97,93.97,6.299,3,,,
2026-05-09 07:45:00+00:00,93.97,93.97,93.97,93.97,93.97,0.0,0,,,
2026-05-09 08:00:00+00:00,93.74,93.74,93.74,93.74,93.74,0.022,1,,,
2026-05-09 08:15:00+00:00,93.74,93.74,93.74,93.74,93.74,0.0,0,,,
2026-05-09 08:30:00+00:00,93.74,93.74,93.74,93.74,93.74,0.0,0,,,
2026-05-09 08:45:00+00:00,93.74,93.74,93.74,93.74,93.74,1.066,1,,,
2026-05-09 09:00:00+00:00,93.55,93.55,93.53,93.53,93.53,0.594,2,,,
2026-05-09 09:15:00+00:00,93.46,93.46,93.27,93.27,93.27,2.225,2,,,
2026-05-09 09:30:00+00:00,93.29,93.29,93.29,93.29,93.29,5.781,1,,,
2026-05-09 09:45:00+00:00,93.29,93.29,93.29,93.29,93.29,0.0,0,,,
2026-05-09 10:00:00+00:00,93.18,93.21,93.17,93.17,93.17,321.775,5,,,
2026-05-09 10:15:00+00:00,93.44,93.44,93.43,93.43,93.43,0.134,2,,,
2026-05-09 10:30:00+00:00,93.55,93.55,93.55,93.55,93.55,0.534,1,,,
2026-05-09 10:45:00+00:00,93.55,93.55,93.55,93.55,93.55,0.0,0,,,
2026-05-09 11:00:00+00:00,93.55,93.55,93.55,93.55,93.55,0.0,0,,,
2026-05-09 11:15:00+00:00,93.6,93.65,93.6,93.65,93.65,378.782,26,,,
2026-05-09 11:30:00+00:00,93.6,93.6,93.6,93.6,93.6,5.541,1,,,
2026-05-09 11:45:00+00:00,93.6,93.6,93.6,93.6,93.6,0.0,0,,,
2026-05-09 12:00:00+00:00,93.52,93.52,93.52,93.52,93.52,0.495,1,,,
2026-05-09 12:15:00+00:00,93.52,93.52,93.52,93.52,93.52,0.0,0,,,
2026-05-09 12:30:00+00:00,93.52,93.52,93.3,93.3,93.3,0.708,4,,,
2026-05-09 12:45:00+00:00,93.45,93.45,93.44,93.44,93.44,6.207,3,,,
2026-05-09 13:00:00+00:00,93.27,93.27,93.27,93.27,93.27,0.534,1,,,
2026-05-09 13:15:00+00:00,93.27,93.27,93.27,93.27,93.27,0.0,0,,,
2026-05-09 13:30:00+00:00,93.27,93.27,93.27,93.27,93.27,0.0,0,,,
2026-05-09 13:45:00+00:00,93.4,93.4,93.36,93.39,93.39,1.535,3,,,
2026-05-09 14:00:00+00:00,93.35,93.35,93.28,93.28,93.28,0.491,3,,,
2026-05-09 14:15:00+00:00,93.2,93.22,92.96,92.96,92.96,22.48,4,,,
2026-05-09 14:30:00+00:00,92.96,92.96,92.96,92.96,92.96,0.0,0,,,
2026-05-09 14:45:00+00:00,92.96,92.96,92.96,92.96,92.96,0.0,0,,,
2026-05-09 15:00:00+00:00,92.8,92.8,92.43,92.5,92.5,31.573,21,,,
2026-05-09 15:15:00+00:00,92.71,92.82,92.71,92.82,92.82,1.221,3,,,
2026-05-09 15:30:00+00:00,92.91,92.91,92.88,92.88,92.88,108.185,3,,,
2026-05-09 15:45:00+00:00,92.88,92.88,92.88,92.88,92.88,0.0,0,,,
2026-05-09 16:00:00+00:00,92.99,93.04,92.84,92.84,92.84,21.228,7,,,
2026-05-09 16:15:00+00:00,93.25,93.25,93.13,93.13,93.13,1.121,3,,,
2026-05-09 16:30:00+00:00,92.91,92.91,92.72,92.72,92.72,3.912,6,,,
2026-05-09 16:45:00+00:00,92.75,92.85,92.75,92.85,92.85,22.433,4,,,
2026-05-09 17:00:00+00:00,92.85,92.85,92.85,92.85,92.85,0.0,0,,,
2026-05-09 17:15:00+00:00,93.18,93.22,93.18,93.22,93.22,0.196,2,,,
2026-05-09 17:30:00+00:00,93.25,93.45,93.25,93.45,93.45,29.127,7,,,
2026-05-09 17:45:00+00:00,93.45,93.45,93.45,93.45,93.45,0.0,0,,,
2026-05-09 18:00:00+00:00,93.28,93.28,93.2,93.2,93.2,0.584,3,,,
2026-05-09 18:15:00+00:00,93.27,93.6,93.27,93.6,93.6,11.747,12,,,
2026-05-09 18:30:00+00:00,93.42,93.42,93.42,93.42,93.42,2.679,1,,,
2026-05-09 18:45:00+00:00,93.4,93.4,93.39,93.39,93.39,0.171,2,,,
2026-05-09 19:00:00+00:00,93.39,93.39,93.39,93.39,93.39,0.0,0,,,
2026-05-09 19:15:00+00:00,93.33,93.33,93.27,93.27,93.27,200.898,6,,,
2026-05-09 19:30:00+00:00,93.35,93.35,93.35,93.35,93.35,107.98,13,,,
2026-05-09 19:45:00+00:00,93.35,93.35,93.35,93.35,93.35,0.0,0,,,
2026-05-09 20:00:00+00:00,93.35,93.35,93.35,93.35,93.35,27.32,1,,,
2026-05-09 20:15:00+00:00,93.35,93.35,93.25,93.25,93.25,6.915,4,,,
2026-05-09 20:30:00+00:00,93.3,93.3,93.19,93.19,93.19,0.551,3,,,
2026-05-09 20:45:00+00:00,93.19,93.19,93.19,93.19,93.19,0.0,0,,,
2026-05-09 21:00:00+00:00,93.19,93.19,93.19,93.19,93.19,0.0,0,,,
2026-05-09 21:15:00+00:00,93.19,93.19,93.19,93.19,93.19,0.0,0,,,
2026-05-09 21:30:00+00:00,93.19,93.19,93.19,93.19,93.19,0.0,0,,,
2026-05-09 21:45:00+00:00,93.42,93.49,93.42,93.49,93.49,0.467,2,,,
2026-05-09 22:00:00+00:00,93.46,93.46,93.46,93.46,93.46,0.432,1,,,
2026-05-09 22:15:00+00:00,93.4,93.4,93.4,93.4,93.4,10.888,2,,,
2026-05-09 22:30:00+00:00,93.29,93.29,93.29,93.29,93.29,0.096,1,,,
2026-05-09 22:45:00+00:00,93.39,93.39,93.39,93.39,93.39,0.117,1,,,
2026-05-09 23:00:00+00:00,93.45,93.45,93.42,93.42,93.42,0.63,2,,,
2026-05-09 23:15:00+00:00,93.42,93.42,93.42,93.42,93.42,0.0,0,,,
2026-05-09 23:30:00+00:00,93.16,93.16,93.1,93.1,93.1,0.319,3,,,
2026-05-09 23:45:00+00:00,93.2,93.2,93.17,93.17,93.17,0.679,2,,,
2026-05-10 00:00:00+00:00,93.15,93.15,92.98,92.98,92.98,324.662,8,,,
2026-05-10 00:15:00+00:00,93.27,93.29,93.27,93.29,93.29,1.068,4,,,
2026-05-10 00:30:00+00:00,93.13,93.13,93.13,93.13,93.13,0.352,1,,,
2026-05-10 00:45:00+00:00,93.13,93.13,93.13,93.13,93.13,0.0,0,,,
2026-05-10 01:00:00+00:00,92.99,92.99,92.9,92.9,92.9,1.445,7,,,
2026-05-10 01:15:00+00:00,92.88,92.88,92.69,92.69,92.69,2.409,9,,,
2026-05-10 01:30:00+00:00,92.8,92.8,92.79,92.79,92.79,1.701,3,,,
2026-05-10 01:45:00+00:00,92.79,92.79,92.79,92.79,92.79,0.0,0,,,
2026-05-10 02:00:00+00:00,92.79,92.79,92.79,92.79,92.79,0.0,0,,,
2026-05-10 02:15:00+00:00,92.99,93.1,92.99,93.1,93.1,1.161,4,,,
2026-05-10 02:30:00+00:00,92.97,92.97,92.97,92.97,92.97,0.215,1,,,
2026-05-10 02:45:00+00:00,92.94,93.05,92.94,93.05,93.05,1.36,4,,,
2026-05-10 03:00:00+00:00,93.06,93.06,93.06,93.06,93.06,70.0,6,,,
2026-05-10 03:15:00+00:00,93.17,93.17,93.08,93.08,93.08,85.985,6,,,
2026-05-10 03:30:00+00:00,93.25,93.45,93.25,93.44,93.44,361.608,16,,,
2026-05-10 03:45:00+00:00,93.44,93.44,93.44,93.44,93.44,0.0,0,,,
2026-05-10 04:00:00+00:00,93.4,93.41,93.4,93.41,93.41,2.4,2,,,
2026-05-10 04:15:00+00:00,93.41,93.41,93.41,93.41,93.41,0.0,0,,,
2026-05-10 04:30:00+00:00,93.41,93.41,93.41,93.41,93.41,0.0,0,,,
2026-05-10 04:45:00+00:00,93.41,93.41,93.41,93.41,93.41,5.0,1,,,
2026-05-10 05:00:00+00:00,93.41,93.41,93.41,93.41,93.41,0.0,0,,,
2026-05-10 05:15:00+00:00,93.41,93.41,93.41,93.41,93.41,51.47,1,,,
2026-05-10 05:30:00+00:00,93.41,93.41,93.41,93.41,93.41,0.0,0,,,
2026-05-10 05:45:00+00:00,93.41,93.41,93.41,93.41,93.41,0.0,0,,,
2026-05-10 06:00:00+00:00,93.34,93.34,93.32,93.32,93.32,0.185,2,,,
2026-05-10 06:15:00+00:00,93.29,93.29,93.29,93.29,93.29,0.488,1,,,
2026-05-10 06:30:00+00:00,93.29,93.29,93.29,93.29,93.29,0.0,0,,,
2026-05-10 06:45:00+00:00,93.29,93.29,93.29,93.29,93.29,0.0,0,,,
2026-05-10 07:00:00+00:00,93.41,93.65,93.41,93.62,93.62,43.149,17,,,
2026-05-10 07:15:00+00:00,93.62,93.62,93.62,93.62,93.62,0.0,0,,,
2026-05-10 07:30:00+00:00,93.62,93.62,93.62,93.62,93.62,0.0,0,,,
2026-05-10 07:45:00+00:00,93.62,93.62,93.62,93.62,93.62,0.0,0,,,
2026-05-10 08:00:00+00:00,93.67,94.01,93.67,94.01,94.01,15.313,20,,,
2026-05-10 08:15:00+00:00,93.95,93.95,93.95,93.95,93.95,0.279,1,,,
2026-05-10 08:30:00+00:00,93.97,93.97,93.96,93.96,93.96,0.105,2,,,
2026-05-10 08:45:00+00:00,93.96,93.96,93.96,93.96,93.96,0.0,0,,,
2026-05-10 09:00:00+00:00,94.08,94.74,94.08,94.48,94.48,24.384,36,,,
2026-05-10 09:15:00+00:00,94.39,94.39,94.39,94.39,94.39,0.534,1,,,
2026-05-10 09:30:00+00:00,94.6,94.6,94.27,94.27,94.27,3.252,8,,,
2026-05-10 09:45:00+00:00,94.27,94.27,94.27,94.27,94.27,0.0,0,,,
2026-05-10 10:00:00+00:00,94.24,94.24,93.83,93.84,93.84,3.277,17,,,
2026-05-10 10:15:00+00:00,93.83,93.87,93.66,93.87,93.87,3.242,13,,,
2026-05-10 10:30:00+00:00,93.82,93.82,93.79,93.79,93.79,21.836,2,,,
2026-05-10 10:45:00+00:00,93.76,93.88,93.76,93.88,93.88,3.728,6,,,
2026-05-10 11:00:00+00:00,93.85,93.9,93.85,93.87,93.87,3.728,5,,,
2026-05-10 11:15:00+00:00,93.55,93.55,92.99,93.26,93.26,15.229,26,,,
2026-05-10 11:30:00+00:00,93.33,93.35,93.33,93.35,93.35,11.41,4,,,
2026-05-10 11:45:00+00:00,93.39,93.55,93.39,93.5,93.5,4.128,12,,,
2026-05-10 12:00:00+00:00,93.55,93.61,93.42,93.42,93.42,24.087,5,,,
2026-05-10 12:15:00+00:00,93.4,93.4,93.4,93.4,93.4,0.074,1,,,
2026-05-10 12:30:00+00:00,93.42,93.44,93.37,93.37,93.37,7.434,4,,,
2026-05-10 12:45:00+00:00,93.34,93.34,93.27,93.27,93.27,1.75,3,,,
2026-05-10 13:00:00+00:00,93.42,93.42,93.42,93.42,93.42,27.738,2,,,
2026-05-10 13:15:00+00:00,93.49,93.76,93.49,93.76,93.76,7.07,12,,,
2026-05-10 13:30:00+00:00,93.73,93.73,93.67,93.68,93.68,11.891,3,,,
2026-05-10 13:45:00+00:00,93.75,93.93,93.75,93.9,93.9,18.337,8,,,
2026-05-10 14:00:00+00:00,93.9,93.9,93.9,93.9,93.9,0.0,0,,,
2026-05-10 14:15:00+00:00,93.87,93.87,93.87,93.87,93.87,1.064,1,,,
2026-05-10 14:30:00+00:00,93.99,94.06,93.99,94.06,94.06,4.135,5,,,
2026-05-10 14:45:00+00:00,94.06,94.06,94.06,94.06,94.06,0.0,0,,,
2026-05-10 15:00:00+00:00,94.11,94.2,94.06,94.2,94.2,1.326,5,,,
2026-05-10 15:15:00+00:00,94.33,94.39,94.31,94.31,94.31,12.908,7,,,
2026-05-10 15:30:00+00:00,94.46,94.5,94.46,94.5,94.5,4.58,2,,,
2026-05-10 15:45:00+00:00,94.6,94.67,94.58,94.58,94.58,50.877,7,,,
2026-05-10 16:00:00+00:00,94.39,94.39,94.33,94.33,94.33,0.95,3,,,
2026-05-10 16:15:00+00:00,94.4,94.4,94.33,94.34,94.34,0.715,3,,,
2026-05-10 16:30:00+00:00,94.53,94.84,94.53,94.71,94.71,22.95,20,,,
2026-05-10 16:45:00+00:00,94.88,94.95,94.73,94.87,94.87,10.58,6,,,
2026-05-10 17:00:00+00:00,94.89,95.34,94.89,95.33,95.33,121.611,37,,,
2026-05-10 17:15:00+00:00,95.36,95.9,95.36,95.82,95.82,44.842,29,,,
2026-05-10 17:30:00+00:00,96.0,96.08,95.77,95.84,95.84,142.403,7,,,
2026-05-10 17:45:00+00:00,96.08,96.45,96.08,96.45,96.45,8.836,13,,,
2026-05-10 18:00:00+00:00,96.23,96.63,96.22,96.63,96.63,1.778,13,,,
2026-05-10 18:15:00+00:00,96.5,96.8,96.5,96.69,96.69,84.139,11,,,
2026-05-10 18:30:00+00:00,96.8,96.87,96.71,96.73,96.73,55.119,11,,,
2026-05-10 18:45:00+00:00,96.53,96.54,96.45,96.46,96.46,15.44,9,,,
2026-05-10 19:00:00+00:00,96.38,96.38,95.79,96.22,96.22,39.458,37,,,
2026-05-10 19:15:00+00:00,96.33,96.8,96.33,96.75,96.75,26.365,19,,,
2026-05-10 19:30:00+00:00,96.83,96.83,96.46,96.46,96.46,32.782,9,,,
2026-05-10 19:45:00+00:00,96.43,96.51,96.33,96.51,96.51,8.776,9,,,
2026-05-10 20:00:00+00:00,96.36,96.62,96.08,96.08,96.08,0.766,5,,,
2026-05-10 20:15:00+00:00,95.9,96.0,95.69,95.84,95.84,238.148,27,,,
2026-05-10 20:30:00+00:00,95.54,95.54,94.87,94.87,94.87,41.654,22,,,
2026-05-10 20:45:00+00:00,94.83,94.83,93.55,94.45,94.45,48.671,35,,,
2026-05-10 21:00:00+00:00,94.67,95.19,94.64,94.79,94.79,29.542,18,,,
2026-05-10 21:15:00+00:00,94.83,95.23,94.83,95.23,95.23,45.42,11,,,
2026-05-10 21:30:00+00:00,95.31,95.52,95.23,95.23,95.23,22.662,8,,,
2026-05-10 21:45:00+00:00,95.41,95.41,95.09,95.09,95.09,11.938,7,,,
2026-05-10 22:00:00+00:00,95.0,95.76,94.95,95.56,95.56,8.987,20,,,
2026-05-10 22:15:00+00:00,95.6,96.04,95.6,96.04,96.04,40.312,15,,,
2026-05-10 22:30:00+00:00,95.79,96.26,95.79,95.87,95.87,3.167,11,,,
2026-05-10 22:45:00+00:00,96.12,96.28,96.12,96.28,96.28,1.893,4,,,
2026-05-10 23:00:00+00:00,96.35,96.4,96.16,96.4,96.4,6.32,8,,,
2026-05-10 23:15:00+00:00,96.08,96.47,95.99,96.36,96.36,62.531,16,,,
2026-05-10 23:30:00+00:00,96.31,96.82,96.31,96.71,96.71,82.816,28,,,
2026-05-10 23:45:00+00:00,96.48,96.48,96.41,96.42,96.42,14.286,5,,,
2026-05-11 00:00:00+00:00,96.56,96.63,96.32,96.32,96.32,1.854,6,,,
2026-05-11 00:15:00+00:00,96.08,96.46,95.98,96.42,96.42,4.896,10,,,
2026-05-11 00:30:00+00:00,96.47,96.55,96.05,96.05,96.05,1.65,4,,,
2026-05-11 00:45:00+00:00,95.9,96.12,95.44,95.71,95.71,12.524,29,,,
2026-05-11 01:00:00+00:00,95.52,95.96,95.5,95.93,95.93,32.507,12,,,
2026-05-11 01:15:00+00:00,96.06,96.4,96.06,96.31,96.31,8.074,14,,,
2026-05-11 01:30:00+00:00,96.08,96.15,95.86,96.04,96.04,27.939,7,,,
2026-05-11 01:45:00+00:00,96.19,96.19,96.03,96.03,96.03,0.727,4,,,
2026-05-11 02:00:00+00:00,96.05,96.05,95.73,95.73,95.73,9.739,7,,,
2026-05-11 02:15:00+00:00,95.72,95.72,95.5,95.63,95.63,319.98,26,,,
2026-05-11 02:30:00+00:00,95.6,95.6,95.28,95.39,95.39,77.921,34,,,
2026-05-11 02:45:00+00:00,95.36,95.36,95.28,95.28,95.28,10.565,4,,,
2026-05-11 03:00:00+00:00,95.22,95.22,94.86,94.86,94.86,252.47,24,,,
2026-05-11 03:15:00+00:00,94.92,94.92,94.79,94.79,94.79,79.964,10,,,
2026-05-11 03:30:00+00:00,94.68,94.78,94.5,94.78,94.78,14.618,9,,,
2026-05-11 03:45:00+00:00,94.78,94.78,94.78,94.78,94.78,0.0,0,,,
2026-05-11 04:00:00+00:00,94.66,94.66,94.63,94.63,94.63,0.771,2,,,
2026-05-11 04:15:00+00:00,94.68,94.84,94.68,94.8,94.8,11.462,6,,,
2026-05-11 04:30:00+00:00,94.95,95.08,94.95,95.08,95.08,15.875,8,,,
2026-05-11 04:45:00+00:00,95.0,95.02,95.0,95.02,95.02,0.172,2,,,
2026-05-11 05:00:00+00:00,95.01,95.23,95.01,95.23,95.23,7.719,6,,,
2026-05-11 05:15:00+00:00,95.37,95.51,95.37,95.51,95.51,4.233,9,,,
2026-05-11 05:30:00+00:00,95.59,95.8,95.51,95.51,95.51,4.605,5,,,
2026-05-11 05:45:00+00:00,95.51,95.51,95.51,95.51,95.51,0.0,0,,,
2026-05-11 06:00:00+00:00,95.8,96.08,95.8,96.02,96.02,7.837,10,,,
2026-05-11 06:15:00+00:00,95.8,95.98,95.8,95.98,95.98,2.616,6,,,
2026-05-11 06:30:00+00:00,95.54,95.54,95.41,95.41,95.41,24.234,5,,,
2026-05-11 06:45:00+00:00,95.41,95.41,95.41,95.41,95.41,0.0,0,,,
2026-05-11 07:00:00+00:00,95.35,95.37,95.32,95.37,95.37,2.031,6,,,
2026-05-11 07:15:00+00:00,95.37,95.37,95.37,95.37,95.37,0.0,0,,,
2026-05-11 07:30:00+00:00,95.23,95.3,95.2,95.3,95.3,1.22,3,,,
2026-05-11 07:45:00+00:00,95.46,95.46,95.38,95.38,95.38,5.256,3,,,
2026-05-11 08:00:00+00:00,95.29,95.29,94.92,94.92,94.92,39.882,18,,,
2026-05-11 08:15:00+00:00,95.04,95.04,94.66,94.66,94.66,1.815,5,,,
2026-05-11 08:30:00+00:00,94.64,94.76,94.61,94.76,94.76,3.406,5,,,
2026-05-11 08:45:00+00:00,94.76,94.76,94.76,94.76,94.76,0.0,0,,,
2026-05-11 09:00:00+00:00,94.94,95.16,94.94,95.16,95.16,1.098,4,,,
2026-05-11 09:15:00+00:00,95.18,95.18,95.18,95.18,95.18,0.416,1,,,
2026-05-11 09:30:00+00:00,95.23,95.23,95.2,95.2,95.2,1.584,2,,,
2026-05-11 09:45:00+00:00,95.3,95.3,95.3,95.3,95.3,0.044,1,,,
2026-05-11 10:00:00+00:00,95.34,95.34,95.34,95.34,95.34,0.276,1,,,
2026-05-11 10:15:00+00:00,95.48,95.51,95.48,95.51,95.51,1.047,3,,,
2026-05-11 10:30:00+00:00,95.23,95.23,95.23,95.23,95.23,0.534,2,,,
2026-05-11 10:45:00+00:00,95.23,95.23,95.23,95.23,95.23,0.0,0,,,
2026-05-11 11:00:00+00:00,94.95,94.95,94.95,94.95,94.95,0.534,1,,,
2026-05-11 11:15:00+00:00,95.23,95.28,95.23,95.28,95.28,0.626,3,,,
2026-05-11 11:30:00+00:00,95.47,95.47,95.47,95.47,95.47,0.073,1,,,
2026-05-11 11:45:00+00:00,95.47,95.47,95.47,95.47,95.47,0.0,0,,,
2026-05-11 12:00:00+00:00,94.95,94.95,94.83,94.83,94.83,2.065,5,,,
2026-05-11 12:15:00+00:00,94.74,95.29,94.73,95.21,95.21,28.991,8,,,
2026-05-11 12:30:00+00:00,95.21,95.21,95.21,95.21,95.21,0.0,0,,,
2026-05-11 12:45:00+00:00,94.95,94.95,94.73,94.8,94.8,0.633,4,,,
2026-05-11 13:00:00+00:00,95.12,95.31,95.12,95.31,95.31,14.704,7,,,
2026-05-11 13:15:00+00:00,95.31,95.31,95.31,95.31,95.31,0.0,0,,,
2026-05-11 13:30:00+00:00,95.07,95.36,94.66,95.26,95.26,17.544,19,,,
2026-05-11 13:45:00+00:00,95.32,95.32,94.95,94.95,94.95,2.243,4,,,
2026-05-11 14:00:00+00:00,95.23,95.83,95.23,95.8,95.8,319.261,36,,,
2026-05-11 14:15:00+00:00,95.51,95.51,94.77,94.77,94.77,8.797,9,,,
2026-05-11 14:30:00+00:00,94.72,94.83,94.37,94.67,94.67,6.56,16,,,
2026-05-11 14:45:00+00:00,94.64,95.06,94.48,95.06,95.06,26.948,15,,,
2026-05-11 15:00:00+00:00,94.99,95.39,94.99,95.39,95.39,2.93,7,,,
2026-05-11 15:15:00+00:00,95.38,96.36,95.38,96.16,96.16,17.424,26,,,
2026-05-11 15:30:00+00:00,96.29,96.29,96.08,96.08,96.08,1.0,5,,,
2026-05-11 15:45:00+00:00,95.88,96.73,95.88,96.73,96.73,21.958,19,,,
2026-05-11 16:00:00+00:00,96.52,97.86,96.52,97.79,97.79,54.029,64,,,
2026-05-11 16:15:00+00:00,97.75,97.75,97.48,97.48,97.48,8.95,7,,,
2026-05-11 16:30:00+00:00,97.59,97.68,97.15,97.29,97.29,51.311,8,,,
2026-05-11 16:45:00+00:00,97.38,97.38,97.38,97.38,97.38,0.028,1,,,
2026-05-11 17:00:00+00:00,97.27,97.31,97.01,97.17,97.17,804.435,59,,,
2026-05-11 17:15:00+00:00,97.36,97.46,97.2,97.2,97.2,17.552,5,,,
2026-05-11 17:30:00+00:00,97.51,97.62,97.51,97.62,97.62,0.366,2,,,
2026-05-11 17:45:00+00:00,97.93,97.94,97.81,97.83,97.83,1.737,4,,,
2026-05-11 18:00:00+00:00,97.88,98.0,97.52,97.52,97.52,69.151,9,,,
2026-05-11 18:15:00+00:00,97.6,97.6,97.6,97.6,97.6,0.428,1,,,
2026-05-11 18:30:00+00:00,97.47,97.47,97.47,97.47,97.47,0.209,1,,,
2026-05-11 18:45:00+00:00,97.51,97.62,97.51,97.62,97.62,26.174,3,,,
2026-05-11 19:00:00+00:00,97.31,97.31,97.31,97.31,97.31,0.777,1,,,
2026-05-11 19:15:00+00:00,97.59,97.59,97.57,97.57,97.57,17.832,2,,,
2026-05-11 19:30:00+00:00,97.88,98.33,97.88,98.12,98.12,6.635,10,,,
2026-05-11 19:45:00+00:00,98.18,98.19,98.18,98.19,98.19,13.464,3,,,
2026-05-11 20:00:00+00:00,98.19,98.19,98.19,98.19,98.19,0.0,0,,,
2026-05-11 20:15:00+00:00,97.9,97.98,97.9,97.98,97.98,7.13,4,,,
2026-05-11 20:30:00+00:00,97.86,97.98,97.86,97.98,97.98,2.247,3,,,
2026-05-11 20:45:00+00:00,97.98,97.98,97.98,97.98,97.98,0.0,0,,,
2026-05-11 21:00:00+00:00,97.66,97.66,97.47,97.47,97.47,3.613,8,,,
2026-05-11 21:15:00+00:00,97.47,97.47,97.47,97.47,97.47,0.0,0,,,
2026-05-11 21:30:00+00:00,97.53,97.53,97.53,97.53,97.53,0.16,1,,,
2026-05-11 21:45:00+00:00,97.53,97.53,97.53,97.53,97.53,0.0,0,,,
2026-05-11 22:00:00+00:00,97.53,97.67,97.53,97.67,97.67,0.446,3,,,
2026-05-11 22:15:00+00:00,97.67,97.67,97.67,97.67,97.67,0.0,0,,,
2026-05-11 22:30:00+00:00,97.45,97.55,97.45,97.55,97.55,1.061,2,,,
2026-05-11 22:45:00+00:00,97.65,97.79,97.62,97.63,97.63,48.257,13,,,
2026-05-11 23:00:00+00:00,97.54,97.54,97.54,97.54,97.54,0.419,2,,,
2026-05-11 23:15:00+00:00,97.34,97.34,97.16,97.16,97.16,3.258,7,,,
2026-05-11 23:30:00+00:00,97.24,97.47,97.24,97.44,97.44,9.717,4,,,
2026-05-11 23:45:00+00:00,97.44,97.44,97.44,97.44,97.44,0.0,0,,,
2026-05-12 00:00:00+00:00,97.37,97.41,97.2,97.31,97.31,2.315,9,,,
2026-05-12 00:15:00+00:00,97.43,97.43,97.43,97.43,97.43,0.692,2,,,
2026-05-12 00:30:00+00:00,97.49,97.49,97.46,97.49,97.49,1.231,4,,,
2026-05-12 00:45:00+00:00,97.57,97.65,97.57,97.62,97.62,0.791,5,,,
2026-05-12 01:00:00+00:00,97.15,97.15,97.1,97.11,97.11,0.565,5,,,
2026-05-12 01:15:00+00:00,97.01,97.01,96.56,96.95,96.95,40.771,19,,,
2026-05-12 01:30:00+00:00,96.54,96.54,95.62,96.08,96.08,498.686,46,,,
2026-05-12 01:45:00+00:00,96.04,96.44,96.04,96.26,96.26,38.703,15,,,
2026-05-12 02:00:00+00:00,96.22,96.69,96.22,96.62,96.62,18.783,23,,,
2026-05-12 02:15:00+00:00,96.61,96.61,96.28,96.45,96.45,9.964,6,,,
2026-05-12 02:30:00+00:00,96.45,96.45,96.45,96.45,96.45,0.0,0,,,
2026-05-12 02:45:00+00:00,96.45,96.45,96.45,96.45,96.45,0.0,0,,,
2026-05-12 03:00:00+00:00,96.45,96.45,96.41,96.42,96.42,10.07,4,,,
2026-05-12 03:15:00+00:00,96.35,96.35,96.32,96.32,96.32,17.174,5,,,
2026-05-12 03:30:00+00:00,96.32,96.32,96.32,96.32,96.32,20.0,1,,,
2026-05-12 03:45:00+00:00,96.1,96.1,96.05,96.05,96.05,6.702,4,,,
2026-05-12 04:00:00+00:00,96.14,96.18,96.12,96.12,96.12,0.467,11,,,
2026-05-12 04:15:00+00:00,96.11,96.11,96.1,96.1,96.1,0.072,2,,,
2026-05-12 04:30:00+00:00,96.35,96.37,96.35,96.37,96.37,0.893,4,,,
2026-05-12 04:45:00+00:00,96.41,96.43,96.37,96.37,96.37,5.432,3,,,
2026-05-12 05:00:00+00:00,96.42,96.44,96.24,96.24,96.24,44.301,6,,,
2026-05-12 05:15:00+00:00,96.51,96.65,96.51,96.65,96.65,1.972,8,,,
2026-05-12 05:30:00+00:00,96.72,96.72,96.72,96.72,96.72,0.048,1,,,
2026-05-12 05:45:00+00:00,96.72,96.72,96.72,96.72,96.72,0.0,0,,,
2026-05-12 06:00:00+00:00,96.72,96.72,96.72,96.72,96.72,0.0,0,,,
2026-05-12 06:15:00+00:00,96.74,96.95,96.74,96.87,96.87,3.933,15,,,
2026-05-12 06:30:00+00:00,96.87,96.87,96.87,96.87,96.87,0.0,0,,,
2026-05-12 06:45:00+00:00,96.29,96.3,96.29,96.3,96.3,1.247,2,,,
2026-05-12 07:00:00+00:00,96.08,96.08,95.91,96.02,96.02,1.699,6,,,
2026-05-12 07:15:00+00:00,96.02,96.02,96.02,96.02,96.02,0.0,0,,,
2026-05-12 07:30:00+00:00,96.02,96.02,96.02,96.02,96.02,0.0,0,,,
2026-05-12 07:45:00+00:00,95.99,96.04,95.99,96.04,96.04,0.506,2,,,
2026-05-12 08:00:00+00:00,95.96,95.96,95.73,95.73,95.73,33.762,11,,,
2026-05-12 08:15:00+00:00,95.54,95.8,95.48,95.62,95.62,7.076,7,,,
2026-05-12 08:30:00+00:00,95.59,95.76,95.59,95.76,95.76,50.907,5,,,
2026-05-12 08:45:00+00:00,95.79,95.79,95.79,95.79,95.79,0.283,1,,,
2026-05-12 09:00:00+00:00,95.51,95.56,95.35,95.35,95.35,5.594,9,,,
2026-05-12 09:15:00+00:00,95.35,95.35,95.35,95.35,95.35,0.0,0,,,
2026-05-12 09:30:00+00:00,95.62,95.94,95.62,95.94,95.94,1.177,4,,,
2026-05-12 09:45:00+00:00,95.96,95.96,95.93,95.93,95.93,0.59,2,,,
2026-05-12 10:00:00+00:00,95.83,95.83,95.72,95.73,95.73,20.098,9,,,
2026-05-12 10:15:00+00:00,95.51,95.55,95.23,95.3,95.3,3.435,11,,,
2026-05-12 10:30:00+00:00,95.2,95.2,95.13,95.13,95.13,1.101,3,,,
2026-05-12 10:45:00+00:00,95.0,95.0,94.92,94.92,94.92,7.31,6,,,
2026-05-12 11:00:00+00:00,94.81,94.81,94.7,94.7,94.7,7.625,3,,,
2026-05-12 11:15:00+00:00,94.73,94.73,94.67,94.72,94.72,9.936,8,,,
2026-05-12 11:30:00+00:00,94.72,94.72,94.72,94.72,94.72,0.0,0,,,
2026-05-12 11:45:00+00:00,94.72,94.72,94.72,94.72,94.72,0.0,0,,,
2026-05-12 12:00:00+00:00,94.82,95.1,94.79,95.1,95.1,2.817,7,,,
2026-05-12 12:15:00+00:00,95.09,95.09,95.09,95.09,95.09,2.628,1,,,
2026-05-12 12:30:00+00:00,94.67,95.47,94.42,95.47,95.47,11.406,10,,,
2026-05-12 12:45:00+00:00,95.47,95.47,95.47,95.47,95.47,0.0,0,,,
2026-05-12 13:00:00+00:00,95.47,95.47,95.47,95.47,95.47,0.0,0,,,
2026-05-12 13:15:00+00:00,94.95,94.95,94.86,94.86,94.86,1.257,4,,,
2026-05-12 13:30:00+00:00,94.96,95.11,94.96,95.08,95.08,1.422,4,,,
2026-05-12 13:45:00+00:00,95.19,95.3,94.58,94.82,94.82,5.602,15,,,
2026-05-12 14:00:00+00:00,94.82,95.02,94.82,95.02,95.02,0.729,3,,,
2026-05-12 14:15:00+00:00,95.03,95.17,94.64,94.76,94.76,1.539,6,,,
2026-05-12 14:30:00+00:00,94.74,94.95,94.5,94.95,94.95,34.48,10,,,
2026-05-12 14:45:00+00:00,94.92,94.92,94.42,94.42,94.42,1.416,6,,,
2026-05-12 15:00:00+00:00,94.42,94.67,94.39,94.67,94.67,1.484,4,,,
2026-05-12 15:15:00+00:00,94.39,94.39,93.64,93.75,93.75,333.331,96,,,
2026-05-12 15:30:00+00:00,93.89,94.13,93.89,94.13,94.13,33.686,14,,,
2026-05-12 15:45:00+00:00,93.94,93.94,93.83,93.83,93.83,0.659,3,,,
2026-05-12 16:00:00+00:00,93.8,94.11,93.75,94.11,94.11,44.695,7,,,
2026-05-12 16:15:00+00:00,94.2,94.25,94.14,94.14,94.14,1.281,6,,,
2026-05-12 16:30:00+00:00,94.16,94.16,93.93,93.93,93.93,0.504,8,,,
2026-05-12 16:45:00+00:00,93.95,93.95,93.6,93.71,93.71,830.116,47,,,
2026-05-12 17:00:00+00:00,93.78,94.11,93.78,94.11,94.11,6.57,7,,,
2026-05-12 17:15:00+00:00,94.29,94.5,94.29,94.49,94.49,8.519,6,,,
2026-05-12 17:30:00+00:00,94.49,94.55,94.49,94.53,94.53,5.658,3,,,
2026-05-12 17:45:00+00:00,94.53,94.53,94.53,94.53,94.53,0.0,0,,,
2026-05-12 18:00:00+00:00,94.53,94.53,94.41,94.41,94.41,0.586,3,,,
2026-05-12 18:15:00+00:00,94.41,94.41,94.41,94.41,94.41,0.0,0,,,
2026-05-12 18:30:00+00:00,94.57,94.57,94.57,94.57,94.57,2.137,1,,,
2026-05-12 18:45:00+00:00,94.61,94.74,94.59,94.59,94.59,367.589,16,,,
2026-05-12 19:00:00+00:00,94.65,94.85,94.65,94.85,94.85,2.512,4,,,
2026-05-12 19:15:00+00:00,94.69,94.69,94.69,94.69,94.69,5.452,1,,,
2026-05-12 19:30:00+00:00,94.67,94.67,94.67,94.67,94.67,0.109,2,,,
2026-05-12 19:45:00+00:00,94.67,94.67,94.67,94.67,94.67,0.0,0,,,
2026-05-12 20:00:00+00:00,94.85,94.89,94.85,94.89,94.89,6.481,3,,,
2026-05-12 20:15:00+00:00,94.87,94.87,94.87,94.87,94.87,0.165,1,,,
2026-05-12 20:30:00+00:00,94.94,94.94,94.68,94.68,94.68,2.966,2,,,
2026-05-12 20:45:00+00:00,94.68,94.68,94.68,94.68,94.68,0.0,0,,,
2026-05-12 21:00:00+00:00,94.68,94.68,94.68,94.68,94.68,0.0,0,,,
2026-05-12 21:15:00+00:00,94.71,94.73,94.71,94.73,94.73,0.147,3,,,
2026-05-12 21:30:00+00:00,94.65,94.65,94.62,94.62,94.62,0.204,2,,,
2026-05-12 21:45:00+00:00,94.62,94.62,94.62,94.62,94.62,0.0,0,,,
2026-05-12 22:00:00+00:00,94.62,94.62,94.62,94.62,94.62,0.0,0,,,
2026-05-12 22:15:00+00:00,94.62,94.62,94.62,94.62,94.62,0.0,0,,,
2026-05-12 22:30:00+00:00,94.67,94.69,94.67,94.69,94.69,0.245,3,,,
2026-05-12 22:45:00+00:00,94.69,94.69,94.69,94.69,94.69,0.0,0,,,
2026-05-12 23:00:00+00:00,94.69,94.69,94.53,94.53,94.53,3.281,2,,,
2026-05-12 23:15:00+00:00,94.53,94.53,94.53,94.53,94.53,0.0,0,,,
2026-05-12 23:30:00+00:00,94.64,94.64,94.44,94.5,94.5,3.015,6,,,
2026-05-12 23:45:00+00:00,94.27,94.27,94.27,94.27,94.27,0.127,1,,,
2026-05-13 00:00:00+00:00,94.33,94.33,94.2,94.21,94.21,6.142,4,,,
2026-05-13 00:15:00+00:00,94.53,94.53,94.47,94.47,94.47,3.976,5,,,
2026-05-13 00:30:00+00:00,94.58,94.58,94.58,94.58,94.58,1.478,2,,,
2026-05-13 00:45:00+00:00,94.55,94.55,94.47,94.47,94.47,11.835,4,,,
2026-05-13 01:00:00+00:00,94.6,95.03,94.6,95.0,95.0,2.754,10,,,
2026-05-13 01:15:00+00:00,95.0,95.31,95.0,95.25,95.25,17.393,15,,,
2026-05-13 01:30:00+00:00,95.29,95.32,95.22,95.22,95.22,5.786,5,,,
2026-05-13 01:45:00+00:00,95.11,95.11,95.11,95.11,95.11,3.312,1,,,
2026-05-13 02:00:00+00:00,95.15,95.15,95.06,95.1,95.1,111.143,6,,,
2026-05-13 02:15:00+00:00,95.11,95.51,95.11,95.51,95.51,14.234,7,,,
2026-05-13 02:30:00+00:00,95.22,95.22,95.22,95.22,95.22,0.529,1,,,
2026-05-13 02:45:00+00:00,95.19,95.19,95.19,95.19,95.19,1.081,1,,,
2026-05-13 03:00:00+00:00,95.19,95.19,95.19,95.19,95.19,0.0,0,,,
2026-05-13 03:15:00+00:00,95.19,95.19,95.19,95.19,95.19,0.0,0,,,
2026-05-13 03:30:00+00:00,95.3,95.42,95.3,95.42,95.42,9.059,4,,,
2026-05-13 03:45:00+00:00,95.51,95.51,95.49,95.49,95.49,4.65,2,,,
2026-05-13 04:00:00+00:00,95.57,95.62,95.57,95.59,95.59,1.791,6,,,
2026-05-13 04:15:00+00:00,95.7,95.75,95.7,95.75,95.75,1.35,4,,,
2026-05-13 04:30:00+00:00,95.8,95.92,95.61,95.62,95.62,256.73,16,,,
2026-05-13 04:45:00+00:00,95.51,95.51,95.49,95.49,95.49,0.775,2,,,
2026-05-13 05:00:00+00:00,95.49,95.49,95.49,95.49,95.49,0.0,0,,,
2026-05-13 05:15:00+00:00,95.22,95.46,95.14,95.43,95.43,348.788,41,,,
2026-05-13 05:30:00+00:00,95.39,95.39,95.39,95.39,95.39,26.73,1,,,
2026-05-13 05:45:00+00:00,95.39,95.39,95.39,95.39,95.39,0.0,0,,,
2026-05-13 06:00:00+00:00,95.5,95.51,95.5,95.51,95.51,11.013,2,,,
2026-05-13 06:15:00+00:00,95.53,95.59,95.22,95.23,95.23,243.259,21,,,
2026-05-13 06:30:00+00:00,95.34,95.34,95.34,95.34,95.34,0.022,1,,,
2026-05-13 06:45:00+00:00,95.15,95.17,95.15,95.17,95.17,78.194,3,,,
2026-05-13 07:00:00+00:00,95.17,95.17,95.17,95.17,95.17,0.0,0,,,
2026-05-13 07:15:00+00:00,95.28,95.28,94.95,94.95,94.95,0.633,3,,,
2026-05-13 07:30:00+00:00,94.94,95.21,94.94,95.21,95.21,8.928,2,,,
2026-05-13 07:45:00+00:00,95.22,95.22,95.22,95.22,95.22,0.525,1,,,
2026-05-13 08:00:00+00:00,95.23,95.29,95.21,95.29,95.29,77.705,7,,,
2026-05-13 08:15:00+00:00,95.21,95.21,95.21,95.21,95.21,0.084,1,,,
2026-05-13 08:30:00+00:00,95.24,95.71,95.24,95.71,95.71,28.845,13,,,
2026-05-13 08:45:00+00:00,95.72,95.72,95.59,95.59,95.59,1.334,4,,,
2026-05-13 09:00:00+00:00,95.77,95.85,95.68,95.68,95.68,1.828,8,,,
2026-05-13 09:15:00+00:00,95.73,95.79,95.71,95.71,95.71,0.419,4,,,
2026-05-13 09:30:00+00:00,95.87,95.87,95.76,95.81,95.81,11.656,5,,,
2026-05-13 09:45:00+00:00,95.75,95.75,95.72,95.72,95.72,0.411,3,,,
2026-05-13 10:00:00+00:00,95.56,95.56,95.51,95.51,95.51,1.887,3,,,
2026-05-13 10:15:00+00:00,95.3,95.3,95.22,95.22,95.22,6.639,5,,,
2026-05-13 10:30:00+00:00,94.94,94.94,94.83,94.83,94.83,6.548,4,,,
2026-05-13 10:45:00+00:00,94.81,94.81,94.81,94.81,94.81,0.137,1,,,
2026-05-13 11:00:00+00:00,94.65,94.65,94.35,94.35,94.35,10.107,9,,,
2026-05-13 11:15:00+00:00,94.32,94.5,94.32,94.38,94.38,5.867,13,,,
2026-05-13 11:30:00+00:00,94.38,94.38,94.38,94.38,94.38,0.0,0,,,
2026-05-13 11:45:00+00:00,94.63,94.63,94.35,94.35,94.35,10.199,4,,,
2026-05-13 12:00:00+00:00,94.32,94.54,94.32,94.54,94.54,4.197,5,,,
2026-05-13 12:15:00+00:00,94.3,94.3,94.03,94.17,94.17,10.247,13,,,
2026-05-13 12:30:00+00:00,94.14,94.14,92.31,92.93,92.93,640.847,130,,,
2026-05-13 12:45:00+00:00,93.11,93.13,93.11,93.11,93.11,3.108,6,,,
2026-05-13 13:00:00+00:00,93.22,93.37,93.22,93.36,93.36,1.329,4,,,
2026-05-13 13:15:00+00:00,93.36,93.36,93.36,93.36,93.36,0.0,0,,,
2026-05-13 13:30:00+00:00,93.2,93.28,92.8,92.84,92.84,2.765,12,,,
2026-05-13 13:45:00+00:00,92.64,92.64,92.0,92.12,92.12,39.489,14,,,
2026-05-13 14:00:00+00:00,92.13,92.13,91.23,92.01,92.01,280.032,38,,,
2026-05-13 14:15:00+00:00,92.15,92.15,92.15,92.15,92.15,0.33,1,,,
2026-05-13 14:30:00+00:00,91.94,91.94,91.94,91.94,91.94,0.137,1,,,
2026-05-13 14:45:00+00:00,91.83,91.83,91.69,91.7,91.7,24.202,7,,,
2026-05-13 15:00:00+00:00,91.86,91.86,91.14,91.14,91.14,235.154,32,,,
2026-05-13 15:15:00+00:00,91.21,91.21,90.81,90.81,90.81,20.616,9,,,
2026-05-13 15:30:00+00:00,90.81,90.81,90.81,90.81,90.81,0.0,0,,,
2026-05-13 15:45:00+00:00,90.76,90.82,90.42,90.42,90.42,17.327,11,,,
2026-05-13 16:00:00+00:00,90.59,90.91,90.59,90.72,90.72,46.911,10,,,
2026-05-13 16:15:00+00:00,90.75,90.96,90.75,90.96,90.96,0.775,3,,,
2026-05-13 16:30:00+00:00,90.87,91.01,90.87,91.01,91.01,0.283,2,,,
2026-05-13 16:45:00+00:00,91.02,91.21,90.92,90.94,90.94,24.972,19,,,
2026-05-13 17:00:00+00:00,91.06,91.06,90.89,90.89,90.89,12.238,6,,,
2026-05-13 17:15:00+00:00,90.78,91.06,90.77,91.06,91.06,95.651,21,,,
2026-05-13 17:30:00+00:00,90.91,90.91,90.79,90.88,90.88,12.516,7,,,
2026-05-13 17:45:00+00:00,90.88,90.88,90.88,90.88,90.88,0.0,0,,,
2026-05-13 18:00:00+00:00,90.91,91.04,90.9,91.04,91.04,115.999,5,,,
2026-05-13 18:15:00+00:00,91.13,91.33,91.13,91.33,91.33,0.307,2,,,
2026-05-13 18:30:00+00:00,91.33,91.33,91.33,91.33,91.33,0.0,0,,,
2026-05-13 18:45:00+00:00,90.8,90.8,90.78,90.79,90.79,2.652,6,,,
2026-05-13 19:00:00+00:00,90.85,90.86,90.67,90.67,90.67,8.446,8,,,
2026-05-13 19:15:00+00:00,90.67,90.67,90.51,90.61,90.61,4.882,5,,,
2026-05-13 19:30:00+00:00,90.8,90.8,90.8,90.8,90.8,0.222,1,,,
2026-05-13 19:45:00+00:00,90.93,90.95,90.92,90.92,90.92,5.905,3,,,
2026-05-13 20:00:00+00:00,90.99,91.05,90.99,91.05,91.05,0.318,3,,,
2026-05-13 20:15:00+00:00,91.24,91.24,91.17,91.17,91.17,4.392,2,,,
2026-05-13 20:30:00+00:00,91.16,91.27,91.16,91.27,91.27,4.022,3,,,
2026-05-13 20:45:00+00:00,91.27,91.27,91.27,91.27,91.27,0.0,0,,,
2026-05-13 21:00:00+00:00,90.94,90.94,90.94,90.94,90.94,0.616,1,,,
2026-05-13 21:15:00+00:00,90.91,90.91,90.88,90.88,90.88,0.406,3,,,
2026-05-13 21:30:00+00:00,90.88,90.88,90.88,90.88,90.88,3.047,1,,,
2026-05-13 21:45:00+00:00,90.88,90.88,90.88,90.88,90.88,0.0,0,,,
2026-05-13 22:00:00+00:00,90.9,90.9,90.78,90.82,90.82,40.995,5,,,
2026-05-13 22:15:00+00:00,90.92,91.07,90.92,91.07,91.07,7.856,5,,,
2026-05-13 22:30:00+00:00,91.04,91.13,91.04,91.11,91.11,0.604,3,,,
2026-05-13 22:45:00+00:00,91.15,91.15,91.15,91.15,91.15,0.327,1,,,
2026-05-13 23:00:00+00:00,91.19,91.19,91.19,91.19,91.19,10.966,1,,,
2026-05-13 23:15:00+00:00,91.28,91.28,91.28,91.28,91.28,0.145,1,,,
2026-05-13 23:30:00+00:00,91.15,91.15,91.15,91.15,91.15,0.219,1,,,
2026-05-13 23:45:00+00:00,91.1,91.14,91.1,91.14,91.14,26.527,2,,,
2026-05-14 00:00:00+00:00,91.18,91.33,91.17,91.33,91.33,4.403,5,,,
2026-05-14 00:15:00+00:00,91.36,91.37,91.12,91.13,91.13,1.827,11,,,
2026-05-14 00:30:00+00:00,91.19,91.27,91.18,91.18,91.18,2.058,14,,,
2026-05-14 00:45:00+00:00,91.21,91.26,91.17,91.26,91.26,0.414,3,,,
2026-05-14 01:00:00+00:00,91.28,91.28,91.24,91.24,91.24,11.099,2,,,
2026-05-14 01:15:00+00:00,91.12,91.12,91.05,91.05,91.05,12.967,3,,,
2026-05-14 01:30:00+00:00,91.03,91.1,91.02,91.07,91.07,6.428,4,,,
2026-05-14 01:45:00+00:00,91.19,91.19,91.19,91.19,91.19,10.979,1,,,
2026-05-14 02:00:00+00:00,91.14,91.14,91.14,91.14,91.14,2.193,1,,,
2026-05-14 02:15:00+00:00,91.07,91.07,91.07,91.07,91.07,3.294,1,,,
2026-05-14 02:30:00+00:00,91.11,91.11,91.11,91.11,91.11,0.329,1,,,
2026-05-14 02:45:00+00:00,90.88,90.88,90.5,90.5,90.5,5.25,6,,,
2026-05-14 03:00:00+00:00,90.7,90.7,90.12,90.26,90.26,35.595,13,,,
2026-05-14 03:15:00+00:00,90.23,90.53,89.99,90.53,90.53,48.135,14,,,
2026-05-14 03:30:00+00:00,90.45,90.53,90.23,90.23,90.23,0.461,4,,,
2026-05-14 03:45:00+00:00,89.97,90.01,89.94,89.94,89.94,3.11,6,,,
2026-05-14 04:00:00+00:00,90.02,90.02,90.02,90.02,90.02,0.504,1,,,
2026-05-14 04:15:00+00:00,90.02,90.02,90.02,90.02,90.02,0.0,0,,,
2026-05-14 04:30:00+00:00,90.02,90.02,90.02,90.02,90.02,0.0,0,,,
2026-05-14 04:45:00+00:00,90.47,90.53,90.45,90.53,90.53,3.071,5,,,
2026-05-14 05:00:00+00:00,90.53,90.53,90.53,90.53,90.53,0.0,0,,,
2026-05-14 05:15:00+00:00,90.72,90.83,90.72,90.83,90.83,0.795,4,,,
2026-05-14 05:30:00+00:00,90.93,90.94,90.91,90.94,90.94,0.689,3,,,
2026-05-14 05:45:00+00:00,91.25,91.37,91.25,91.26,91.26,0.886,6,,,
2026-05-14 06:00:00+00:00,91.18,91.19,91.18,91.19,91.19,4.018,2,,,
2026-05-14 06:15:00+00:00,91.38,91.38,91.38,91.38,91.38,0.087,1,,,
2026-05-14 06:30:00+00:00,91.38,91.38,91.38,91.38,91.38,0.0,0,,,
2026-05-14 06:45:00+00:00,91.38,91.38,91.38,91.38,91.38,0.0,0,,,
2026-05-14 07:00:00+00:00,91.38,91.63,91.12,91.12,91.12,603.891,21,,,
2026-05-14 07:15:00+00:00,91.12,91.12,91.12,91.12,91.12,0.0,0,,,
2026-05-14 07:30:00+00:00,90.93,91.14,90.85,91.14,91.14,80.915,8,,,
2026-05-14 07:45:00+00:00,91.14,91.14,91.14,91.14,91.14,0.0,0,,,
2026-05-14 08:00:00+00:00,91.14,91.14,91.14,91.14,91.14,0.0,0,,,
2026-05-14 08:15:00+00:00,91.03,91.03,91.02,91.02,91.02,31.152,2,,,
2026-05-14 08:30:00+00:00,91.21,91.21,91.18,91.18,91.18,1.325,4,,,
2026-05-14 08:45:00+00:00,91.18,91.18,91.18,91.18,91.18,0.0,0,,,
2026-05-14 09:00:00+00:00,91.0,91.0,90.99,90.99,90.99,60.274,4,,,
2026-05-14 09:15:00+00:00,90.96,91.01,90.88,90.88,90.88,7.42,9,,,
2026-05-14 09:30:00+00:00,90.67,90.67,90.64,90.64,90.64,0.985,2,,,
2026-05-14 09:45:00+00:00,90.78,90.78,90.78,90.78,90.78,0.735,1,,,
2026-05-14 10:00:00+00:00,91.03,91.03,91.03,91.03,91.03,0.039,1,,,
2026-05-14 10:15:00+00:00,90.98,91.07,90.98,91.07,91.07,0.581,5,,,
2026-05-14 10:30:00+00:00,90.98,90.98,90.98,90.98,90.98,0.251,1,,,
2026-05-14 10:45:00+00:00,90.97,91.1,90.97,91.08,91.08,4.594,4,,,
2026-05-14 11:00:00+00:00,91.08,91.08,91.08,91.08,91.08,0.0,0,,,
2026-05-14 11:15:00+00:00,90.92,90.92,90.83,90.83,90.83,1.91,2,,,
2026-05-14 11:30:00+00:00,90.83,90.83,90.83,90.83,90.83,0.0,0,,,
2026-05-14 11:45:00+00:00,90.83,90.83,90.83,90.83,90.83,0.0,0,,,
2026-05-14 12:00:00+00:00,90.86,90.92,90.79,90.79,90.79,0.297,3,,,
2026-05-14 12:15:00+00:00,90.93,90.93,90.93,90.93,90.93,0.213,1,,,
2026-05-14 12:30:00+00:00,91.07,91.19,91.07,91.14,91.14,4.266,7,,,
2026-05-14 12:45:00+00:00,91.14,91.22,91.14,91.22,91.22,16.989,3,,,
2026-05-14 13:00:00+00:00,91.26,91.33,91.26,91.33,91.33,2.873,4,,,
2026-05-14 13:15:00+00:00,91.38,91.38,91.2,91.2,91.2,11.008,3,,,
2026-05-14 13:30:00+00:00,91.23,91.31,90.89,90.9,90.9,8.888,7,,,
2026-05-14 13:45:00+00:00,91.12,91.12,90.79,90.79,90.79,28.173,3,,,
2026-05-14 14:00:00+00:00,90.67,90.67,90.67,90.67,90.67,0.25,1,,,
2026-05-14 14:15:00+00:00,91.33,91.4,91.33,91.4,91.4,1.217,4,,,
2026-05-14 14:30:00+00:00,91.5,91.59,91.48,91.59,91.59,0.782,3,,,
2026-05-14 14:45:00+00:00,91.64,92.2,91.64,92.2,92.2,235.637,14,,,
2026-05-14 15:00:00+00:00,92.26,92.26,91.93,91.93,91.93,12.621,7,,,
2026-05-14 15:15:00+00:00,92.37,92.55,92.37,92.55,92.55,100.21,8,,,
2026-05-14 15:30:00+00:00,92.26,92.26,92.19,92.19,92.19,0.747,3,,,
2026-05-14 15:45:00+00:00,92.81,93.22,92.81,93.17,93.17,7.813,20,,,
2026-05-14 16:00:00+00:00,93.22,93.57,93.22,93.57,93.57,3.9,7,,,
2026-05-14 16:15:00+00:00,93.32,93.33,93.2,93.2,93.2,18.232,9,,,
2026-05-14 16:30:00+00:00,93.2,93.2,93.2,93.2,93.2,0.0,0,,,
2026-05-14 16:45:00+00:00,93.21,93.25,92.36,93.25,93.25,6.3,14,,,
2026-05-14 17:00:00+00:00,93.17,93.51,93.13,93.15,93.15,21.155,12,,,
2026-05-14 17:15:00+00:00,93.02,93.02,92.5,92.5,92.5,12.438,9,,,
2026-05-14 17:30:00+00:00,92.39,92.74,92.39,92.72,92.72,4.28,5,,,
2026-05-14 17:45:00+00:00,92.93,93.25,92.93,93.07,93.07,11.533,15,,,
2026-05-14 18:00:00+00:00,92.93,93.29,92.9,93.29,93.29,3.605,8,,,
2026-05-14 18:15:00+00:00,93.34,93.57,93.34,93.57,93.57,2.642,5,,,
2026-05-14 18:30:00+00:00,93.53,93.55,93.2,93.2,93.2,117.305,16,,,
2026-05-14 18:45:00+00:00,93.41,93.5,93.41,93.5,93.5,26.763,7,,,
2026-05-14 19:00:00+00:00,93.56,93.56,93.56,93.56,93.56,26.842,1,,,
2026-05-14 19:15:00+00:00,93.22,93.22,93.13,93.13,93.13,0.591,2,,,
2026-05-14 19:30:00+00:00,93.16,93.17,93.16,93.17,93.17,0.439,2,,,
2026-05-14 19:45:00+00:00,92.93,92.93,92.82,92.92,92.92,0.758,4,,,
2026-05-14 20:00:00+00:00,92.9,92.9,92.78,92.83,92.83,4.307,8,,,
2026-05-14 20:15:00+00:00,92.68,92.68,92.5,92.5,92.5,52.547,12,,,
2026-05-14 20:30:00+00:00,92.55,92.55,92.55,92.55,92.55,0.373,1,,,
2026-05-14 20:45:00+00:00,92.55,92.55,92.55,92.55,92.55,0.0,0,,,
2026-05-14 21:00:00+00:00,92.76,92.79,92.72,92.72,92.72,11.547,7,,,
2026-05-14 21:15:00+00:00,92.66,92.77,92.66,92.77,92.77,0.728,3,,,
2026-05-14 21:30:00+00:00,92.91,92.91,92.91,92.91,92.91,0.146,1,,,
2026-05-14 21:45:00+00:00,92.75,92.75,92.72,92.72,92.72,0.251,2,,,
2026-05-14 22:00:00+00:00,92.7,92.75,92.7,92.75,92.75,0.261,2,,,
2026-05-14 22:15:00+00:00,92.75,92.75,92.7,92.7,92.7,0.032,2,,,
2026-05-14 22:30:00+00:00,92.88,92.88,92.88,92.88,92.88,0.115,2,,,
2026-05-14 22:45:00+00:00,92.86,92.86,92.63,92.63,92.63,4.398,5,,,
2026-05-14 23:00:00+00:00,92.6,92.61,92.55,92.58,92.58,2.643,5,,,
2026-05-14 23:15:00+00:00,92.57,92.57,92.57,92.57,92.57,0.442,1,,,
2026-05-14 23:30:00+00:00,92.57,92.57,92.57,92.57,92.57,0.0,0,,,
2026-05-14 23:45:00+00:00,92.25,92.25,92.21,92.21,92.21,1.756,5,,,
2026-05-15 00:00:00+00:00,92.16,92.25,92.13,92.25,92.25,11.131,5,,,
2026-05-15 00:15:00+00:00,92.36,92.5,92.36,92.5,92.5,7.198,4,,,
2026-05-15 00:30:00+00:00,92.47,92.58,92.47,92.53,92.53,15.383,5,,,
2026-05-15 00:45:00+00:00,92.3,92.44,92.3,92.44,92.44,0.255,2,,,
2026-05-15 01:00:00+00:00,92.43,92.43,92.43,92.43,92.43,18.0,1,,,
2026-05-15 01:15:00+00:00,92.44,92.44,92.44,92.44,92.44,0.11,1,,,
2026-05-15 01:30:00+00:00,92.19,92.19,91.81,92.15,92.15,17.91,14,,,
2026-05-15 01:45:00+00:00,91.82,91.87,91.77,91.8,91.8,3.194,6,,,
2026-05-15 02:00:00+00:00,91.74,92.07,91.51,91.9,91.9,652.523,66,,,
2026-05-15 02:15:00+00:00,91.86,92.04,91.8,91.83,91.83,54.493,10,,,
2026-05-15 02:30:00+00:00,91.65,91.73,91.62,91.73,91.73,4.112,5,,,
2026-05-15 02:45:00+00:00,92.09,92.39,92.09,92.39,92.39,5.114,12,,,
2026-05-15 03:00:00+00:00,92.36,92.36,92.17,92.17,92.17,1.0,3,,,
2026-05-15 03:15:00+00:00,92.23,92.23,92.23,92.23,92.23,0.087,1,,,
2026-05-15 03:30:00+00:00,92.16,92.16,91.94,92.02,92.02,25.025,7,,,
2026-05-15 03:45:00+00:00,91.98,92.1,91.98,92.1,92.1,44.312,6,,,
2026-05-15 04:00:00+00:00,92.07,92.07,92.05,92.05,92.05,0.484,2,,,
2026-05-15 04:15:00+00:00,91.89,91.89,91.87,91.87,91.87,0.772,2,,,
2026-05-15 04:30:00+00:00,91.71,91.77,91.62,91.77,91.77,28.884,12,,,
2026-05-15 04:45:00+00:00,91.45,91.45,91.4,91.4,91.4,2.416,4,,,
2026-05-15 05:00:00+00:00,91.3,91.37,91.25,91.37,91.37,4.026,10,,,
2026-05-15 05:15:00+00:00,91.37,91.37,91.37,91.37,91.37,0.0,0,,,
2026-05-15 05:30:00+00:00,91.21,91.21,90.31,90.63,90.63,24.699,33,,,
2026-05-15 05:45:00+00:00,90.65,90.65,90.65,90.65,90.65,0.528,1,,,
2026-05-15 06:00:00+00:00,90.75,90.96,90.75,90.78,90.78,246.709,20,,,
2026-05-15 06:15:00+00:00,90.78,90.78,90.78,90.78,90.78,0.0,0,,,
2026-05-15 06:30:00+00:00,90.83,90.9,90.83,90.9,90.9,7.69,2,,,
2026-05-15 06:45:00+00:00,90.9,90.9,90.9,90.9,90.9,0.0,0,,,
2026-05-15 07:00:00+00:00,91.02,91.03,90.98,91.03,91.03,4.246,4,,,
2026-05-15 07:15:00+00:00,91.21,91.62,91.21,91.62,91.62,106.353,10,,,
2026-05-15 07:30:00+00:00,91.4,91.41,91.33,91.33,91.33,0.433,5,,,
2026-05-15 07:45:00+00:00,91.42,91.61,91.42,91.6,91.6,25.396,12,,,
2026-05-15 08:00:00+00:00,91.57,91.57,91.43,91.47,91.47,1.001,6,,,
2026-05-15 08:15:00+00:00,91.24,91.24,91.21,91.21,91.21,6.015,2,,,
2026-05-15 08:30:00+00:00,91.35,91.36,91.32,91.32,91.32,20.577,5,,,
2026-05-15 08:45:00+00:00,91.42,91.62,91.35,91.35,91.35,139.904,14,,,
2026-05-15 09:00:00+00:00,91.15,91.28,91.08,91.28,91.28,117.537,14,,,
2026-05-15 09:15:00+00:00,91.1,91.1,91.1,91.1,91.1,0.152,2,,,
2026-05-15 09:30:00+00:00,91.27,91.27,91.23,91.23,91.23,12.521,3,,,
2026-05-15 09:45:00+00:00,91.05,91.11,91.05,91.11,91.11,0.28,2,,,
2026-05-15 10:00:00+00:00,91.14,91.14,91.14,91.14,91.14,0.14,1,,,
2026-05-15 10:15:00+00:00,91.14,91.14,91.05,91.05,91.05,13.296,2,,,
2026-05-15 10:30:00+00:00,91.19,91.21,91.1,91.12,91.12,30.09,7,,,
2026-05-15 10:45:00+00:00,91.34,91.54,91.34,91.54,91.54,25.139,8,,,
2026-05-15 11:00:00+00:00,91.54,91.54,91.54,91.54,91.54,0.0,0,,,
2026-05-15 11:15:00+00:00,91.54,91.54,91.54,91.54,91.54,0.0,0,,,
2026-05-15 11:30:00+00:00,91.54,91.54,91.54,91.54,91.54,0.0,0,,,
2026-05-15 11:45:00+00:00,91.27,91.27,91.24,91.24,91.24,2.368,2,,,
2026-05-15 12:00:00+00:00,91.29,91.29,90.84,90.84,90.84,0.467,3,,,
2026-05-15 12:15:00+00:00,90.81,91.0,90.78,90.96,90.96,1.427,6,,,
2026-05-15 12:30:00+00:00,90.72,90.86,90.72,90.86,90.86,0.299,3,,,
2026-05-15 12:45:00+00:00,90.62,90.62,90.62,90.62,90.62,3.692,3,,,
2026-05-15 13:00:00+00:00,90.27,90.27,90.27,90.27,90.27,0.033,1,,,
2026-05-15 13:15:00+00:00,90.27,90.27,90.27,90.27,90.27,0.0,0,,,
2026-05-15 13:30:00+00:00,90.27,90.27,89.23,89.43,89.43,54.821,42,,,
2026-05-15 13:45:00+00:00,89.13,89.6,88.79,88.98,88.98,22.421,30,,,
2026-05-15 14:00:00+00:00,88.8,89.34,88.58,89.34,89.34,101.174,25,,,
2026-05-15 14:15:00+00:00,89.44,89.5,89.15,89.18,89.18,25.688,10,,,
2026-05-15 14:30:00+00:00,89.16,89.19,89.08,89.1,89.1,54.17,6,,,
2026-05-15 14:45:00+00:00,89.07,89.07,88.85,88.86,88.86,13.894,6,,,
2026-05-15 15:00:00+00:00,88.86,88.86,88.86,88.86,88.86,0.0,0,,,
2026-05-15 15:15:00+00:00,88.86,88.86,88.86,88.86,88.86,0.0,0,,,
2026-05-15 15:30:00+00:00,88.86,88.86,88.86,88.86,88.86,0.0,0,,,
2026-05-15 15:45:00+00:00,88.83,88.97,88.83,88.94,88.94,2.115,4,,,
2026-05-15 16:00:00+00:00,89.01,89.01,88.82,88.95,88.95,15.456,6,,,
2026-05-15 16:15:00+00:00,89.08,89.39,89.07,89.39,89.39,208.168,19,,,
2026-05-15 16:30:00+00:00,89.45,89.6,89.45,89.5,89.5,99.113,10,,,
2026-05-15 16:45:00+00:00,89.41,89.48,89.23,89.42,89.42,4.15,10,,,
2026-05-15 17:00:00+00:00,89.45,89.81,89.45,89.63,89.63,2.603,8,,,
2026-05-15 17:15:00+00:00,89.66,89.71,89.66,89.71,89.71,0.505,2,,,
2026-05-15 17:30:00+00:00,89.68,89.76,89.68,89.76,89.76,1.463,7,,,
2026-05-15 17:45:00+00:00,89.73,89.73,89.73,89.73,89.73,0.137,1,,,
2026-05-15 18:00:00+00:00,89.87,89.93,89.87,89.93,89.93,0.111,3,,,
2026-05-15 18:15:00+00:00,89.79,89.84,89.64,89.7,89.7,26.993,64,,,
2026-05-15 18:30:00+00:00,89.73,89.76,89.45,89.76,89.76,6.632,96,,,
2026-05-15 18:45:00+00:00,89.84,89.84,89.84,89.84,89.84,0.962,2,,,
2026-05-15 19:00:00+00:00,89.74,89.74,89.5,89.55,89.55,1.25,4,,,
2026-05-15 19:15:00+00:00,89.54,89.55,89.54,89.55,89.55,15.633,3,,,
2026-05-15 19:30:00+00:00,89.58,89.58,89.49,89.49,89.49,0.226,2,,,
2026-05-15 19:45:00+00:00,89.38,89.43,89.33,89.34,89.34,32.393,5,,,
2026-05-15 20:00:00+00:00,89.23,89.23,89.16,89.19,89.19,16.595,5,,,
2026-05-15 20:15:00+00:00,89.26,89.3,89.19,89.2,89.2,512.26,12,,,
2026-05-15 20:30:00+00:00,89.35,89.35,89.16,89.19,89.19,13.426,4,,,
2026-05-15 20:45:00+00:00,89.17,89.17,89.17,89.17,89.17,0.224,1,,,
2026-05-15 21:00:00+00:00,89.26,89.26,89.26,89.26,89.26,0.137,1,,,
2026-05-15 21:15:00+00:00,89.24,89.27,89.16,89.2,89.2,151.892,19,,,
2026-05-15 21:30:00+00:00,89.21,89.22,89.12,89.12,89.12,72.887,7,,,
2026-05-15 21:45:00+00:00,89.12,89.12,89.0,89.0,89.0,15.647,4,,,
2026-05-15 22:00:00+00:00,89.1,89.16,89.1,89.16,89.16,0.207,2,,,
2026-05-15 22:15:00+00:00,89.13,89.22,89.13,89.19,89.19,2.392,4,,,
2026-05-15 22:30:00+00:00,89.13,89.13,89.13,89.13,89.13,0.979,2,,,
2026-05-15 22:45:00+00:00,89.18,89.26,89.18,89.26,89.26,1.986,2,,,
2026-05-15 23:00:00+00:00,89.29,89.3,89.29,89.3,89.3,5.892,4,,,
2026-05-15 23:15:00+00:00,89.28,89.28,89.28,89.28,89.28,0.137,1,,,
2026-05-15 23:30:00+00:00,89.21,89.26,89.21,89.26,89.26,0.939,3,,,
2026-05-15 23:45:00+00:00,89.18,89.22,89.18,89.22,89.22,3.712,3,,,
2026-05-16 00:00:00+00:00,89.11,89.3,89.11,89.3,89.3,1.144,4,,,
2026-05-16 00:15:00+00:00,89.32,89.32,89.32,89.32,89.32,0.137,1,,,
2026-05-16 00:30:00+00:00,89.24,89.31,89.24,89.29,89.29,2.028,3,,,
2026-05-16 00:45:00+00:00,89.29,89.29,89.29,89.29,89.29,0.0,0,,,
2026-05-16 01:00:00+00:00,89.16,89.2,89.16,89.2,89.2,1.809,2,,,
2026-05-16 01:15:00+00:00,89.19,89.19,89.02,89.02,89.02,0.414,3,,,
2026-05-16 01:30:00+00:00,88.96,88.96,88.94,88.94,88.94,0.576,2,,,
2026-05-16 01:45:00+00:00,89.02,89.23,89.02,89.23,89.23,0.698,2,,,
2026-05-16 02:00:00+00:00,89.2,89.24,89.2,89.21,89.21,7.709,4,,,
2026-05-16 02:15:00+00:00,89.19,89.19,89.12,89.12,89.12,5.699,2,,,
2026-05-16 02:30:00+00:00,89.12,89.12,89.12,89.12,89.12,0.0,0,,,
2026-05-16 02:45:00+00:00,89.03,89.12,89.03,89.12,89.12,0.785,4,,,
2026-05-16 03:00:00+00:00,89.13,89.13,89.13,89.13,89.13,0.089,1,,,
2026-05-16 03:15:00+00:00,89.16,89.16,89.15,89.15,89.15,15.051,2,,,
2026-05-16 03:30:00+00:00,89.15,89.15,89.15,89.15,89.15,0.089,1,,,
2026-05-16 03:45:00+00:00,88.99,89.02,88.99,89.02,89.02,1.966,2,,,
2026-05-16 04:00:00+00:00,89.01,89.01,88.93,88.95,88.95,10.187,5,,,
2026-05-16 04:15:00+00:00,88.88,88.88,88.88,88.88,88.88,1.886,1,,,
2026-05-16 04:30:00+00:00,88.69,88.69,88.19,88.59,88.59,473.251,68,,,
2026-05-16 04:45:00+00:00,88.59,88.69,88.55,88.68,88.68,15.939,6,,,
2026-05-16 05:00:00+00:00,88.82,88.82,88.46,88.49,88.49,493.804,46,,,
2026-05-16 05:15:00+00:00,88.58,88.58,88.58,88.58,88.58,0.09,1,,,
2026-05-16 05:30:00+00:00,88.47,88.63,88.29,88.62,88.62,284.719,29,,,
2026-05-16 05:45:00+00:00,88.58,88.6,88.58,88.6,88.6,0.164,2,,,
2026-05-16 06:00:00+00:00,88.56,88.58,88.36,88.36,88.36,8.301,5,,,
2026-05-16 06:15:00+00:00,88.19,88.19,88.15,88.15,88.15,8.508,2,,,
2026-05-16 06:30:00+00:00,88.3,88.33,88.0,88.0,88.0,16.25,11,,,
2026-05-16 06:45:00+00:00,87.91,88.06,87.83,88.06,88.06,2.683,4,,,
2026-05-16 07:00:00+00:00,87.91,87.92,86.99,87.1,87.1,32.037,46,,,
2026-05-16 07:15:00+00:00,87.13,87.35,86.8,87.31,87.31,329.622,95,,,
2026-05-16 07:30:00+00:00,87.41,87.64,87.41,87.64,87.64,48.853,4,,,
2026-05-16 07:45:00+00:00,87.47,87.47,87.36,87.36,87.36,0.295,3,,,
2026-05-16 08:00:00+00:00,87.44,87.55,87.44,87.55,87.55,0.114,2,,,
2026-05-16 08:15:00+00:00,87.46,87.46,87.39,87.44,87.44,12.222,3,,,
2026-05-16 08:30:00+00:00,87.47,87.54,87.46,87.54,87.54,19.876,4,,,
2026-05-16 08:45:00+00:00,87.45,87.49,87.45,87.49,87.49,8.282,2,,,
2026-05-16 09:00:00+00:00,87.23,87.23,87.23,87.23,87.23,3.715,2,,,
2026-05-16 09:15:00+00:00,87.07,87.07,85.77,85.77,85.77,232.667,138,,,
2026-05-16 09:30:00+00:00,86.2,86.2,86.09,86.09,86.09,16.844,2,,,
2026-05-16 09:45:00+00:00,86.03,86.13,86.03,86.07,86.07,102.865,7,,,
2026-05-16 10:00:00+00:00,85.77,85.79,85.65,85.79,85.79,212.507,28,,,
2026-05-16 10:15:00+00:00,85.65,85.65,85.65,85.65,85.65,12.896,1,,,
2026-05-16 10:30:00+00:00,85.94,85.94,85.94,85.94,85.94,1.256,2,,,
2026-05-16 10:45:00+00:00,85.94,85.94,85.94,85.94,85.94,0.0,0,,,
2026-05-16 11:00:00+00:00,86.1,86.1,86.1,86.1,86.1,0.175,1,,,
2026-05-16 11:15:00+00:00,86.12,86.12,86.12,86.12,86.12,6.594,3,,,
2026-05-16 11:30:00+00:00,86.25,86.25,86.21,86.21,86.21,0.117,2,,,
2026-05-16 11:45:00+00:00,86.16,86.16,86.12,86.12,86.12,0.284,2,,,
2026-05-16 12:00:00+00:00,86.12,86.12,86.12,86.12,86.12,0.0,0,,,
2026-05-16 12:15:00+00:00,86.12,86.15,86.12,86.14,86.14,0.279,3,,,
2026-05-16 12:30:00+00:00,86.28,86.29,86.28,86.29,86.29,0.081,2,,,
2026-05-16 12:45:00+00:00,86.29,86.32,86.29,86.32,86.32,0.092,2,,,
2026-05-16 13:00:00+00:00,86.17,86.17,86.14,86.14,86.14,1.33,5,,,
2026-05-16 13:15:00+00:00,86.22,86.22,86.22,86.22,86.22,0.091,1,,,
2026-05-16 13:30:00+00:00,86.19,86.25,86.17,86.24,86.24,58.186,9,,,
2026-05-16 13:45:00+00:00,86.24,86.24,86.24,86.24,86.24,0.0,0,,,
2026-05-16 14:00:00+00:00,86.17,86.17,86.06,86.06,86.06,2.864,3,,,
2026-05-16 14:15:00+00:00,86.06,86.06,86.06,86.06,86.06,0.0,0,,,
2026-05-16 14:30:00+00:00,86.2,86.39,86.2,86.39,86.39,1.074,4,,,
2026-05-16 14:45:00+00:00,86.5,86.5,86.36,86.41,86.41,2.462,4,,,
2026-05-16 15:00:00+00:00,86.35,86.35,86.35,86.35,86.35,0.091,1,,,
2026-05-16 15:15:00+00:00,86.31,86.31,86.31,86.31,86.31,1.885,1,,,
2026-05-16 15:30:00+00:00,86.41,86.47,86.41,86.44,86.44,5.653,5,,,
2026-05-16 15:45:00+00:00,86.45,86.45,86.45,86.45,86.45,0.14,1,,,
2026-05-16 16:00:00+00:00,86.6,86.6,86.41,86.41,86.41,0.28,2,,,
2026-05-16 16:15:00+00:00,86.41,86.62,86.41,86.61,86.61,226.102,24,,,
2026-05-16 16:30:00+00:00,86.7,86.7,86.57,86.57,86.57,30.078,3,,,
2026-05-16 16:45:00+00:00,86.57,86.58,86.57,86.58,86.58,0.652,2,,,
2026-05-16 17:00:00+00:00,86.61,86.69,86.61,86.66,86.66,3.123,9,,,
2026-05-16 17:15:00+00:00,86.66,86.79,86.66,86.79,86.79,5.185,6,,,
2026-05-16 17:30:00+00:00,86.8,86.84,86.8,86.84,86.84,19.651,5,,,
2026-05-16 17:45:00+00:00,86.84,86.84,86.84,86.84,86.84,0.0,0,,,
2026-05-16 18:00:00+00:00,86.75,86.75,86.75,86.75,86.75,0.091,1,,,
2026-05-16 18:15:00+00:00,86.62,86.62,86.62,86.62,86.62,1.0,1,,,
2026-05-16 18:30:00+00:00,86.73,86.8,86.73,86.78,86.78,2.397,3,,,
2026-05-16 18:45:00+00:00,86.78,86.78,86.78,86.78,86.78,0.0,0,,,
2026-05-16 19:00:00+00:00,86.77,86.77,86.77,86.77,86.77,0.091,1,,,
2026-05-16 19:15:00+00:00,86.77,86.77,86.77,86.77,86.77,0.0,0,,,
2026-05-16 19:30:00+00:00,86.74,86.76,86.74,86.76,86.76,0.182,2,,,
2026-05-16 19:45:00+00:00,86.77,86.81,86.69,86.69,86.69,0.212,3,,,
2026-05-16 20:00:00+00:00,86.81,86.81,86.81,86.81,86.81,3.714,2,,,
2026-05-16 20:15:00+00:00,86.81,86.85,86.79,86.85,86.85,11.233,7,,,
2026-05-16 20:30:00+00:00,86.74,86.74,86.72,86.72,86.72,0.239,2,,,
2026-05-16 20:45:00+00:00,86.72,86.72,86.72,86.72,86.72,0.0,0,,,
2026-05-16 21:00:00+00:00,86.72,86.72,86.72,86.72,86.72,0.103,1,,,
2026-05-16 21:15:00+00:00,86.72,86.72,86.72,86.72,86.72,0.0,0,,,
2026-05-16 21:30:00+00:00,86.59,86.61,86.5,86.5,86.5,3.559,6,,,
2026-05-16 21:45:00+00:00,86.5,86.5,86.5,86.5,86.5,0.0,0,,,
2026-05-16 22:00:00+00:00,86.5,86.5,86.5,86.5,86.5,0.0,0,,,
2026-05-16 22:15:00+00:00,86.55,86.55,86.55,86.55,86.55,0.091,1,,,
2026-05-16 22:30:00+00:00,86.55,86.55,86.55,86.55,86.55,0.0,0,,,
2026-05-16 22:45:00+00:00,86.55,86.55,86.55,86.55,86.55,1.155,1,,,
2026-05-16 23:00:00+00:00,86.48,86.52,86.48,86.52,86.52,0.28,2,,,
2026-05-16 23:15:00+00:00,86.61,86.61,86.61,86.61,86.61,202.13,11,,,
2026-05-16 23:30:00+00:00,86.61,86.61,86.61,86.61,86.61,146.0,15,,,
2026-05-16 23:45:00+00:00,86.52,86.52,86.52,86.52,86.52,0.14,1,,,
2026-05-17 00:00:00+00:00,86.66,86.66,86.56,86.56,86.56,0.983,6,,,
2026-05-17 00:15:00+00:00,86.53,86.53,86.46,86.46,86.46,3.995,3,,,
2026-05-17 00:30:00+00:00,86.43,86.51,86.34,86.34,86.34,9.666,7,,,
2026-05-17 00:45:00+00:00,86.21,86.21,85.97,85.97,85.97,4.9,5,,,
2026-05-17 01:00:00+00:00,86.11,86.28,85.96,86.28,86.28,39.452,11,,,
2026-05-17 01:15:00+00:00,86.01,86.02,85.86,85.86,85.86,6.135,7,,,
2026-05-17 01:30:00+00:00,85.75,85.84,85.6,85.76,85.76,454.413,27,,,
2026-05-17 01:45:00+00:00,85.78,85.86,85.78,85.83,85.83,0.601,3,,,
2026-05-17 02:00:00+00:00,85.84,85.96,85.84,85.96,85.96,2.302,3,,,
2026-05-17 02:15:00+00:00,86.07,86.07,86.07,86.07,86.07,0.584,1,,,
2026-05-17 02:30:00+00:00,86.1,86.2,85.95,85.99,85.99,545.5,40,,,
2026-05-17 02:45:00+00:00,85.98,86.03,85.81,85.96,85.96,224.771,29,,,
2026-05-17 03:00:00+00:00,86.07,86.2,86.07,86.2,86.2,0.741,5,,,
2026-05-17 03:15:00+00:00,86.22,86.26,86.22,86.26,86.26,1.229,2,,,
2026-05-17 03:30:00+00:00,86.2,86.43,86.15,86.43,86.43,0.664,6,,,
2026-05-17 03:45:00+00:00,86.46,86.5,86.46,86.5,86.5,0.341,2,,,
2026-05-17 04:00:00+00:00,86.58,86.58,86.58,86.58,86.58,0.577,1,,,
2026-05-17 04:15:00+00:00,86.61,86.84,86.61,86.81,86.81,45.347,9,,,
2026-05-17 04:30:00+00:00,86.72,86.72,86.72,86.72,86.72,1.86,1,,,
2026-05-17 04:45:00+00:00,86.86,86.86,86.83,86.83,86.83,1.511,2,,,
2026-05-17 05:00:00+00:00,86.87,87.21,86.87,87.21,87.21,6.666,6,,,
2026-05-17 05:15:00+00:00,86.93,86.93,86.93,86.93,86.93,0.139,1,,,
2026-05-17 05:30:00+00:00,86.91,86.96,86.91,86.96,86.96,0.059,2,,,
2026-05-17 05:45:00+00:00,86.97,86.97,86.92,86.92,86.92,0.633,4,,,
2026-05-17 06:00:00+00:00,86.96,86.96,86.96,86.96,86.96,1.15,1,,,
2026-05-17 06:15:00+00:00,86.84,86.84,86.84,86.84,86.84,0.575,1,,,
2026-05-17 06:30:00+00:00,86.84,86.84,86.84,86.84,86.84,0.0,0,,,
2026-05-17 06:45:00+00:00,86.84,86.84,86.84,86.84,86.84,0.0,0,,,
2026-05-17 07:00:00+00:00,86.79,86.81,86.79,86.79,86.79,0.195,3,,,
2026-05-17 07:15:00+00:00,86.79,86.79,86.79,86.79,86.79,0.0,0,,,
2026-05-17 07:30:00+00:00,86.93,86.93,86.91,86.91,86.91,0.666,2,,,
2026-05-17 07:45:00+00:00,86.91,86.95,86.91,86.93,86.93,0.205,3,,,
2026-05-17 08:00:00+00:00,86.93,86.93,86.93,86.93,86.93,0.0,0,,,
2026-05-17 08:15:00+00:00,86.58,86.58,86.58,86.58,86.58,0.577,1,,,
2026-05-17 08:30:00+00:00,86.63,86.63,86.61,86.61,86.61,10.085,3,,,
2026-05-17 08:45:00+00:00,86.7,86.72,86.7,86.72,86.72,1.95,2,,,
2026-05-17 09:00:00+00:00,86.72,86.72,86.72,86.72,86.72,3.047,1,,,
2026-05-17 09:15:00+00:00,86.84,86.92,86.75,86.78,86.78,190.959,13,,,
2026-05-17 09:30:00+00:00,86.75,86.75,86.75,86.75,86.75,1.008,2,,,
2026-05-17 09:45:00+00:00,86.79,86.87,86.79,86.87,86.87,1.171,4,,,
2026-05-17 10:00:00+00:00,86.99,87.14,86.99,87.14,87.14,8.748,12,,,
2026-05-17 10:15:00+00:00,87.07,87.21,87.07,87.2,87.2,2.363,4,,,
2026-05-17 10:30:00+00:00,87.06,87.06,86.9,86.9,86.9,0.202,3,,,
2026-05-17 10:45:00+00:00,86.84,86.97,86.84,86.96,86.96,276.775,21,,,
2026-05-17 11:00:00+00:00,86.91,86.94,86.86,86.94,86.94,0.294,3,,,
2026-05-17 11:15:00+00:00,86.84,86.86,86.84,86.86,86.86,72.739,3,,,
2026-05-17 11:30:00+00:00,86.86,86.86,86.86,86.86,86.86,0.102,1,,,
2026-05-17 11:45:00+00:00,86.86,86.86,86.86,86.86,86.86,1.001,1,,,
2026-05-17 12:00:00+00:00,86.88,86.88,86.88,86.88,86.88,0.092,1,,,
2026-05-17 12:15:00+00:00,86.86,86.9,86.86,86.9,86.9,0.278,2,,,
2026-05-17 12:30:00+00:00,86.92,86.92,86.92,86.92,86.92,0.09,1,,,
2026-05-17 12:45:00+00:00,86.92,86.92,86.73,86.73,86.73,0.354,3,,,
2026-05-17 13:00:00+00:00,86.72,86.72,86.46,86.46,86.46,5.487,5,,,
2026-05-17 13:15:00+00:00,86.32,86.45,86.3,86.41,86.41,2.881,4,,,
2026-05-17 13:30:00+00:00,86.43,86.55,86.43,86.55,86.55,0.122,2,,,
2026-05-17 13:45:00+00:00,86.37,86.37,86.37,86.37,86.37,0.139,1,,,
2026-05-17 14:00:00+00:00,86.37,86.37,86.37,86.37,86.37,0.0,0,,,
2026-05-17 14:15:00+00:00,86.07,86.41,86.0,86.41,86.41,7.433,8,,,
2026-05-17 14:30:00+00:00,86.26,86.26,86.22,86.22,86.22,447.141,30,,,
2026-05-17 14:45:00+00:00,86.22,86.22,86.22,86.22,86.22,249.916,13,,,
2026-05-17 15:00:00+00:00,86.26,86.38,86.26,86.38,86.38,23.55,4,,,
2026-05-17 15:15:00+00:00,86.35,86.35,86.22,86.24,86.24,0.517,3,,,
2026-05-17 15:30:00+00:00,86.36,86.36,86.36,86.36,86.36,10.091,2,,,
2026-05-17 15:45:00+00:00,86.4,86.42,86.4,86.42,86.42,0.561,4,,,
2026-05-17 16:00:00+00:00,86.46,86.5,86.46,86.5,86.5,4.2,4,,,
2026-05-17 16:15:00+00:00,86.55,86.55,86.53,86.53,86.53,0.182,2,,,
2026-05-17 16:30:00+00:00,86.58,86.62,86.55,86.55,86.55,1.697,3,,,
2026-05-17 16:45:00+00:00,86.42,86.42,86.14,86.25,86.25,335.986,39,,,
2026-05-17 17:00:00+00:00,86.21,86.32,86.21,86.32,86.32,29.712,3,,,
2026-05-17 17:15:00+00:00,86.13,86.17,86.07,86.17,86.17,31.16,4,,,
2026-05-17 17:30:00+00:00,86.0,86.02,86.0,86.02,86.02,23.826,2,,,
2026-05-17 17:45:00+00:00,86.18,86.18,86.18,86.18,86.18,0.091,1,,,
2026-05-17 18:00:00+00:00,86.32,86.32,86.21,86.21,86.21,30.159,2,,,
2026-05-17 18:15:00+00:00,86.07,86.07,86.07,86.07,86.07,0.671,2,,,
2026-05-17 18:30:00+00:00,86.07,86.07,86.07,86.07,86.07,0.0,0,,,
2026-05-17 18:45:00+00:00,86.21,86.35,86.21,86.35,86.35,1.009,4,,,
2026-05-17 19:00:00+00:00,86.46,86.5,86.46,86.5,86.5,0.226,2,,,
2026-05-17 19:15:00+00:00,86.5,86.5,86.5,86.5,86.5,0.0,0,,,
2026-05-17 19:30:00+00:00,86.58,86.64,86.58,86.64,86.64,0.609,2,,,
2026-05-17 19:45:00+00:00,86.84,86.84,86.81,86.81,86.81,4.498,4,,,
2026-05-17 20:00:00+00:00,86.72,86.77,86.67,86.77,86.77,51.025,5,,,
2026-05-17 20:15:00+00:00,86.58,86.58,86.58,86.58,86.58,0.577,1,,,
2026-05-17 20:30:00+00:00,86.6,86.6,86.56,86.56,86.56,3.577,2,,,
2026-05-17 20:45:00+00:00,86.65,86.65,86.65,86.65,86.65,1.154,1,,,
2026-05-17 21:00:00+00:00,86.63,86.64,86.63,86.64,86.64,0.312,2,,,
2026-05-17 21:15:00+00:00,86.79,86.84,86.79,86.84,86.84,1.111,2,,,
2026-05-17 21:30:00+00:00,86.89,86.89,86.89,86.89,86.89,4.225,3,,,
2026-05-17 21:45:00+00:00,86.84,86.87,86.84,86.87,86.87,3.745,3,,,
2026-05-17 22:00:00+00:00,86.75,86.75,86.29,86.32,86.32,30.625,10,,,
2026-05-17 22:15:00+00:00,86.2,86.2,86.07,86.07,86.07,3.721,3,,,
2026-05-17 22:30:00+00:00,86.17,86.32,86.07,86.32,86.32,2.108,5,,,
2026-05-17 22:45:00+00:00,86.2,86.2,86.07,86.07,86.07,0.838,4,,,
2026-05-17 23:00:00+00:00,86.07,86.07,85.94,85.94,85.94,14.767,4,,,
2026-05-17 23:15:00+00:00,85.9,86.01,85.72,85.84,85.84,11.466,10,,,
2026-05-17 23:30:00+00:00,85.73,85.73,83.69,84.41,84.41,2017.416,345,,,
2026-05-17 23:45:00+00:00,84.58,85.3,84.37,85.22,85.22,159.588,41,,,
2026-05-18 00:00:00+00:00,85.04,85.04,84.43,84.78,84.78,121.847,32,,,
2026-05-18 00:15:00+00:00,84.97,85.23,84.97,85.2,85.2,28.349,6,,,
2026-05-18 00:30:00+00:00,85.12,85.12,84.94,84.94,84.94,150.593,17,,,
2026-05-18 00:45:00+00:00,84.9,85.3,84.9,85.3,85.3,16.939,15,,,
2026-05-18 01:00:00+00:00,85.26,85.43,85.18,85.43,85.43,504.916,46,,,
2026-05-18 01:15:00+00:00,85.04,85.08,84.75,84.86,84.86,25.82,12,,,
2026-05-18 01:30:00+00:00,84.86,84.86,84.86,84.86,84.86,0.0,0,,,
2026-05-18 01:45:00+00:00,84.81,85.04,84.81,85.04,85.04,0.821,3,,,
2026-05-18 02:00:00+00:00,85.02,85.3,85.02,85.29,85.29,12.025,7,,,
2026-05-18 02:15:00+00:00,85.04,85.12,85.01,85.02,85.02,1.166,5,,,
2026-05-18 02:30:00+00:00,85.12,85.12,85.09,85.09,85.09,0.495,3,,,
2026-05-18 02:45:00+00:00,84.78,84.78,84.73,84.73,84.73,0.732,2,,,
2026-05-18 03:00:00+00:00,85.04,85.21,85.04,85.14,85.14,0.741,4,,,
2026-05-18 03:15:00+00:00,84.86,84.88,84.86,84.87,84.87,22.543,3,,,
2026-05-18 03:30:00+00:00,84.78,84.78,84.72,84.72,84.72,11.557,4,,,
2026-05-18 03:45:00+00:00,84.72,84.72,84.72,84.72,84.72,0.0,0,,,
2026-05-18 04:00:00+00:00,84.92,85.04,84.92,85.04,85.04,0.998,5,,,
2026-05-18 04:15:00+00:00,85.05,85.05,84.72,84.72,84.72,30.777,6,,,
2026-05-18 04:30:00+00:00,85.04,85.08,85.04,85.08,85.08,0.679,2,,,
2026-05-18 04:45:00+00:00,85.13,85.21,85.13,85.15,85.15,20.329,6,,,
2026-05-18 05:00:00+00:00,85.28,85.31,85.28,85.31,85.31,2.65,4,,,
2026-05-18 05:15:00+00:00,85.2,85.25,85.2,85.25,85.25,0.375,3,,,
2026-05-18 05:30:00+00:00,85.25,85.25,84.66,84.85,84.85,303.395,34,,,
2026-05-18 05:45:00+00:00,84.85,84.88,84.79,84.79,84.79,6.344,6,,,
2026-05-18 06:00:00+00:00,84.81,84.81,84.42,84.51,84.51,76.733,19,,,
2026-05-18 06:15:00+00:00,84.78,84.78,84.31,84.33,84.33,8.386,10,,,
2026-05-18 06:30:00+00:00,84.71,84.73,84.56,84.61,84.61,13.362,12,,,
2026-05-18 06:45:00+00:00,84.65,84.78,84.65,84.78,84.78,15.402,3,,,
2026-05-18 07:00:00+00:00,84.8,84.83,84.65,84.65,84.65,0.803,3,,,
2026-05-18 07:15:00+00:00,84.63,84.93,84.52,84.93,84.93,4.393,11,,,
2026-05-18 07:30:00+00:00,84.56,84.56,84.53,84.53,84.53,3.186,5,,,
2026-05-18 07:45:00+00:00,84.62,84.68,84.62,84.65,84.65,0.452,3,,,
2026-05-18 08:00:00+00:00,84.79,84.79,84.78,84.78,84.78,234.57,18,,,
2026-05-18 08:15:00+00:00,84.76,84.76,84.75,84.75,84.75,0.282,2,,,
2026-05-18 08:30:00+00:00,84.8,84.8,84.65,84.7,84.7,263.585,16,,,
2026-05-18 08:45:00+00:00,84.66,84.81,84.66,84.81,84.81,48.36,5,,,
2026-05-18 09:00:00+00:00,84.72,84.72,84.59,84.62,84.62,170.109,17,,,
2026-05-18 09:15:00+00:00,84.67,84.67,84.67,84.67,84.67,0.079,1,,,
2026-05-18 09:30:00+00:00,84.56,84.71,84.56,84.61,84.61,4.178,5,,,
2026-05-18 09:45:00+00:00,84.69,84.69,84.51,84.51,84.51,0.87,5,,,
2026-05-18 10:00:00+00:00,84.44,84.44,84.21,84.31,84.31,9.681,26,,,
2026-05-18 10:15:00+00:00,84.27,84.35,84.27,84.34,84.34,2.13,4,,,
2026-05-18 10:30:00+00:00,84.34,84.34,84.34,84.34,84.34,1.953,1,,,
2026-05-18 10:45:00+00:00,84.37,84.37,84.34,84.34,84.34,0.233,2,,,
2026-05-18 11:00:00+00:00,84.16,84.28,84.16,84.28,84.28,5.762,3,,,
2026-05-18 11:15:00+00:00,84.33,84.33,84.33,84.33,84.33,0.141,1,,,
2026-05-18 11:30:00+00:00,84.44,85.23,84.44,85.23,85.23,4.302,17,,,
2026-05-18 11:45:00+00:00,85.11,85.11,84.98,84.98,84.98,1.011,6,,,
2026-05-18 12:00:00+00:00,85.11,85.32,85.01,85.28,85.28,5.296,16,,,
2026-05-18 12:15:00+00:00,85.35,85.43,85.35,85.43,85.43,2.135,5,,,
2026-05-18 12:30:00+00:00,85.56,85.67,85.56,85.67,85.67,13.147,3,,,
2026-05-18 12:45:00+00:00,85.64,85.64,85.57,85.57,85.57,1.069,4,,,
2026-05-18 13:00:00+00:00,85.44,85.44,85.27,85.27,85.27,1.677,3,,,
2026-05-18 13:15:00+00:00,85.18,85.18,85.18,85.18,85.18,1.943,1,,,
2026-05-18 13:30:00+00:00,85.11,85.11,84.51,84.78,84.78,9.666,16,,,
2026-05-18 13:45:00+00:00,84.52,84.93,84.52,84.93,84.93,1.195,3,,,
2026-05-18 14:00:00+00:00,84.52,84.59,84.48,84.58,84.58,12.507,7,,,
2026-05-18 14:15:00+00:00,84.45,84.47,84.04,84.27,84.27,37.15,20,,,
2026-05-18 14:30:00+00:00,84.07,84.2,83.8,84.04,84.04,7.468,13,,,
2026-05-18 14:45:00+00:00,83.85,84.01,83.72,84.01,84.01,1.944,7,,,
2026-05-18 15:00:00+00:00,83.97,84.01,83.63,84.01,84.01,3.834,17,,,
2026-05-18 15:15:00+00:00,83.75,83.92,83.72,83.74,83.74,29.489,14,,,
2026-05-18 15:30:00+00:00,83.89,84.08,83.88,84.08,84.08,1.292,8,,,
2026-05-18 15:45:00+00:00,84.11,84.27,84.11,84.27,84.27,0.797,2,,,
2026-05-18 16:00:00+00:00,84.35,84.35,84.35,84.35,84.35,0.149,1,,,
2026-05-18 16:15:00+00:00,84.43,84.43,84.01,84.01,84.01,4.273,8,,,
2026-05-18 16:30:00+00:00,84.15,84.3,84.15,84.3,84.3,0.799,3,,,
2026-05-18 16:45:00+00:00,84.3,84.44,84.3,84.34,84.34,16.076,14,,,
2026-05-18 17:00:00+00:00,84.3,84.66,84.3,84.3,84.3,2.459,19,,,
2026-05-18 17:15:00+00:00,84.47,84.47,84.41,84.41,84.41,0.342,3,,,
2026-05-18 17:30:00+00:00,84.31,84.35,84.27,84.35,84.35,0.91,5,,,
2026-05-18 17:45:00+00:00,84.28,84.33,84.28,84.33,84.33,0.422,3,,,
2026-05-18 18:00:00+00:00,84.2,84.21,84.01,84.02,84.02,37.268,24,,,
2026-05-18 18:15:00+00:00,83.92,83.92,83.49,83.8,83.8,8.932,16,,,
2026-05-18 18:30:00+00:00,83.76,83.93,83.75,83.86,83.86,3.706,17,,,
2026-05-18 18:45:00+00:00,83.82,83.87,83.57,83.57,83.57,73.293,17,,,
2026-05-18 19:00:00+00:00,83.65,84.83,83.65,84.59,84.59,147.387,45,,,
2026-05-18 19:15:00+00:00,84.47,84.54,84.38,84.38,84.38,28.524,7,,,
2026-05-18 19:30:00+00:00,84.59,84.8,84.59,84.8,84.8,19.388,8,,,
2026-05-18 19:45:00+00:00,84.93,85.1,84.93,85.1,85.1,7.964,5,,,
2026-05-18 20:00:00+00:00,85.13,85.15,85.13,85.15,85.15,0.729,2,,,
2026-05-18 20:15:00+00:00,85.26,85.3,85.26,85.3,85.3,0.961,4,,,
2026-05-18 20:30:00+00:00,85.32,85.34,85.0,85.0,85.0,13.665,7,,,
2026-05-18 20:45:00+00:00,85.0,85.0,85.0,85.0,85.0,0.0,0,,,
2026-05-18 21:00:00+00:00,84.88,85.04,84.78,85.04,85.04,34.931,9,,,
2026-05-18 21:15:00+00:00,85.19,85.23,85.19,85.23,85.23,3.895,4,,,
2026-05-18 21:30:00+00:00,85.3,85.56,85.3,85.56,85.56,1.435,4,,,
2026-05-18 21:45:00+00:00,85.56,85.56,85.56,85.56,85.56,0.0,0,,,
2026-05-18 22:00:00+00:00,85.43,85.6,85.43,85.6,85.6,1.907,7,,,
2026-05-18 22:15:00+00:00,85.61,85.67,85.61,85.67,85.67,5.763,3,,,
2026-05-18 22:30:00+00:00,85.5,85.5,85.4,85.4,85.4,15.876,4,,,
2026-05-18 22:45:00+00:00,85.3,85.3,85.29,85.29,85.29,4.982,4,,,
2026-05-18 23:00:00+00:00,85.56,85.56,85.56,85.56,85.56,0.584,1,,,
2026-05-18 23:15:00+00:00,85.56,85.56,85.56,85.56,85.56,0.0,0,,,
2026-05-18 23:30:00+00:00,85.56,85.56,85.56,85.56,85.56,0.0,0,,,
2026-05-18 23:45:00+00:00,85.3,85.3,85.3,85.3,85.3,2.535,2,,,
2026-05-19 00:00:00+00:00,85.35,85.38,85.35,85.35,85.35,9.194,4,,,
2026-05-19 00:15:00+00:00,85.55,85.81,85.55,85.79,85.79,17.598,12,,,
2026-05-19 00:30:00+00:00,85.79,85.79,85.79,85.79,85.79,0.0,0,,,
2026-05-19 00:45:00+00:00,85.56,85.56,85.56,85.56,85.56,0.584,1,,,
2026-05-19 01:00:00+00:00,85.47,85.47,85.47,85.47,85.47,0.069,1,,,
2026-05-19 01:15:00+00:00,85.47,85.47,85.04,85.04,85.04,61.019,12,,,
2026-05-19 01:30:00+00:00,85.0,85.22,85.0,85.22,85.22,10.454,5,,,
2026-05-19 01:45:00+00:00,85.14,85.14,84.87,84.87,84.87,37.05,12,,,
2026-05-19 02:00:00+00:00,84.86,84.87,84.6,84.6,84.6,65.285,19,,,
2026-05-19 02:15:00+00:00,84.85,85.17,84.85,85.17,85.17,2.542,8,,,
2026-05-19 02:30:00+00:00,84.98,84.98,84.91,84.91,84.91,2.862,3,,,
2026-05-19 02:45:00+00:00,84.78,84.78,84.78,84.78,84.78,0.589,1,,,
2026-05-19 03:00:00+00:00,84.75,84.75,84.75,84.75,84.75,0.92,2,,,
2026-05-19 03:15:00+00:00,85.04,85.04,85.04,85.04,85.04,0.587,1,,,
2026-05-19 03:30:00+00:00,85.07,85.07,85.07,85.07,85.07,0.92,2,,,
2026-05-19 03:45:00+00:00,85.07,85.07,85.07,85.07,85.07,0.0,0,,,
2026-05-19 04:00:00+00:00,85.07,85.18,85.07,85.18,85.18,0.649,2,,,
2026-05-19 04:15:00+00:00,85.2,85.2,85.2,85.2,85.2,1.0,1,,,
2026-05-19 04:30:00+00:00,84.84,85.09,84.79,85.09,85.09,1.048,12,,,
2026-05-19 04:45:00+00:00,85.18,85.18,85.18,85.18,85.18,0.14,1,,,
2026-05-19 05:00:00+00:00,85.11,85.11,85.0,85.0,85.0,1.788,4,,,
2026-05-19 05:15:00+00:00,84.78,84.79,84.44,84.79,84.79,112.166,32,,,
2026-05-19 05:30:00+00:00,84.82,85.1,84.82,85.09,85.09,2.42,11,,,
2026-05-19 05:45:00+00:00,85.09,85.09,85.09,85.09,85.09,0.0,0,,,
2026-05-19 06:00:00+00:00,85.1,85.12,85.1,85.12,85.12,0.62,3,,,
2026-05-19 06:15:00+00:00,85.23,85.26,85.21,85.26,85.26,2.412,3,,,
2026-05-19 06:30:00+00:00,85.28,85.41,85.28,85.4,85.4,1.233,6,,,
2026-05-19 06:45:00+00:00,85.43,85.43,85.24,85.24,85.24,174.812,13,,,
2026-05-19 07:00:00+00:00,85.17,85.18,85.08,85.08,85.08,2.319,10,,,
2026-05-19 07:15:00+00:00,85.34,85.34,85.28,85.28,85.28,0.433,2,,,
2026-05-19 07:30:00+00:00,85.39,85.47,85.36,85.43,85.43,1.824,4,,,
2026-05-19 07:45:00+00:00,85.5,85.56,85.47,85.5,85.5,4.133,7,,,
2026-05-19 08:00:00+00:00,85.31,85.31,85.04,85.04,85.04,20.04,10,,,
2026-05-19 08:15:00+00:00,85.11,85.32,85.01,85.07,85.07,165.293,27,,,
2026-05-19 08:30:00+00:00,85.3,85.35,85.3,85.35,85.35,1.302,6,,,
2026-05-19 08:45:00+00:00,85.35,85.35,85.35,85.35,85.35,1.172,1,,,
2026-05-19 09:00:00+00:00,85.35,85.35,85.35,85.35,85.35,0.0,0,,,
2026-05-19 09:15:00+00:00,85.09,85.09,84.62,84.65,84.65,35.007,16,,,
2026-05-19 09:30:00+00:00,84.65,84.65,84.5,84.54,84.54,6.414,7,,,
2026-05-19 09:45:00+00:00,84.68,84.73,84.65,84.73,84.73,2.114,6,,,
2026-05-19 10:00:00+00:00,84.7,84.7,84.7,84.7,84.7,0.476,1,,,
2026-05-19 10:15:00+00:00,84.7,84.7,84.7,84.7,84.7,0.0,0,,,
2026-05-19 10:30:00+00:00,84.77,84.78,84.4,84.4,84.4,3.501,7,,,
2026-05-19 10:45:00+00:00,84.37,84.7,84.36,84.7,84.7,2.937,5,,,
2026-05-19 11:00:00+00:00,84.68,84.68,84.68,84.68,84.68,0.236,1,,,
2026-05-19 11:15:00+00:00,84.45,84.48,84.45,84.48,84.48,1.929,3,,,
2026-05-19 11:30:00+00:00,84.55,84.55,84.27,84.27,84.27,2.937,8,,,
2026-05-19 11:45:00+00:00,84.27,84.27,84.27,84.27,84.27,0.0,0,,,
2026-05-19 12:00:00+00:00,84.5,84.54,84.5,84.54,84.54,1.84,4,,,
2026-05-19 12:15:00+00:00,84.59,84.59,84.59,84.59,84.59,0.033,1,,,
2026-05-19 12:30:00+00:00,84.62,84.7,84.62,84.7,84.7,0.266,2,,,
2026-05-19 12:45:00+00:00,84.73,84.75,84.69,84.71,84.71,5.45,7,,,
2026-05-19 13:00:00+00:00,84.74,84.87,84.56,84.69,84.69,3.343,19,,,
2026-05-19 13:15:00+00:00,84.64,84.65,84.39,84.39,84.39,92.126,17,,,
2026-05-19 13:30:00+00:00,84.4,85.0,84.4,84.57,84.57,5.59,33,,,
2026-05-19 13:45:00+00:00,84.62,85.04,84.62,84.74,84.74,4.956,26,,,
2026-05-19 14:00:00+00:00,84.74,84.82,84.37,84.37,84.37,7.44,32,,,
2026-05-19 14:15:00+00:00,84.3,84.36,84.07,84.21,84.21,64.063,38,,,
2026-05-19 14:30:00+00:00,84.1,84.33,84.07,84.19,84.19,3.472,19,,,
2026-05-19 14:45:00+00:00,84.19,84.19,83.7,84.07,84.07,10.763,39,,,
2026-05-19 15:00:00+00:00,84.02,84.32,84.02,84.31,84.31,5.181,21,,,
2026-05-19 15:15:00+00:00,84.34,84.39,84.03,84.17,84.17,2.24,19,,,
2026-05-19 15:30:00+00:00,84.23,84.51,84.23,84.26,84.26,3.142,24,,,
2026-05-19 15:45:00+00:00,84.34,84.41,84.16,84.25,84.25,2.514,18,,,
2026-05-19 16:00:00+00:00,84.29,84.37,84.12,84.13,84.13,4.951,25,,,
2026-05-19 16:15:00+00:00,84.22,84.35,84.21,84.34,84.34,15.79,23,,,
2026-05-19 16:30:00+00:00,84.34,84.67,84.34,84.63,84.63,98.623,42,,,
2026-05-19 16:45:00+00:00,84.65,84.83,84.63,84.81,84.81,109.675,35,,,
2026-05-19 17:00:00+00:00,84.83,84.88,84.71,84.71,84.71,17.334,18,,,
2026-05-19 17:15:00+00:00,84.74,84.95,84.63,84.63,84.63,112.853,27,,,
2026-05-19 17:30:00+00:00,84.6,84.72,84.45,84.61,84.61,27.48,15,,,
2026-05-19 17:45:00+00:00,84.62,84.62,84.49,84.61,84.61,78.203,15,,,
2026-05-19 18:00:00+00:00,84.62,84.74,84.54,84.72,84.72,51.017,12,,,
2026-05-19 18:15:00+00:00,84.66,84.67,84.38,84.38,84.38,224.169,26,,,
2026-05-19 18:30:00+00:00,84.27,84.4,84.27,84.34,84.34,8.271,11,,,
2026-05-19 18:45:00+00:00,84.36,84.36,84.36,84.36,84.36,0.807,2,,,
2026-05-19 19:00:00+00:00,84.4,84.54,84.4,84.54,84.54,0.984,4,,,
2026-05-19 19:15:00+00:00,84.48,84.48,84.27,84.27,84.27,14.557,4,,,
2026-05-19 19:30:00+00:00,84.39,84.39,84.36,84.36,84.36,0.659,3,,,
2026-05-19 19:45:00+00:00,84.36,84.36,84.36,84.36,84.36,0.0,0,,,
2026-05-19 20:00:00+00:00,84.36,84.36,84.36,84.36,84.36,0.0,0,,,
2026-05-19 20:15:00+00:00,84.38,84.38,84.32,84.32,84.32,7.615,7,,,
2026-05-19 20:30:00+00:00,84.4,84.43,84.4,84.41,84.41,20.998,4,,,
2026-05-19 20:45:00+00:00,84.41,84.41,84.41,84.41,84.41,0.0,0,,,
2026-05-19 21:00:00+00:00,84.41,84.53,84.41,84.53,84.53,5.704,3,,,
2026-05-19 21:15:00+00:00,84.53,84.53,84.53,84.53,84.53,0.0,0,,,
2026-05-19 21:30:00+00:00,84.53,84.53,84.53,84.53,84.53,0.0,0,,,
2026-05-19 21:45:00+00:00,84.53,84.53,84.53,84.53,84.53,0.0,0,,,
2026-05-19 22:00:00+00:00,84.27,84.3,84.23,84.3,84.3,0.873,4,,,
2026-05-19 22:15:00+00:00,84.11,84.11,84.01,84.01,84.01,10.595,7,,,
2026-05-19 22:30:00+00:00,84.0,84.0,84.0,84.0,84.0,7.19,2,,,
2026-05-19 22:45:00+00:00,84.11,84.11,84.11,84.11,84.11,0.033,1,,,
2026-05-19 23:00:00+00:00,84.17,84.17,84.17,84.17,84.17,0.127,1,,,
2026-05-19 23:15:00+00:00,84.27,84.27,84.27,84.27,84.27,0.739,3,,,
2026-05-19 23:30:00+00:00,84.4,84.42,84.39,84.39,84.39,4.14,4,,,
2026-05-19 23:45:00+00:00,84.3,84.3,84.29,84.29,84.29,0.949,2,,,
2026-05-20 00:00:00+00:00,84.17,84.17,84.01,84.01,84.01,4.428,3,,,
2026-05-20 00:15:00+00:00,83.95,84.1,83.9,84.1,84.1,1.284,6,,,
2026-05-20 00:30:00+00:00,84.2,84.31,84.2,84.31,84.31,0.659,3,,,
2026-05-20 00:45:00+00:00,84.12,84.12,84.12,84.12,84.12,0.14,1,,,
2026-05-20 01:00:00+00:00,84.24,84.36,84.24,84.36,84.36,3.896,4,,,
2026-05-20 01:15:00+00:00,84.26,84.26,84.01,84.01,84.01,2.452,2,,,
2026-05-20 01:30:00+00:00,83.99,84.0,83.82,83.82,83.82,1.095,3,,,
2026-05-20 01:45:00+00:00,84.18,84.32,84.16,84.32,84.32,218.449,12,,,
2026-05-20 02:00:00+00:00,84.29,84.29,84.29,84.29,84.29,0.033,1,,,
2026-05-20 02:15:00+00:00,84.41,84.41,84.24,84.24,84.24,22.469,4,,,
2026-05-20 02:30:00+00:00,84.24,84.24,84.24,84.24,84.24,27.67,2,,,
2026-05-20 02:45:00+00:00,84.01,84.01,84.01,84.01,84.01,0.595,1,,,
2026-05-20 03:00:00+00:00,84.01,84.01,84.01,84.01,84.01,0.0,0,,,
2026-05-20 03:15:00+00:00,84.01,84.01,84.01,84.01,84.01,0.0,0,,,
2026-05-20 03:30:00+00:00,84.01,84.01,84.01,84.01,84.01,0.0,0,,,
2026-05-20 03:45:00+00:00,84.05,84.05,84.05,84.05,84.05,0.063,1,,,
2026-05-20 04:00:00+00:00,84.05,84.05,84.05,84.05,84.05,0.0,0,,,
2026-05-20 04:15:00+00:00,84.05,84.05,84.05,84.05,84.05,0.0,0,,,
2026-05-20 04:30:00+00:00,83.92,83.93,83.92,83.93,83.93,0.28,2,,,
2026-05-20 04:45:00+00:00,84.11,84.11,84.11,84.11,84.11,6.924,3,,,
2026-05-20 05:00:00+00:00,84.27,84.7,84.24,84.7,84.7,7.249,18,,,
2026-05-20 05:15:00+00:00,84.62,84.68,84.57,84.57,84.57,0.315,4,,,
2026-05-20 05:30:00+00:00,84.65,84.85,84.65,84.76,84.76,1.982,12,,,
2026-05-20 05:45:00+00:00,84.69,84.73,84.64,84.65,84.65,3.704,13,,,
2026-05-20 06:00:00+00:00,84.78,84.82,84.78,84.82,84.82,0.25,6,,,
2026-05-20 06:15:00+00:00,84.8,84.89,84.8,84.8,84.8,0.35,8,,,
2026-05-20 06:30:00+00:00,84.76,84.86,84.7,84.86,84.86,0.6,9,,,
2026-05-20 06:45:00+00:00,84.82,84.92,84.82,84.92,84.92,2.626,7,,,
2026-05-20 07:00:00+00:00,84.87,84.87,84.76,84.76,84.76,0.1,2,,,
2026-05-20 07:15:00+00:00,84.92,85.02,84.92,84.95,84.95,0.502,8,,,
2026-05-20 07:30:00+00:00,84.88,84.89,84.8,84.86,84.86,114.83,11,,,
2026-05-20 07:45:00+00:00,84.75,84.75,84.62,84.68,84.68,0.262,5,,,
2026-05-20 08:00:00+00:00,84.69,84.77,84.64,84.72,84.72,0.35,7,,,
2026-05-20 08:15:00+00:00,84.71,84.77,84.71,84.73,84.73,0.282,6,,,
2026-05-20 08:30:00+00:00,84.89,85.08,84.89,85.08,85.08,10.353,8,,,
2026-05-20 08:45:00+00:00,85.08,85.08,85.08,85.08,85.08,0.0,0,,,
2026-05-20 09:00:00+00:00,85.08,85.08,85.08,85.08,85.08,0.0,0,,,
2026-05-20 09:15:00+00:00,85.08,85.08,85.08,85.08,85.08,0.0,0,,,
2026-05-20 09:30:00+00:00,85.08,85.08,85.08,85.08,85.08,0.0,0,,,
2026-05-20 09:45:00+00:00,84.82,84.82,84.81,84.81,84.81,3.894,3,,,
2026-05-20 10:00:00+00:00,84.81,84.81,84.81,84.81,84.81,0.0,0,,,
2026-05-20 10:15:00+00:00,84.95,84.95,84.95,84.95,84.95,1.177,1,,,
2026-05-20 10:30:00+00:00,84.98,85.08,84.98,85.08,85.08,0.396,2,,,
2026-05-20 10:45:00+00:00,85.08,85.08,85.08,85.08,85.08,0.0,0,,,
2026-05-20 11:00:00+00:00,85.08,85.08,85.08,85.08,85.08,0.0,0,,,
2026-05-20 11:15:00+00:00,84.81,84.81,84.78,84.78,84.78,1.589,2,,,
2026-05-20 11:30:00+00:00,84.76,84.76,84.67,84.67,84.67,0.101,2,,,
2026-05-20 11:45:00+00:00,84.7,84.74,84.6,84.6,84.6,5.254,7,,,
2026-05-20 12:00:00+00:00,84.6,84.6,84.6,84.6,84.6,0.0,0,,,
2026-05-20 12:15:00+00:00,84.6,84.6,84.6,84.6,84.6,0.485,1,,,
2026-05-20 12:30:00+00:00,84.89,84.96,84.89,84.96,84.96,1.356,4,,,
2026-05-20 12:45:00+00:00,84.93,85.13,84.93,85.13,85.13,5.976,8,,,
2026-05-20 13:00:00+00:00,85.13,85.13,85.13,85.13,85.13,0.0,0,,,
2026-05-20 13:15:00+00:00,84.87,84.87,84.78,84.8,84.8,0.796,4,,,
2026-05-20 13:30:00+00:00,84.65,84.65,84.2,84.38,84.38,13.568,15,,,
2026-05-20 13:45:00+00:00,84.45,84.6,84.45,84.58,84.58,1.323,8,,,
2026-05-20 14:00:00+00:00,84.69,84.69,84.35,84.62,84.62,4.378,25,,,
2026-05-20 14:15:00+00:00,84.69,85.15,84.69,84.92,84.92,16.077,17,,,
2026-05-20 14:30:00+00:00,85.17,85.48,85.17,85.46,85.46,204.133,23,,,
2026-05-20 14:45:00+00:00,85.54,86.02,85.54,85.86,85.86,76.444,22,,,
2026-05-20 15:00:00+00:00,85.56,85.59,85.36,85.36,85.36,13.409,6,,,
2026-05-20 15:15:00+00:00,85.81,86.08,85.76,85.83,85.83,187.724,22,,,
2026-05-20 15:30:00+00:00,85.7,85.74,85.67,85.74,85.74,1.488,5,,,
2026-05-20 15:45:00+00:00,85.8,85.95,85.8,85.95,85.95,44.595,9,,,
2026-05-20 16:00:00+00:00,86.07,86.35,85.96,86.35,86.35,51.637,12,,,
2026-05-20 16:15:00+00:00,86.07,86.07,85.5,85.5,85.5,18.792,14,,,
2026-05-20 16:30:00+00:00,85.81,86.07,85.81,86.07,86.07,2.41,5,,,
2026-05-20 16:45:00+00:00,86.11,86.66,86.11,86.36,86.36,80.378,34,,,
2026-05-20 17:00:00+00:00,86.33,86.46,86.26,86.46,86.46,29.88,11,,,
2026-05-20 17:15:00+00:00,86.48,86.67,86.48,86.67,86.67,4.048,7,,,
2026-05-20 17:30:00+00:00,86.81,86.92,86.73,86.8,86.8,3.732,11,,,
2026-05-20 17:45:00+00:00,86.58,86.58,86.58,86.58,86.58,0.577,1,,,
2026-05-20 18:00:00+00:00,86.32,86.43,86.32,86.4,86.4,4.815,3,,,
2026-05-20 18:15:00+00:00,86.14,86.17,86.07,86.07,86.07,18.363,5,,,
2026-05-20 18:30:00+00:00,86.0,86.09,85.96,85.96,85.96,12.055,11,,,
2026-05-20 18:45:00+00:00,85.84,85.84,85.62,85.62,85.62,106.402,11,,,
2026-05-20 19:00:00+00:00,85.56,85.8,85.56,85.8,85.8,7.023,5,,,
2026-05-20 19:15:00+00:00,85.81,86.07,85.81,86.07,86.07,1.317,3,,,
2026-05-20 19:30:00+00:00,86.15,86.19,86.08,86.14,86.14,12.103,6,,,
2026-05-20 19:45:00+00:00,86.14,86.14,86.14,86.14,86.14,0.0,0,,,
2026-05-20 20:00:00+00:00,86.07,86.07,85.89,85.97,85.97,33.28,6,,,
2026-05-20 20:15:00+00:00,85.81,85.81,85.56,85.81,85.81,11.225,6,,,
2026-05-20 20:30:00+00:00,85.81,85.81,85.81,85.81,85.81,0.0,0,,,
2026-05-20 20:45:00+00:00,86.07,86.07,86.07,86.07,86.07,0.58,1,,,
2026-05-20 21:00:00+00:00,86.09,86.2,86.09,86.2,86.2,0.526,2,,,
2026-05-20 21:15:00+00:00,86.22,86.22,86.22,86.22,86.22,0.087,1,,,
2026-05-20 21:30:00+00:00,85.94,86.06,85.94,86.06,86.06,14.568,3,,,
2026-05-20 21:45:00+00:00,85.94,85.94,85.94,85.94,85.94,0.29,1,,,
2026-05-20 22:00:00+00:00,85.81,85.82,85.74,85.74,85.74,151.725,13,,,
2026-05-20 22:15:00+00:00,85.56,85.98,85.56,85.98,85.98,3.499,5,,,
2026-05-20 22:30:00+00:00,86.07,86.1,86.07,86.07,86.07,1.348,3,,,
2026-05-20 22:45:00+00:00,86.07,86.07,86.07,86.07,86.07,0.0,0,,,
2026-05-20 23:00:00+00:00,86.07,86.07,86.07,86.07,86.07,0.0,0,,,
2026-05-20 23:15:00+00:00,85.92,85.92,85.91,85.91,85.91,0.185,2,,,
2026-05-20 23:30:00+00:00,85.91,85.91,85.91,85.91,85.91,0.0,0,,,
2026-05-20 23:45:00+00:00,86.0,86.06,86.0,86.06,86.06,2.314,2,,,
2026-05-21 00:00:00+00:00,86.11,86.25,86.11,86.25,86.25,1.082,7,,,
2026-05-21 00:15:00+00:00,86.3,86.34,86.3,86.34,86.34,0.993,3,,,
2026-05-21 00:30:00+00:00,86.35,86.4,86.35,86.35,86.35,5.24,5,,,
2026-05-21 00:45:00+00:00,86.48,86.67,86.48,86.67,86.67,4.635,6,,,
2026-05-21 01:00:00+00:00,86.49,86.49,86.49,86.49,86.49,0.118,1,,,
2026-05-21 01:15:00+00:00,86.84,86.92,86.58,86.58,86.58,25.918,5,,,
2026-05-21 01:30:00+00:00,86.48,86.48,86.48,86.48,86.48,0.058,1,,,
2026-05-21 01:45:00+00:00,86.55,86.55,86.55,86.55,86.55,0.172,1,,,
2026-05-21 02:00:00+00:00,86.55,86.55,86.55,86.55,86.55,0.0,0,,,
2026-05-21 02:15:00+00:00,86.4,86.4,86.4,86.4,86.4,0.212,1,,,
2026-05-21 02:30:00+00:00,86.4,86.4,86.4,86.4,86.4,0.0,0,,,
2026-05-21 02:45:00+00:00,86.6,86.6,86.56,86.56,86.56,2.448,2,,,
2026-05-21 03:00:00+00:00,86.5,86.57,86.5,86.57,86.57,0.991,4,,,
2026-05-21 03:15:00+00:00,86.56,86.65,86.56,86.65,86.65,1.801,3,,,
2026-05-21 03:30:00+00:00,86.65,86.65,86.65,86.65,86.65,0.0,0,,,
2026-05-21 03:45:00+00:00,86.78,86.78,86.78,86.78,86.78,0.038,1,,,
2026-05-21 04:00:00+00:00,86.83,87.09,86.77,87.09,87.09,145.776,18,,,
2026-05-21 04:15:00+00:00,87.09,87.09,87.09,87.09,87.09,0.0,0,,,
2026-05-21 04:30:00+00:00,86.88,86.92,86.88,86.92,86.92,111.982,6,,,
2026-05-21 04:45:00+00:00,86.96,87.1,86.96,87.06,87.06,60.345,4,,,
2026-05-21 05:00:00+00:00,86.9,86.9,86.84,86.84,86.84,1.762,3,,,
2026-05-21 05:15:00+00:00,86.76,86.76,86.69,86.69,86.69,45.431,2,,,
2026-05-21 05:30:00+00:00,86.58,86.61,86.58,86.58,86.58,2.447,3,,,
2026-05-21 05:45:00+00:00,86.43,86.43,86.31,86.41,86.41,16.855,6,,,
2026-05-21 06:00:00+00:00,86.3,86.33,86.3,86.33,86.33,1.383,2,,,
2026-05-21 06:15:00+00:00,86.36,86.46,86.36,86.46,86.46,114.219,6,,,
2026-05-21 06:30:00+00:00,86.36,86.36,86.32,86.32,86.32,0.152,2,,,
2026-05-21 06:45:00+00:00,86.32,86.32,86.32,86.32,86.32,0.0,0,,,
2026-05-21 07:00:00+00:00,86.25,86.34,86.25,86.33,86.33,115.868,7,,,
2026-05-21 07:15:00+00:00,86.33,86.33,86.33,86.33,86.33,0.0,0,,,
2026-05-21 07:30:00+00:00,86.49,86.49,86.49,86.49,86.49,17.0,1,,,
2026-05-21 07:45:00+00:00,86.58,86.58,86.58,86.58,86.58,0.722,2,,,
2026-05-21 08:00:00+00:00,86.64,87.0,86.64,86.96,86.96,13.042,8,,,
2026-05-21 08:15:00+00:00,87.05,87.1,86.91,86.92,86.92,3.876,5,,,
2026-05-21 08:30:00+00:00,86.72,86.72,86.72,86.72,86.72,0.05,1,,,
2026-05-21 08:45:00+00:00,86.73,86.85,86.73,86.81,86.81,78.209,10,,,
2026-05-21 09:00:00+00:00,86.83,86.83,86.83,86.83,86.83,0.278,2,,,
2026-05-21 09:15:00+00:00,86.83,86.83,86.83,86.83,86.83,0.0,0,,,
2026-05-21 09:30:00+00:00,86.73,86.73,86.55,86.55,86.55,75.38,14,,,
2026-05-21 09:45:00+00:00,86.49,86.49,86.49,86.49,86.49,1.156,1,,,
2026-05-21 10:00:00+00:00,86.49,86.49,86.49,86.49,86.49,0.0,0,,,
2026-05-21 10:15:00+00:00,86.32,86.32,85.67,85.88,85.88,10.805,24,,,
2026-05-21 10:30:00+00:00,85.85,85.97,85.69,85.94,85.94,11.265,11,,,
2026-05-21 10:45:00+00:00,85.8,85.8,85.8,85.8,85.8,0.144,1,,,
2026-05-21 11:00:00+00:00,85.6,85.74,85.6,85.74,85.74,0.597,5,,,
2026-05-21 11:15:00+00:00,85.71,85.71,85.71,85.71,85.71,0.639,1,,,
2026-05-21 11:30:00+00:00,85.82,85.82,85.67,85.67,85.67,1.4,5,,,
2026-05-21 11:45:00+00:00,85.56,85.56,85.55,85.55,85.55,2.423,2,,,
2026-05-21 12:00:00+00:00,85.55,85.55,85.48,85.48,85.48,2.691,3,,,
2026-05-21 12:15:00+00:00,85.57,85.57,85.57,85.57,85.57,0.175,1,,,
2026-05-21 12:30:00+00:00,85.4,85.5,85.37,85.5,85.5,2.029,4,,,
2026-05-21 12:45:00+00:00,85.65,85.65,85.63,85.63,85.63,93.523,3,,,
2026-05-21 13:00:00+00:00,85.81,85.87,85.81,85.87,85.87,1.343,4,,,
2026-05-21 13:15:00+00:00,85.87,85.87,85.87,85.87,85.87,0.0,0,,,
2026-05-21 13:30:00+00:00,85.67,85.74,85.26,85.26,85.26,5.927,12,,,
2026-05-21 13:45:00+00:00,85.56,85.96,85.48,85.96,85.96,4.1,10,,,
2026-05-21 14:00:00+00:00,86.07,86.32,85.9,85.98,85.98,3.62,14,,,
2026-05-21 14:15:00+00:00,85.81,85.89,85.56,85.89,85.89,5.871,14,,,
2026-05-21 14:30:00+00:00,86.07,86.32,86.07,86.07,86.07,5.278,13,,,
2026-05-21 14:45:00+00:00,85.81,85.81,85.77,85.77,85.77,6.633,3,,,
2026-05-21 15:00:00+00:00,86.07,86.32,86.07,86.32,86.32,1.349,6,,,
2026-05-21 15:15:00+00:00,86.34,86.69,86.34,86.69,86.69,1.488,4,,,
2026-05-21 15:30:00+00:00,86.69,86.69,86.69,86.69,86.69,0.0,0,,,
2026-05-21 15:45:00+00:00,86.32,86.4,86.27,86.38,86.38,1.652,4,,,
2026-05-21 16:00:00+00:00,86.44,86.44,86.44,86.44,86.44,0.637,1,,,
2026-05-21 16:15:00+00:00,86.21,86.21,86.07,86.07,86.07,0.838,2,,,
2026-05-21 16:30:00+00:00,86.32,86.32,86.06,86.06,86.06,55.3,5,,,
2026-05-21 16:45:00+00:00,86.05,86.05,86.05,86.05,86.05,3.75,1,,,
2026-05-21 17:00:00+00:00,86.24,86.64,86.15,86.64,86.64,107.102,18,,,
2026-05-21 17:15:00+00:00,86.84,87.81,86.84,87.67,87.67,152.584,37,,,
2026-05-21 17:30:00+00:00,87.87,87.87,87.47,87.6,87.6,43.544,14,,,
2026-05-21 17:45:00+00:00,87.35,87.84,87.35,87.84,87.84,2.314,5,,,
2026-05-21 18:00:00+00:00,87.46,87.46,87.32,87.37,87.37,20.606,6,,,
2026-05-21 18:15:00+00:00,87.52,87.61,87.52,87.61,87.61,0.774,3,,,
2026-05-21 18:30:00+00:00,87.61,87.61,87.61,87.61,87.61,0.0,0,,,
2026-05-21 18:45:00+00:00,87.35,87.35,86.84,86.9,86.9,156.608,17,,,
2026-05-21 19:00:00+00:00,87.08,87.4,87.08,87.39,87.39,3.683,6,,,
2026-05-21 19:15:00+00:00,87.37,87.44,87.37,87.44,87.44,12.032,4,,,
2026-05-21 19:30:00+00:00,87.51,87.51,87.51,87.51,87.51,2.29,2,,,
2026-05-21 19:45:00+00:00,87.58,87.79,87.58,87.75,87.75,11.115,13,,,
2026-05-21 20:00:00+00:00,87.78,87.8,87.72,87.72,87.72,4.889,7,,,
2026-05-21 20:15:00+00:00,87.69,87.69,87.6,87.6,87.6,0.814,2,,,
2026-05-21 20:30:00+00:00,87.6,87.6,87.6,87.6,87.6,0.0,0,,,
2026-05-21 20:45:00+00:00,87.69,87.69,87.44,87.44,87.44,2.891,2,,,
2026-05-21 21:00:00+00:00,87.6,87.6,87.5,87.54,87.54,52.195,8,,,
2026-05-21 21:15:00+00:00,87.46,87.46,87.46,87.46,87.46,11.875,2,,,
2026-05-21 21:30:00+00:00,87.35,87.35,87.31,87.31,87.31,1.296,3,,,
2026-05-21 21:45:00+00:00,87.31,87.31,87.28,87.28,87.28,0.936,2,,,
2026-05-21 22:00:00+00:00,87.27,87.28,87.27,87.28,87.28,4.022,2,,,
2026-05-21 22:15:00+00:00,87.28,87.28,87.28,87.28,87.28,0.0,0,,,
2026-05-21 22:30:00+00:00,87.1,87.18,87.1,87.18,87.18,4.651,2,,,
2026-05-21 22:45:00+00:00,87.18,87.18,87.1,87.13,87.13,1.416,3,,,
2026-05-21 23:00:00+00:00,87.25,87.25,87.0,87.0,87.0,6.409,3,,,
2026-05-21 23:15:00+00:00,87.03,87.06,87.03,87.06,87.06,0.749,2,,,
2026-05-21 23:30:00+00:00,87.09,87.22,87.09,87.22,87.22,1.059,2,,,
2026-05-21 23:45:00+00:00,87.19,87.24,87.16,87.24,87.24,50.983,7,,,
2026-05-22 00:00:00+00:00,87.19,87.19,87.05,87.05,87.05,3.295,3,,,
2026-05-22 00:15:00+00:00,87.02,87.02,87.0,87.0,87.0,1.948,2,,,
2026-05-22 00:30:00+00:00,87.05,87.05,86.89,86.9,86.9,3.891,5,,,
2026-05-22 00:45:00+00:00,86.84,86.84,86.84,86.84,86.84,0.647,2,,,
2026-05-22 01:00:00+00:00,86.75,86.75,86.71,86.75,86.75,6.89,5,,,
2026-05-22 01:15:00+00:00,86.72,86.72,86.72,86.72,86.72,3.449,4,,,
2026-05-22 01:30:00+00:00,86.77,86.83,86.58,86.62,86.62,10.366,7,,,
2026-05-22 01:45:00+00:00,86.84,86.91,86.84,86.91,86.91,0.834,3,,,
2026-05-22 02:00:00+00:00,86.99,87.1,86.99,87.1,87.1,0.739,3,,,
2026-05-22 02:15:00+00:00,87.1,87.1,87.1,87.1,87.1,0.0,0,,,
2026-05-22 02:30:00+00:00,87.1,87.1,87.1,87.1,87.1,0.0,0,,,
2026-05-22 02:45:00+00:00,87.07,87.07,87.07,87.07,87.07,11.491,1,,,
2026-05-22 03:00:00+00:00,87.1,87.1,87.07,87.07,87.07,1.275,2,,,
2026-05-22 03:15:00+00:00,87.07,87.07,87.07,87.07,87.07,0.0,0,,,
2026-05-22 03:30:00+00:00,87.07,87.07,87.07,87.07,87.07,0.0,0,,,
2026-05-22 03:45:00+00:00,87.07,87.07,87.07,87.07,87.07,0.0,0,,,
2026-05-22 04:00:00+00:00,87.1,87.13,87.1,87.13,87.13,22.841,2,,,
2026-05-22 04:15:00+00:00,87.22,87.22,87.19,87.19,87.19,1.962,3,,,
2026-05-22 04:30:00+00:00,87.19,87.19,87.19,87.19,87.19,0.0,0,,,
2026-05-22 04:45:00+00:00,86.94,86.95,86.92,86.92,86.92,0.74,4,,,
2026-05-22 05:00:00+00:00,87.03,87.03,87.0,87.0,87.0,0.739,2,,,
2026-05-22 05:15:00+00:00,86.84,86.84,86.8,86.8,86.8,1.497,2,,,
2026-05-22 05:30:00+00:00,86.84,86.84,86.84,86.84,86.84,0.33,1,,,
2026-05-22 05:45:00+00:00,86.94,86.94,86.7,86.7,86.7,4.071,3,,,
2026-05-22 06:00:00+00:00,86.73,86.73,86.58,86.58,86.58,2.127,5,,,
2026-05-22 06:15:00+00:00,86.58,86.58,86.58,86.58,86.58,0.0,0,,,
2026-05-22 06:30:00+00:00,86.46,86.61,86.46,86.6,86.6,298.877,24,,,
2026-05-22 06:45:00+00:00,86.75,86.75,86.63,86.63,86.63,0.136,2,,,
2026-05-22 07:00:00+00:00,86.66,86.66,86.57,86.57,86.57,0.206,3,,,
2026-05-22 07:15:00+00:00,86.76,86.87,86.76,86.76,86.76,182.401,17,,,
2026-05-22 07:30:00+00:00,86.97,87.0,86.97,87.0,87.0,82.695,9,,,
2026-05-22 07:45:00+00:00,87.0,87.0,87.0,87.0,87.0,0.0,0,,,
2026-05-22 08:00:00+00:00,87.0,87.0,87.0,87.0,87.0,0.0,0,,,
2026-05-22 08:15:00+00:00,87.1,87.36,87.1,87.35,87.35,9.044,14,,,
2026-05-22 08:30:00+00:00,87.39,87.4,86.84,87.04,87.04,47.268,11,,,
2026-05-22 08:45:00+00:00,87.1,87.1,87.1,87.1,87.1,0.574,1,,,
2026-05-22 09:00:00+00:00,87.1,87.1,87.1,87.1,87.1,0.0,0,,,
2026-05-22 09:15:00+00:00,87.16,87.16,87.16,87.16,87.16,0.094,1,,,
2026-05-22 09:30:00+00:00,87.22,87.27,87.22,87.27,87.27,1.909,2,,,
2026-05-22 09:45:00+00:00,87.27,87.27,87.27,87.27,87.27,0.0,0,,,
2026-05-22 10:00:00+00:00,87.27,87.27,87.27,87.27,87.27,0.0,0,,,
2026-05-22 10:15:00+00:00,86.84,86.97,86.84,86.97,86.97,4.413,5,,,
2026-05-22 10:30:00+00:00,86.97,86.97,86.97,86.97,86.97,0.0,0,,,
2026-05-22 10:45:00+00:00,86.97,86.97,86.97,86.97,86.97,0.0,0,,,
2026-05-22 11:00:00+00:00,86.91,86.91,86.91,86.91,86.91,8.9,1,,,
2026-05-22 11:15:00+00:00,86.82,86.82,86.74,86.77,86.77,3.132,3,,,
2026-05-22 11:30:00+00:00,86.77,86.77,86.77,86.77,86.77,0.0,0,,,
2026-05-22 11:45:00+00:00,86.97,87.12,86.97,87.12,87.12,0.726,3,,,
2026-05-22 12:00:00+00:00,87.31,87.45,87.31,87.45,87.45,1.232,4,,,
2026-05-22 12:15:00+00:00,87.42,87.42,87.42,87.42,87.42,0.914,1,,,
2026-05-22 12:30:00+00:00,87.42,87.42,87.42,87.42,87.42,0.0,0,,,
2026-05-22 12:45:00+00:00,87.61,87.61,87.6,87.6,87.6,15.035,4,,,
2026-05-22 13:00:00+00:00,87.59,87.7,87.58,87.7,87.7,118.882,10,,,
2026-05-22 13:15:00+00:00,87.7,87.7,87.7,87.7,87.7,0.0,0,,,
2026-05-22 13:30:00+00:00,87.35,87.35,87.1,87.16,87.16,2.122,7,,,
2026-05-22 13:45:00+00:00,87.18,87.18,87.1,87.18,87.18,0.756,3,,,
2026-05-22 14:00:00+00:00,86.9,86.92,86.84,86.92,86.92,15.835,4,,,
2026-05-22 14:15:00+00:00,86.7,86.7,86.32,86.58,86.58,5.242,9,,,
2026-05-22 14:30:00+00:00,86.58,86.58,86.58,86.58,86.58,0.0,0,,,
2026-05-22 14:45:00+00:00,86.58,86.58,86.58,86.58,86.58,0.0,0,,,
2026-05-22 15:00:00+00:00,86.58,86.58,86.58,86.58,86.58,0.0,0,,,
2026-05-22 15:15:00+00:00,86.63,86.63,86.3,86.58,86.58,3.789,5,,,
2026-05-22 15:30:00+00:00,86.71,86.84,86.58,86.58,86.58,13.975,3,,,
2026-05-22 15:45:00+00:00,86.58,86.58,86.58,86.58,86.58,0.0,0,,,
2026-05-22 16:00:00+00:00,86.58,86.58,86.58,86.58,86.58,0.0,0,,,
2026-05-22 16:15:00+00:00,86.57,86.57,86.56,86.56,86.56,1.11,2,,,
2026-05-22 16:30:00+00:00,86.8,86.8,86.79,86.79,86.79,0.078,2,,,
2026-05-22 16:45:00+00:00,86.84,86.84,86.82,86.82,86.82,7.334,3,,,
2026-05-22 17:00:00+00:00,86.82,86.82,86.82,86.82,86.82,2.785,1,,,
2026-05-22 17:15:00+00:00,86.66,86.86,86.45,86.86,86.86,8.255,10,,,
2026-05-22 17:30:00+00:00,86.95,87.03,86.81,87.03,87.03,1.152,10,,,
2026-05-22 17:45:00+00:00,86.58,86.59,86.58,86.59,86.59,13.332,2,,,
2026-05-22 18:00:00+00:00,86.56,86.56,86.32,86.36,86.36,7.558,4,,,
2026-05-22 18:15:00+00:00,86.44,86.47,86.44,86.46,86.46,41.65,6,,,
2026-05-22 18:30:00+00:00,86.32,86.32,85.62,85.62,85.62,70.361,27,,,
2026-05-22 18:45:00+00:00,85.6,85.6,84.68,85.31,85.31,20.137,27,,,
2026-05-22 19:00:00+00:00,85.5,85.5,85.01,85.07,85.07,206.85,18,,,
2026-05-22 19:15:00+00:00,85.1,85.18,84.78,84.78,84.78,0.885,5,,,
2026-05-22 19:30:00+00:00,84.75,84.75,83.94,84.01,84.01,17.621,24,,,
2026-05-22 19:45:00+00:00,84.27,84.68,84.27,84.46,84.46,49.111,18,,,
2026-05-22 20:00:00+00:00,84.78,84.85,84.78,84.85,84.85,0.644,2,,,
2026-05-22 20:15:00+00:00,84.85,84.85,84.85,84.85,84.85,0.0,0,,,
2026-05-22 20:30:00+00:00,84.66,84.66,84.6,84.65,84.65,309.995,28,,,
2026-05-22 20:45:00+00:00,84.94,84.94,84.91,84.91,84.91,0.217,2,,,
2026-05-22 21:00:00+00:00,84.96,84.96,84.95,84.95,84.95,9.516,3,,,
2026-05-22 21:15:00+00:00,84.91,85.04,84.91,85.04,85.04,2.721,3,,,
2026-05-22 21:30:00+00:00,85.1,85.14,85.1,85.14,85.14,0.107,2,,,
2026-05-22 21:45:00+00:00,85.14,85.14,85.14,85.14,85.14,0.0,0,,,
2026-05-22 22:00:00+00:00,85.0,85.0,85.0,85.0,85.0,0.042,1,,,
2026-05-22 22:15:00+00:00,84.9,84.9,84.9,84.9,84.9,0.05,1,,,
2026-05-22 22:30:00+00:00,84.78,84.79,84.76,84.76,84.76,24.788,6,,,
2026-05-22 22:45:00+00:00,84.86,84.88,84.86,84.88,84.88,0.866,3,,,
2026-05-22 23:00:00+00:00,84.93,84.99,84.93,84.99,84.99,0.063,2,,,
2026-05-22 23:15:00+00:00,84.96,84.96,84.66,84.66,84.66,6.495,6,,,
2026-05-22 23:30:00+00:00,84.63,84.75,84.63,84.75,84.75,3.815,2,,,
2026-05-22 23:45:00+00:00,84.72,84.72,83.99,84.34,84.34,221.432,54,,,
2026-05-23 00:00:00+00:00,84.22,84.32,84.22,84.32,84.32,43.075,5,,,
2026-05-23 00:15:00+00:00,84.32,84.32,84.32,84.32,84.32,0.0,0,,,
2026-05-23 00:30:00+00:00,84.32,84.32,84.32,84.32,84.32,0.0,0,,,
2026-05-23 00:45:00+00:00,84.32,84.32,84.32,84.32,84.32,0.0,0,,,
2026-05-23 01:00:00+00:00,84.48,84.52,84.48,84.52,84.52,0.657,3,,,
2026-05-23 01:15:00+00:00,84.27,84.43,84.27,84.42,84.42,2.633,3,,,
2026-05-23 01:30:00+00:00,84.51,84.52,84.51,84.52,84.52,0.664,2,,,
2026-05-23 01:45:00+00:00,84.47,84.49,84.44,84.44,84.44,0.557,6,,,
2026-05-23 02:00:00+00:00,84.47,84.47,84.44,84.44,84.44,0.435,3,,,
2026-05-23 02:15:00+00:00,84.27,84.27,84.22,84.22,84.22,7.424,4,,,
2026-05-23 02:30:00+00:00,84.22,84.22,84.22,84.22,84.22,0.0,0,,,
2026-05-23 02:45:00+00:00,84.4,84.46,84.4,84.46,84.46,19.754,5,,,
2026-05-23 03:00:00+00:00,84.43,84.43,84.43,84.43,84.43,0.119,1,,,
2026-05-23 03:15:00+00:00,84.43,84.43,84.43,84.43,84.43,0.0,0,,,
2026-05-23 03:30:00+00:00,84.52,84.54,84.52,84.53,84.53,61.671,7,,,
2026-05-23 03:45:00+00:00,84.63,84.63,84.63,84.63,84.63,0.033,1,,,
2026-05-23 04:00:00+00:00,84.63,84.63,84.63,84.63,84.63,0.0,0,,,
2026-05-23 04:15:00+00:00,84.42,84.43,84.42,84.43,84.43,3.773,2,,,
2026-05-23 04:30:00+00:00,84.47,84.47,84.27,84.27,84.27,77.39,3,,,
2026-05-23 04:45:00+00:00,84.36,84.36,84.35,84.35,84.35,0.066,2,,,
2026-05-23 05:00:00+00:00,84.3,84.3,84.3,84.3,84.3,5.927,1,,,
2026-05-23 05:15:00+00:00,84.2,84.2,84.2,84.2,84.2,0.12,1,,,
2026-05-23 05:30:00+00:00,84.19,84.33,84.17,84.33,84.33,5.638,3,,,
2026-05-23 05:45:00+00:00,84.34,84.34,84.34,84.34,84.34,1.96,1,,,
2026-05-23 06:00:00+00:00,84.34,84.34,84.34,84.34,84.34,0.0,0,,,
2026-05-23 06:15:00+00:00,84.34,84.34,84.34,84.34,84.34,0.0,0,,,
2026-05-23 06:30:00+00:00,84.35,84.36,84.35,84.36,84.36,3.833,2,,,
2026-05-23 06:45:00+00:00,84.36,84.36,84.36,84.36,84.36,0.0,0,,,
2026-05-23 07:00:00+00:00,84.2,84.2,84.2,84.2,84.2,0.24,1,,,
2026-05-23 07:15:00+00:00,84.01,84.01,83.98,83.98,83.98,0.708,2,,,
2026-05-23 07:30:00+00:00,83.75,83.92,83.74,83.92,83.92,17.758,5,,,
2026-05-23 07:45:00+00:00,83.69,83.69,81.26,81.98,81.98,2300.965,4402,,,
2026-05-23 08:00:00+00:00,82.03,82.11,81.79,81.88,81.88,737.047,3345,,,
2026-05-23 08:15:00+00:00,81.93,82.2,81.88,81.97,81.97,572.869,88,,,
2026-05-23 08:30:00+00:00,81.96,82.0,81.59,81.71,81.71,96.867,119,,,
2026-05-23 08:45:00+00:00,81.83,82.05,81.78,82.0,82.0,3.529,23,,,
2026-05-23 09:00:00+00:00,82.04,82.07,81.92,82.01,82.01,55.56,44,,,
2026-05-23 09:15:00+00:00,81.99,82.03,81.93,81.96,81.96,4.79,33,,,
2026-05-23 09:30:00+00:00,82.01,82.01,82.01,82.01,82.01,0.151,1,,,
2026-05-23 09:45:00+00:00,81.92,81.92,81.91,81.91,81.91,3.202,3,,,
2026-05-23 10:00:00+00:00,82.05,82.05,82.05,82.05,82.05,13.587,1,,,
2026-05-23 10:15:00+00:00,82.16,82.16,82.13,82.13,82.13,0.384,4,,,
2026-05-23 10:30:00+00:00,82.23,82.25,82.21,82.21,82.21,1.257,6,,,
2026-05-23 10:45:00+00:00,82.23,82.23,82.18,82.18,82.18,0.387,3,,,
2026-05-23 11:00:00+00:00,82.18,82.18,82.18,82.18,82.18,0.0,0,,,
2026-05-23 11:15:00+00:00,82.34,82.34,82.34,82.34,82.34,0.033,1,,,
2026-05-23 11:30:00+00:00,82.34,82.34,82.34,82.34,82.34,0.0,0,,,
2026-05-23 11:45:00+00:00,82.34,82.34,82.34,82.34,82.34,0.0,0,,,
2026-05-23 12:00:00+00:00,82.18,82.25,82.18,82.18,82.18,2.945,3,,,
2026-05-23 12:15:00+00:00,82.18,82.18,82.18,82.18,82.18,0.0,0,,,
2026-05-23 12:30:00+00:00,82.24,82.24,82.24,82.24,82.24,0.151,1,,,
2026-05-23 12:45:00+00:00,82.34,82.41,82.34,82.41,82.41,0.4,2,,,
2026-05-23 13:00:00+00:00,82.49,82.82,82.49,82.76,82.76,102.054,12,,,
2026-05-23 13:15:00+00:00,82.84,83.11,82.84,83.11,83.11,26.541,6,,,
2026-05-23 13:30:00+00:00,82.93,83.01,82.93,83.01,83.01,0.149,2,,,
2026-05-23 13:45:00+00:00,83.2,83.3,83.17,83.2,83.2,68.391,12,,,
2026-05-23 14:00:00+00:00,83.2,83.2,83.2,83.2,83.2,0.0,0,,,
2026-05-23 14:15:00+00:00,83.47,83.47,83.47,83.47,83.47,2.175,1,,,
2026-05-23 14:30:00+00:00,83.49,83.87,83.49,83.87,83.87,76.993,12,,,
2026-05-23 14:45:00+00:00,83.9,84.31,83.9,83.99,83.99,119.104,18,,,
2026-05-23 15:00:00+00:00,84.06,84.36,83.98,84.36,84.36,29.095,11,,,
2026-05-23 15:15:00+00:00,84.24,84.24,84.01,84.01,84.01,411.607,32,,,
2026-05-23 15:30:00+00:00,83.76,83.83,83.66,83.81,83.81,183.569,15,,,
2026-05-23 15:45:00+00:00,83.81,83.81,83.81,83.81,83.81,0.0,0,,,
2026-05-23 16:00:00+00:00,84.01,84.1,83.9,83.92,83.92,216.204,18,,,
2026-05-23 16:15:00+00:00,84.02,84.02,84.02,84.02,84.02,0.079,2,,,
2026-05-23 16:30:00+00:00,84.04,84.18,84.04,84.17,84.17,1.406,3,,,
2026-05-23 16:45:00+00:00,84.06,84.06,84.05,84.05,84.05,0.172,2,,,
2026-05-23 17:00:00+00:00,84.05,84.05,84.05,84.05,84.05,0.0,0,,,
2026-05-23 17:15:00+00:00,84.2,84.23,84.2,84.23,84.23,0.066,2,,,
2026-05-23 17:30:00+00:00,84.17,84.17,84.08,84.08,84.08,0.507,3,,,
2026-05-23 17:45:00+00:00,84.08,84.08,84.08,84.08,84.08,1.108,1,,,
2026-05-23 18:00:00+00:00,84.27,84.78,84.27,84.78,84.78,31.524,17,,,
2026-05-23 18:15:00+00:00,84.9,84.9,84.9,84.9,84.9,0.225,1,,,
2026-05-23 18:30:00+00:00,84.98,85.0,84.76,84.77,84.77,10.33,5,,,
2026-05-23 18:45:00+00:00,84.62,84.62,84.62,84.62,84.62,2.044,1,,,
2026-05-23 19:00:00+00:00,84.62,84.62,84.62,84.62,84.62,0.0,0,,,
2026-05-23 19:15:00+00:00,84.81,84.92,84.81,84.85,84.85,12.772,3,,,
2026-05-23 19:30:00+00:00,84.95,84.95,84.95,84.95,84.95,0.032,1,,,
2026-05-23 19:45:00+00:00,84.95,84.95,84.95,84.95,84.95,0.0,0,,,
2026-05-23 20:00:00+00:00,84.95,84.95,84.95,84.95,84.95,0.0,0,,,
2026-05-23 20:15:00+00:00,84.99,85.0,84.99,85.0,85.0,6.015,2,,,
2026-05-23 20:30:00+00:00,85.03,86.57,85.03,86.37,86.37,217.501,53,,,
2026-05-23 20:45:00+00:00,86.19,86.94,86.19,86.94,86.94,188.427,16,,,
2026-05-23 21:00:00+00:00,87.0,87.36,86.68,86.9,86.9,225.303,26,,,
2026-05-23 21:15:00+00:00,86.58,86.58,86.3,86.3,86.3,3.352,6,,,
2026-05-23 21:30:00+00:00,86.07,86.32,85.99,86.29,86.29,16.117,6,,,
2026-05-23 21:45:00+00:00,86.07,86.21,86.04,86.21,86.21,30.873,10,,,
2026-05-23 22:00:00+00:00,86.31,86.44,86.24,86.25,86.25,463.599,19,,,
2026-05-23 22:15:00+00:00,86.15,86.19,86.03,86.09,86.09,67.324,13,,,
2026-05-23 22:30:00+00:00,85.93,86.01,85.49,85.71,85.71,388.083,38,,,
2026-05-23 22:45:00+00:00,85.7,85.76,85.7,85.72,85.72,0.858,5,,,
2026-05-23 23:00:00+00:00,85.77,85.78,85.77,85.78,85.78,36.91,2,,,
2026-05-23 23:15:00+00:00,85.78,85.78,85.78,85.78,85.78,0.0,0,,,
2026-05-23 23:30:00+00:00,85.7,85.7,85.7,85.7,85.7,7.927,1,,,
2026-05-23 23:45:00+00:00,85.7,85.7,85.7,85.7,85.7,0.0,0,,,
2026-05-24 00:00:00+00:00,85.7,85.7,85.7,85.7,85.7,0.0,0,,,
2026-05-24 00:15:00+00:00,85.56,85.56,85.56,85.56,85.56,0.584,1,,,
2026-05-24 00:30:00+00:00,85.81,85.88,85.81,85.87,85.87,1.466,6,,,
2026-05-24 00:45:00+00:00,85.81,85.82,85.78,85.82,85.82,25.632,4,,,
2026-05-24 01:00:00+00:00,85.82,85.82,85.82,85.82,85.82,0.0,0,,,
2026-05-24 01:15:00+00:00,85.96,86.02,85.96,86.02,86.02,12.126,3,,,
2026-05-24 01:30:00+00:00,86.01,86.07,85.93,86.07,86.07,71.052,7,,,
2026-05-24 01:45:00+00:00,86.07,86.07,86.07,86.07,86.07,0.0,0,,,
2026-05-24 02:00:00+00:00,86.0,86.02,85.92,85.95,85.95,92.171,7,,,
2026-05-24 02:15:00+00:00,85.81,85.81,85.7,85.7,85.7,2.346,3,,,
2026-05-24 02:30:00+00:00,85.73,85.73,85.7,85.7,85.7,3.182,3,,,
2026-05-24 02:45:00+00:00,85.84,85.84,85.84,85.84,85.84,2.156,2,,,
2026-05-24 03:00:00+00:00,85.99,85.99,85.99,85.99,85.99,0.359,1,,,
2026-05-24 03:15:00+00:00,85.99,85.99,85.99,85.99,85.99,0.0,0,,,
2026-05-24 03:30:00+00:00,85.56,85.56,85.56,85.56,85.56,0.584,1,,,
2026-05-24 03:45:00+00:00,85.56,85.56,85.56,85.56,85.56,0.0,0,,,
2026-05-24 04:00:00+00:00,85.8,85.9,85.72,85.9,85.9,88.865,9,,,
2026-05-24 04:15:00+00:00,85.9,85.9,85.9,85.9,85.9,0.0,0,,,
2026-05-24 04:30:00+00:00,85.9,85.9,85.9,85.9,85.9,0.0,0,,,
2026-05-24 04:45:00+00:00,85.9,85.9,85.9,85.9,85.9,0.0,0,,,
2026-05-24 05:00:00+00:00,85.7,85.7,85.7,85.7,85.7,0.16,1,,,
2026-05-24 05:15:00+00:00,85.77,85.77,85.73,85.73,85.73,0.515,3,,,
2026-05-24 05:30:00+00:00,85.66,85.66,85.51,85.51,85.51,0.915,4,,,
2026-05-24 05:45:00+00:00,85.81,86.03,85.81,86.03,86.03,14.528,10,,,
2026-05-24 06:00:00+00:00,86.07,86.1,86.05,86.06,86.06,1.712,5,,,
2026-05-24 06:15:00+00:00,86.06,86.06,86.06,86.06,86.06,0.0,0,,,
2026-05-24 06:30:00+00:00,85.83,85.83,85.83,85.83,85.83,0.406,1,,,
2026-05-24 06:45:00+00:00,86.18,86.32,86.18,86.32,86.32,7.103,9,,,
2026-05-24 07:00:00+00:00,86.38,86.53,86.32,86.32,86.32,25.048,14,,,
2026-05-24 07:15:00+00:00,86.11,86.11,86.11,86.11,86.11,0.405,2,,,
2026-05-24 07:30:00+00:00,86.11,86.14,86.11,86.14,86.14,1.76,3,,,
2026-05-24 07:45:00+00:00,86.07,86.07,85.96,85.96,85.96,2.253,5,,,
2026-05-24 08:00:00+00:00,85.96,85.96,85.96,85.96,85.96,0.064,1,,,
2026-05-24 08:15:00+00:00,86.14,86.23,86.14,86.18,86.18,1.039,5,,,
2026-05-24 08:30:00+00:00,86.21,86.33,86.19,86.33,86.33,16.557,8,,,
2026-05-24 08:45:00+00:00,86.38,86.38,86.38,86.38,86.38,0.116,1,,,
2026-05-24 09:00:00+00:00,86.41,86.42,86.31,86.31,86.31,10.107,3,,,
2026-05-24 09:15:00+00:00,86.48,86.87,86.48,86.57,86.57,318.643,35,,,
2026-05-24 09:30:00+00:00,86.57,86.57,86.57,86.57,86.57,0.0,0,,,
2026-05-24 09:45:00+00:00,86.57,86.57,86.57,86.57,86.57,0.0,0,,,
2026-05-24 10:00:00+00:00,86.44,86.44,86.32,86.32,86.32,60.823,7,,,
2026-05-24 10:15:00+00:00,86.25,86.58,86.18,86.58,86.58,76.065,6,,,
2026-05-24 10:30:00+00:00,86.32,86.32,86.25,86.31,86.31,2.598,7,,,
2026-05-24 10:45:00+00:00,86.31,86.31,86.31,86.31,86.31,0.0,0,,,
2026-05-24 11:00:00+00:00,86.44,86.56,86.44,86.56,86.56,16.374,7,,,
2026-05-24 11:15:00+00:00,86.56,86.75,86.52,86.52,86.52,475.671,19,,,
2026-05-24 11:30:00+00:00,86.53,86.61,86.51,86.51,86.51,2.841,6,,,
2026-05-24 11:45:00+00:00,86.44,86.59,86.39,86.59,86.59,287.117,17,,,
2026-05-24 12:00:00+00:00,86.42,86.42,86.39,86.39,86.39,89.535,2,,,
2026-05-24 12:15:00+00:00,86.32,86.32,86.14,86.14,86.14,3.204,5,,,
2026-05-24 12:30:00+00:00,86.19,86.19,86.16,86.19,86.19,1.575,3,,,
2026-05-24 12:45:00+00:00,86.19,86.19,86.19,86.19,86.19,0.0,0,,,
2026-05-24 13:00:00+00:00,86.3,86.3,86.23,86.23,86.23,47.921,9,,,
2026-05-24 13:15:00+00:00,86.3,86.32,86.13,86.13,86.13,2.796,10,,,
2026-05-24 13:30:00+00:00,86.08,86.13,86.05,86.12,86.12,3.724,6,,,
2026-05-24 13:45:00+00:00,86.16,86.16,85.67,85.67,85.67,5.056,10,,,
2026-05-24 14:00:00+00:00,85.79,85.92,85.1,85.1,85.1,19.616,16,,,
2026-05-24 14:15:00+00:00,85.07,85.2,84.46,84.96,84.96,1039.496,64,,,
2026-05-24 14:30:00+00:00,84.96,84.96,84.96,84.96,84.96,0.0,0,,,
2026-05-24 14:45:00+00:00,84.96,84.96,84.96,84.96,84.96,0.0,0,,,
2026-05-24 15:00:00+00:00,84.96,84.96,84.96,84.96,84.96,0.0,0,,,
2026-05-24 15:15:00+00:00,84.96,84.96,84.96,84.96,84.96,0.0,0,,,
2026-05-24 15:30:00+00:00,85.3,85.3,85.23,85.23,85.23,0.804,2,,,
2026-05-24 15:45:00+00:00,85.23,85.23,85.23,85.23,85.23,0.0,0,,,
2026-05-24 16:00:00+00:00,85.19,85.44,85.12,85.43,85.43,3.964,11,,,
2026-05-24 16:15:00+00:00,85.45,85.7,85.4,85.4,85.4,42.201,9,,,
2026-05-24 16:30:00+00:00,85.45,85.45,85.22,85.22,85.22,0.888,5,,,
2026-05-24 16:45:00+00:00,85.56,85.56,85.56,85.56,85.56,0.584,1,,,
2026-05-24 17:00:00+00:00,85.6,85.6,85.57,85.57,85.57,0.419,3,,,
2026-05-24 17:15:00+00:00,85.47,85.47,85.47,85.47,85.47,0.585,1,,,
2026-05-24 17:30:00+00:00,85.39,85.68,85.39,85.68,85.68,0.645,5,,,
2026-05-24 17:45:00+00:00,85.62,85.62,85.59,85.59,85.59,6.984,2,,,
2026-05-24 18:00:00+00:00,85.5,85.52,85.5,85.52,85.52,0.803,2,,,
2026-05-24 18:15:00+00:00,85.43,85.43,85.3,85.3,85.3,19.986,5,,,
2026-05-24 18:30:00+00:00,85.39,85.39,85.27,85.27,85.27,3.313,4,,,
2026-05-24 18:45:00+00:00,85.22,85.22,85.22,85.22,85.22,0.043,1,,,
2026-05-24 19:00:00+00:00,85.22,85.22,85.22,85.22,85.22,0.0,0,,,
2026-05-24 19:15:00+00:00,85.22,85.22,85.22,85.22,85.22,0.0,0,,,
2026-05-24 19:30:00+00:00,85.22,85.22,85.22,85.22,85.22,0.0,0,,,
2026-05-24 19:45:00+00:00,85.22,85.22,85.22,85.22,85.22,0.0,0,,,
2026-05-24 20:00:00+00:00,85.12,85.15,85.04,85.15,85.15,63.298,6,,,
2026-05-24 20:15:00+00:00,85.15,85.15,85.15,85.15,85.15,0.0,0,,,
2026-05-24 20:30:00+00:00,85.15,85.15,85.15,85.15,85.15,0.0,0,,,
2026-05-24 20:45:00+00:00,84.8,84.8,84.47,84.47,84.47,10.813,21,,,
2026-05-24 21:00:00+00:00,84.78,84.84,84.78,84.83,84.83,6.563,4,,,
2026-05-24 21:15:00+00:00,84.85,84.85,84.5,84.5,84.5,0.986,3,,,
2026-05-24 21:30:00+00:00,84.4,84.4,83.75,83.75,83.75,14.257,14,,,
2026-05-24 21:45:00+00:00,83.73,84.03,83.72,84.03,84.03,3.002,5,,,
2026-05-24 22:00:00+00:00,84.22,85.1,84.22,85.1,85.1,422.758,27,,,
2026-05-24 22:15:00+00:00,85.12,85.23,85.09,85.22,85.22,4.69,6,,,
2026-05-24 22:30:00+00:00,84.96,84.96,84.69,84.69,84.69,353.578,12,,,
2026-05-24 22:45:00+00:00,84.83,85.12,84.83,84.95,84.95,103.188,12,,,
2026-05-24 23:00:00+00:00,85.04,85.05,85.03,85.03,85.03,0.219,3,,,
2026-05-24 23:15:00+00:00,85.05,85.05,85.05,85.05,85.05,1.0,1,,,
2026-05-24 23:30:00+00:00,84.98,85.36,84.98,85.36,85.36,5.693,8,,,
2026-05-24 23:45:00+00:00,85.29,85.36,85.29,85.36,85.36,0.404,2,,,
2026-05-25 00:00:00+00:00,85.27,85.27,85.27,85.27,85.27,5.0,1,,,
2026-05-25 00:15:00+00:00,85.27,85.27,85.27,85.27,85.27,0.0,0,,,
2026-05-25 00:30:00+00:00,85.4,85.4,85.37,85.37,85.37,4.085,4,,,
2026-05-25 00:45:00+00:00,85.43,85.5,85.43,85.48,85.48,1.081,4,,,
2026-05-25 01:00:00+00:00,85.27,85.27,85.27,85.27,85.27,60.41,1,,,
2026-05-25 01:15:00+00:00,85.27,85.27,85.27,85.27,85.27,0.0,0,,,
2026-05-25 01:30:00+00:00,85.36,85.36,85.36,85.36,85.36,1.4,1,,,
2026-05-25 01:45:00+00:00,85.1,85.1,84.78,84.78,84.78,1.519,5,,,
2026-05-25 02:00:00+00:00,85.04,85.63,85.04,85.53,85.53,3.247,14,,,
2026-05-25 02:15:00+00:00,85.3,85.3,85.04,85.04,85.04,1.576,5,,,
2026-05-25 02:30:00+00:00,84.96,84.96,84.96,84.96,84.96,0.117,1,,,
2026-05-25 02:45:00+00:00,85.03,85.03,85.02,85.02,85.02,0.179,2,,,
2026-05-25 03:00:00+00:00,84.93,84.93,84.8,84.8,84.8,0.216,2,,,
2026-05-25 03:15:00+00:00,84.8,84.8,84.8,84.8,84.8,0.0,0,,,
2026-05-25 03:30:00+00:00,84.78,84.78,84.78,84.78,84.78,0.589,1,,,
2026-05-25 03:45:00+00:00,84.85,84.85,84.85,84.85,84.85,1.178,1,,,
2026-05-25 04:00:00+00:00,84.85,84.85,84.85,84.85,84.85,0.0,0,,,
2026-05-25 04:15:00+00:00,85.04,85.1,85.04,85.1,85.1,0.803,3,,,
2026-05-25 04:30:00+00:00,85.2,85.3,85.2,85.3,85.3,6.574,7,,,
2026-05-25 04:45:00+00:00,85.4,85.77,85.4,85.77,85.77,12.505,11,,,
2026-05-25 05:00:00+00:00,85.76,85.86,85.76,85.86,85.86,1.081,4,,,
2026-05-25 05:15:00+00:00,85.94,86.05,85.82,85.82,85.82,1.149,4,,,
2026-05-25 05:30:00+00:00,85.95,85.99,85.89,85.95,85.95,0.486,5,,,
2026-05-25 05:45:00+00:00,85.9,85.9,85.9,85.9,85.9,1.283,1,,,
2026-05-25 06:00:00+00:00,85.91,85.91,85.89,85.89,85.89,0.26,2,,,
2026-05-25 06:15:00+00:00,85.7,85.7,85.63,85.63,85.63,1.102,4,,,
2026-05-25 06:30:00+00:00,85.81,85.87,85.81,85.87,85.87,0.84,3,,,
2026-05-25 06:45:00+00:00,85.87,85.87,85.87,85.87,85.87,0.0,0,,,
2026-05-25 07:00:00+00:00,86.0,86.03,86.0,86.03,86.03,0.194,2,,,
2026-05-25 07:15:00+00:00,85.7,85.7,85.53,85.53,85.53,0.757,3,,,
2026-05-25 07:30:00+00:00,85.53,85.53,85.53,85.53,85.53,0.0,0,,,
2026-05-25 07:45:00+00:00,85.66,85.82,85.64,85.82,85.82,154.956,8,,,
2026-05-25 08:00:00+00:00,85.78,85.78,85.78,85.78,85.78,0.064,1,,,
2026-05-25 08:15:00+00:00,85.78,85.78,85.78,85.78,85.78,0.376,2,,,
2026-05-25 08:30:00+00:00,85.78,85.78,85.78,85.78,85.78,0.0,0,,,
2026-05-25 08:45:00+00:00,85.78,85.78,85.78,85.78,85.78,0.0,0,,,
2026-05-25 09:00:00+00:00,85.98,86.0,85.97,86.0,86.0,77.234,8,,,
2026-05-25 09:15:00+00:00,86.0,86.0,86.0,86.0,86.0,0.0,0,,,
2026-05-25 09:30:00+00:00,86.07,86.07,85.88,85.88,85.88,90.65,3,,,
2026-05-25 09:45:00+00:00,85.88,85.88,85.88,85.88,85.88,0.0,0,,,
2026-05-25 10:00:00+00:00,85.88,85.88,85.88,85.88,85.88,0.0,0,,,
2026-05-25 10:15:00+00:00,85.88,85.88,85.88,85.88,85.88,0.0,0,,,
2026-05-25 10:30:00+00:00,85.88,85.88,85.88,85.88,85.88,0.0,0,,,
2026-05-25 10:45:00+00:00,85.88,85.88,85.88,85.88,85.88,0.0,0,,,
2026-05-25 11:00:00+00:00,85.88,85.88,85.88,85.88,85.88,0.0,0,,,
2026-05-25 11:15:00+00:00,85.93,85.93,85.93,85.93,85.93,0.081,1,,,
2026-05-25 11:30:00+00:00,85.93,85.93,85.93,85.93,85.93,0.698,1,,,
2026-05-25 11:45:00+00:00,85.81,85.81,85.69,85.69,85.69,0.848,4,,,
2026-05-25 12:00:00+00:00,85.69,85.69,85.69,85.69,85.69,0.0,0,,,
2026-05-25 12:15:00+00:00,85.83,85.91,85.83,85.91,85.91,1.336,4,,,
2026-05-25 12:30:00+00:00,85.92,85.92,85.92,85.92,85.92,0.06,1,,,
2026-05-25 12:45:00+00:00,85.92,85.92,85.92,85.92,85.92,0.0,0,,,
2026-05-25 13:00:00+00:00,85.92,85.92,85.92,85.92,85.92,0.0,0,,,
2026-05-25 13:15:00+00:00,85.92,85.92,85.92,85.92,85.92,0.0,0,,,
2026-05-25 13:30:00+00:00,85.72,85.72,85.72,85.72,85.72,0.06,1,,,
2026-05-25 13:45:00+00:00,85.72,85.72,85.72,85.72,85.72,0.0,0,,,
2026-05-25 14:00:00+00:00,86.0,86.15,86.0,86.09,86.09,3.589,12,,,
2026-05-25 14:15:00+00:00,86.2,86.2,86.2,86.2,86.2,0.25,1,,,
2026-05-25 14:30:00+00:00,86.2,86.2,86.2,86.2,86.2,0.0,0,,,
2026-05-25 14:45:00+00:00,86.3,86.33,86.3,86.33,86.33,0.83,3,,,
2026-05-25 15:00:00+00:00,86.36,86.36,86.35,86.35,86.35,12.407,2,,,
2026-05-25 15:15:00+00:00,86.07,86.08,86.07,86.08,86.08,9.991,3,,,
2026-05-25 15:30:00+00:00,86.02,86.21,86.0,86.2,86.2,30.012,9,,,
2026-05-25 15:45:00+00:00,86.1,86.16,86.1,86.16,86.16,202.712,4,,,
2026-05-25 16:00:00+00:00,86.16,86.16,86.16,86.16,86.16,16.095,2,,,
2026-05-25 16:15:00+00:00,86.16,86.16,86.16,86.16,86.16,0.0,0,,,
2026-05-25 16:30:00+00:00,86.16,86.16,86.16,86.16,86.16,0.0,0,,,
2026-05-25 16:45:00+00:00,86.2,86.32,86.2,86.32,86.32,6.546,3,,,
2026-05-25 17:00:00+00:00,86.32,86.32,86.32,86.32,86.32,0.0,0,,,
2026-05-25 17:15:00+00:00,86.2,86.2,86.07,86.13,86.13,1.885,4,,,
2026-05-25 17:30:00+00:00,86.13,86.13,86.13,86.13,86.13,0.0,0,,,
2026-05-25 17:45:00+00:00,86.05,86.05,86.05,86.05,86.05,2.905,1,,,
2026-05-25 18:00:00+00:00,86.05,86.05,86.05,86.05,86.05,0.0,0,,,
2026-05-25 18:15:00+00:00,86.17,86.17,86.1,86.1,86.1,0.168,2,,,
2026-05-25 18:30:00+00:00,86.0,86.0,86.0,86.0,86.0,0.16,1,,,
2026-05-25 18:45:00+00:00,86.0,86.0,86.0,86.0,86.0,0.0,0,,,
2026-05-25 19:00:00+00:00,85.81,85.81,85.7,85.8,85.8,2.047,5,,,
2026-05-25 19:15:00+00:00,85.8,85.8,85.8,85.8,85.8,0.0,0,,,
2026-05-25 19:30:00+00:00,85.8,85.8,85.5,85.59,85.59,29.678,11,,,
2026-05-25 19:45:00+00:00,85.59,85.59,85.59,85.59,85.59,0.0,0,,,
2026-05-25 20:00:00+00:00,85.7,85.7,85.7,85.7,85.7,1.638,2,,,
2026-05-25 20:15:00+00:00,85.7,85.7,85.7,85.7,85.7,0.0,0,,,
2026-05-25 20:30:00+00:00,85.48,85.48,85.3,85.3,85.3,3.524,9,,,
2026-05-25 20:45:00+00:00,85.38,85.4,85.33,85.4,85.4,298.78,25,,,
2026-05-25 21:00:00+00:00,85.43,85.48,85.36,85.36,85.36,123.495,9,,,
2026-05-25 21:15:00+00:00,85.36,85.36,85.35,85.35,85.35,182.863,10,,,
2026-05-25 21:30:00+00:00,85.42,85.42,85.32,85.32,85.32,107.741,10,,,
2026-05-25 21:45:00+00:00,85.33,85.33,85.32,85.32,85.32,162.226,6,,,
2026-05-25 22:00:00+00:00,85.26,85.45,85.23,85.41,85.41,521.172,41,,,
2026-05-25 22:15:00+00:00,85.33,85.33,85.23,85.23,85.23,371.015,17,,,
2026-05-25 22:30:00+00:00,85.15,85.15,84.7,84.82,84.82,139.048,18,,,
2026-05-25 22:45:00+00:00,84.8,84.87,84.8,84.84,84.84,0.882,4,,,
2026-05-25 23:00:00+00:00,84.93,85.0,84.86,84.87,84.87,400.327,14,,,
2026-05-25 23:15:00+00:00,84.87,84.87,84.87,84.87,84.87,0.0,0,,,
2026-05-25 23:30:00+00:00,85.04,85.09,85.04,85.06,85.06,1.661,4,,,
2026-05-25 23:45:00+00:00,84.92,84.92,84.92,84.92,84.92,64.692,2,,,
2026-05-26 00:00:00+00:00,84.99,85.0,84.95,84.96,84.96,3.063,4,,,
2026-05-26 00:15:00+00:00,84.78,84.78,84.63,84.63,84.63,2.504,8,,,
2026-05-26 00:30:00+00:00,84.62,84.62,84.27,84.27,84.27,12.39,16,,,
2026-05-26 00:45:00+00:00,84.2,84.27,83.93,84.27,84.27,78.871,10,,,
2026-05-26 01:00:00+00:00,84.19,84.36,84.19,84.36,84.36,4.588,3,,,
2026-05-26 01:15:00+00:00,84.36,84.36,84.36,84.36,84.36,0.0,0,,,
2026-05-26 01:30:00+00:00,84.21,84.21,83.89,83.89,83.89,702.943,39,,,
2026-05-26 01:45:00+00:00,83.89,84.13,83.89,84.12,84.12,142.159,19,,,
2026-05-26 02:00:00+00:00,83.97,83.99,83.97,83.99,83.99,2.477,2,,,
2026-05-26 02:15:00+00:00,84.1,84.1,84.0,84.0,84.0,481.729,28,,,
2026-05-26 02:30:00+00:00,83.93,84.03,83.93,84.03,84.03,119.592,12,,,
2026-05-26 02:45:00+00:00,83.93,83.98,83.93,83.98,83.98,14.916,4,,,
2026-05-26 03:00:00+00:00,83.93,83.94,83.83,83.85,83.85,42.525,6,,,
2026-05-26 03:15:00+00:00,83.86,83.86,83.86,83.86,83.86,0.29,2,,,
2026-05-26 03:30:00+00:00,84.06,84.07,84.06,84.07,84.07,0.055,2,,,
2026-05-26 03:45:00+00:00,84.12,84.17,84.12,84.17,84.17,6.395,3,,,
2026-05-26 04:00:00+00:00,84.2,84.2,84.17,84.17,84.17,0.72,2,,,
2026-05-26 04:15:00+00:00,84.24,84.27,84.24,84.27,84.27,0.944,3,,,
2026-05-26 04:30:00+00:00,84.27,84.27,84.27,84.27,84.27,0.0,0,,,
2026-05-26 04:45:00+00:00,84.34,84.34,84.27,84.27,84.27,70.897,2,,,
2026-05-26 05:00:00+00:00,84.24,84.37,84.24,84.37,84.37,38.245,5,,,
2026-05-26 05:15:00+00:00,84.5,84.56,84.5,84.56,84.56,5.303,6,,,
2026-05-26 05:30:00+00:00,84.63,84.8,84.63,84.77,84.77,5.132,7,,,
2026-05-26 05:45:00+00:00,84.52,84.52,84.5,84.5,84.5,0.751,3,,,
2026-05-26 06:00:00+00:00,84.5,84.5,84.49,84.49,84.49,0.103,2,,,
2026-05-26 06:15:00+00:00,84.51,84.51,84.48,84.48,84.48,0.22,2,,,
2026-05-26 06:30:00+00:00,84.47,84.47,84.47,84.47,84.47,1.183,1,,,
2026-05-26 06:45:00+00:00,84.47,84.47,84.47,84.47,84.47,0.0,0,,,
2026-05-26 07:00:00+00:00,84.44,84.44,84.2,84.2,84.2,1.22,4,,,
2026-05-26 07:15:00+00:00,84.14,84.26,84.14,84.26,84.26,1.221,2,,,
2026-05-26 07:30:00+00:00,84.26,84.26,84.26,84.26,84.26,0.0,0,,,
2026-05-26 07:45:00+00:00,84.26,84.26,84.26,84.26,84.26,0.0,0,,,
2026-05-26 08:00:00+00:00,84.26,84.26,84.26,84.26,84.26,0.0,0,,,
2026-05-26 08:15:00+00:00,84.4,84.4,84.4,84.4,84.4,0.082,1,,,
2026-05-26 08:30:00+00:00,84.43,84.44,84.43,84.44,84.44,7.67,2,,,
2026-05-26 08:45:00+00:00,84.44,84.44,84.44,84.44,84.44,0.0,0,,,
2026-05-26 09:00:00+00:00,84.44,84.44,84.44,84.44,84.44,0.0,0,,,
2026-05-26 09:15:00+00:00,84.5,84.52,84.5,84.52,84.52,0.751,2,,,
2026-05-26 09:30:00+00:00,84.56,84.56,84.56,84.56,84.56,5.656,3,,,
2026-05-26 09:45:00+00:00,84.27,84.27,84.27,84.27,84.27,0.593,1,,,
2026-05-26 10:00:00+00:00,84.52,84.53,84.52,84.53,84.53,0.968,2,,,
2026-05-26 10:15:00+00:00,84.62,85.45,84.62,85.45,85.45,84.479,28,,,
2026-05-26 10:30:00+00:00,85.45,85.61,85.45,85.56,85.56,123.089,22,,,
2026-05-26 10:45:00+00:00,85.51,85.51,85.51,85.51,85.51,0.211,1,,,
2026-05-26 11:00:00+00:00,85.51,85.51,85.51,85.51,85.51,0.0,0,,,
2026-05-26 11:15:00+00:00,85.38,85.38,85.25,85.25,85.25,0.956,3,,,
2026-05-26 11:30:00+00:00,85.38,85.38,85.38,85.38,85.38,0.149,1,,,
2026-05-26 11:45:00+00:00,85.32,85.32,85.32,85.32,85.32,0.702,1,,,
2026-05-26 12:00:00+00:00,85.1,85.1,84.78,84.79,84.79,19.796,8,,,
2026-05-26 12:15:00+00:00,85.04,85.04,85.0,85.0,85.0,0.811,2,,,
2026-05-26 12:30:00+00:00,84.93,84.93,84.93,84.93,84.93,0.094,1,,,
2026-05-26 12:45:00+00:00,85.1,85.25,85.1,85.25,85.25,13.278,5,,,
2026-05-26 13:00:00+00:00,85.2,85.2,85.2,85.2,85.2,40.0,4,,,
2026-05-26 13:15:00+00:00,84.99,84.99,84.91,84.91,84.91,15.787,4,,,
2026-05-26 13:30:00+00:00,84.85,85.1,84.78,85.1,85.1,8.625,7,,,
2026-05-26 13:45:00+00:00,85.1,85.56,85.1,85.46,85.46,23.278,13,,,
2026-05-26 14:00:00+00:00,85.46,85.46,85.46,85.46,85.46,0.0,0,,,
2026-05-26 14:15:00+00:00,85.66,86.0,85.66,85.91,85.91,750.099,62,,,
2026-05-26 14:30:00+00:00,85.97,85.97,84.73,84.9,84.9,5866.425,738,,,
2026-05-26 14:45:00+00:00,85.04,85.4,85.04,85.4,85.4,2.911,7,,,
2026-05-26 15:00:00+00:00,85.1,85.1,84.96,84.96,84.96,0.796,4,,,
2026-05-26 15:15:00+00:00,84.88,84.88,84.56,84.62,84.62,218.522,37,,,
2026-05-26 15:30:00+00:00,84.52,84.52,84.36,84.42,84.42,93.916,10,,,
2026-05-26 15:45:00+00:00,84.59,84.59,83.98,84.29,84.29,34.52,19,,,
2026-05-26 16:00:00+00:00,84.22,84.23,83.9,83.9,83.9,4.023,4,,,
2026-05-26 16:15:00+00:00,84.27,84.27,84.24,84.24,84.24,0.916,3,,,
2026-05-26 16:30:00+00:00,84.31,84.36,84.23,84.23,84.23,13.068,4,,,
2026-05-26 16:45:00+00:00,84.12,84.12,83.9,83.9,83.9,5.545,11,,,
2026-05-26 17:00:00+00:00,84.27,84.28,84.27,84.28,84.28,0.931,2,,,
2026-05-26 17:15:00+00:00,84.01,84.01,83.39,83.39,83.39,29.614,23,,,
2026-05-26 17:30:00+00:00,83.25,83.49,83.18,83.46,83.46,2.197,6,,,
2026-05-26 17:45:00+00:00,83.58,83.64,83.58,83.64,83.64,62.536,6,,,
2026-05-26 18:00:00+00:00,83.5,83.66,83.5,83.65,83.65,72.325,7,,,
2026-05-26 18:15:00+00:00,83.63,83.91,83.63,83.91,83.91,122.779,18,,,
2026-05-26 18:30:00+00:00,83.8,83.8,83.43,83.43,83.43,4.425,5,,,
2026-05-26 18:45:00+00:00,83.59,83.63,83.59,83.63,83.63,0.368,3,,,
2026-05-26 19:00:00+00:00,83.38,83.38,83.35,83.35,83.35,2.2,5,,,
2026-05-26 19:15:00+00:00,83.38,83.46,83.38,83.45,83.45,0.594,4,,,
2026-05-26 19:30:00+00:00,83.59,83.81,83.59,83.81,83.81,0.754,5,,,
2026-05-26 19:45:00+00:00,83.74,83.74,83.58,83.63,83.63,52.297,9,,,
2026-05-26 20:00:00+00:00,83.67,83.81,83.65,83.8,83.8,13.305,11,,,
2026-05-26 20:15:00+00:00,83.8,83.8,83.68,83.68,83.68,2.909,7,,,
2026-05-26 20:30:00+00:00,83.64,83.64,83.64,83.64,83.64,0.05,1,,,
2026-05-26 20:45:00+00:00,83.8,83.8,83.77,83.77,83.77,0.651,2,,,
2026-05-26 21:00:00+00:00,83.67,83.67,83.49,83.49,83.49,78.221,8,,,
2026-05-26 21:15:00+00:00,83.75,83.75,83.73,83.73,83.73,86.076,12,,,
2026-05-26 21:30:00+00:00,83.83,83.83,83.75,83.75,83.75,13.821,5,,,
2026-05-26 21:45:00+00:00,83.79,83.79,83.52,83.52,83.52,0.263,3,,,
2026-05-26 22:00:00+00:00,83.64,83.64,83.47,83.47,83.47,1.648,4,,,
2026-05-26 22:15:00+00:00,83.56,83.56,83.56,83.56,83.56,0.149,1,,,
2026-05-26 22:30:00+00:00,83.63,83.63,83.63,83.63,83.63,0.598,1,,,
2026-05-26 22:45:00+00:00,83.49,83.49,83.49,83.49,83.49,0.298,2,,,
2026-05-26 23:00:00+00:00,83.73,83.73,83.73,83.73,83.73,1.0,1,,,
2026-05-26 23:15:00+00:00,83.63,83.63,83.63,83.63,83.63,5.971,1,,,
2026-05-26 23:30:00+00:00,83.63,83.63,83.63,83.63,83.63,0.0,0,,,
2026-05-26 23:45:00+00:00,83.63,83.63,83.63,83.63,83.63,3.586,1,,,
2026-05-27 00:00:00+00:00,83.67,83.8,83.67,83.77,83.77,4.113,5,,,
2026-05-27 00:15:00+00:00,83.84,83.85,83.84,83.85,83.85,0.35,2,,,
2026-05-27 00:30:00+00:00,83.91,84.05,83.91,84.02,84.02,26.184,7,,,
2026-05-27 00:45:00+00:00,84.0,84.03,83.99,84.01,84.01,84.25,6,,,
2026-05-27 01:00:00+00:00,84.02,84.05,83.99,83.99,83.99,77.799,3,,,
2026-05-27 01:15:00+00:00,83.85,83.85,83.72,83.72,83.72,4.643,8,,,
2026-05-27 01:30:00+00:00,83.74,83.92,83.71,83.92,83.92,13.636,5,,,
2026-05-27 01:45:00+00:00,83.74,83.74,83.74,83.74,83.74,0.985,1,,,
2026-05-27 02:00:00+00:00,83.72,83.72,83.68,83.68,83.68,4.831,5,,,
2026-05-27 02:15:00+00:00,83.72,83.72,83.52,83.52,83.52,14.073,5,,,
2026-05-27 02:30:00+00:00,83.52,83.52,83.52,83.52,83.52,0.0,0,,,
2026-05-27 02:45:00+00:00,83.77,83.77,83.77,83.77,83.77,0.2,1,,,
2026-05-27 03:00:00+00:00,83.84,83.94,83.84,83.94,83.94,8.182,8,,,
2026-05-27 03:15:00+00:00,83.94,83.94,83.94,83.94,83.94,0.0,0,,,
2026-05-27 03:30:00+00:00,83.94,83.94,83.94,83.94,83.94,0.0,0,,,
2026-05-27 03:45:00+00:00,83.57,83.57,83.46,83.54,83.54,1.794,8,,,
2026-05-27 04:00:00+00:00,83.54,83.54,83.54,83.54,83.54,0.0,0,,,
2026-05-27 04:15:00+00:00,83.37,83.37,83.25,83.25,83.25,2.577,3,,,
2026-05-27 04:30:00+00:00,83.24,83.24,82.86,83.12,83.12,68.0,14,,,
2026-05-27 04:45:00+00:00,83.23,83.49,83.22,83.48,83.48,14.947,6,,,
2026-05-27 05:00:00+00:00,83.48,83.48,83.48,83.48,83.48,0.0,0,,,
2026-05-27 05:15:00+00:00,83.59,83.63,83.59,83.63,83.63,0.316,2,,,
2026-05-27 05:30:00+00:00,83.63,83.63,83.63,83.63,83.63,0.213,1,,,
2026-05-27 05:45:00+00:00,83.75,83.75,83.75,83.75,83.75,0.597,1,,,
2026-05-27 06:00:00+00:00,83.84,83.84,83.84,83.84,83.84,1.073,1,,,
2026-05-27 06:15:00+00:00,83.84,83.84,83.84,83.84,83.84,0.0,0,,,
2026-05-27 06:30:00+00:00,83.87,83.87,83.81,83.81,83.81,0.295,2,,,
2026-05-27 06:45:00+00:00,83.81,83.81,83.81,83.81,83.81,0.0,0,,,
2026-05-27 07:00:00+00:00,83.97,83.97,83.91,83.91,83.91,0.066,2,,,
2026-05-27 07:15:00+00:00,83.91,83.91,83.91,83.91,83.91,0.0,0,,,
2026-05-27 07:30:00+00:00,84.01,84.01,84.01,84.01,84.01,0.595,1,,,
2026-05-27 07:45:00+00:00,84.06,84.09,84.06,84.09,84.09,13.208,2,,,
2026-05-27 08:00:00+00:00,84.12,84.17,84.03,84.03,84.03,3.543,5,,,
2026-05-27 08:15:00+00:00,84.03,84.27,84.03,84.27,84.27,14.881,6,,,
2026-05-27 08:30:00+00:00,84.27,84.27,84.27,84.27,84.27,0.0,0,,,
2026-05-27 08:45:00+00:00,84.01,84.01,83.84,83.84,83.84,1.045,4,,,
2026-05-27 09:00:00+00:00,83.78,83.78,83.61,83.67,83.67,17.683,8,,,
2026-05-27 09:15:00+00:00,83.59,83.59,83.56,83.56,83.56,1.95,2,,,
2026-05-27 09:30:00+00:00,83.56,83.56,83.56,83.56,83.56,0.0,0,,,
2026-05-27 09:45:00+00:00,83.56,83.56,83.56,83.56,83.56,0.0,0,,,
2026-05-27 10:00:00+00:00,83.56,83.56,83.56,83.56,83.56,0.0,0,,,
2026-05-27 10:15:00+00:00,83.86,83.87,83.84,83.87,83.87,1.126,4,,,
2026-05-27 10:30:00+00:00,83.84,83.84,83.84,83.84,83.84,0.338,1,,,
2026-05-27 10:45:00+00:00,83.84,83.84,83.84,83.84,83.84,0.0,0,,,
2026-05-27 11:00:00+00:00,83.92,84.01,83.92,83.98,83.98,1.849,3,,,
2026-05-27 11:15:00+00:00,83.98,83.98,83.98,83.98,83.98,0.0,0,,,
2026-05-27 11:30:00+00:00,83.98,83.98,83.98,83.98,83.98,0.0,0,,,
2026-05-27 11:45:00+00:00,83.98,83.98,83.98,83.98,83.98,0.0,0,,,
2026-05-27 12:00:00+00:00,83.75,83.75,83.5,83.5,83.5,2.752,7,,,
2026-05-27 12:15:00+00:00,83.79,84.52,83.79,84.19,84.19,19.279,25,,,
2026-05-27 12:30:00+00:00,84.13,84.3,84.1,84.22,84.22,2.951,11,,,
2026-05-27 12:45:00+00:00,84.01,84.01,83.84,83.86,83.86,1.462,6,,,
2026-05-27 13:00:00+00:00,83.88,83.88,83.54,83.54,83.54,6.458,11,,,
2026-05-27 13:15:00+00:00,83.68,83.68,83.49,83.49,83.49,2.258,5,,,
2026-05-27 13:30:00+00:00,83.46,83.46,82.9,82.9,82.9,28.259,32,,,
2026-05-27 13:45:00+00:00,83.14,83.49,83.11,83.49,83.49,14.163,12,,,
2026-05-27 14:00:00+00:00,83.59,83.89,83.59,83.7,83.7,11.913,11,,,
2026-05-27 14:15:00+00:00,83.7,83.71,83.17,83.17,83.17,14.458,11,,,
2026-05-27 14:30:00+00:00,83.49,83.55,83.3,83.54,83.54,1.82,8,,,
2026-05-27 14:45:00+00:00,83.75,83.8,83.75,83.8,83.8,1.166,3,,,
2026-05-27 15:00:00+00:00,83.84,84.17,83.83,84.17,84.17,1.974,9,,,
2026-05-27 15:15:00+00:00,84.27,84.5,84.27,84.3,84.3,93.545,11,,,
2026-05-27 15:30:00+00:00,84.4,84.63,84.27,84.27,84.27,561.915,20,,,
2026-05-27 15:45:00+00:00,84.28,84.28,84.28,84.28,84.28,67.973,2,,,
2026-05-27 16:00:00+00:00,84.52,84.6,84.28,84.5,84.5,2.482,6,,,
2026-05-27 16:15:00+00:00,84.27,84.27,83.98,84.06,84.06,11.053,10,,,
2026-05-27 16:30:00+00:00,83.86,83.86,83.86,83.86,83.86,1.18,1,,,
2026-05-27 16:45:00+00:00,83.86,83.86,83.86,83.86,83.86,0.0,0,,,
2026-05-27 17:00:00+00:00,83.75,83.75,83.34,83.34,83.34,17.019,11,,,
2026-05-27 17:15:00+00:00,83.24,83.49,83.12,83.44,83.44,16.572,8,,,
2026-05-27 17:30:00+00:00,83.56,83.56,83.25,83.25,83.25,37.633,10,,,
2026-05-27 17:45:00+00:00,83.32,83.35,83.2,83.2,83.2,2.699,5,,,
2026-05-27 18:00:00+00:00,83.24,83.25,83.1,83.1,83.1,2.292,6,,,
2026-05-27 18:15:00+00:00,83.1,83.1,83.1,83.1,83.1,0.0,0,,,
2026-05-27 18:30:00+00:00,83.32,83.59,83.31,83.59,83.59,14.172,7,,,
2026-05-27 18:45:00+00:00,83.61,83.75,83.61,83.75,83.75,0.752,2,,,
2026-05-27 19:00:00+00:00,83.88,83.93,83.87,83.93,83.93,2.123,3,,,
2026-05-27 19:15:00+00:00,83.93,83.93,83.93,83.93,83.93,0.0,0,,,
2026-05-27 19:30:00+00:00,83.93,83.93,83.93,83.93,83.93,0.0,0,,,
2026-05-27 19:45:00+00:00,83.8,83.8,83.77,83.77,83.77,4.799,2,,,
2026-05-27 20:00:00+00:00,83.88,83.88,83.88,83.88,83.88,0.033,1,,,
2026-05-27 20:15:00+00:00,83.94,83.94,83.75,83.75,83.75,6.219,4,,,
2026-05-27 20:30:00+00:00,83.71,83.71,83.71,83.71,83.71,0.164,1,,,
2026-05-27 20:45:00+00:00,83.71,83.71,83.71,83.71,83.71,0.0,0,,,
2026-05-27 21:00:00+00:00,83.58,83.58,83.54,83.54,83.54,1.506,3,,,
2026-05-27 21:15:00+00:00,83.49,83.49,83.49,83.49,83.49,0.598,1,,,
2026-05-27 21:30:00+00:00,83.27,83.27,82.34,82.57,82.57,180.3,51,,,
2026-05-27 21:45:00+00:00,82.6,82.6,82.04,82.15,82.15,401.572,30,,,
2026-05-27 22:00:00+00:00,82.43,82.77,82.43,82.43,82.43,63.723,12,,,
2026-05-27 22:15:00+00:00,82.24,82.6,82.21,82.6,82.6,1.577,8,,,
2026-05-27 22:30:00+00:00,82.55,82.67,82.55,82.67,82.67,1.994,3,,,
2026-05-27 22:45:00+00:00,82.67,82.67,82.67,82.67,82.67,0.0,0,,,
2026-05-27 23:00:00+00:00,82.36,82.43,82.36,82.43,82.43,0.298,2,,,
2026-05-27 23:15:00+00:00,82.5,82.5,82.13,82.13,82.13,9.378,10,,,
2026-05-27 23:30:00+00:00,82.29,82.29,82.12,82.12,82.12,9.498,7,,,
2026-05-27 23:45:00+00:00,82.19,82.37,82.19,82.29,82.29,1.65,9,,,
2026-05-28 00:00:00+00:00,82.4,82.4,82.28,82.28,82.28,9.466,7,,,
2026-05-28 00:15:00+00:00,82.49,82.49,82.29,82.29,82.29,0.975,3,,,
2026-05-28 00:30:00+00:00,82.45,82.52,82.43,82.52,82.52,6.903,8,,,
2026-05-28 00:45:00+00:00,82.54,82.59,82.53,82.59,82.59,25.283,6,,,
2026-05-28 01:00:00+00:00,82.59,82.59,82.59,82.59,82.59,0.0,0,,,
2026-05-28 01:15:00+00:00,82.31,82.49,81.86,81.86,81.86,57.366,26,,,
2026-05-28 01:30:00+00:00,82.12,82.24,82.11,82.24,82.24,63.344,5,,,
2026-05-28 01:45:00+00:00,82.24,82.24,82.24,82.24,82.24,0.0,0,,,
2026-05-28 02:00:00+00:00,82.17,82.23,82.13,82.19,82.19,13.303,5,,,
2026-05-28 02:15:00+00:00,82.28,82.31,81.99,82.06,82.06,3.914,7,,,
2026-05-28 02:30:00+00:00,82.02,82.02,81.92,81.99,81.99,1.914,4,,,
2026-05-28 02:45:00+00:00,82.02,82.02,81.99,82.02,82.02,27.432,4,,,
2026-05-28 03:00:00+00:00,81.91,81.99,81.75,81.75,81.75,9.57,11,,,
2026-05-28 03:15:00+00:00,81.84,81.84,80.67,81.28,81.28,140.98,60,,,
2026-05-28 03:30:00+00:00,81.26,81.26,80.92,80.96,80.96,176.55,10,,,
2026-05-28 03:45:00+00:00,80.99,80.99,80.51,80.54,80.54,4.708,7,,,
2026-05-28 04:00:00+00:00,80.6,80.76,79.95,80.45,80.45,68.378,32,,,
2026-05-28 04:15:00+00:00,80.45,80.45,80.1,80.1,80.1,14.457,6,,,
2026-05-28 04:30:00+00:00,80.24,80.73,80.24,80.73,80.73,40.325,7,,,
2026-05-28 04:45:00+00:00,80.77,80.77,80.77,80.77,80.77,0.619,1,,,
2026-05-28 05:00:00+00:00,80.77,80.77,80.67,80.67,80.67,2.246,5,,,
2026-05-28 05:15:00+00:00,80.53,80.53,80.39,80.44,80.44,2.441,6,,,
2026-05-28 05:30:00+00:00,80.5,80.77,80.5,80.77,80.77,1.199,4,,,
2026-05-28 05:45:00+00:00,80.66,80.66,80.56,80.56,80.56,3.561,4,,,
2026-05-28 06:00:00+00:00,80.6,80.6,80.6,80.6,80.6,1.784,1,,,
2026-05-28 06:15:00+00:00,80.6,80.63,80.6,80.63,80.63,1.116,2,,,
2026-05-28 06:30:00+00:00,80.53,80.53,80.53,80.53,80.53,0.62,1,,,
2026-05-28 06:45:00+00:00,80.63,80.98,80.63,80.81,80.81,58.3,15,,,
2026-05-28 07:00:00+00:00,80.8,80.85,80.78,80.81,80.81,0.429,5,,,
2026-05-28 07:15:00+00:00,80.91,81.02,80.88,80.97,80.97,3.034,16,,,
2026-05-28 07:30:00+00:00,80.94,81.12,80.94,81.08,81.08,2.674,14,,,
2026-05-28 07:45:00+00:00,81.05,81.07,80.95,81.07,81.07,1.688,6,,,
2026-05-28 08:00:00+00:00,81.12,81.12,80.92,81.05,81.05,1.349,6,,,
2026-05-28 08:15:00+00:00,80.85,80.85,80.77,80.77,80.77,6.902,4,,,
2026-05-28 08:30:00+00:00,80.78,80.92,80.75,80.92,80.92,14.505,3,,,
2026-05-28 08:45:00+00:00,80.92,80.92,80.92,80.92,80.92,0.0,0,,,
2026-05-28 09:00:00+00:00,80.85,80.85,80.72,80.72,80.72,1.984,4,,,
2026-05-28 09:15:00+00:00,80.89,81.02,80.89,81.02,81.02,0.871,3,,,
2026-05-28 09:30:00+00:00,81.03,81.08,81.03,81.08,81.08,10.685,4,,,
2026-05-28 09:45:00+00:00,81.09,81.16,81.09,81.14,81.14,0.457,5,,,
2026-05-28 10:00:00+00:00,81.09,81.12,81.06,81.08,81.08,1.555,6,,,
2026-05-28 10:15:00+00:00,81.0,81.0,80.81,80.81,80.81,2.02,6,,,
2026-05-28 10:30:00+00:00,80.81,80.81,80.81,80.81,80.81,0.0,0,,,
2026-05-28 10:45:00+00:00,80.77,80.78,80.61,80.61,80.61,4.303,10,,,
2026-05-28 11:00:00+00:00,80.61,80.61,80.57,80.57,80.57,0.084,2,,,
2026-05-28 11:15:00+00:00,80.57,80.57,80.57,80.57,80.57,0.016,1,,,
2026-05-28 11:30:00+00:00,80.55,80.63,80.55,80.63,80.63,1.153,2,,,
2026-05-28 11:45:00+00:00,80.71,80.77,80.71,80.75,80.75,2.583,4,,,
2026-05-28 12:00:00+00:00,80.82,80.82,80.75,80.76,80.76,0.648,5,,,
2026-05-28 12:15:00+00:00,80.53,80.63,80.53,80.63,80.63,0.859,3,,,
2026-05-28 12:30:00+00:00,80.62,81.02,80.62,81.02,81.02,4.751,11,,,
2026-05-28 12:45:00+00:00,81.09,81.09,81.09,81.09,81.09,1.893,1,,,
2026-05-28 13:00:00+00:00,81.13,81.13,80.8,80.8,80.8,0.138,4,,,
2026-05-28 13:15:00+00:00,80.77,80.9,80.69,80.85,80.85,1.495,9,,,
2026-05-28 13:30:00+00:00,80.88,80.88,80.5,80.5,80.5,25.589,8,,,
2026-05-28 13:45:00+00:00,80.51,80.77,80.42,80.68,80.68,4.014,9,,,
2026-05-28 14:00:00+00:00,80.66,81.02,79.96,81.0,81.0,62.17,51,,,
2026-05-28 14:15:00+00:00,81.03,81.3,80.87,80.87,80.87,4.152,20,,,
2026-05-28 14:30:00+00:00,81.07,81.09,80.69,80.69,80.69,7.555,11,,,
2026-05-28 14:45:00+00:00,80.8,81.1,80.65,81.1,81.1,2.511,9,,,
2026-05-28 15:00:00+00:00,81.02,81.13,80.74,80.74,80.74,41.17,13,,,
2026-05-28 15:15:00+00:00,80.71,80.87,80.49,80.87,80.87,6.236,16,,,
2026-05-28 15:30:00+00:00,80.85,81.11,80.72,81.11,81.11,28.885,13,,,
2026-05-28 15:45:00+00:00,81.19,81.21,81.02,81.03,81.03,55.005,6,,,
2026-05-28 16:00:00+00:00,80.95,81.34,80.82,81.34,81.34,129.273,26,,,
2026-05-28 16:15:00+00:00,81.42,81.58,81.42,81.53,81.53,2.363,6,,,
2026-05-28 16:30:00+00:00,81.56,81.75,81.56,81.75,81.75,173.499,11,,,
2026-05-28 16:45:00+00:00,81.8,82.01,81.8,82.01,82.01,46.772,5,,,
2026-05-28 17:00:00+00:00,81.81,81.81,81.81,81.81,81.81,0.058,1,,,
2026-05-28 17:15:00+00:00,82.14,82.14,82.13,82.13,82.13,3.294,4,,,
2026-05-28 17:30:00+00:00,82.24,82.37,82.24,82.37,82.37,0.762,3,,,
2026-05-28 17:45:00+00:00,82.45,82.49,82.24,82.24,82.24,1.246,3,,,
2026-05-28 18:00:00+00:00,82.49,82.72,82.49,82.7,82.7,99.269,8,,,
2026-05-28 18:15:00+00:00,82.7,82.83,82.49,82.55,82.55,3.566,8,,,
2026-05-28 18:30:00+00:00,82.62,82.62,82.62,82.62,82.62,0.155,1,,,
2026-05-28 18:45:00+00:00,82.74,82.78,82.74,82.78,82.78,0.824,2,,,
2026-05-28 19:00:00+00:00,82.77,82.77,82.49,82.49,82.49,93.936,2,,,
2026-05-28 19:15:00+00:00,82.48,82.49,82.48,82.49,82.49,1.346,2,,,
2026-05-28 19:30:00+00:00,82.49,82.49,82.49,82.49,82.49,0.0,0,,,
2026-05-28 19:45:00+00:00,82.24,82.24,82.2,82.2,82.2,179.505,7,,,
2026-05-28 20:00:00+00:00,82.06,82.06,81.75,81.99,81.99,2.419,8,,,
2026-05-28 20:15:00+00:00,82.24,82.24,82.24,82.24,82.24,0.607,1,,,
2026-05-28 20:30:00+00:00,82.39,82.49,82.39,82.49,82.49,0.886,2,,,
2026-05-28 20:45:00+00:00,82.39,82.43,82.24,82.24,82.24,0.837,3,,,
2026-05-28 21:00:00+00:00,82.34,82.49,82.34,82.49,82.49,2.676,4,,,
2026-05-28 21:15:00+00:00,82.49,82.49,82.49,82.49,82.49,0.0,0,,,
2026-05-28 21:30:00+00:00,82.42,82.42,82.42,82.42,82.42,0.025,1,,,
2026-05-28 21:45:00+00:00,82.36,82.36,82.36,82.36,82.36,0.08,1,,,
2026-05-28 22:00:00+00:00,82.5,82.51,82.25,82.25,82.25,0.649,5,,,
2026-05-28 22:15:00+00:00,82.24,82.24,82.1,82.17,82.17,28.32,7,,,
2026-05-28 22:30:00+00:00,81.99,81.99,81.88,81.88,81.88,1.039,4,,,
2026-05-28 22:45:00+00:00,81.88,81.88,81.88,81.88,81.88,0.0,0,,,
2026-05-28 23:00:00+00:00,81.88,81.88,81.88,81.88,81.88,0.0,0,,,
2026-05-28 23:15:00+00:00,81.88,81.88,81.88,81.88,81.88,0.0,0,,,
2026-05-28 23:30:00+00:00,82.01,82.01,82.01,82.01,82.01,13.276,1,,,
2026-05-28 23:45:00+00:00,81.93,81.94,81.93,81.94,81.94,1.47,2,,,
2026-05-29 00:00:00+00:00,82.24,82.25,82.24,82.25,82.25,0.957,2,,,
2026-05-29 00:15:00+00:00,82.25,82.25,82.25,82.25,82.25,0.0,0,,,
2026-05-29 00:30:00+00:00,82.25,82.25,82.25,82.25,82.25,0.0,0,,,
2026-05-29 00:45:00+00:00,82.24,82.24,82.22,82.22,82.22,0.573,2,,,
2026-05-29 01:00:00+00:00,82.25,82.25,82.25,82.25,82.25,0.501,1,,,
2026-05-29 01:15:00+00:00,82.01,82.01,82.01,82.01,82.01,1.164,1,,,
2026-05-29 01:30:00+00:00,82.01,82.01,82.01,82.01,82.01,0.0,0,,,
2026-05-29 01:45:00+00:00,82.01,82.01,82.01,82.01,82.01,0.0,0,,,
2026-05-29 02:00:00+00:00,82.14,82.14,82.11,82.11,82.11,1.441,2,,,
2026-05-29 02:15:00+00:00,81.99,81.99,81.8,81.8,81.8,4.241,7,,,
2026-05-29 02:30:00+00:00,81.75,81.75,81.62,81.62,81.62,8.88,5,,,
2026-05-29 02:45:00+00:00,81.58,81.58,81.45,81.45,81.45,2.616,6,,,
2026-05-29 03:00:00+00:00,81.6,81.75,81.6,81.75,81.75,17.367,3,,,
2026-05-29 03:15:00+00:00,81.7,81.7,81.59,81.59,81.59,1.675,2,,,
2026-05-29 03:30:00+00:00,81.52,81.52,81.52,81.52,81.52,0.068,2,,,
2026-05-29 03:45:00+00:00,81.5,81.55,81.47,81.55,81.55,2.288,5,,,
2026-05-29 04:00:00+00:00,81.34,81.34,81.31,81.31,81.31,100.368,6,,,
2026-05-29 04:15:00+00:00,81.31,81.31,81.31,81.31,81.31,0.0,0,,,
2026-05-29 04:30:00+00:00,81.64,81.64,81.64,81.64,81.64,1.215,1,,,
2026-05-29 04:45:00+00:00,81.66,81.75,81.66,81.75,81.75,1.861,6,,,
2026-05-29 05:00:00+00:00,81.88,81.99,81.88,81.99,81.99,1.407,3,,,
2026-05-29 05:15:00+00:00,81.99,81.99,81.99,81.99,81.99,0.0,0,,,
2026-05-29 05:30:00+00:00,81.75,81.75,81.75,81.75,81.75,0.611,1,,,
2026-05-29 05:45:00+00:00,81.97,81.97,81.97,81.97,81.97,0.162,2,,,
2026-05-29 06:00:00+00:00,81.99,81.99,81.99,81.99,81.99,0.609,1,,,
2026-05-29 06:15:00+00:00,82.12,82.31,82.12,82.31,82.31,1.86,6,,,
2026-05-29 06:30:00+00:00,81.99,81.99,81.99,81.99,81.99,0.609,1,,,
2026-05-29 06:45:00+00:00,82.24,82.27,82.24,82.27,82.27,0.797,3,,,
2026-05-29 07:00:00+00:00,82.27,82.27,82.27,82.27,82.27,0.0,0,,,
2026-05-29 07:15:00+00:00,82.27,82.27,82.27,82.27,82.27,0.0,0,,,
2026-05-29 07:30:00+00:00,81.99,81.99,81.88,81.88,81.88,1.323,3,,,
2026-05-29 07:45:00+00:00,82.04,82.04,82.04,82.04,82.04,0.364,1,,,
2026-05-29 08:00:00+00:00,82.24,82.32,82.24,82.27,82.27,3.728,5,,,
2026-05-29 08:15:00+00:00,82.27,82.27,82.27,82.27,82.27,0.0,0,,,
2026-05-29 08:30:00+00:00,82.27,82.27,82.27,82.27,82.27,0.0,0,,,
2026-05-29 08:45:00+00:00,82.27,82.27,82.27,82.27,82.27,0.0,0,,,
2026-05-29 09:00:00+00:00,82.27,82.27,82.27,82.27,82.27,0.097,1,,,
2026-05-29 09:15:00+00:00,82.41,82.44,82.41,82.44,82.44,0.19,2,,,
2026-05-29 09:30:00+00:00,82.44,82.44,82.44,82.44,82.44,0.0,0,,,
2026-05-29 09:45:00+00:00,82.44,82.44,82.44,82.44,82.44,0.0,0,,,
2026-05-29 10:00:00+00:00,82.2,82.2,82.2,82.2,82.2,1.009,1,,,
2026-05-29 10:15:00+00:00,82.21,82.21,82.2,82.2,82.2,0.234,2,,,
2026-05-29 10:30:00+00:00,82.03,82.15,82.03,82.12,82.12,123.077,9,,,
2026-05-29 10:45:00+00:00,82.12,82.12,82.12,82.12,82.12,0.0,0,,,
2026-05-29 11:00:00+00:00,82.09,82.09,82.09,82.09,82.09,0.121,1,,,
2026-05-29 11:15:00+00:00,82.05,82.05,81.99,81.99,81.99,2.739,4,,,
2026-05-29 11:30:00+00:00,81.92,81.92,81.77,81.77,81.77,2.998,5,,,
2026-05-29 11:45:00+00:00,81.79,81.79,81.5,81.5,81.5,3.343,8,,,
2026-05-29 12:00:00+00:00,81.5,81.5,81.5,81.5,81.5,0.0,0,,,
2026-05-29 12:15:00+00:00,81.67,81.67,81.62,81.62,81.62,1.309,2,,,
2026-05-29 12:30:00+00:00,81.46,81.46,81.28,81.33,81.33,4.588,7,,,
2026-05-29 12:45:00+00:00,81.33,81.33,81.33,81.33,81.33,0.0,0,,,
2026-05-29 13:00:00+00:00,81.26,81.26,81.18,81.18,81.18,3.436,7,,,
2026-05-29 13:15:00+00:00,81.27,81.27,81.24,81.24,81.24,1.497,4,,,
2026-05-29 13:30:00+00:00,81.15,81.35,81.09,81.32,81.32,3.868,9,,,
2026-05-29 13:45:00+00:00,81.47,81.59,81.36,81.36,81.36,3.264,9,,,
2026-05-29 14:00:00+00:00,81.38,81.38,81.26,81.26,81.26,13.839,2,,,
2026-05-29 14:15:00+00:00,81.12,81.12,80.36,80.77,80.77,87.591,31,,,
2026-05-29 14:30:00+00:00,80.74,80.89,80.53,80.53,80.53,67.502,18,,,
2026-05-29 14:45:00+00:00,80.75,81.47,80.75,81.47,81.47,140.773,28,,,
2026-05-29 15:00:00+00:00,81.5,82.05,81.5,82.05,82.05,23.327,18,,,
2026-05-29 15:15:00+00:00,82.05,82.55,81.84,82.54,82.54,88.525,32,,,
2026-05-29 15:30:00+00:00,82.65,83.08,82.31,82.32,82.32,183.468,36,,,
2026-05-29 15:45:00+00:00,82.4,82.53,82.35,82.43,82.43,39.394,10,,,
2026-05-29 16:00:00+00:00,82.5,82.76,82.5,82.76,82.76,9.078,19,,,
2026-05-29 16:15:00+00:00,82.72,82.72,82.16,82.16,82.16,671.686,26,,,
2026-05-29 16:30:00+00:00,82.38,82.96,82.38,82.8,82.8,821.169,41,,,
2026-05-29 16:45:00+00:00,82.81,82.85,82.77,82.78,82.78,18.422,8,,,
2026-05-29 17:00:00+00:00,82.69,82.99,82.69,82.99,82.99,46.624,9,,,
2026-05-29 17:15:00+00:00,83.03,83.03,82.98,82.98,82.98,60.34,4,,,
2026-05-29 17:30:00+00:00,83.06,83.09,83.06,83.09,83.09,2.014,4,,,
2026-05-29 17:45:00+00:00,82.74,82.74,82.67,82.67,82.67,0.804,2,,,
2026-05-29 18:00:00+00:00,82.67,82.67,82.67,82.67,82.67,24.193,2,,,
2026-05-29 18:15:00+00:00,82.75,82.75,82.75,82.75,82.75,0.255,2,,,
2026-05-29 18:30:00+00:00,82.69,82.69,82.69,82.69,82.69,0.078,1,,,
2026-05-29 18:45:00+00:00,82.55,82.55,81.79,81.92,81.92,15.75,21,,,
2026-05-29 19:00:00+00:00,81.92,81.92,81.92,81.92,81.92,0.0,0,,,
2026-05-29 19:15:00+00:00,81.75,81.75,81.54,81.75,81.75,15.665,5,,,
2026-05-29 19:30:00+00:00,81.99,82.24,81.99,82.19,82.19,2.577,4,,,
2026-05-29 19:45:00+00:00,82.11,82.11,82.01,82.01,82.01,0.497,4,,,
2026-05-29 20:00:00+00:00,82.0,82.0,81.99,81.99,81.99,1.218,2,,,
2026-05-29 20:15:00+00:00,81.99,81.99,81.99,81.99,81.99,0.0,0,,,
2026-05-29 20:30:00+00:00,82.12,82.19,82.12,82.19,82.19,11.797,3,,,
2026-05-29 20:45:00+00:00,82.2,82.22,82.11,82.11,82.11,14.136,6,,,
2026-05-29 21:00:00+00:00,82.24,82.26,82.24,82.26,82.26,0.632,2,,,
2026-05-29 21:15:00+00:00,82.23,82.23,81.99,81.99,81.99,64.995,5,,,
2026-05-29 21:30:00+00:00,81.95,81.95,81.95,81.95,81.95,0.15,1,,,
2026-05-29 21:45:00+00:00,82.0,82.0,81.75,81.75,81.75,0.82,5,,,
2026-05-29 22:00:00+00:00,81.56,81.58,81.56,81.58,81.58,25.924,2,,,
2026-05-29 22:15:00+00:00,81.58,81.58,81.58,81.58,81.58,0.0,0,,,
2026-05-29 22:30:00+00:00,81.58,81.58,81.58,81.58,81.58,0.0,0,,,
2026-05-29 22:45:00+00:00,81.58,81.58,81.58,81.58,81.58,0.0,0,,,
2026-05-29 23:00:00+00:00,81.58,81.58,81.58,81.58,81.58,0.0,0,,,
2026-05-29 23:15:00+00:00,81.58,81.58,81.58,81.58,81.58,0.0,0,,,
2026-05-29 23:30:00+00:00,81.58,81.58,81.58,81.58,81.58,0.0,0,,,
2026-05-29 23:45:00+00:00,81.89,81.92,81.87,81.92,81.92,1.121,3,,,
2026-05-30 00:00:00+00:00,81.91,82.07,81.91,82.04,82.04,2.79,6,,,
2026-05-30 00:15:00+00:00,82.08,82.08,82.04,82.04,82.04,0.924,3,,,
2026-05-30 00:30:00+00:00,82.08,82.14,82.08,82.14,82.14,0.504,2,,,
2026-05-30 00:45:00+00:00,82.18,82.2,82.15,82.2,82.2,3.467,3,,,
2026-05-30 01:00:00+00:00,82.24,82.35,82.22,82.35,82.35,2.714,4,,,
2026-05-30 01:15:00+00:00,82.39,82.5,82.39,82.5,82.5,2.304,3,,,
2026-05-30 01:30:00+00:00,82.53,82.83,82.53,82.68,82.68,434.764,22,,,
2026-05-30 01:45:00+00:00,82.68,82.68,82.68,82.68,82.68,0.0,0,,,
2026-05-30 02:00:00+00:00,82.83,82.87,82.83,82.87,82.87,0.505,3,,,
2026-05-30 02:15:00+00:00,82.87,82.87,82.87,82.87,82.87,0.0,0,,,
2026-05-30 02:30:00+00:00,82.87,82.87,82.87,82.87,82.87,0.0,0,,,
2026-05-30 02:45:00+00:00,82.87,82.87,82.87,82.87,82.87,0.0,0,,,
2026-05-30 03:00:00+00:00,82.88,82.94,82.88,82.94,82.94,2.276,4,,,
2026-05-30 03:15:00+00:00,82.94,82.94,82.94,82.94,82.94,0.0,0,,,
2026-05-30 03:30:00+00:00,82.66,82.66,82.63,82.63,82.63,1.804,3,,,
2026-05-30 03:45:00+00:00,82.63,82.69,82.6,82.62,82.62,10.72,6,,,
2026-05-30 04:00:00+00:00,82.69,82.7,82.69,82.7,82.7,1.209,2,,,
2026-05-30 04:15:00+00:00,82.48,82.48,82.2,82.2,82.2,60.32,10,,,
2026-05-30 04:30:00+00:00,82.07,82.07,81.8,81.95,81.95,2.477,6,,,
2026-05-30 04:45:00+00:00,82.18,82.2,82.18,82.2,82.2,0.445,4,,,
2026-05-30 05:00:00+00:00,82.2,82.58,82.2,82.41,82.41,24.25,11,,,
2026-05-30 05:15:00+00:00,82.39,82.39,82.39,82.39,82.39,0.303,1,,,
2026-05-30 05:30:00+00:00,82.43,82.43,82.43,82.43,82.43,0.362,2,,,
2026-05-30 05:45:00+00:00,82.43,82.43,82.43,82.43,82.43,0.0,0,,,
2026-05-30 06:00:00+00:00,82.43,82.43,82.43,82.43,82.43,0.0,0,,,
2026-05-30 06:15:00+00:00,82.43,82.43,82.43,82.43,82.43,0.0,0,,,
2026-05-30 06:30:00+00:00,82.6,82.6,82.6,82.6,82.6,0.46,2,,,
2026-05-30 06:45:00+00:00,82.6,82.6,82.6,82.6,82.6,0.0,0,,,
2026-05-30 07:00:00+00:00,82.6,82.6,82.6,82.6,82.6,0.0,0,,,
2026-05-30 07:15:00+00:00,82.6,82.6,82.6,82.6,82.6,0.0,0,,,
2026-05-30 07:30:00+00:00,82.27,82.27,82.25,82.25,82.25,62.964,2,,,
2026-05-30 07:45:00+00:00,82.25,82.25,82.25,82.25,82.25,0.0,0,,,
2026-05-30 08:00:00+00:00,82.25,82.25,82.25,82.25,82.25,0.0,0,,,
2026-05-30 08:15:00+00:00,82.25,82.25,82.25,82.25,82.25,0.0,0,,,
2026-05-30 08:30:00+00:00,82.27,82.29,82.2,82.2,82.2,179.25,6,,,
2026-05-30 08:45:00+00:00,82.2,82.2,82.2,82.2,82.2,0.0,0,,,
2026-05-30 09:00:00+00:00,82.2,82.2,82.2,82.2,82.2,0.0,0,,,
2026-05-30 09:15:00+00:00,82.2,82.2,82.2,82.2,82.2,0.0,0,,,
2026-05-30 09:30:00+00:00,82.2,82.2,82.2,82.2,82.2,0.0,0,,,
2026-05-30 09:45:00+00:00,82.2,82.2,82.2,82.2,82.2,0.0,0,,,
2026-05-30 10:00:00+00:00,82.2,82.2,82.2,82.2,82.2,0.0,0,,,
2026-05-30 10:15:00+00:00,82.38,82.38,82.34,82.34,82.34,0.479,2,,,
2026-05-30 10:30:00+00:00,82.34,82.34,82.34,82.34,82.34,0.0,0,,,
2026-05-30 10:45:00+00:00,82.34,82.34,82.34,82.34,82.34,0.0,0,,,
2026-05-30 11:00:00+00:00,82.23,82.23,82.23,82.23,82.23,0.085,1,,,
2026-05-30 11:15:00+00:00,82.22,82.22,82.22,82.22,82.22,0.729,1,,,
2026-05-30 11:30:00+00:00,82.22,82.22,82.22,82.22,82.22,0.0,0,,,
2026-05-30 11:45:00+00:00,82.3,82.3,82.3,82.3,82.3,0.104,1,,,
2026-05-30 12:00:00+00:00,82.3,82.3,82.3,82.3,82.3,0.0,0,,,
2026-05-30 12:15:00+00:00,82.23,82.23,82.23,82.23,82.23,0.486,1,,,
2026-05-30 12:30:00+00:00,82.23,82.23,82.23,82.23,82.23,0.0,0,,,
2026-05-30 12:45:00+00:00,82.27,82.27,82.27,82.27,82.27,1.215,1,,,
2026-05-30 13:00:00+00:00,82.27,82.27,82.27,82.27,82.27,0.0,0,,,
2026-05-30 13:15:00+00:00,82.27,82.27,82.27,82.27,82.27,0.0,0,,,
2026-05-30 13:30:00+00:00,82.27,82.27,82.27,82.27,82.27,0.0,0,,,
2026-05-30 13:45:00+00:00,82.27,82.27,82.27,82.27,82.27,0.0,0,,,
2026-05-30 14:00:00+00:00,82.46,82.46,82.46,82.46,82.46,0.088,1,,,
2026-05-30 14:15:00+00:00,82.5,82.52,82.5,82.52,82.52,0.971,2,,,
2026-05-30 14:30:00+00:00,82.6,82.64,82.6,82.64,82.64,0.568,4,,,
2026-05-30 14:45:00+00:00,82.64,82.64,82.64,82.64,82.64,0.0,0,,,
2026-05-30 15:00:00+00:00,82.7,82.75,82.7,82.75,82.75,2.223,4,,,
2026-05-30 15:15:00+00:00,82.69,82.69,82.69,82.69,82.69,12.673,2,,,
2026-05-30 15:30:00+00:00,82.64,82.64,82.44,82.44,82.44,18.76,6,,,
2026-05-30 15:45:00+00:00,82.44,82.44,82.44,82.44,82.44,0.0,0,,,
2026-05-30 16:00:00+00:00,82.52,82.75,82.52,82.75,82.75,2.297,2,,,
2026-05-30 16:15:00+00:00,82.75,82.75,82.75,82.75,82.75,0.0,0,,,
2026-05-30 16:30:00+00:00,82.78,82.8,82.78,82.8,82.8,0.394,2,,,
2026-05-30 16:45:00+00:00,82.73,82.73,82.73,82.73,82.73,0.839,1,,,
2026-05-30 17:00:00+00:00,82.84,82.87,82.83,82.85,82.85,20.535,5,,,
2026-05-30 17:15:00+00:00,82.85,82.85,82.85,82.85,82.85,0.0,0,,,
2026-05-30 17:30:00+00:00,82.85,82.85,82.85,82.85,82.85,0.0,0,,,
2026-05-30 17:45:00+00:00,82.85,82.85,82.85,82.85,82.85,0.0,0,,,
2026-05-30 18:00:00+00:00,82.95,82.98,82.95,82.98,82.98,0.81,2,,,
2026-05-30 18:15:00+00:00,82.99,82.99,82.8,82.82,82.82,20.477,5,,,
2026-05-30 18:30:00+00:00,82.82,82.82,82.82,82.82,82.82,0.0,0,,,
2026-05-30 18:45:00+00:00,83.0,83.01,83.0,83.01,83.01,0.462,2,,,
2026-05-30 19:00:00+00:00,82.82,82.82,82.8,82.8,82.8,19.483,3,,,
2026-05-30 19:15:00+00:00,82.8,82.8,82.8,82.8,82.8,0.0,0,,,
2026-05-30 19:30:00+00:00,82.74,82.74,82.74,82.74,82.74,0.759,3,,,
2026-05-30 19:45:00+00:00,82.74,82.74,82.74,82.74,82.74,0.0,0,,,
2026-05-30 20:00:00+00:00,82.74,82.74,82.74,82.74,82.74,0.0,0,,,
2026-05-30 20:15:00+00:00,82.92,82.92,82.91,82.91,82.91,0.757,2,,,
2026-05-30 20:30:00+00:00,82.91,82.91,82.91,82.91,82.91,0.0,0,,,
2026-05-30 20:45:00+00:00,82.91,82.91,82.91,82.91,82.91,0.0,0,,,
2026-05-30 21:00:00+00:00,82.91,82.91,82.91,82.91,82.91,0.0,0,,,
2026-05-30 21:15:00+00:00,82.91,82.91,82.91,82.91,82.91,0.0,0,,,
2026-05-30 21:30:00+00:00,82.99,82.99,82.99,82.99,82.99,0.602,2,,,
2026-05-30 21:45:00+00:00,82.99,82.99,82.99,82.99,82.99,0.12,1,,,
2026-05-30 22:00:00+00:00,82.74,82.74,82.64,82.64,82.64,0.967,2,,,
2026-05-30 22:15:00+00:00,82.64,82.64,82.64,82.64,82.64,0.0,0,,,
2026-05-30 22:30:00+00:00,82.44,82.44,82.41,82.41,82.41,0.625,3,,,
2026-05-30 22:45:00+00:00,82.5,82.5,82.5,82.5,82.5,1.274,2,,,
2026-05-30 23:00:00+00:00,82.75,82.8,82.71,82.71,82.71,1.466,4,,,
2026-05-30 23:15:00+00:00,82.71,82.71,82.71,82.71,82.71,0.0,0,,,
2026-05-30 23:30:00+00:00,82.71,82.71,82.71,82.71,82.71,0.0,0,,,
2026-05-30 23:45:00+00:00,82.71,82.71,82.71,82.71,82.71,0.0,0,,,
2026-05-31 00:00:00+00:00,82.55,82.55,82.55,82.55,82.55,1.2,1,,,
2026-05-31 00:15:00+00:00,82.79,82.79,82.76,82.76,82.76,1.16,2,,,
2026-05-31 00:30:00+00:00,82.76,82.76,82.76,82.76,82.76,0.0,0,,,
2026-05-31 00:45:00+00:00,82.77,82.79,82.77,82.79,82.79,10.571,2,,,
2026-05-31 01:00:00+00:00,82.79,82.79,82.79,82.79,82.79,0.0,0,,,
2026-05-31 01:15:00+00:00,82.94,83.04,82.94,83.01,83.01,1.253,4,,,
2026-05-31 01:30:00+00:00,82.98,83.06,82.93,82.93,82.93,4.725,5,,,
2026-05-31 01:45:00+00:00,82.93,82.93,82.93,82.93,82.93,0.0,0,,,
2026-05-31 02:00:00+00:00,83.02,83.06,83.02,83.06,83.06,2.298,2,,,
2026-05-31 02:15:00+00:00,83.12,83.24,82.94,82.94,82.94,16.919,13,,,
2026-05-31 02:30:00+00:00,82.87,82.87,82.87,82.87,82.87,1.0,1,,,
2026-05-31 02:45:00+00:00,82.87,82.87,82.87,82.87,82.87,0.0,0,,,
2026-05-31 03:00:00+00:00,82.87,82.87,82.87,82.87,82.87,0.0,0,,,
2026-05-31 03:15:00+00:00,82.87,82.87,82.87,82.87,82.87,0.0,0,,,
2026-05-31 03:30:00+00:00,82.87,82.87,82.87,82.87,82.87,0.0,0,,,
2026-05-31 03:45:00+00:00,83.14,83.15,83.13,83.15,83.15,5.879,4,,,
2026-05-31 04:00:00+00:00,83.12,83.12,83.12,83.12,83.12,0.836,1,,,
2026-05-31 04:15:00+00:00,83.12,83.12,83.12,83.12,83.12,16.614,1,,,
2026-05-31 04:30:00+00:00,83.1,83.15,83.1,83.15,83.15,10.798,2,,,
2026-05-31 04:45:00+00:00,83.12,83.12,83.12,83.12,83.12,1.0,1,,,
2026-05-31 05:00:00+00:00,83.0,83.0,83.0,83.0,83.0,0.24,1,,,
2026-05-31 05:15:00+00:00,83.03,83.03,83.03,83.03,83.03,0.278,2,,,
2026-05-31 05:30:00+00:00,83.03,83.03,83.03,83.03,83.03,0.0,0,,,
2026-05-31 05:45:00+00:00,82.91,82.91,82.91,82.91,82.91,0.016,1,,,
2026-05-31 06:00:00+00:00,82.91,82.91,82.91,82.91,82.91,0.0,0,,,
2026-05-31 06:15:00+00:00,82.91,82.91,82.91,82.91,82.91,0.0,0,,,
2026-05-31 06:30:00+00:00,82.87,82.87,82.85,82.85,82.85,1.45,3,,,
2026-05-31 06:45:00+00:00,82.85,82.85,82.85,82.85,82.85,0.0,0,,,
2026-05-31 07:00:00+00:00,82.85,82.85,82.85,82.85,82.85,0.0,0,,,
2026-05-31 07:15:00+00:00,82.71,82.71,82.55,82.55,82.55,2.656,4,,,
2026-05-31 07:30:00+00:00,82.51,82.58,82.51,82.57,82.57,2.053,3,,,
2026-05-31 07:45:00+00:00,82.57,82.57,82.57,82.57,82.57,0.0,0,,,
2026-05-31 08:00:00+00:00,82.57,82.57,82.57,82.57,82.57,0.0,0,,,
2026-05-31 08:15:00+00:00,82.57,82.57,82.57,82.57,82.57,0.0,0,,,
2026-05-31 08:30:00+00:00,82.66,82.66,82.66,82.66,82.66,0.071,1,,,
2026-05-31 08:45:00+00:00,82.53,82.53,82.53,82.53,82.53,3.937,1,,,
2026-05-31 09:00:00+00:00,82.62,82.62,82.62,82.62,82.62,35.617,1,,,
2026-05-31 09:15:00+00:00,82.62,82.62,82.62,82.62,82.62,0.0,0,,,
2026-05-31 09:30:00+00:00,82.74,82.84,82.74,82.84,82.84,1.432,5,,,
2026-05-31 09:45:00+00:00,82.59,82.59,82.59,82.59,82.59,0.605,1,,,
2026-05-31 10:00:00+00:00,82.53,82.62,82.53,82.62,82.62,0.493,3,,,
2026-05-31 10:15:00+00:00,82.44,82.44,82.41,82.41,82.41,0.714,2,,,
2026-05-31 10:30:00+00:00,82.51,82.51,82.51,82.51,82.51,0.299,1,,,
2026-05-31 10:45:00+00:00,82.51,82.51,82.51,82.51,82.51,0.0,0,,,
2026-05-31 11:00:00+00:00,82.64,82.64,82.64,82.64,82.64,0.269,1,,,
2026-05-31 11:15:00+00:00,82.61,82.61,82.61,82.61,82.61,0.609,1,,,
2026-05-31 11:30:00+00:00,82.67,82.68,82.67,82.68,82.68,0.169,2,,,
2026-05-31 11:45:00+00:00,82.68,82.68,82.68,82.68,82.68,0.0,0,,,
2026-05-31 12:00:00+00:00,82.68,82.68,82.68,82.68,82.68,0.0,0,,,
2026-05-31 12:15:00+00:00,82.68,82.68,82.68,82.68,82.68,0.0,0,,,
2026-05-31 12:30:00+00:00,82.75,82.76,82.75,82.76,82.76,0.478,2,,,
2026-05-31 12:45:00+00:00,82.79,82.79,82.79,82.79,82.79,0.997,2,,,
2026-05-31 13:00:00+00:00,82.79,82.79,82.79,82.79,82.79,0.0,0,,,
2026-05-31 13:15:00+00:00,82.84,82.93,82.84,82.93,82.93,0.66,2,,,
2026-05-31 13:30:00+00:00,82.77,82.77,82.73,82.73,82.73,0.976,3,,,
2026-05-31 13:45:00+00:00,82.63,82.63,82.63,82.63,82.63,0.096,1,,,
2026-05-31 14:00:00+00:00,82.59,82.59,82.34,82.34,82.34,95.469,5,,,
2026-05-31 14:15:00+00:00,82.27,82.27,81.81,81.81,81.81,34.37,12,,,
2026-05-31 14:30:00+00:00,81.81,81.81,81.81,81.81,81.81,0.0,0,,,
2026-05-31 14:45:00+00:00,81.81,81.81,81.81,81.81,81.81,0.0,0,,,
2026-05-31 15:00:00+00:00,81.81,81.81,81.81,81.81,81.81,0.0,0,,,
2026-05-31 15:15:00+00:00,82.0,82.13,82.0,82.13,82.13,1.526,3,,,
2026-05-31 15:30:00+00:00,82.13,82.13,82.11,82.11,82.11,49.24,2,,,
2026-05-31 15:45:00+00:00,81.88,81.88,81.81,81.81,81.81,2.119,4,,,
2026-05-31 16:00:00+00:00,81.78,81.78,81.75,81.75,81.75,0.663,2,,,
2026-05-31 16:15:00+00:00,81.75,81.75,81.6,81.6,81.6,0.951,3,,,
2026-05-31 16:30:00+00:00,81.5,81.53,81.42,81.53,81.53,2.417,6,,,
2026-05-31 16:45:00+00:00,81.53,81.53,81.53,81.53,81.53,0.0,0,,,
2026-05-31 17:00:00+00:00,81.55,81.55,81.39,81.45,81.45,20.226,21,,,
2026-05-31 17:15:00+00:00,81.56,81.67,81.56,81.67,81.67,1.187,4,,,
2026-05-31 17:30:00+00:00,81.67,81.67,81.67,81.67,81.67,0.0,0,,,
2026-05-31 17:45:00+00:00,81.77,81.77,81.75,81.75,81.75,6.967,2,,,
2026-05-31 18:00:00+00:00,81.66,81.73,81.66,81.72,81.72,0.924,6,,,
2026-05-31 18:15:00+00:00,81.57,81.66,81.57,81.66,81.66,0.107,2,,,
2026-05-31 18:30:00+00:00,81.66,81.66,81.66,81.66,81.66,0.0,0,,,
2026-05-31 18:45:00+00:00,81.66,81.66,81.61,81.61,81.61,0.308,2,,,
2026-05-31 19:00:00+00:00,81.68,81.68,81.68,81.68,81.68,13.094,1,,,
2026-05-31 19:15:00+00:00,81.56,81.56,81.56,81.56,81.56,0.154,1,,,
2026-05-31 19:30:00+00:00,81.36,81.42,81.33,81.42,81.42,1.076,5,,,
2026-05-31 19:45:00+00:00,81.42,81.42,81.42,81.42,81.42,0.0,0,,,
2026-05-31 20:00:00+00:00,81.6,81.68,81.6,81.66,81.66,1.131,4,,,
2026-05-31 20:15:00+00:00,81.71,81.71,81.71,81.71,81.71,1.223,1,,,
2026-05-31 20:30:00+00:00,81.77,81.77,81.77,81.77,81.77,1.0,1,,,
2026-05-31 20:45:00+00:00,81.81,81.86,81.81,81.86,81.86,1.346,5,,,
2026-05-31 21:00:00+00:00,81.86,81.86,81.86,81.86,81.86,0.0,0,,,
2026-05-31 21:15:00+00:00,81.83,81.83,81.83,81.83,81.83,0.097,1,,,
2026-05-31 21:30:00+00:00,82.0,82.02,82.0,82.02,82.02,34.415,3,,,
2026-05-31 21:45:00+00:00,82.09,82.25,82.09,82.16,82.16,17.39,7,,,
2026-05-31 22:00:00+00:00,82.31,82.31,82.28,82.28,82.28,1.758,4,,,
2026-05-31 22:15:00+00:00,82.34,82.53,82.26,82.3,82.3,27.979,14,,,
2026-05-31 22:30:00+00:00,82.3,82.3,82.3,82.3,82.3,0.0,0,,,
2026-05-31 22:45:00+00:00,82.5,82.55,82.5,82.52,82.52,2.067,5,,,
2026-05-31 23:00:00+00:00,82.58,82.75,82.58,82.66,82.66,4.216,9,,,
2026-05-31 23:15:00+00:00,82.44,82.44,82.3,82.3,82.3,30.117,5,,,
2026-05-31 23:30:00+00:00,82.29,82.29,81.92,81.97,81.97,3.818,11,,,
2026-05-31 23:45:00+00:00,82.07,82.34,82.07,82.34,82.34,1.321,3,,,
2026-06-01 00:00:00+00:00,82.44,82.59,82.44,82.59,82.59,1.14,3,,,
2026-06-01 00:15:00+00:00,82.75,82.89,82.75,82.89,82.89,2.204,5,,,
2026-06-01 00:30:00+00:00,82.9,82.94,82.86,82.86,82.86,3.126,5,,,
2026-06-01 00:45:00+00:00,82.75,82.81,82.73,82.79,82.79,95.55,13,,,
2026-06-01 01:00:00+00:00,82.61,82.65,82.34,82.34,82.34,79.721,26,,,
2026-06-01 01:15:00+00:00,82.19,82.19,82.19,82.19,82.19,5.97,2,,,
2026-06-01 01:30:00+00:00,82.13,82.13,82.01,82.01,82.01,2.256,6,,,
2026-06-01 01:45:00+00:00,81.98,81.98,81.78,81.78,81.78,7.875,5,,,
2026-06-01 02:00:00+00:00,81.6,82.19,81.6,82.19,82.19,3.178,7,,,
2026-06-01 02:15:00+00:00,82.19,82.19,82.19,82.19,82.19,0.0,0,,,
2026-06-01 02:30:00+00:00,82.3,82.75,82.3,82.58,82.58,3.897,10,,,
2026-06-01 02:45:00+00:00,82.58,82.58,82.58,82.58,82.58,0.0,0,,,
2026-06-01 03:00:00+00:00,82.75,82.75,82.75,82.75,82.75,0.07,1,,,
2026-06-01 03:15:00+00:00,82.79,82.79,82.79,82.79,82.79,0.842,1,,,
2026-06-01 03:30:00+00:00,82.84,82.86,82.84,82.86,82.86,6.903,3,,,
2026-06-01 03:45:00+00:00,82.59,82.59,82.59,82.59,82.59,0.605,1,,,
2026-06-01 04:00:00+00:00,82.44,82.44,82.34,82.34,82.34,1.022,2,,,
2026-06-01 04:15:00+00:00,82.13,82.13,81.81,81.81,81.81,2.86,10,,,
2026-06-01 04:30:00+00:00,81.81,81.81,81.81,81.81,81.81,0.0,0,,,
2026-06-01 04:45:00+00:00,81.84,81.94,81.75,81.94,81.94,23.612,7,,,
2026-06-01 05:00:00+00:00,81.94,81.94,81.94,81.94,81.94,0.0,0,,,
2026-06-01 05:15:00+00:00,81.94,81.94,81.94,81.94,81.94,0.0,0,,,
2026-06-01 05:30:00+00:00,81.6,81.6,81.6,81.6,81.6,0.612,1,,,
2026-06-01 05:45:00+00:00,81.85,81.85,81.85,81.85,81.85,0.61,1,,,
2026-06-01 06:00:00+00:00,81.6,81.6,81.45,81.45,81.45,18.773,6,,,
2026-06-01 06:15:00+00:00,81.42,81.42,81.35,81.35,81.35,7.058,4,,,
2026-06-01 06:30:00+00:00,81.3,81.3,81.1,81.1,81.1,3.012,5,,,
2026-06-01 06:45:00+00:00,81.35,81.35,81.32,81.32,81.32,0.968,4,,,
2026-06-01 07:00:00+00:00,81.43,81.43,81.4,81.4,81.4,0.544,4,,,
2026-06-01 07:15:00+00:00,81.26,81.26,81.23,81.23,81.23,1.104,3,,,
2026-06-01 07:30:00+00:00,81.1,81.11,80.92,80.92,80.92,9.078,8,,,
2026-06-01 07:45:00+00:00,80.88,80.88,80.6,80.7,80.7,2.466,6,,,
2026-06-01 08:00:00+00:00,80.76,80.78,80.76,80.78,80.78,30.962,2,,,
2026-06-01 08:15:00+00:00,80.57,80.57,80.55,80.55,80.55,7.09,2,,,
2026-06-01 08:30:00+00:00,80.46,80.62,80.45,80.62,80.62,1.765,3,,,
2026-06-01 08:45:00+00:00,80.85,80.85,80.85,80.85,80.85,0.618,1,,,
2026-06-01 09:00:00+00:00,80.85,80.85,80.85,80.85,80.85,0.0,0,,,
2026-06-01 09:15:00+00:00,81.1,81.21,81.1,81.21,81.21,16.533,4,,,
2026-06-01 09:30:00+00:00,81.05,81.05,81.05,81.05,81.05,13.167,1,,,
2026-06-01 09:45:00+00:00,81.05,81.05,81.05,81.05,81.05,0.0,0,,,
2026-06-01 10:00:00+00:00,81.05,81.05,81.05,81.05,81.05,0.0,0,,,
2026-06-01 10:15:00+00:00,80.87,80.87,80.82,80.82,80.82,54.489,3,,,
2026-06-01 10:30:00+00:00,80.82,80.82,80.82,80.82,80.82,0.05,2,,,
2026-06-01 10:45:00+00:00,81.1,81.12,81.05,81.05,81.05,0.749,4,,,
2026-06-01 11:00:00+00:00,81.11,81.11,81.07,81.07,81.07,0.111,2,,,
2026-06-01 11:15:00+00:00,81.07,81.07,81.07,81.07,81.07,1.672,2,,,
2026-06-01 11:30:00+00:00,81.07,81.07,81.07,81.07,81.07,0.0,0,,,
2026-06-01 11:45:00+00:00,80.86,80.86,80.74,80.74,80.74,28.411,11,,,
2026-06-01 12:00:00+00:00,80.73,80.73,80.25,80.39,80.39,20.195,14,,,
2026-06-01 12:15:00+00:00,80.54,80.85,80.52,80.85,80.85,16.097,14,,,
2026-06-01 12:30:00+00:00,80.88,80.88,80.88,80.88,80.88,0.113,1,,,
2026-06-01 12:45:00+00:00,80.88,80.88,80.88,80.88,80.88,0.0,0,,,
2026-06-01 13:00:00+00:00,80.6,80.6,80.1,80.1,80.1,12.659,14,,,
2026-06-01 13:15:00+00:00,80.35,80.49,80.35,80.42,80.42,0.843,4,,,
2026-06-01 13:30:00+00:00,80.42,80.42,80.11,80.11,80.11,0.815,3,,,
2026-06-01 13:45:00+00:00,80.11,80.11,79.28,79.63,79.63,174.658,58,,,
2026-06-01 14:00:00+00:00,79.87,79.87,79.55,79.56,79.56,2.509,5,,,
2026-06-01 14:15:00+00:00,79.52,79.7,79.39,79.61,79.61,93.9,37,,,
2026-06-01 14:30:00+00:00,79.39,79.53,79.39,79.53,79.53,283.051,13,,,
2026-06-01 14:45:00+00:00,79.6,79.63,79.6,79.6,79.6,8.909,4,,,
2026-06-01 15:00:00+00:00,79.6,79.6,79.6,79.6,79.6,0.0,0,,,
2026-06-01 15:15:00+00:00,79.39,79.39,79.24,79.24,79.24,35.167,7,,,
2026-06-01 15:30:00+00:00,79.39,79.87,79.39,79.87,79.87,1.844,3,,,
2026-06-01 15:45:00+00:00,79.63,79.63,79.56,79.59,79.59,65.531,5,,,
2026-06-01 16:00:00+00:00,79.59,79.59,79.09,79.09,79.09,129.343,13,,,
2026-06-01 16:15:00+00:00,79.26,79.48,79.26,79.46,79.46,268.411,21,,,
2026-06-01 16:30:00+00:00,79.63,79.71,79.63,79.71,79.71,13.038,3,,,
2026-06-01 16:45:00+00:00,79.87,80.28,79.87,80.27,80.27,3.212,11,,,
2026-06-01 17:00:00+00:00,80.35,80.52,80.35,80.52,80.52,92.796,6,,,
2026-06-01 17:15:00+00:00,80.41,80.6,80.41,80.6,80.6,2.062,6,,,
2026-06-01 17:30:00+00:00,80.75,80.9,80.6,80.89,80.89,16.498,16,,,
2026-06-01 17:45:00+00:00,81.0,81.04,80.92,80.94,80.94,2.055,4,,,
2026-06-01 18:00:00+00:00,80.71,80.71,80.5,80.5,80.5,7.362,7,,,
2026-06-01 18:15:00+00:00,80.62,80.85,80.62,80.85,80.85,0.949,2,,,
2026-06-01 18:30:00+00:00,81.05,81.14,81.05,81.09,81.09,409.648,22,,,
2026-06-01 18:45:00+00:00,80.85,80.85,80.81,80.83,80.83,1.064,4,,,
2026-06-01 19:00:00+00:00,80.6,80.6,80.6,80.6,80.6,0.62,2,,,
2026-06-01 19:15:00+00:00,80.69,80.85,80.69,80.85,80.85,3.099,2,,,
2026-06-01 19:30:00+00:00,81.0,81.22,81.0,81.22,81.22,7.295,7,,,
2026-06-01 19:45:00+00:00,81.08,81.08,81.08,81.08,81.08,13.662,1,,,
2026-06-01 20:00:00+00:00,81.08,81.08,81.08,81.08,81.08,0.0,0,,,
2026-06-01 20:15:00+00:00,81.08,81.08,81.08,81.08,81.08,0.0,0,,,
2026-06-01 20:30:00+00:00,81.08,81.08,81.08,81.08,81.08,0.0,0,,,
2026-06-01 20:45:00+00:00,80.98,80.98,80.97,80.97,80.97,0.088,2,,,
2026-06-01 21:00:00+00:00,80.85,80.85,80.85,80.85,80.85,0.618,1,,,
2026-06-01 21:15:00+00:00,80.6,80.6,80.6,80.6,80.6,0.62,2,,,
2026-06-01 21:30:00+00:00,80.71,80.71,80.71,80.71,80.71,0.27,3,,,
2026-06-01 21:45:00+00:00,80.71,80.71,80.71,80.71,80.71,0.0,0,,,
2026-06-01 22:00:00+00:00,80.35,80.35,80.28,80.28,80.28,0.922,4,,,
2026-06-01 22:15:00+00:00,80.6,80.85,80.6,80.85,80.85,1.238,2,,,
2026-06-01 22:30:00+00:00,80.82,80.82,80.6,80.6,80.6,1.884,5,,,
2026-06-01 22:45:00+00:00,80.85,81.35,80.85,81.35,81.35,4.243,15,,,
2026-06-01 23:00:00+00:00,81.37,81.37,81.37,81.37,81.37,0.034,1,,,
2026-06-01 23:15:00+00:00,81.43,81.5,81.42,81.42,81.42,0.973,8,,,
2026-06-01 23:30:00+00:00,81.1,81.4,81.1,81.4,81.4,1.292,3,,,
2026-06-01 23:45:00+00:00,81.1,81.1,81.1,81.1,81.1,0.616,2,,,
2026-06-02 00:00:00+00:00,81.1,81.1,81.1,81.1,81.1,0.0,0,,,
2026-06-02 00:15:00+00:00,81.1,81.1,81.1,81.1,81.1,0.0,0,,,
2026-06-02 00:30:00+00:00,81.1,81.1,81.1,81.1,81.1,0.0,0,,,
2026-06-02 00:45:00+00:00,80.85,80.85,80.85,80.85,80.85,0.618,1,,,
2026-06-02 01:00:00+00:00,80.85,80.85,80.85,80.85,80.85,0.0,0,,,
2026-06-02 01:15:00+00:00,80.79,80.85,80.6,80.6,80.6,1.065,4,,,
2026-06-02 01:30:00+00:00,80.38,80.38,80.18,80.18,80.18,7.941,6,,,
2026-06-02 01:45:00+00:00,80.18,80.18,80.0,80.0,80.0,51.583,10,,,
2026-06-02 02:00:00+00:00,79.87,79.87,79.38,79.63,79.63,23.479,13,,,
2026-06-02 02:15:00+00:00,79.87,80.38,79.87,80.38,80.38,2.739,7,,,
2026-06-02 02:30:00+00:00,80.42,80.42,80.11,80.11,80.11,7.15,5,,,
2026-06-02 02:45:00+00:00,80.21,80.6,80.21,80.6,80.6,3.709,8,,,
2026-06-02 03:00:00+00:00,80.71,80.85,80.71,80.85,80.85,7.305,4,,,
2026-06-02 03:15:00+00:00,80.85,80.85,80.85,80.85,80.85,0.0,0,,,
2026-06-02 03:30:00+00:00,80.85,80.85,80.85,80.85,80.85,0.0,0,,,
2026-06-02 03:45:00+00:00,80.79,80.86,80.79,80.86,80.86,0.383,2,,,
2026-06-02 04:00:00+00:00,80.6,80.6,80.6,80.6,80.6,0.62,1,,,
2026-06-02 04:15:00+00:00,80.8,80.84,80.8,80.84,80.84,61.732,5,,,
2026-06-02 04:30:00+00:00,80.78,80.78,80.78,80.78,80.78,0.271,1,,,
2026-06-02 04:45:00+00:00,80.51,80.51,80.35,80.35,80.35,1.364,5,,,
2026-06-02 05:00:00+00:00,80.11,80.35,80.02,80.35,80.35,1.37,3,,,
2026-06-02 05:15:00+00:00,80.11,80.11,80.04,80.04,80.04,0.815,3,,,
2026-06-02 05:30:00+00:00,79.87,79.87,79.87,79.87,79.87,0.625,1,,,
2026-06-02 05:45:00+00:00,79.9,79.9,79.52,79.56,79.56,22.241,8,,,
2026-06-02 06:00:00+00:00,79.5,79.5,79.34,79.34,79.34,27.868,5,,,
2026-06-02 06:15:00+00:00,79.34,79.34,79.34,79.34,79.34,0.0,0,,,
2026-06-02 06:30:00+00:00,79.34,79.34,79.34,79.34,79.34,0.0,0,,,
2026-06-02 06:45:00+00:00,79.35,79.37,79.34,79.37,79.37,9.407,3,,,
2026-06-02 07:00:00+00:00,79.53,79.55,79.14,79.39,79.39,104.73,17,,,
2026-06-02 07:15:00+00:00,79.63,79.63,79.39,79.39,79.39,4.638,3,,,
2026-06-02 07:30:00+00:00,79.63,79.63,79.63,79.63,79.63,0.627,1,,,
2026-06-02 07:45:00+00:00,79.63,79.63,79.63,79.63,79.63,0.0,0,,,
2026-06-02 08:00:00+00:00,79.63,79.63,79.63,79.63,79.63,0.0,0,,,
2026-06-02 08:15:00+00:00,79.44,79.44,79.44,79.44,79.44,39.539,1,,,
2026-06-02 08:30:00+00:00,79.51,79.52,79.51,79.52,79.52,6.287,2,,,
2026-06-02 08:45:00+00:00,79.39,79.47,79.39,79.47,79.47,5.327,3,,,
2026-06-02 09:00:00+00:00,79.19,79.21,79.16,79.21,79.21,1.366,4,,,
2026-06-02 09:15:00+00:00,79.2,79.2,78.67,78.67,78.67,231.899,28,,,
2026-06-02 09:30:00+00:00,78.92,79.07,78.92,79.07,79.07,14.447,2,,,
2026-06-02 09:45:00+00:00,79.01,79.01,79.01,79.01,79.01,0.063,1,,,
2026-06-02 10:00:00+00:00,78.98,79.16,78.98,79.16,79.16,3.244,2,,,
2026-06-02 10:15:00+00:00,79.16,79.16,79.16,79.16,79.16,0.0,0,,,
2026-06-02 10:30:00+00:00,79.22,79.22,79.22,79.22,79.22,15.253,1,,,
2026-06-02 10:45:00+00:00,79.17,79.17,79.17,79.17,79.17,10.105,1,,,
2026-06-02 11:00:00+00:00,79.17,79.17,79.17,79.17,79.17,0.0,0,,,
2026-06-02 11:15:00+00:00,78.92,78.92,78.87,78.91,78.91,3.404,4,,,
2026-06-02 11:30:00+00:00,78.8,79.0,78.8,79.0,79.0,44.394,5,,,
2026-06-02 11:45:00+00:00,79.0,79.0,79.0,79.0,79.0,0.0,0,,,
2026-06-02 12:00:00+00:00,78.8,78.8,78.68,78.68,78.68,32.36,3,,,
2026-06-02 12:15:00+00:00,78.64,78.78,78.62,78.78,78.78,25.759,9,,,
2026-06-02 12:30:00+00:00,78.92,78.92,78.92,78.92,78.92,0.633,1,,,
2026-06-02 12:45:00+00:00,78.92,78.92,78.8,78.8,78.8,188.473,6,,,
2026-06-02 13:00:00+00:00,78.93,78.94,78.89,78.89,78.89,3.357,3,,,
2026-06-02 13:15:00+00:00,79.0,79.08,79.0,79.08,79.08,0.07,2,,,
2026-06-02 13:30:00+00:00,79.07,79.07,78.97,78.99,78.99,19.81,4,,,
2026-06-02 13:45:00+00:00,78.78,78.78,78.78,78.78,78.78,1.265,1,,,
2026-06-02 14:00:00+00:00,78.7,78.7,78.16,78.52,78.52,296.705,31,,,
2026-06-02 14:15:00+00:00,78.52,78.52,76.75,77.06,77.06,184.536,56,,,
2026-06-02 14:30:00+00:00,77.28,77.74,77.0,77.06,77.06,1310.613,58,,,
2026-06-02 14:45:00+00:00,77.09,77.51,77.09,77.33,77.33,6.965,8,,,
2026-06-02 15:00:00+00:00,77.04,77.04,76.79,76.88,76.88,33.0,12,,,
2026-06-02 15:15:00+00:00,76.81,76.87,76.3,76.31,76.31,121.205,29,,,
2026-06-02 15:30:00+00:00,76.0,76.23,75.62,76.23,76.23,791.721,45,,,
2026-06-02 15:45:00+00:00,76.35,76.35,76.12,76.12,76.12,1.272,2,,,
2026-06-02 16:00:00+00:00,76.35,77.04,76.35,77.03,77.03,4.238,7,,,
2026-06-02 16:15:00+00:00,77.28,77.51,77.03,77.1,77.1,3.946,8,,,
2026-06-02 16:30:00+00:00,76.93,76.93,76.93,76.93,76.93,0.389,1,,,
2026-06-02 16:45:00+00:00,77.0,77.06,76.66,76.66,76.66,42.823,7,,,
2026-06-02 17:00:00+00:00,76.63,76.74,76.5,76.5,76.5,39.564,7,,,
2026-06-02 17:15:00+00:00,76.64,77.04,76.64,76.95,76.95,85.58,9,,,
2026-06-02 17:30:00+00:00,77.04,77.04,76.81,76.81,76.81,119.862,10,,,
2026-06-02 17:45:00+00:00,76.76,76.78,76.75,76.75,76.75,1.853,5,,,
2026-06-02 18:00:00+00:00,76.9,76.9,76.63,76.63,76.63,1.754,3,,,
2026-06-02 18:15:00+00:00,76.58,76.58,76.25,76.25,76.25,5.256,6,,,
2026-06-02 18:30:00+00:00,76.12,76.12,76.12,76.12,76.12,0.656,1,,,
2026-06-02 18:45:00+00:00,76.12,76.12,75.77,76.01,76.01,47.195,16,,,
2026-06-02 19:00:00+00:00,76.12,76.12,75.9,75.9,75.9,1.314,2,,,
2026-06-02 19:15:00+00:00,75.75,75.84,75.5,75.5,75.5,55.739,13,,,
2026-06-02 19:30:00+00:00,75.41,75.41,74.5,75.08,75.08,135.555,47,,,
2026-06-02 19:45:00+00:00,75.2,75.73,75.2,75.44,75.44,3.465,10,,,
2026-06-02 20:00:00+00:00,75.67,75.7,75.67,75.67,75.67,170.965,7,,,
2026-06-02 20:15:00+00:00,75.44,75.44,74.74,74.74,74.74,11.837,12,,,
2026-06-02 20:30:00+00:00,74.99,75.1,74.99,75.1,75.1,0.681,2,,,
2026-06-02 20:45:00+00:00,75.19,75.37,75.19,75.37,75.37,1.43,3,,,
2026-06-02 21:00:00+00:00,75.44,75.67,75.31,75.31,75.31,7.019,5,,,
2026-06-02 21:15:00+00:00,75.64,75.72,75.64,75.72,75.72,0.995,5,,,
2026-06-02 21:30:00+00:00,75.87,75.9,75.87,75.9,75.9,7.249,2,,,
2026-06-02 21:45:00+00:00,75.67,75.67,75.61,75.61,75.61,1.66,2,,,
2026-06-02 22:00:00+00:00,75.44,75.44,75.1,75.1,75.1,9.13,6,,,
2026-06-02 22:15:00+00:00,74.99,75.37,74.74,75.37,75.37,4.464,8,,,
2026-06-02 22:30:00+00:00,74.99,74.99,74.74,74.74,74.74,17.749,5,,,
2026-06-02 22:45:00+00:00,74.66,74.66,73.35,73.48,73.48,238.331,35,,,
2026-06-02 23:00:00+00:00,73.49,73.65,73.4,73.6,73.6,83.6,9,,,
2026-06-02 23:15:00+00:00,73.87,73.87,72.81,72.81,72.81,66.739,18,,,
2026-06-02 23:30:00+00:00,72.84,73.74,72.84,73.74,73.74,3.007,6,,,
2026-06-02 23:45:00+00:00,73.87,74.09,73.87,74.09,74.09,3.028,5,,,
2026-06-03 00:00:00+00:00,74.14,74.67,74.09,74.67,74.67,17.062,16,,,
2026-06-03 00:15:00+00:00,74.76,74.99,74.64,74.64,74.64,11.418,9,,,
2026-06-03 00:30:00+00:00,74.64,74.99,74.64,74.9,74.9,2.092,5,,,
2026-06-03 00:45:00+00:00,74.89,74.89,74.89,74.89,74.89,0.844,2,,,
2026-06-03 01:00:00+00:00,74.76,74.77,74.64,74.64,74.64,1.874,5,,,
2026-06-03 01:15:00+00:00,74.76,74.76,74.71,74.71,74.71,20.07,2,,,
2026-06-03 01:30:00+00:00,74.67,74.67,74.31,74.31,74.31,2.979,6,,,
2026-06-03 01:45:00+00:00,74.54,74.76,74.54,74.76,74.76,1.375,3,,,
2026-06-03 02:00:00+00:00,74.62,74.62,74.5,74.5,74.5,2.863,6,,,
2026-06-03 02:15:00+00:00,74.48,74.53,74.32,74.32,74.32,51.725,3,,,
2026-06-03 02:30:00+00:00,74.37,74.42,74.24,74.42,74.42,47.562,4,,,
2026-06-03 02:45:00+00:00,74.42,74.42,74.42,74.42,74.42,0.0,0,,,
2026-06-03 03:00:00+00:00,74.38,74.38,74.24,74.24,74.24,10.032,3,,,
2026-06-03 03:15:00+00:00,74.09,74.09,73.75,73.75,73.75,2.326,4,,,
2026-06-03 03:30:00+00:00,73.82,73.82,72.77,72.77,72.77,29.358,23,,,
2026-06-03 03:45:00+00:00,72.8,72.88,72.35,72.88,72.88,21.246,6,,,
2026-06-03 04:00:00+00:00,72.61,73.65,72.59,73.21,73.21,82.24,14,,,
2026-06-03 04:15:00+00:00,73.43,73.43,73.27,73.28,73.28,41.535,3,,,
2026-06-03 04:30:00+00:00,73.39,73.7,73.39,73.7,73.7,3.426,6,,,
2026-06-03 04:45:00+00:00,73.76,73.87,73.65,73.87,73.87,16.293,5,,,
2026-06-03 05:00:00+00:00,74.09,74.73,74.09,74.73,74.73,18.684,13,,,
2026-06-03 05:15:00+00:00,74.72,74.76,74.53,74.55,74.55,2.885,6,,,
2026-06-03 05:30:00+00:00,74.54,74.54,74.32,74.54,74.54,1.423,5,,,
2026-06-03 05:45:00+00:00,74.53,74.67,74.53,74.67,74.67,0.081,2,,,
2026-06-03 06:00:00+00:00,74.67,74.76,74.64,74.64,74.64,37.529,5,,,
2026-06-03 06:15:00+00:00,74.93,74.99,74.93,74.99,74.99,3.366,2,,,
2026-06-03 06:30:00+00:00,74.95,75.22,74.95,75.09,75.09,12.639,8,,,
2026-06-03 06:45:00+00:00,74.99,74.99,74.99,74.99,74.99,0.666,1,,,
2026-06-03 07:00:00+00:00,74.76,74.99,74.76,74.99,74.99,9.852,4,,,
2026-06-03 07:15:00+00:00,75.22,75.22,75.22,75.22,75.22,0.664,1,,,
2026-06-03 07:30:00+00:00,75.27,75.27,75.2,75.2,75.2,7.659,2,,,
2026-06-03 07:45:00+00:00,75.3,75.3,75.3,75.3,75.3,0.291,2,,,
2026-06-03 08:00:00+00:00,75.22,75.22,74.99,74.99,74.99,0.759,3,,,
2026-06-03 08:15:00+00:00,74.94,74.94,74.94,74.94,74.94,0.098,2,,,
2026-06-03 08:30:00+00:00,74.94,74.94,74.94,74.94,74.94,0.0,0,,,
2026-06-03 08:45:00+00:00,75.04,75.08,75.04,75.08,75.08,3.8,2,,,
2026-06-03 09:00:00+00:00,74.94,74.94,74.94,74.94,74.94,3.887,2,,,
2026-06-03 09:15:00+00:00,74.76,74.76,74.76,74.76,74.76,0.668,1,,,
2026-06-03 09:30:00+00:00,74.75,74.75,74.75,74.75,74.75,1.0,1,,,
2026-06-03 09:45:00+00:00,74.8,75.22,74.8,74.99,74.99,53.903,12,,,
2026-06-03 10:00:00+00:00,74.93,75.46,74.93,75.22,75.22,16.92,11,,,
2026-06-03 10:15:00+00:00,75.22,75.22,75.22,75.22,75.22,0.305,1,,,
2026-06-03 10:30:00+00:00,75.44,75.48,75.44,75.48,75.48,0.881,5,,,
2026-06-03 10:45:00+00:00,75.48,75.48,75.48,75.48,75.48,0.0,0,,,
2026-06-03 11:00:00+00:00,75.5,75.59,75.5,75.59,75.59,8.028,3,,,
2026-06-03 11:15:00+00:00,75.59,75.59,75.59,75.59,75.59,0.0,0,,,
2026-06-03 11:30:00+00:00,75.28,75.28,75.22,75.26,75.26,0.694,3,,,
2026-06-03 11:45:00+00:00,74.99,74.99,74.99,74.99,74.99,0.666,2,,,
2026-06-03 12:00:00+00:00,74.99,74.99,74.88,74.88,74.88,20.193,2,,,
2026-06-03 12:15:00+00:00,74.76,74.97,74.71,74.97,74.97,79.738,10,,,
2026-06-03 12:30:00+00:00,74.99,74.99,74.9,74.9,74.9,4.557,2,,,
2026-06-03 12:45:00+00:00,74.9,74.9,74.9,74.9,74.9,0.0,0,,,
2026-06-03 13:00:00+00:00,75.19,75.2,75.02,75.02,75.02,23.73,4,,,
2026-06-03 13:15:00+00:00,75.22,75.22,74.66,74.66,74.66,55.887,10,,,
2026-06-03 13:30:00+00:00,74.8,75.04,74.51,74.51,74.51,286.91,35,,,
2026-06-03 13:45:00+00:00,74.41,74.62,74.41,74.62,74.62,5.84,4,,,
2026-06-03 14:00:00+00:00,74.32,74.36,74.19,74.29,74.29,95.967,8,,,
2026-06-03 14:15:00+00:00,74.2,74.2,73.87,73.87,73.87,22.363,9,,,
2026-06-03 14:30:00+00:00,73.78,74.32,73.78,74.09,74.09,2.914,5,,,
2026-06-03 14:45:00+00:00,74.32,74.32,74.2,74.23,74.23,1.346,3,,,
2026-06-03 15:00:00+00:00,74.09,74.09,73.87,73.87,73.87,2.366,4,,,
2026-06-03 15:15:00+00:00,73.9,74.11,73.7,74.11,74.11,7.022,4,,,
2026-06-03 15:30:00+00:00,74.08,74.08,73.34,73.34,73.34,16.749,8,,,
2026-06-03 15:45:00+00:00,73.28,73.42,73.21,73.21,73.21,1.858,4,,,
2026-06-03 16:00:00+00:00,73.15,73.34,72.9,72.97,72.97,35.198,14,,,
2026-06-03 16:15:00+00:00,72.82,72.82,72.0,72.38,72.38,119.263,27,,,
2026-06-03 16:30:00+00:00,72.39,72.55,72.31,72.55,72.55,102.902,8,,,
2026-06-03 16:45:00+00:00,72.55,72.8,72.55,72.8,72.8,72.381,9,,,
2026-06-03 17:00:00+00:00,72.99,72.99,72.48,72.65,72.65,14.832,13,,,
2026-06-03 17:15:00+00:00,72.77,73.3,72.77,73.3,73.3,33.288,7,,,
2026-06-03 17:30:00+00:00,73.38,73.87,73.38,73.87,73.87,2.432,6,,,
2026-06-03 17:45:00+00:00,73.65,73.65,72.99,72.99,72.99,3.456,9,,,
2026-06-03 18:00:00+00:00,73.21,73.21,72.99,72.99,72.99,106.519,7,,,
2026-06-03 18:15:00+00:00,72.78,72.85,72.76,72.76,72.76,77.022,8,,,
2026-06-03 18:30:00+00:00,72.55,72.77,72.38,72.77,72.77,1.515,4,,,
2026-06-03 18:45:00+00:00,72.99,73.0,72.99,73.0,73.0,1.885,3,,,
2026-06-03 19:00:00+00:00,72.77,72.77,72.76,72.76,72.76,0.721,2,,,
2026-06-03 19:15:00+00:00,72.67,72.67,71.92,71.92,71.92,66.93,16,,,
2026-06-03 19:30:00+00:00,71.91,72.33,71.78,72.33,72.33,7.389,6,,,
2026-06-03 19:45:00+00:00,72.12,72.12,71.9,71.94,71.94,2.181,6,,,
2026-06-03 20:00:00+00:00,71.68,72.12,71.57,72.12,72.12,2.225,4,,,
2026-06-03 20:15:00+00:00,72.11,72.12,71.68,72.12,72.12,119.298,8,,,
2026-06-03 20:30:00+00:00,72.12,72.12,71.68,71.69,71.69,89.784,9,,,
2026-06-03 20:45:00+00:00,71.54,71.54,70.95,71.04,71.04,184.024,27,,,
2026-06-03 21:00:00+00:00,71.04,71.68,71.04,71.68,71.68,61.875,9,,,
2026-06-03 21:15:00+00:00,71.69,71.7,71.69,71.7,71.7,16.384,2,,,
2026-06-03 21:30:00+00:00,71.9,72.2,71.9,72.12,72.12,12.455,9,,,
2026-06-03 21:45:00+00:00,72.33,72.67,72.33,72.59,72.59,1.889,4,,,
2026-06-03 22:00:00+00:00,72.77,73.01,72.55,72.55,72.55,8.293,15,,,
2026-06-03 22:15:00+00:00,72.33,72.45,72.12,72.45,72.45,10.56,11,,,
2026-06-03 22:30:00+00:00,72.12,72.12,72.12,72.12,72.12,0.693,2,,,
2026-06-03 22:45:00+00:00,72.12,72.12,72.12,72.12,72.12,0.0,0,,,
2026-06-03 23:00:00+00:00,71.9,71.9,71.68,71.68,71.68,1.806,5,,,
2026-06-03 23:15:00+00:00,71.63,71.63,71.63,71.63,71.63,3.0,1,,,
2026-06-03 23:30:00+00:00,71.64,71.64,71.64,71.64,71.64,9.242,1,,,
2026-06-03 23:45:00+00:00,71.59,71.59,71.59,71.59,71.59,0.587,1,,,
2026-06-04 00:00:00+00:00,71.9,71.9,71.68,71.68,71.68,1.509,3,,,
2026-06-04 00:15:00+00:00,71.9,71.99,70.55,70.55,70.55,43.684,17,,,
2026-06-04 00:30:00+00:00,70.49,71.04,70.36,71.04,71.04,87.291,31,,,
2026-06-04 00:45:00+00:00,70.83,70.83,70.4,70.44,70.44,18.894,10,,,
2026-06-04 01:00:00+00:00,70.76,70.86,70.09,70.09,70.09,137.076,12,,,
2026-06-04 01:15:00+00:00,70.0,70.12,69.0,69.34,69.34,285.408,50,,,
2026-06-04 01:30:00+00:00,69.26,69.81,69.26,69.61,69.61,69.035,11,,,
2026-06-04 01:45:00+00:00,69.47,69.48,68.43,68.64,68.64,303.835,33,,,
2026-06-04 02:00:00+00:00,68.56,68.56,66.76,68.23,68.23,1057.193,85,,,
2026-06-04 02:15:00+00:00,68.12,69.39,67.91,69.39,69.39,59.087,25,,,
2026-06-04 02:30:00+00:00,69.56,70.15,69.56,70.15,70.15,85.632,19,,,
2026-06-04 02:45:00+00:00,70.15,70.4,70.0,70.0,70.0,150.104,13,,,
2026-06-04 03:00:00+00:00,70.4,71.0,70.4,70.92,70.92,56.212,17,,,
2026-06-04 03:15:00+00:00,70.99,71.17,70.95,70.95,70.95,29.334,11,,,
2026-06-04 03:30:00+00:00,71.26,71.56,71.26,71.56,71.56,245.453,23,,,
2026-06-04 03:45:00+00:00,71.45,71.45,71.38,71.38,71.38,46.863,7,,,
2026-06-04 04:00:00+00:00,71.49,71.7,71.49,71.69,71.69,13.875,7,,,
2026-06-04 04:15:00+00:00,71.64,71.64,71.46,71.46,71.46,14.554,3,,,
2026-06-04 04:30:00+00:00,71.1,71.1,70.95,70.95,70.95,53.549,2,,,
2026-06-04 04:45:00+00:00,70.83,70.83,70.83,70.83,70.83,0.705,1,,,
2026-06-04 05:00:00+00:00,70.62,70.62,69.98,70.19,70.19,32.733,17,,,
2026-06-04 05:15:00+00:00,70.17,70.22,70.06,70.06,70.06,77.823,5,,,
2026-06-04 05:30:00+00:00,69.98,70.4,69.98,70.4,70.4,2.136,3,,,
2026-06-04 05:45:00+00:00,70.19,70.19,70.19,70.19,70.19,0.712,2,,,
2026-06-04 06:00:00+00:00,70.4,70.62,70.4,70.62,70.62,1.418,2,,,
2026-06-04 06:15:00+00:00,70.83,71.11,70.77,70.77,70.77,2.684,6,,,
2026-06-04 06:30:00+00:00,70.62,70.83,70.62,70.83,70.83,1.413,3,,,
2026-06-04 06:45:00+00:00,70.68,70.68,70.4,70.4,70.4,4.15,6,,,
2026-06-04 07:00:00+00:00,70.19,70.19,69.88,69.88,69.88,393.569,23,,,
2026-06-04 07:15:00+00:00,69.77,69.77,69.5,69.5,69.5,88.12,15,,,
2026-06-04 07:30:00+00:00,69.76,69.84,69.56,69.84,69.84,18.823,8,,,
2026-06-04 07:45:00+00:00,69.56,69.56,69.12,69.12,69.12,18.826,6,,,
2026-06-04 08:00:00+00:00,69.05,69.31,68.51,68.51,68.51,47.247,22,,,
2026-06-04 08:15:00+00:00,68.43,68.95,68.32,68.95,68.95,57.229,19,,,
2026-06-04 08:30:00+00:00,69.15,69.15,68.94,68.94,68.94,1.448,3,,,
2026-06-04 08:45:00+00:00,69.15,69.15,69.15,69.15,69.15,0.723,1,,,
2026-06-04 09:00:00+00:00,68.94,68.94,68.32,68.32,68.32,20.111,11,,,
2026-06-04 09:15:00+00:00,68.18,68.18,67.82,67.82,67.82,7.643,17,,,
2026-06-04 09:30:00+00:00,67.74,68.0,67.71,68.0,68.0,18.936,4,,,
2026-06-04 09:45:00+00:00,68.12,68.73,68.12,68.73,68.73,26.99,10,,,
2026-06-04 10:00:00+00:00,68.53,68.53,68.23,68.53,68.53,3.706,4,,,
2026-06-04 10:15:00+00:00,68.32,68.56,68.32,68.32,68.32,23.041,5,,,
2026-06-04 10:30:00+00:00,68.51,68.53,68.32,68.32,68.32,25.983,7,,,
2026-06-04 10:45:00+00:00,68.12,68.12,67.53,67.58,67.58,193.876,23,,,
2026-06-04 11:00:00+00:00,67.91,67.91,67.35,67.61,67.61,60.985,13,,,
2026-06-04 11:15:00+00:00,67.71,68.32,67.7,68.12,68.12,12.586,8,,,
2026-06-04 11:30:00+00:00,68.32,68.32,67.9,67.9,67.9,203.982,8,,,
2026-06-04 11:45:00+00:00,68.12,68.6,68.12,68.6,68.6,362.443,19,,,
2026-06-04 12:00:00+00:00,68.6,68.94,68.32,68.32,68.32,215.082,16,,,
2026-06-04 12:15:00+00:00,68.53,69.19,68.53,69.19,69.19,115.321,19,,,
2026-06-04 12:30:00+00:00,69.35,70.03,69.31,69.9,69.9,23.68,13,,,
2026-06-04 12:45:00+00:00,69.87,70.23,69.84,69.98,69.98,169.48,17,,,
2026-06-04 13:00:00+00:00,69.98,69.98,69.77,69.77,69.77,6.431,2,,,
2026-06-04 13:15:00+00:00,69.56,69.56,69.15,69.34,69.34,27.258,10,,,
2026-06-04 13:30:00+00:00,69.35,70.4,69.35,70.19,70.19,7.44,11,,,
2026-06-04 13:45:00+00:00,69.98,70.26,69.98,70.19,70.19,4.897,6,,,
2026-06-04 14:00:00+00:00,70.4,70.55,70.19,70.55,70.55,2.318,6,,,
2026-06-04 14:15:00+00:00,70.44,70.44,70.19,70.19,70.19,15.882,3,,,
2026-06-04 14:30:00+00:00,69.98,69.98,69.6,69.6,69.6,9.456,12,,,
2026-06-04 14:45:00+00:00,69.6,69.62,69.56,69.62,69.62,23.253,6,,,
2026-06-04 15:00:00+00:00,69.77,70.4,69.77,70.19,70.19,37.189,15,,,
2026-06-04 15:15:00+00:00,69.98,69.98,69.56,69.79,69.79,11.686,12,,,
2026-06-04 15:30:00+00:00,69.74,69.74,69.74,69.74,69.74,15.364,1,,,
2026-06-04 15:45:00+00:00,69.56,69.77,69.44,69.76,69.76,39.69,9,,,
2026-06-04 16:00:00+00:00,69.56,69.56,69.25,69.25,69.25,3.938,6,,,
2026-06-04 16:15:00+00:00,69.15,69.15,69.12,69.12,69.12,0.91,4,,,
2026-06-04 16:30:00+00:00,69.0,69.4,69.0,69.4,69.4,11.671,6,,,
2026-06-04 16:45:00+00:00,69.56,69.56,69.35,69.35,69.35,1.438,4,,,
2026-06-04 17:00:00+00:00,69.56,69.56,69.56,69.56,69.56,0.718,1,,,
2026-06-04 17:15:00+00:00,69.35,69.35,69.15,69.15,69.15,1.613,4,,,
2026-06-04 17:30:00+00:00,68.94,68.94,68.5,68.5,68.5,5.245,11,,,
2026-06-04 17:45:00+00:00,68.51,69.35,68.5,69.15,69.15,36.083,15,,,
2026-06-04 18:00:00+00:00,69.27,69.27,68.73,68.73,68.73,2.689,11,,,
2026-06-04 18:15:00+00:00,68.94,69.53,68.94,69.53,69.53,92.616,14,,,
2026-06-04 18:30:00+00:00,69.56,69.77,69.45,69.67,69.67,35.768,11,,,
2026-06-04 18:45:00+00:00,69.76,69.77,69.51,69.51,69.51,29.963,10,,,
2026-06-04 19:00:00+00:00,69.5,69.5,69.08,69.35,69.35,21.609,14,,,
2026-06-04 19:15:00+00:00,69.48,69.56,69.31,69.56,69.56,12.78,6,,,
2026-06-04 19:30:00+00:00,69.35,69.35,69.35,69.35,69.35,0.72,2,,,
2026-06-04 19:45:00+00:00,69.23,69.23,69.01,69.05,69.05,5.191,8,,,
2026-06-04 20:00:00+00:00,68.94,68.94,68.53,68.8,68.8,3.944,8,,,
2026-06-04 20:15:00+00:00,68.81,68.94,68.57,68.57,68.57,2.559,7,,,
2026-06-04 20:30:00+00:00,68.79,68.93,68.79,68.93,68.93,0.37,3,,,
2026-06-04 20:45:00+00:00,68.63,68.74,68.53,68.74,68.74,2.296,11,,,
2026-06-04 21:00:00+00:00,68.76,68.95,68.73,68.73,68.73,1.782,9,,,
2026-06-04 21:15:00+00:00,68.81,68.81,68.23,68.23,68.23,6.788,15,,,
2026-06-04 21:30:00+00:00,68.13,68.15,67.66,67.91,67.91,18.685,19,,,
2026-06-04 21:45:00+00:00,67.91,67.97,67.8,67.85,67.85,1.02,6,,,
2026-06-04 22:00:00+00:00,67.71,68.08,67.55,67.55,67.55,4.222,9,,,
2026-06-04 22:15:00+00:00,67.83,68.05,67.82,68.05,68.05,12.629,14,,,
2026-06-04 22:30:00+00:00,67.88,67.98,67.67,67.89,67.89,18.188,12,,,
2026-06-04 22:45:00+00:00,68.04,68.41,67.91,68.41,68.41,14.111,9,,,
2026-06-04 23:00:00+00:00,68.42,68.74,68.42,68.52,68.52,4.444,15,,,
2026-06-04 23:15:00+00:00,68.5,68.5,68.04,68.3,68.3,19.025,13,,,
2026-06-04 23:30:00+00:00,68.3,68.64,68.22,68.64,68.64,87.337,10,,,
2026-06-04 23:45:00+00:00,68.62,68.86,68.57,68.79,68.79,115.455,10,,,
2026-06-05 00:00:00+00:00,68.72,68.73,68.53,68.56,68.56,3.294,5,,,
2026-06-05 00:15:00+00:00,68.32,68.94,68.32,68.94,68.94,4.275,13,,,
2026-06-05 00:30:00+00:00,69.0,69.0,68.72,68.82,68.82,4.977,10,,,
2026-06-05 00:45:00+00:00,68.85,68.94,68.32,68.32,68.32,157.93,20,,,
2026-06-05 01:00:00+00:00,68.12,68.12,67.66,68.12,68.12,125.181,27,,,
2026-06-05 01:15:00+00:00,68.05,68.32,68.05,68.27,68.27,4.127,9,,,
2026-06-05 01:30:00+00:00,68.53,68.66,68.27,68.27,68.27,5.019,13,,,
2026-06-05 01:45:00+00:00,68.4,68.53,68.37,68.5,68.5,25.674,9,,,
2026-06-05 02:00:00+00:00,68.38,68.48,68.27,68.27,68.27,2.679,7,,,
2026-06-05 02:15:00+00:00,68.12,68.12,67.8,67.8,67.8,3.24,9,,,
2026-06-05 02:30:00+00:00,67.71,67.95,67.33,67.72,67.72,154.56,27,,,
2026-06-05 02:45:00+00:00,67.91,67.91,67.19,67.22,67.22,4.786,13,,,
2026-06-05 03:00:00+00:00,67.17,67.29,67.08,67.23,67.23,13.082,11,,,
2026-06-05 03:15:00+00:00,67.14,67.75,67.14,67.19,67.19,40.786,24,,,
2026-06-05 03:30:00+00:00,67.5,67.59,66.91,66.91,66.91,27.22,21,,,
2026-06-05 03:45:00+00:00,67.15,67.15,66.92,66.94,66.94,48.407,20,,,
2026-06-05 04:00:00+00:00,66.9,67.62,66.49,67.27,67.27,499.235,42,,,
2026-06-05 04:15:00+00:00,67.32,67.77,67.06,67.77,67.77,285.519,29,,,
2026-06-05 04:30:00+00:00,67.5,67.5,67.3,67.34,67.34,506.585,19,,,
2026-06-05 04:45:00+00:00,67.19,67.91,66.92,67.91,67.91,112.174,19,,,
2026-06-05 05:00:00+00:00,67.95,67.95,67.57,67.64,67.64,46.254,17,,,
2026-06-05 05:15:00+00:00,67.5,67.74,67.5,67.59,67.59,108.453,7,,,
2026-06-05 05:30:00+00:00,67.85,67.85,66.65,66.65,66.65,23.338,8,,,
2026-06-05 05:45:00+00:00,66.5,66.79,66.11,66.11,66.11,29.278,19,,,
2026-06-05 06:00:00+00:00,66.0,66.3,65.7,65.7,65.7,23.583,16,,,
2026-06-05 06:15:00+00:00,65.6,65.6,64.0,64.53,64.53,634.574,85,,,
2026-06-05 06:30:00+00:00,64.72,65.43,64.53,65.43,65.43,18.052,20,,,
2026-06-05 06:45:00+00:00,65.11,65.14,64.89,65.11,65.11,10.504,8,,,
2026-06-05 07:00:00+00:00,64.92,64.92,63.9,64.14,64.14,105.938,24,,,
2026-06-05 07:15:00+00:00,64.34,65.38,64.34,65.36,65.36,9.615,17,,,
2026-06-05 07:30:00+00:00,65.51,66.1,65.31,66.1,66.1,14.356,9,,,
2026-06-05 07:45:00+00:00,65.9,66.13,65.9,66.13,66.13,22.765,5,,,
2026-06-05 08:00:00+00:00,66.0,66.0,65.51,65.51,65.51,10.323,6,,,
2026-06-05 08:15:00+00:00,65.7,65.9,65.7,65.9,65.9,24.453,5,,,
2026-06-05 08:30:00+00:00,65.98,65.98,65.48,65.48,65.48,1.727,4,,,
2026-06-05 08:45:00+00:00,65.31,65.31,65.11,65.11,65.11,0.782,2,,,
2026-06-05 09:00:00+00:00,65.31,66.21,65.31,66.21,66.21,339.108,23,,,
2026-06-05 09:15:00+00:00,66.3,66.39,66.1,66.3,66.3,23.634,7,,,
2026-06-05 09:30:00+00:00,66.1,66.1,66.1,66.1,66.1,0.756,2,,,
2026-06-05 09:45:00+00:00,66.3,66.5,66.3,66.46,66.46,2.138,5,,,
2026-06-05 10:00:00+00:00,66.59,66.66,66.53,66.53,66.53,23.335,5,,,
2026-06-05 10:15:00+00:00,66.3,66.5,66.27,66.5,66.5,3.319,4,,,
2026-06-05 10:30:00+00:00,66.3,66.5,66.3,66.5,66.5,21.922,3,,,
2026-06-05 10:45:00+00:00,66.3,66.3,66.3,66.3,66.3,0.754,1,,,
2026-06-05 11:00:00+00:00,66.1,66.1,65.9,65.9,65.9,9.114,3,,,
2026-06-05 11:15:00+00:00,66.06,66.7,66.06,66.5,66.5,281.986,27,,,
2026-06-05 11:30:00+00:00,66.3,66.33,66.1,66.1,66.1,25.162,6,,,
2026-06-05 11:45:00+00:00,66.27,66.27,66.27,66.27,66.27,1.57,1,,,
2026-06-05 12:00:00+00:00,65.9,66.17,65.48,66.07,66.07,7.046,12,,,
2026-06-05 12:15:00+00:00,65.9,66.29,65.9,65.9,65.9,3.915,7,,,
2026-06-05 12:30:00+00:00,66.01,66.1,65.31,65.73,65.73,27.844,18,,,
2026-06-05 12:45:00+00:00,65.51,65.7,65.42,65.7,65.7,3.164,4,,,
2026-06-05 13:00:00+00:00,65.78,66.3,65.78,66.18,66.18,39.902,14,,,
2026-06-05 13:15:00+00:00,66.36,66.63,66.36,66.63,66.63,5.028,8,,,
2026-06-05 13:30:00+00:00,66.3,66.7,65.86,65.86,65.86,25.853,19,,,
2026-06-05 13:45:00+00:00,65.75,65.75,64.34,64.34,64.34,75.586,35,,,
2026-06-05 14:00:00+00:00,64.47,65.11,64.1,64.91,64.91,100.115,38,,,
2026-06-05 14:15:00+00:00,65.11,65.31,64.64,64.64,64.64,10.001,12,,,
2026-06-05 14:30:00+00:00,64.89,65.7,64.72,65.48,65.48,30.668,18,,,
2026-06-05 14:45:00+00:00,65.7,65.7,64.92,65.31,65.31,7.033,11,,,
2026-06-05 15:00:00+00:00,65.11,65.24,64.41,64.41,64.41,13.285,14,,,
2026-06-05 15:15:00+00:00,64.34,64.92,64.3,64.53,64.53,37.922,17,,,
2026-06-05 15:30:00+00:00,64.72,64.72,64.02,64.34,64.34,70.343,15,,,
2026-06-05 15:45:00+00:00,64.14,64.34,63.85,64.2,64.2,14.511,13,,,
2026-06-05 16:00:00+00:00,64.14,64.53,63.28,64.34,64.34,46.166,31,,,
2026-06-05 16:15:00+00:00,64.72,65.36,64.71,65.11,65.11,33.695,25,,,
2026-06-05 16:30:00+00:00,64.92,64.92,64.53,64.53,64.53,64.332,8,,,
2026-06-05 16:45:00+00:00,64.72,65.9,64.72,65.87,65.87,32.261,23,,,
2026-06-05 17:00:00+00:00,65.97,66.0,65.51,65.51,65.51,25.676,20,,,
2026-06-05 17:15:00+00:00,65.37,65.37,64.92,64.92,64.92,25.225,15,,,
2026-06-05 17:30:00+00:00,64.89,65.56,64.89,65.11,65.11,357.676,30,,,
2026-06-05 17:45:00+00:00,65.01,65.05,64.92,64.92,64.92,8.11,6,,,
2026-06-05 18:00:00+00:00,65.11,65.31,65.01,65.12,65.12,6.285,6,,,
2026-06-05 18:15:00+00:00,64.92,64.92,63.99,63.99,63.99,48.594,32,,,
2026-06-05 18:30:00+00:00,63.97,64.14,63.51,63.76,63.76,82.814,23,,,
2026-06-05 18:45:00+00:00,63.65,63.65,62.75,63.0,63.0,293.006,32,,,
2026-06-05 19:00:00+00:00,62.81,62.89,61.94,61.94,61.94,108.329,42,,,
2026-06-05 19:15:00+00:00,61.75,62.74,61.69,62.74,62.74,29.331,18,,,
2026-06-05 19:30:00+00:00,62.43,62.5,62.06,62.5,62.5,22.479,23,,,
2026-06-05 19:45:00+00:00,62.52,63.76,62.52,63.57,63.57,226.334,35,,,
2026-06-05 20:00:00+00:00,63.38,64.18,62.81,64.0,64.0,61.038,36,,,
2026-06-05 20:15:00+00:00,64.11,64.34,63.95,64.34,64.34,8.82,12,,,
2026-06-05 20:30:00+00:00,64.14,64.45,64.14,64.45,64.45,11.226,11,,,
2026-06-05 20:45:00+00:00,64.48,64.83,64.41,64.56,64.56,96.517,20,,,
2026-06-05 21:00:00+00:00,64.62,64.96,64.62,64.76,64.76,8.313,12,,,
2026-06-05 21:15:00+00:00,64.92,65.07,64.92,65.07,65.07,3.888,6,,,
2026-06-05 21:30:00+00:00,65.1,65.35,65.1,65.35,65.35,2.286,6,,,
2026-06-05 21:45:00+00:00,65.19,65.22,64.92,64.92,64.92,7.771,7,,,
2026-06-05 22:00:00+00:00,64.88,64.88,63.94,64.38,64.38,24.849,26,,,
2026-06-05 22:15:00+00:00,64.51,64.61,64.14,64.14,64.14,6.721,9,,,
2026-06-05 22:30:00+00:00,64.14,64.69,64.14,64.69,64.69,171.235,10,,,
2026-06-05 22:45:00+00:00,64.34,64.53,64.34,64.48,64.48,17.435,9,,,
2026-06-05 23:00:00+00:00,64.47,64.72,64.14,64.14,64.14,31.08,13,,,
2026-06-05 23:15:00+00:00,63.95,63.95,63.57,63.57,63.57,2.851,4,,,
2026-06-05 23:30:00+00:00,63.38,63.38,62.76,63.14,63.14,12.355,10,,,
2026-06-05 23:45:00+00:00,63.1,63.64,63.1,63.64,63.64,251.319,8,,,
2026-06-06 00:00:00+00:00,63.66,64.49,63.66,64.49,64.49,87.602,14,,,
2026-06-06 00:15:00+00:00,64.53,64.65,64.25,64.25,64.25,47.433,9,,,
2026-06-06 00:30:00+00:00,64.53,64.66,64.53,64.6,64.6,180.945,6,,,
2026-06-06 00:45:00+00:00,64.72,64.77,64.71,64.77,64.77,74.897,6,,,
2026-06-06 01:00:00+00:00,64.83,64.83,64.53,64.53,64.53,0.804,2,,,
2026-06-06 01:15:00+00:00,64.34,64.34,63.91,64.34,64.34,4.05,7,,,
2026-06-06 01:30:00+00:00,64.45,64.45,64.12,64.12,64.12,2.034,4,,,
2026-06-06 01:45:00+00:00,63.95,63.95,63.95,63.95,63.95,0.781,5,,,
2026-06-06 02:00:00+00:00,63.76,63.76,63.57,63.76,63.76,5.754,7,,,
2026-06-06 02:15:00+00:00,63.57,63.57,63.38,63.57,63.57,2.36,5,,,
2026-06-06 02:30:00+00:00,63.76,63.76,63.57,63.76,63.76,17.753,5,,,
2026-06-06 02:45:00+00:00,63.57,63.76,63.57,63.57,63.57,57.299,12,,,
2026-06-06 03:00:00+00:00,63.38,63.38,63.16,63.16,63.16,1.736,3,,,
2026-06-06 03:15:00+00:00,63.24,63.24,63.0,63.0,63.0,0.951,2,,,
2026-06-06 03:30:00+00:00,62.81,63.0,62.67,62.81,62.81,5.66,6,,,
2026-06-06 03:45:00+00:00,62.76,63.0,62.76,62.81,62.81,3.385,4,,,
2026-06-06 04:00:00+00:00,63.0,63.0,61.68,61.72,61.72,450.73,53,,,
2026-06-06 04:15:00+00:00,61.87,61.87,61.13,61.37,61.37,60.9,20,,,
2026-06-06 04:30:00+00:00,61.13,61.13,60.49,60.58,60.58,187.941,43,,,
2026-06-06 04:45:00+00:00,60.58,61.13,60.58,60.77,60.77,8.694,15,,,
2026-06-06 05:00:00+00:00,60.58,61.13,60.24,60.77,60.77,26.121,21,,,
2026-06-06 05:15:00+00:00,60.95,62.64,60.78,62.24,62.24,51.268,30,,,
2026-06-06 05:30:00+00:00,62.06,62.43,62.06,62.24,62.24,9.819,10,,,
2026-06-06 05:45:00+00:00,62.43,62.62,62.38,62.62,62.62,27.233,7,,,
2026-06-06 06:00:00+00:00,62.69,63.0,62.69,62.81,62.81,106.176,8,,,
2026-06-06 06:15:00+00:00,63.0,63.19,62.91,63.0,63.0,6.417,6,,,
2026-06-06 06:30:00+00:00,62.99,63.19,62.81,62.81,62.81,2.826,5,,,
2026-06-06 06:45:00+00:00,62.67,62.67,62.24,62.24,62.24,45.575,7,,,
2026-06-06 07:00:00+00:00,62.1,62.93,62.1,62.93,62.93,358.178,17,,,
2026-06-06 07:15:00+00:00,63.0,63.0,62.62,62.62,62.62,2.387,4,,,
2026-06-06 07:30:00+00:00,62.81,62.81,62.81,62.81,62.81,0.796,1,,,
2026-06-06 07:45:00+00:00,63.0,63.0,62.78,62.78,62.78,1.637,4,,,
2026-06-06 08:00:00+00:00,62.62,62.97,62.62,62.97,62.97,1.666,5,,,
2026-06-06 08:15:00+00:00,63.0,63.43,63.0,63.4,63.4,51.236,11,,,
2026-06-06 08:30:00+00:00,63.44,63.47,63.26,63.26,63.26,47.344,4,,,
2026-06-06 08:45:00+00:00,63.19,63.38,63.19,63.19,63.19,10.07,5,,,
2026-06-06 09:00:00+00:00,63.27,63.27,63.19,63.19,63.19,10.261,2,,,
2026-06-06 09:15:00+00:00,63.38,63.48,63.38,63.48,63.48,0.898,3,,,
2026-06-06 09:30:00+00:00,63.19,63.19,63.19,63.19,63.19,0.791,1,,,
2026-06-06 09:45:00+00:00,63.0,63.0,62.48,62.48,62.48,10.661,8,,,
2026-06-06 10:00:00+00:00,62.43,62.43,62.05,62.05,62.05,255.935,16,,,
2026-06-06 10:15:00+00:00,61.87,62.06,61.87,62.06,62.06,1.613,2,,,
2026-06-06 10:30:00+00:00,61.87,61.87,61.31,61.5,61.5,12.727,15,,,
2026-06-06 10:45:00+00:00,61.44,61.87,61.44,61.87,61.87,1.881,6,,,
2026-06-06 11:00:00+00:00,61.97,62.06,61.97,62.06,62.06,1.184,2,,,
2026-06-06 11:15:00+00:00,62.13,62.29,62.13,62.18,62.18,98.843,4,,,
2026-06-06 11:30:00+00:00,62.25,62.43,62.25,62.43,62.43,12.267,5,,,
2026-06-06 11:45:00+00:00,62.49,62.62,62.43,62.43,62.43,2.419,5,,,
2026-06-06 12:00:00+00:00,62.62,62.62,62.62,62.62,62.62,1.737,2,,,
2026-06-06 12:15:00+00:00,62.54,62.54,62.26,62.26,62.26,7.435,3,,,
2026-06-06 12:30:00+00:00,62.24,62.43,62.24,62.43,62.43,1.603,2,,,
2026-06-06 12:45:00+00:00,62.54,63.0,62.54,63.0,63.0,101.993,5,,,
2026-06-06 13:00:00+00:00,62.89,62.94,62.81,62.81,62.81,3.727,6,,,
2026-06-06 13:15:00+00:00,62.8,62.8,62.62,62.62,62.62,0.831,2,,,
2026-06-06 13:30:00+00:00,62.43,62.5,62.24,62.5,62.5,2.903,5,,,
2026-06-06 13:45:00+00:00,62.6,62.7,62.4,62.4,62.4,2.348,5,,,
2026-06-06 14:00:00+00:00,62.62,62.81,62.59,62.81,62.81,9.578,3,,,
2026-06-06 14:15:00+00:00,62.62,62.62,62.6,62.6,62.6,1.798,2,,,
2026-06-06 14:30:00+00:00,62.8,62.81,62.75,62.81,62.81,26.303,5,,,
2026-06-06 14:45:00+00:00,62.81,62.81,62.43,62.43,62.43,32.572,3,,,
2026-06-06 15:00:00+00:00,62.24,62.24,61.68,61.81,61.81,22.621,14,,,
2026-06-06 15:15:00+00:00,61.5,61.69,61.39,61.59,61.59,12.008,8,,,
2026-06-06 15:30:00+00:00,61.69,62.06,61.69,62.06,62.06,3.126,5,,,
2026-06-06 15:45:00+00:00,62.24,62.24,62.06,62.06,62.06,4.826,5,,,
2026-06-06 16:00:00+00:00,62.24,62.25,61.97,61.97,61.97,84.84,4,,,
2026-06-06 16:15:00+00:00,61.95,61.95,61.6,61.6,61.6,21.759,11,,,
2026-06-06 16:30:00+00:00,61.5,61.76,61.5,61.76,61.76,6.265,7,,,
2026-06-06 16:45:00+00:00,61.87,62.18,61.87,61.95,61.95,35.331,7,,,
2026-06-06 17:00:00+00:00,61.97,62.02,61.87,61.87,61.87,74.897,5,,,
2026-06-06 17:15:00+00:00,61.69,61.69,61.68,61.68,61.68,2.257,3,,,
2026-06-06 17:30:00+00:00,61.87,62.13,61.87,61.87,61.87,29.71,5,,,
2026-06-06 17:45:00+00:00,61.69,61.69,61.5,61.5,61.5,8.274,6,,,
2026-06-06 18:00:00+00:00,61.67,61.67,61.67,61.67,61.67,0.045,1,,,
2026-06-06 18:15:00+00:00,61.69,62.06,61.67,62.06,62.06,10.414,5,,,
2026-06-06 18:30:00+00:00,61.87,61.87,61.69,61.69,61.69,1.618,2,,,
2026-06-06 18:45:00+00:00,61.73,61.8,61.73,61.79,61.79,41.569,3,,,
2026-06-06 19:00:00+00:00,61.87,62.06,61.87,62.04,62.04,97.695,5,,,
2026-06-06 19:15:00+00:00,62.04,62.04,61.87,61.87,61.87,29.393,6,,,
2026-06-06 19:30:00+00:00,61.87,61.87,61.87,61.87,61.87,0.0,0,,,
2026-06-06 19:45:00+00:00,61.7,61.7,61.7,61.7,61.7,7.883,3,,,
2026-06-06 20:00:00+00:00,61.69,61.7,61.5,61.5,61.5,27.336,13,,,
2026-06-06 20:15:00+00:00,61.69,61.69,61.64,61.64,61.64,2.81,2,,,
2026-06-06 20:30:00+00:00,61.5,61.69,61.5,61.69,61.69,15.63,3,,,
2026-06-06 20:45:00+00:00,61.79,61.87,61.67,61.87,61.87,209.543,9,,,
2026-06-06 21:00:00+00:00,61.95,62.19,61.95,62.1,62.1,94.413,7,,,
2026-06-06 21:15:00+00:00,62.08,62.23,62.07,62.23,62.23,13.064,4,,,
2026-06-06 21:30:00+00:00,62.21,62.24,62.21,62.24,62.24,0.847,2,,,
2026-06-06 21:45:00+00:00,62.06,62.08,62.03,62.03,62.03,2.099,3,,,
2026-06-06 22:00:00+00:00,61.87,61.87,61.6,61.64,61.64,4.82,5,,,
2026-06-06 22:15:00+00:00,61.87,61.97,61.5,61.5,61.5,4.042,5,,,
2026-06-06 22:30:00+00:00,61.69,61.69,61.66,61.66,61.66,0.928,2,,,
2026-06-06 22:45:00+00:00,61.75,61.87,61.75,61.87,61.87,7.23,3,,,
2026-06-06 23:00:00+00:00,62.06,62.06,62.06,62.06,62.06,0.805,1,,,
2026-06-06 23:15:00+00:00,61.92,61.94,61.87,61.94,61.94,31.101,5,,,
2026-06-06 23:30:00+00:00,62.06,62.24,62.06,62.18,62.18,24.195,7,,,
2026-06-06 23:45:00+00:00,62.18,62.18,62.18,62.18,62.18,0.0,0,,,
2026-06-07 00:00:00+00:00,62.18,62.18,62.06,62.06,62.06,8.846,2,,,
2026-06-07 00:15:00+00:00,62.18,62.24,62.18,62.24,62.24,0.847,2,,,
2026-06-07 00:30:00+00:00,62.32,62.5,62.32,62.5,62.5,48.914,4,,,
2026-06-07 00:45:00+00:00,62.24,62.25,62.18,62.18,62.18,4.417,5,,,
2026-06-07 01:00:00+00:00,62.11,63.15,62.11,63.15,63.15,51.892,26,,,
2026-06-07 01:15:00+00:00,63.18,63.76,63.18,63.76,63.76,13.706,15,,,
2026-06-07 01:30:00+00:00,63.57,63.83,63.57,63.57,63.57,2.955,6,,,
2026-06-07 01:45:00+00:00,63.76,63.76,63.53,63.53,63.53,13.168,5,,,
2026-06-07 02:00:00+00:00,63.61,63.8,63.61,63.8,63.8,16.185,4,,,
2026-06-07 02:15:00+00:00,63.57,63.57,63.17,63.17,63.17,5.282,11,,,
2026-06-07 02:30:00+00:00,63.25,63.25,63.25,63.25,63.25,0.791,1,,,
2026-06-07 02:45:00+00:00,63.38,63.57,63.38,63.57,63.57,1.823,4,,,
2026-06-07 03:00:00+00:00,63.54,63.59,63.4,63.56,63.56,801.745,24,,,
2026-06-07 03:15:00+00:00,63.67,64.1,63.67,64.1,64.1,133.22,16,,,
2026-06-07 03:30:00+00:00,63.76,63.76,63.76,63.76,63.76,0.784,1,,,
2026-06-07 03:45:00+00:00,63.74,63.74,63.66,63.67,63.67,3.622,5,,,
2026-06-07 04:00:00+00:00,63.79,63.8,63.57,63.57,63.57,413.484,4,,,
2026-06-07 04:15:00+00:00,63.59,63.59,63.38,63.38,63.38,18.181,4,,,
2026-06-07 04:30:00+00:00,63.47,63.95,63.47,63.95,63.95,4.269,8,,,
2026-06-07 04:45:00+00:00,63.89,64.11,63.89,64.11,64.11,3.591,2,,,
2026-06-07 05:00:00+00:00,63.96,64.34,63.96,64.31,64.31,156.424,13,,,
2026-06-07 05:15:00+00:00,64.3,64.42,64.15,64.35,64.35,4.084,6,,,
2026-06-07 05:30:00+00:00,64.12,64.34,64.12,64.34,64.34,10.079,2,,,
2026-06-07 05:45:00+00:00,64.34,64.34,64.34,64.34,64.34,0.0,0,,,
2026-06-07 06:00:00+00:00,64.24,64.24,64.24,64.24,64.24,15.566,1,,,
2026-06-07 06:15:00+00:00,64.36,64.71,64.36,64.7,64.7,64.97,8,,,
2026-06-07 06:30:00+00:00,64.76,64.91,64.74,64.91,64.91,6.189,3,,,
2026-06-07 06:45:00+00:00,64.99,64.99,64.79,64.79,64.79,16.95,2,,,
2026-06-07 07:00:00+00:00,64.64,65.0,64.64,64.86,64.86,3.729,9,,,
2026-06-07 07:15:00+00:00,64.83,64.83,64.83,64.83,64.83,7.382,1,,,
2026-06-07 07:30:00+00:00,64.83,64.83,64.83,64.83,64.83,0.0,0,,,
2026-06-07 07:45:00+00:00,64.92,64.92,64.92,64.92,64.92,1.852,1,,,
2026-06-07 08:00:00+00:00,64.92,64.92,64.92,64.92,64.92,0.0,0,,,
2026-06-07 08:15:00+00:00,64.92,64.92,64.92,64.92,64.92,0.0,0,,,
2026-06-07 08:30:00+00:00,65.0,65.2,65.0,65.2,65.2,4.705,6,,,
2026-06-07 08:45:00+00:00,65.37,65.95,65.37,65.95,65.95,17.41,16,,,
2026-06-07 09:00:00+00:00,65.73,65.98,65.73,65.98,65.98,8.547,7,,,
2026-06-07 09:15:00+00:00,66.06,66.06,65.72,65.78,65.78,0.984,7,,,
2026-06-07 09:30:00+00:00,65.69,65.69,65.69,65.69,65.69,0.178,2,,,
2026-06-07 09:45:00+00:00,65.69,65.69,65.69,65.69,65.69,0.0,0,,,
2026-06-07 10:00:00+00:00,64.88,64.88,64.82,64.82,64.82,2.052,5,,,
2026-06-07 10:15:00+00:00,64.82,64.82,64.82,64.82,64.82,0.0,0,,,
2026-06-07 10:30:00+00:00,64.82,64.82,64.82,64.82,64.82,0.0,0,,,
2026-06-07 10:45:00+00:00,64.51,64.69,64.51,64.69,64.69,1.617,4,,,
2026-06-07 11:00:00+00:00,64.78,64.78,64.78,64.78,64.78,0.178,1,,,
2026-06-07 11:15:00+00:00,64.78,64.78,64.78,64.78,64.78,0.0,0,,,
2026-06-07 11:30:00+00:00,64.85,65.06,64.82,65.06,65.06,16.68,5,,,
2026-06-07 11:45:00+00:00,65.06,65.06,65.06,65.06,65.06,0.0,0,,,
2026-06-07 12:00:00+00:00,65.06,65.06,64.0,64.0,64.0,7.67,9,,,
2026-06-07 12:15:00+00:00,64.1,64.1,64.02,64.02,64.02,89.225,5,,,
2026-06-07 12:30:00+00:00,63.88,64.01,63.76,63.76,63.76,180.973,13,,,
2026-06-07 12:45:00+00:00,63.95,64.28,63.95,64.28,64.28,2.624,4,,,
2026-06-07 13:00:00+00:00,64.25,64.27,64.25,64.26,64.26,0.348,3,,,
2026-06-07 13:15:00+00:00,64.26,64.26,64.26,64.26,64.26,0.0,0,,,
2026-06-07 13:30:00+00:00,64.39,64.41,64.29,64.3,64.3,1.359,4,,,
2026-06-07 13:45:00+00:00,64.3,64.3,64.3,64.3,64.3,1.555,1,,,
2026-06-07 14:00:00+00:00,64.41,64.53,64.41,64.47,64.47,9.69,5,,,
2026-06-07 14:15:00+00:00,64.72,65.01,64.72,65.01,65.01,1.348,5,,,
2026-06-07 14:30:00+00:00,65.3,65.3,64.81,64.81,64.81,20.799,6,,,
2026-06-07 14:45:00+00:00,64.87,64.87,64.86,64.86,64.86,66.354,4,,,
2026-06-07 15:00:00+00:00,64.86,64.86,64.86,64.86,64.86,0.0,0,,,
2026-06-07 15:15:00+00:00,64.94,64.94,64.86,64.86,64.86,15.387,3,,,
2026-06-07 15:30:00+00:00,64.97,65.07,64.97,65.07,65.07,66.434,3,,,
2026-06-07 15:45:00+00:00,64.99,64.99,64.99,64.99,64.99,0.782,1,,,
2026-06-07 16:00:00+00:00,64.92,65.05,64.92,65.05,65.05,17.543,3,,,
2026-06-07 16:15:00+00:00,65.14,65.15,65.12,65.15,65.15,3.254,3,,,
2026-06-07 16:30:00+00:00,65.19,65.23,65.19,65.19,65.19,1.842,3,,,
2026-06-07 16:45:00+00:00,65.3,65.3,65.3,65.3,65.3,0.295,2,,,
2026-06-07 17:00:00+00:00,65.34,65.55,65.34,65.37,65.37,1.982,7,,,
2026-06-07 17:15:00+00:00,65.5,65.52,65.5,65.52,65.52,1.067,3,,,
2026-06-07 17:30:00+00:00,65.49,65.49,65.49,65.49,65.49,78.63,1,,,
2026-06-07 17:45:00+00:00,65.47,65.47,65.27,65.27,65.27,3.831,2,,,
2026-06-07 18:00:00+00:00,65.27,65.27,65.27,65.27,65.27,0.0,0,,,
2026-06-07 18:15:00+00:00,65.27,65.27,65.27,65.27,65.27,0.0,0,,,
2026-06-07 18:30:00+00:00,65.29,65.35,65.29,65.33,65.33,6.916,9,,,
2026-06-07 18:45:00+00:00,65.35,65.35,65.0,65.0,65.0,32.009,9,,,
2026-06-07 19:00:00+00:00,64.85,64.85,64.23,64.23,64.23,2.27,8,,,
2026-06-07 19:15:00+00:00,64.15,64.15,64.0,64.0,64.0,3.73,2,,,
2026-06-07 19:30:00+00:00,63.92,63.92,63.76,63.76,63.76,2.472,2,,,
2026-06-07 19:45:00+00:00,63.95,64.05,63.92,63.96,63.96,25.725,4,,,
2026-06-07 20:00:00+00:00,63.95,64.38,63.95,64.36,64.36,23.723,8,,,
2026-06-07 20:15:00+00:00,64.57,64.59,64.48,64.48,64.48,3.175,8,,,
2026-06-07 20:30:00+00:00,64.48,64.48,64.48,64.48,64.48,0.0,0,,,
2026-06-07 20:45:00+00:00,64.65,64.67,64.63,64.67,64.67,1.406,4,,,
2026-06-07 21:00:00+00:00,64.85,64.85,64.85,64.85,64.85,0.75,1,,,
2026-06-07 21:15:00+00:00,64.85,64.85,64.85,64.85,64.85,0.0,0,,,
2026-06-07 21:30:00+00:00,64.85,64.85,64.85,64.85,64.85,0.0,0,,,
2026-06-07 21:45:00+00:00,64.4,64.54,64.4,64.54,64.54,3.015,2,,,
2026-06-07 22:00:00+00:00,65.28,67.14,65.28,67.14,67.14,24.85,26,,,
2026-06-07 22:15:00+00:00,67.48,67.55,66.17,66.39,66.39,483.71,35,,,
2026-06-07 22:30:00+00:00,66.55,66.55,66.3,66.3,66.3,0.449,2,,,
2026-06-07 22:45:00+00:00,66.31,66.31,66.23,66.23,66.23,31.116,4,,,
2026-06-07 23:00:00+00:00,66.04,66.05,65.93,65.93,65.93,68.707,3,,,
2026-06-07 23:15:00+00:00,65.92,66.34,65.88,66.34,66.34,157.285,13,,,
2026-06-07 23:30:00+00:00,66.34,66.34,66.08,66.08,66.08,75.318,7,,,
2026-06-07 23:45:00+00:00,66.55,66.58,66.5,66.5,66.5,21.59,4,,,
2026-06-08 00:00:00+00:00,66.39,66.39,66.3,66.3,66.3,0.322,3,,,
2026-06-08 00:15:00+00:00,66.22,66.24,66.22,66.24,66.24,3.773,2,,,
2026-06-08 00:30:00+00:00,66.64,66.99,66.62,66.8,66.8,4.951,8,,,
2026-06-08 00:45:00+00:00,66.75,66.75,66.61,66.61,66.61,1.216,2,,,
2026-06-08 01:00:00+00:00,66.6,66.6,66.17,66.17,66.17,83.548,6,,,
2026-06-08 01:15:00+00:00,66.0,66.0,65.59,65.59,65.59,38.138,7,,,
2026-06-08 01:30:00+00:00,65.71,65.96,65.71,65.92,65.92,11.369,5,,,
2026-06-08 01:45:00+00:00,66.25,66.25,66.21,66.21,66.21,1.702,2,,,
2026-06-08 02:00:00+00:00,66.28,66.29,66.22,66.29,66.29,2.615,3,,,
2026-06-08 02:15:00+00:00,66.33,66.57,66.33,66.57,66.57,47.666,5,,,
2026-06-08 02:30:00+00:00,66.33,66.33,66.33,66.33,66.33,0.376,1,,,
2026-06-08 02:45:00+00:00,66.33,66.33,66.33,66.33,66.33,0.0,0,,,
2026-06-08 03:00:00+00:00,66.35,66.61,66.35,66.54,66.54,3.351,4,,,
2026-06-08 03:15:00+00:00,66.47,66.47,66.44,66.44,66.44,18.256,2,,,
2026-06-08 03:30:00+00:00,66.44,66.44,66.44,66.44,66.44,0.0,0,,,
2026-06-08 03:45:00+00:00,66.25,66.37,66.23,66.37,66.37,0.351,3,,,
2026-06-08 04:00:00+00:00,66.39,66.39,65.89,65.89,65.89,22.4,8,,,
2026-06-08 04:15:00+00:00,65.71,65.83,65.63,65.83,65.83,2.543,3,,,
2026-06-08 04:30:00+00:00,65.7,65.7,65.42,65.42,65.42,5.113,5,,,
2026-06-08 04:45:00+00:00,65.58,65.58,65.58,65.58,65.58,10.647,2,,,
2026-06-08 05:00:00+00:00,65.21,65.22,65.2,65.2,65.2,1.679,3,,,
2026-06-08 05:15:00+00:00,65.25,65.44,65.25,65.44,65.44,4.86,5,,,
2026-06-08 05:30:00+00:00,65.02,65.02,65.02,65.02,65.02,6.93,2,,,
2026-06-08 05:45:00+00:00,65.02,65.02,65.02,65.02,65.02,0.0,0,,,
2026-06-08 06:00:00+00:00,65.49,65.49,65.46,65.46,65.46,79.126,2,,,
2026-06-08 06:15:00+00:00,65.82,65.85,65.82,65.85,65.85,0.67,3,,,
2026-06-08 06:30:00+00:00,65.77,65.79,65.77,65.79,65.79,1.706,2,,,
2026-06-08 06:45:00+00:00,65.7,65.7,65.7,65.7,65.7,8.0,2,,,
2026-06-08 07:00:00+00:00,65.52,65.52,65.52,65.52,65.52,0.022,1,,,
2026-06-08 07:15:00+00:00,65.63,65.93,65.63,65.93,65.93,13.481,4,,,
2026-06-08 07:30:00+00:00,66.03,66.03,65.92,65.92,65.92,80.104,4,,,
2026-06-08 07:45:00+00:00,65.98,66.13,65.98,66.13,66.13,28.054,6,,,
2026-06-08 08:00:00+00:00,65.85,65.93,65.85,65.93,65.93,22.795,3,,,
2026-06-08 08:15:00+00:00,65.92,65.92,65.66,65.66,65.66,6.23,2,,,
2026-06-08 08:30:00+00:00,65.66,65.66,65.66,65.66,65.66,0.0,0,,,
2026-06-08 08:45:00+00:00,65.67,65.67,65.66,65.66,65.66,18.167,2,,,
2026-06-08 09:00:00+00:00,65.8,65.83,65.8,65.83,65.83,15.828,2,,,
2026-06-08 09:15:00+00:00,65.84,66.13,65.84,66.13,66.13,49.739,7,,,
2026-06-08 09:30:00+00:00,65.85,66.14,65.85,66.04,66.04,76.663,8,,,
2026-06-08 09:45:00+00:00,66.18,66.25,66.17,66.25,66.25,24.666,5,,,
2026-06-08 10:00:00+00:00,66.34,66.34,66.25,66.29,66.29,41.809,6,,,
2026-06-08 10:15:00+00:00,66.29,66.29,66.29,66.29,66.29,0.0,0,,,
2026-06-08 10:30:00+00:00,65.98,66.36,65.98,66.14,66.14,57.001,5,,,
2026-06-08 10:45:00+00:00,66.05,66.07,66.05,66.07,66.07,9.806,2,,,
2026-06-08 11:00:00+00:00,66.07,66.46,66.06,66.46,66.46,88.132,8,,,
2026-06-08 11:15:00+00:00,66.58,66.83,66.58,66.83,66.83,37.477,7,,,
2026-06-08 11:30:00+00:00,66.88,66.88,66.8,66.8,66.8,1.307,2,,,
2026-06-08 11:45:00+00:00,66.7,66.73,66.7,66.73,66.73,1.774,2,,,
2026-06-08 12:00:00+00:00,66.54,66.54,66.03,66.03,66.03,1.501,5,,,
2026-06-08 12:15:00+00:00,66.18,66.37,66.16,66.37,66.37,79.88,7,,,
2026-06-08 12:30:00+00:00,66.56,66.89,66.56,66.89,66.89,12.993,6,,,
2026-06-08 12:45:00+00:00,66.9,67.26,66.9,67.26,67.26,1.128,3,,,
2026-06-08 13:00:00+00:00,66.89,66.91,66.89,66.91,66.91,3.851,2,,,
2026-06-08 13:15:00+00:00,66.82,66.82,66.82,66.82,66.82,0.031,1,,,
2026-06-08 13:30:00+00:00,66.61,66.77,66.6,66.6,66.6,2.722,5,,,
2026-06-08 13:45:00+00:00,66.54,66.89,66.54,66.89,66.89,0.336,2,,,
2026-06-08 14:00:00+00:00,66.71,66.84,66.71,66.84,66.84,77.555,3,,,
2026-06-08 14:15:00+00:00,66.72,66.73,66.72,66.73,66.73,23.57,3,,,
2026-06-08 14:30:00+00:00,66.91,66.96,66.76,66.76,66.76,26.464,4,,,
2026-06-08 14:45:00+00:00,67.0,67.26,67.0,67.26,67.26,18.056,6,,,
2026-06-08 15:00:00+00:00,67.37,67.56,67.37,67.56,67.56,83.106,3,,,
2026-06-08 15:15:00+00:00,67.54,67.54,67.48,67.49,67.49,18.869,4,,,
2026-06-08 15:30:00+00:00,67.37,67.37,67.27,67.27,67.27,84.302,6,,,
2026-06-08 15:45:00+00:00,67.28,67.48,67.26,67.48,67.48,19.142,4,,,
2026-06-08 16:00:00+00:00,67.05,67.38,67.05,67.38,67.38,84.061,2,,,
2026-06-08 16:15:00+00:00,67.38,67.66,67.38,67.66,67.66,77.554,6,,,
2026-06-08 16:30:00+00:00,67.48,67.48,67.17,67.17,67.17,1.339,4,,,
2026-06-08 16:45:00+00:00,67.1,67.1,66.92,66.92,66.92,13.519,4,,,
2026-06-08 17:00:00+00:00,66.88,66.88,66.63,66.63,66.63,18.068,6,,,
2026-06-08 17:15:00+00:00,66.75,67.02,66.75,67.02,67.02,2.009,4,,,
2026-06-08 17:30:00+00:00,67.0,67.0,66.83,66.83,66.83,18.546,3,,,
2026-06-08 17:45:00+00:00,67.0,67.31,67.0,67.31,67.31,0.93,8,,,
2026-06-08 18:00:00+00:00,67.41,67.55,67.41,67.51,67.51,0.622,4,,,
2026-06-08 18:15:00+00:00,67.47,67.47,67.44,67.44,67.44,3.388,2,,,
2026-06-08 18:30:00+00:00,67.41,67.41,67.36,67.36,67.36,0.282,3,,,
2026-06-08 18:45:00+00:00,67.34,67.41,67.34,67.41,67.41,57.967,6,,,
2026-06-08 19:00:00+00:00,67.51,67.69,67.51,67.69,67.69,30.796,5,,,
2026-06-08 19:15:00+00:00,67.48,67.77,67.48,67.75,67.75,1.22,5,,,
2026-06-08 19:30:00+00:00,67.61,67.61,67.61,67.61,67.61,4.441,1,,,
2026-06-08 19:45:00+00:00,67.54,67.54,67.37,67.37,67.37,61.91,6,,,
2026-06-08 20:00:00+00:00,67.44,67.44,67.13,67.13,67.13,74.99,8,,,
2026-06-08 20:15:00+00:00,66.98,67.15,66.98,67.15,67.15,18.356,6,,,
2026-06-08 20:30:00+00:00,67.05,67.36,67.05,67.36,67.36,1.929,5,,,
2026-06-08 20:45:00+00:00,67.32,67.43,67.3,67.43,67.43,15.476,3,,,
2026-06-08 21:00:00+00:00,67.5,67.99,67.5,67.99,67.99,142.067,15,,,
2026-06-08 21:15:00+00:00,68.02,68.03,67.81,67.82,67.82,11.994,10,,,
2026-06-08 21:30:00+00:00,67.91,67.91,67.87,67.87,67.87,0.13,2,,,
2026-06-08 21:45:00+00:00,67.69,67.69,67.59,67.59,67.59,2.173,3,,,
2026-06-08 22:00:00+00:00,67.43,67.43,67.07,67.07,67.07,11.791,10,,,
2026-06-08 22:15:00+00:00,67.0,67.21,66.91,67.21,67.21,2.465,6,,,
2026-06-08 22:30:00+00:00,67.21,67.21,67.21,67.21,67.21,0.0,0,,,
2026-06-08 22:45:00+00:00,67.21,67.21,67.21,67.21,67.21,0.0,0,,,
2026-06-08 23:00:00+00:00,67.18,67.38,67.18,67.38,67.38,6.071,7,,,
2026-06-08 23:15:00+00:00,67.0,67.0,66.71,66.71,66.71,2.912,4,,,
2026-06-08 23:30:00+00:00,66.85,66.85,66.85,66.85,66.85,0.177,1,,,
2026-06-08 23:45:00+00:00,66.85,66.85,66.85,66.85,66.85,0.0,0,,,
2026-06-09 00:00:00+00:00,66.8,66.8,66.58,66.58,66.58,1.192,3,,,
2026-06-09 00:15:00+00:00,66.75,66.75,65.92,65.92,65.92,56.437,10,,,
2026-06-09 00:30:00+00:00,65.92,65.94,65.47,65.78,65.78,61.064,18,,,
2026-06-09 00:45:00+00:00,65.59,65.59,65.34,65.41,65.41,64.754,12,,,
2026-06-09 01:00:00+00:00,65.41,65.41,65.41,65.41,65.41,0.0,0,,,
2026-06-09 01:15:00+00:00,65.71,65.71,65.71,65.71,65.71,3.028,1,,,
2026-06-09 01:30:00+00:00,65.96,65.98,65.96,65.98,65.98,22.727,2,,,
2026-06-09 01:45:00+00:00,65.98,65.98,65.98,65.98,65.98,0.0,0,,,
2026-06-09 02:00:00+00:00,66.08,66.08,66.08,66.08,66.08,0.757,1,,,
2026-06-09 02:15:00+00:00,66.08,66.08,66.08,66.08,66.08,0.0,0,,,
2026-06-09 02:30:00+00:00,65.61,65.61,65.61,65.61,65.61,0.227,1,,,
2026-06-09 02:45:00+00:00,65.61,65.61,65.61,65.61,65.61,0.0,0,,,
2026-06-09 03:00:00+00:00,65.87,65.87,65.87,65.87,65.87,20.3,1,,,
2026-06-09 03:15:00+00:00,65.87,65.87,65.87,65.87,65.87,0.0,0,,,
2026-06-09 03:30:00+00:00,65.85,65.85,65.85,65.85,65.85,3.463,1,,,
2026-06-09 03:45:00+00:00,65.85,65.85,65.85,65.85,65.85,0.0,0,,,
2026-06-09 04:00:00+00:00,65.85,65.85,65.85,65.85,65.85,0.0,0,,,
2026-06-09 04:15:00+00:00,66.08,66.08,66.08,66.08,66.08,3.24,1,,,
2026-06-09 04:30:00+00:00,66.2,67.21,66.2,67.21,67.21,1304.792,46,,,
2026-06-09 04:45:00+00:00,67.07,67.37,67.06,67.06,67.06,68.64,9,,,
2026-06-09 05:00:00+00:00,67.08,67.08,66.78,66.78,66.78,15.73,3,,,
2026-06-09 05:15:00+00:00,67.05,67.05,67.05,67.05,67.05,0.09,1,,,
2026-06-09 05:30:00+00:00,67.22,67.25,67.22,67.25,67.25,61.444,5,,,
2026-06-09 05:45:00+00:00,67.25,67.25,67.25,67.25,67.25,0.0,0,,,
2026-06-09 06:00:00+00:00,67.25,67.25,67.25,67.25,67.25,0.0,0,,,
2026-06-09 06:15:00+00:00,67.38,67.4,67.38,67.4,67.4,0.48,2,,,
2026-06-09 06:30:00+00:00,67.4,67.4,67.4,67.4,67.4,0.0,0,,,
2026-06-09 06:45:00+00:00,67.0,67.0,67.0,67.0,67.0,0.25,1,,,
2026-06-09 07:00:00+00:00,67.19,67.19,67.08,67.08,67.08,21.96,2,,,
2026-06-09 07:15:00+00:00,66.98,66.98,66.68,66.68,66.68,74.077,5,,,
2026-06-09 07:30:00+00:00,66.81,66.81,66.81,66.81,66.81,21.002,2,,,
2026-06-09 07:45:00+00:00,66.93,66.93,66.9,66.9,66.9,21.824,3,,,
2026-06-09 08:00:00+00:00,66.69,66.69,66.43,66.44,66.44,94.954,8,,,
2026-06-09 08:15:00+00:00,66.54,66.54,66.48,66.48,66.48,41.35,2,,,
2026-06-09 08:30:00+00:00,66.69,66.69,66.57,66.57,66.57,15.404,2,,,
2026-06-09 08:45:00+00:00,66.73,66.79,66.73,66.79,66.79,20.715,4,,,
2026-06-09 09:00:00+00:00,66.79,66.79,66.79,66.79,66.79,0.0,0,,,
2026-06-09 09:15:00+00:00,66.63,66.63,66.57,66.57,66.57,33.226,3,,,
2026-06-09 09:30:00+00:00,66.25,66.25,66.12,66.12,66.12,12.293,4,,,
2026-06-09 09:45:00+00:00,66.2,66.2,66.2,66.2,66.2,0.065,1,,,
2026-06-09 10:00:00+00:00,66.12,66.12,66.12,66.12,66.12,16.36,2,,,
2026-06-09 10:15:00+00:00,66.12,66.12,66.12,66.12,66.12,0.0,0,,,
2026-06-09 10:30:00+00:00,66.12,66.12,66.12,66.12,66.12,0.0,0,,,
2026-06-09 10:45:00+00:00,66.35,66.36,66.35,66.36,66.36,20.789,3,,,
2026-06-09 11:00:00+00:00,66.14,66.14,66.14,66.14,66.14,21.202,3,,,
2026-06-09 11:15:00+00:00,66.03,66.03,66.0,66.0,66.0,1.075,2,,,
2026-06-09 11:30:00+00:00,66.0,66.0,66.0,66.0,66.0,3.038,1,,,
2026-06-09 11:45:00+00:00,66.0,66.0,66.0,66.0,66.0,0.0,0,,,
2026-06-09 12:00:00+00:00,66.13,66.4,66.07,66.32,66.32,717.53,29,,,
2026-06-09 12:15:00+00:00,66.37,66.37,66.37,66.37,66.37,0.094,1,,,
2026-06-09 12:30:00+00:00,66.2,66.2,66.18,66.18,66.18,0.325,2,,,
2026-06-09 12:45:00+00:00,66.02,66.03,66.02,66.03,66.03,37.626,3,,,
2026-06-09 13:00:00+00:00,66.21,66.21,66.21,66.21,66.21,21.65,1,,,
2026-06-09 13:15:00+00:00,65.87,65.87,65.7,65.7,65.7,211.186,12,,,
2026-06-09 13:30:00+00:00,65.7,65.98,65.63,65.98,65.98,498.731,23,,,
2026-06-09 13:45:00+00:00,66.15,66.15,65.94,65.94,65.94,116.693,3,,,
2026-06-09 14:00:00+00:00,65.63,65.8,65.41,65.41,65.41,87.454,7,,,
2026-06-09 14:15:00+00:00,65.26,65.26,64.8,65.09,65.09,302.364,20,,,
2026-06-09 14:30:00+00:00,64.78,64.78,64.64,64.64,64.64,44.292,5,,,
2026-06-09 14:45:00+00:00,64.56,64.56,64.5,64.52,64.52,43.464,4,,,
2026-06-09 15:00:00+00:00,65.01,65.01,65.01,65.01,65.01,18.483,2,,,
2026-06-09 15:15:00+00:00,65.16,65.16,64.8,64.8,64.8,36.631,5,,,
2026-06-09 15:30:00+00:00,64.65,64.65,64.65,64.65,64.65,19.992,1,,,
2026-06-09 15:45:00+00:00,64.5,64.58,64.33,64.33,64.33,16.194,4,,,
2026-06-09 16:00:00+00:00,64.24,64.24,63.97,64.14,64.14,5.024,7,,,
2026-06-09 16:15:00+00:00,63.94,64.11,63.89,63.89,63.89,38.655,4,,,
2026-06-09 16:30:00+00:00,64.13,64.13,63.56,63.96,63.96,99.558,10,,,
2026-06-09 16:45:00+00:00,63.9,63.98,63.9,63.98,63.98,39.807,4,,,
2026-06-09 17:00:00+00:00,64.25,64.45,64.25,64.38,64.38,23.493,5,,,
2026-06-09 17:15:00+00:00,64.69,65.03,64.69,64.96,64.96,38.613,8,,,
2026-06-09 17:30:00+00:00,65.02,65.02,65.0,65.0,65.0,6.244,4,,,
2026-06-09 17:45:00+00:00,65.0,65.0,65.0,65.0,65.0,0.0,0,,,
2026-06-09 18:00:00+00:00,65.0,65.0,65.0,65.0,65.0,0.0,0,,,
2026-06-09 18:15:00+00:00,65.11,65.23,65.11,65.23,65.23,1.213,5,,,
2026-06-09 18:30:00+00:00,65.29,65.29,65.29,65.29,65.29,21.248,1,,,
2026-06-09 18:45:00+00:00,65.29,65.29,65.29,65.29,65.29,0.0,0,,,
2026-06-09 19:00:00+00:00,65.29,65.29,65.29,65.29,65.29,0.0,0,,,
2026-06-09 19:15:00+00:00,65.29,65.29,65.29,65.29,65.29,0.0,0,,,
2026-06-09 19:30:00+00:00,65.48,65.49,65.48,65.49,65.49,5.727,2,,,
2026-06-09 19:45:00+00:00,65.19,65.39,65.18,65.39,65.39,46.191,4,,,
2026-06-09 20:00:00+00:00,65.47,65.55,65.4,65.54,65.54,2.588,17,,,
2026-06-09 20:15:00+00:00,65.62,65.65,65.37,65.43,65.43,39.639,8,,,
2026-06-09 20:30:00+00:00,65.5,65.63,65.5,65.57,65.57,1.221,8,,,
2026-06-09 20:45:00+00:00,65.52,65.52,65.47,65.47,65.47,0.72,4,,,
2026-06-09 21:00:00+00:00,65.63,65.63,65.44,65.44,65.44,16.832,2,,,
2026-06-09 21:15:00+00:00,65.23,65.27,65.1,65.1,65.1,3.16,15,,,
2026-06-09 21:30:00+00:00,65.08,65.14,65.0,65.0,65.0,29.717,3,,,
2026-06-09 21:45:00+00:00,64.95,64.99,64.91,64.98,64.98,0.72,4,,,
2026-06-09 22:00:00+00:00,64.97,64.97,64.88,64.93,64.93,8.426,5,,,
2026-06-09 22:15:00+00:00,65.1,65.26,65.1,65.26,65.26,7.733,2,,,
2026-06-09 22:30:00+00:00,65.16,65.25,65.07,65.1,65.1,1.65,10,,,
2026-06-09 22:45:00+00:00,65.11,65.11,65.0,65.0,65.0,1.86,3,,,
2026-06-09 23:00:00+00:00,64.84,64.88,64.8,64.85,64.85,41.158,5,,,
2026-06-09 23:15:00+00:00,65.11,65.16,65.05,65.05,65.05,1.344,5,,,
2026-06-09 23:30:00+00:00,64.79,64.87,64.79,64.87,64.87,61.828,4,,,
2026-06-09 23:45:00+00:00,64.89,65.0,64.84,64.93,64.93,2.378,10,,,
2026-06-10 00:00:00+00:00,65.01,65.16,64.99,65.16,65.16,1.136,7,,,
2026-06-10 00:15:00+00:00,64.92,64.92,64.9,64.91,64.91,0.42,3,,,
2026-06-10 00:30:00+00:00,64.85,64.85,64.71,64.77,64.77,9.238,10,,,
2026-06-10 00:45:00+00:00,64.65,64.65,64.65,64.65,64.65,21.041,1,,,
2026-06-10 01:00:00+00:00,65.15,65.22,64.89,65.05,65.05,75.308,22,,,
2026-06-10 01:15:00+00:00,65.01,65.23,65.01,65.23,65.23,1.064,4,,,
2026-06-10 01:30:00+00:00,64.92,64.92,64.86,64.86,64.86,0.36,2,,,
2026-06-10 01:45:00+00:00,65.18,65.18,65.12,65.18,65.18,23.962,9,,,
2026-06-10 02:00:00+00:00,65.18,65.18,65.18,65.18,65.18,0.0,0,,,
2026-06-10 02:15:00+00:00,64.7,64.7,64.61,64.62,64.62,3.092,5,,,
2026-06-10 02:30:00+00:00,64.75,64.75,64.39,64.39,64.39,22.007,3,,,
2026-06-10 02:45:00+00:00,64.29,64.31,64.25,64.31,64.31,1.204,3,,,
2026-06-10 03:00:00+00:00,64.65,64.65,64.62,64.62,64.62,0.36,2,,,
2026-06-10 03:15:00+00:00,64.62,64.62,64.62,64.62,64.62,0.0,0,,,
2026-06-10 03:30:00+00:00,64.62,64.62,64.62,64.62,64.62,0.0,0,,,
2026-06-10 03:45:00+00:00,64.64,64.64,64.49,64.49,64.49,21.904,2,,,
2026-06-10 04:00:00+00:00,64.44,64.52,64.38,64.48,64.48,2.284,5,,,
2026-06-10 04:15:00+00:00,64.53,64.55,64.49,64.51,64.51,20.38,10,,,
2026-06-10 04:30:00+00:00,64.37,64.37,64.16,64.19,64.19,0.9,6,,,
2026-06-10 04:45:00+00:00,64.19,64.19,64.19,64.19,64.19,0.0,0,,,
2026-06-10 05:00:00+00:00,64.19,64.19,64.19,64.19,64.19,0.0,0,,,
2026-06-10 05:15:00+00:00,64.05,64.05,63.94,63.94,63.94,72.98,5,,,
2026-06-10 05:30:00+00:00,64.08,64.08,64.04,64.04,64.04,40.641,2,,,
2026-06-10 05:45:00+00:00,64.09,64.13,64.07,64.09,64.09,1.105,7,,,
2026-06-10 06:00:00+00:00,64.05,64.05,63.92,63.93,63.93,1.44,8,,,
2026-06-10 06:15:00+00:00,63.99,64.17,63.96,64.14,64.14,1.44,8,,,
2026-06-10 06:30:00+00:00,64.15,64.2,64.12,64.2,64.2,0.385,3,,,
2026-06-10 06:45:00+00:00,64.21,64.28,64.19,64.21,64.21,23.611,8,,,
2026-06-10 07:00:00+00:00,64.15,64.15,64.15,64.15,64.15,0.18,1,,,
2026-06-10 07:15:00+00:00,64.48,64.48,64.48,64.48,64.48,0.094,1,,,
2026-06-10 07:30:00+00:00,64.66,64.72,64.59,64.59,64.59,12.473,7,,,
2026-06-10 07:45:00+00:00,64.5,64.5,64.5,64.5,64.5,1.002,1,,,
2026-06-10 08:00:00+00:00,64.17,64.23,64.05,64.16,64.16,0.869,7,,,
2026-06-10 08:15:00+00:00,64.2,64.2,63.98,63.98,63.98,2.193,5,,,
2026-06-10 08:30:00+00:00,63.87,63.87,63.51,63.51,63.51,85.562,11,,,
2026-06-10 08:45:00+00:00,63.5,63.64,63.45,63.59,63.59,30.227,10,,,
2026-06-10 09:00:00+00:00,63.57,63.69,63.52,63.69,63.69,84.285,7,,,
2026-06-10 09:15:00+00:00,63.39,63.43,63.13,63.43,63.43,107.57,11,,,
2026-06-10 09:30:00+00:00,63.46,63.46,63.46,63.46,63.46,0.18,1,,,
2026-06-10 09:45:00+00:00,63.46,63.46,63.46,63.46,63.46,0.0,0,,,
2026-06-10 10:00:00+00:00,63.46,63.46,63.46,63.46,63.46,0.0,0,,,
2026-06-10 10:15:00+00:00,63.42,63.42,63.25,63.3,63.3,62.272,4,,,
2026-06-10 10:30:00+00:00,63.7,63.7,63.7,63.7,63.7,20.849,1,,,
2026-06-10 10:45:00+00:00,63.7,63.7,63.7,63.7,63.7,0.0,0,,,
2026-06-10 11:00:00+00:00,63.34,63.34,63.0,63.0,63.0,19.777,4,,,
2026-06-10 11:15:00+00:00,63.4,63.4,63.4,63.4,63.4,16.032,1,,,
2026-06-10 11:30:00+00:00,63.29,63.29,63.29,63.29,63.29,0.059,1,,,
2026-06-10 11:45:00+00:00,63.41,63.52,63.41,63.51,63.51,46.784,3,,,
2026-06-10 12:00:00+00:00,63.51,63.51,63.51,63.51,63.51,0.0,0,,,
2026-06-10 12:15:00+00:00,63.46,63.46,63.38,63.38,63.38,27.299,5,,,
2026-06-10 12:30:00+00:00,63.47,64.49,63.47,64.28,64.28,38.227,8,,,
2026-06-10 12:45:00+00:00,64.26,64.26,64.24,64.24,64.24,64.595,2,,,
2026-06-10 13:00:00+00:00,64.21,64.21,64.21,64.21,64.21,0.933,1,,,
2026-06-10 13:15:00+00:00,64.25,64.38,64.24,64.38,64.38,45.776,4,,,
2026-06-10 13:30:00+00:00,64.35,65.32,64.35,65.32,65.32,296.374,25,,,
2026-06-10 13:45:00+00:00,65.4,65.42,65.05,65.05,65.05,19.246,7,,,
2026-06-10 14:00:00+00:00,65.13,65.13,64.9,64.9,64.9,85.028,9,,,
2026-06-10 14:15:00+00:00,64.87,65.05,64.7,65.05,65.05,23.223,7,,,
2026-06-10 14:30:00+00:00,64.7,65.05,64.64,65.05,65.05,21.695,3,,,
2026-06-10 14:45:00+00:00,64.91,64.91,64.7,64.7,64.7,16.606,2,,,
2026-06-10 15:00:00+00:00,65.05,65.2,64.63,64.63,64.63,35.632,5,,,
2026-06-10 15:15:00+00:00,65.05,65.21,65.05,65.21,65.21,0.28,3,,,
2026-06-10 15:30:00+00:00,65.34,65.34,65.09,65.14,65.14,84.318,8,,,
2026-06-10 15:45:00+00:00,65.4,65.47,64.94,65.4,65.4,84.139,17,,,
2026-06-10 16:00:00+00:00,65.39,65.46,65.17,65.21,65.21,100.394,14,,,
2026-06-10 16:15:00+00:00,65.17,65.17,64.67,64.67,64.67,41.303,8,,,
2026-06-10 16:30:00+00:00,65.03,65.03,65.03,65.03,65.03,19.765,1,,,
2026-06-10 16:45:00+00:00,64.68,64.68,64.23,64.23,64.23,17.509,7,,,
2026-06-10 17:00:00+00:00,64.58,64.68,64.47,64.47,64.47,18.032,8,,,
2026-06-10 17:15:00+00:00,64.56,64.56,64.34,64.34,64.34,17.078,2,,,
2026-06-10 17:30:00+00:00,64.05,64.05,63.7,63.7,63.7,61.128,7,,,
2026-06-10 17:45:00+00:00,64.12,64.12,63.83,63.83,63.83,149.828,8,,,
2026-06-10 18:00:00+00:00,64.16,64.16,64.1,64.1,64.1,23.4,2,,,
2026-06-10 18:15:00+00:00,63.79,63.86,63.79,63.86,63.86,74.184,5,,,
2026-06-10 18:30:00+00:00,63.83,63.83,63.83,63.83,63.83,39.166,1,,,
2026-06-10 18:45:00+00:00,63.44,63.73,63.43,63.73,63.73,28.12,4,,,
2026-06-10 19:00:00+00:00,63.67,63.7,63.59,63.59,63.59,60.678,3,,,
2026-06-10 19:15:00+00:00,63.59,63.59,63.59,63.59,63.59,0.0,0,,,
2026-06-10 19:30:00+00:00,63.6,63.8,63.6,63.67,63.67,117.729,9,,,
2026-06-10 19:45:00+00:00,63.53,63.59,63.53,63.59,63.59,98.398,7,,,
2026-06-10 20:00:00+00:00,63.47,63.5,63.25,63.43,63.43,152.579,12,,,
2026-06-10 20:15:00+00:00,63.53,63.53,63.53,63.53,63.53,0.786,1,,,
2026-06-10 20:30:00+00:00,63.5,63.55,63.46,63.46,63.46,66.758,6,,,
2026-06-10 20:45:00+00:00,63.34,63.34,63.2,63.2,63.2,135.968,6,,,
2026-06-10 21:00:00+00:00,63.15,63.15,62.77,62.77,62.77,60.792,13,,,
2026-06-10 21:15:00+00:00,62.96,62.96,62.96,62.96,62.96,0.794,1,,,
2026-06-10 21:30:00+00:00,63.06,63.06,63.02,63.02,63.02,38.358,3,,,
2026-06-10 21:45:00+00:00,63.03,63.03,62.39,62.49,62.49,75.44,14,,,
2026-06-10 22:00:00+00:00,62.58,62.58,62.39,62.58,62.58,2.431,4,,,
2026-06-10 22:15:00+00:00,62.39,62.58,62.39,62.58,62.58,172.836,5,,,
2026-06-10 22:30:00+00:00,62.77,62.96,62.75,62.96,62.96,46.789,5,,,
2026-06-10 22:45:00+00:00,62.83,62.85,62.77,62.84,62.84,47.824,8,,,
2026-06-10 23:00:00+00:00,62.66,62.66,62.58,62.58,62.58,47.978,6,,,
2026-06-10 23:15:00+00:00,62.46,62.98,62.46,62.98,62.98,100.637,10,,,
2026-06-10 23:30:00+00:00,62.97,63.15,62.97,63.15,63.15,0.846,2,,,
2026-06-10 23:45:00+00:00,63.15,63.15,63.15,63.15,63.15,0.0,0,,,
2026-06-11 00:00:00+00:00,63.26,63.38,63.24,63.36,63.36,66.496,9,,,
2026-06-11 00:15:00+00:00,63.39,63.67,63.39,63.58,63.58,3.448,9,,,
2026-06-11 00:30:00+00:00,63.67,63.67,63.53,63.53,63.53,23.186,5,,,
2026-06-11 00:45:00+00:00,63.7,63.71,63.67,63.67,63.67,21.03,5,,,
2026-06-11 01:00:00+00:00,63.72,64.18,63.72,64.14,64.14,65.861,14,,,
2026-06-11 01:15:00+00:00,64.11,64.11,64.11,64.11,64.11,18.156,1,,,
2026-06-11 01:30:00+00:00,64.29,65.0,64.14,64.99,64.99,195.101,25,,,
2026-06-11 01:45:00+00:00,64.87,65.06,64.8,64.87,64.87,157.575,28,,,
2026-06-11 02:00:00+00:00,64.76,64.76,64.68,64.68,64.68,22.244,3,,,
2026-06-11 02:15:00+00:00,64.65,64.65,64.49,64.49,64.49,1.069,3,,,
2026-06-11 02:30:00+00:00,64.49,64.53,64.49,64.53,64.53,16.024,3,,,
2026-06-11 02:45:00+00:00,64.46,64.52,64.38,64.47,64.47,0.522,4,,,
2026-06-11 03:00:00+00:00,64.47,64.47,64.47,64.47,64.47,0.0,0,,,
2026-06-11 03:15:00+00:00,64.47,64.47,64.47,64.47,64.47,0.0,0,,,
2026-06-11 03:30:00+00:00,64.68,64.91,64.67,64.85,64.85,114.871,11,,,
2026-06-11 03:45:00+00:00,64.83,65.4,64.83,65.4,65.4,491.842,50,,,
2026-06-11 04:00:00+00:00,65.06,65.06,65.0,65.04,65.04,1.122,3,,,
2026-06-11 04:15:00+00:00,65.09,65.09,65.06,65.09,65.09,17.614,3,,,
2026-06-11 04:30:00+00:00,65.09,65.09,65.09,65.09,65.09,0.0,0,,,
2026-06-11 04:45:00+00:00,65.17,65.25,65.14,65.14,65.14,1.389,5,,,
2026-06-11 05:00:00+00:00,65.11,65.11,65.06,65.06,65.06,1.02,3,,,
2026-06-11 05:15:00+00:00,65.06,65.06,65.06,65.06,65.06,0.0,0,,,
2026-06-11 05:30:00+00:00,65.06,65.06,65.06,65.06,65.06,0.0,0,,,
2026-06-11 05:45:00+00:00,65.09,65.09,64.93,64.93,64.93,214.306,14,,,
2026-06-11 06:00:00+00:00,64.87,65.08,64.8,65.08,65.08,183.077,14,,,
2026-06-11 06:15:00+00:00,65.14,65.31,65.14,65.25,65.25,106.136,14,,,
2026-06-11 06:30:00+00:00,65.26,65.35,65.22,65.22,65.22,10.14,4,,,
2026-06-11 06:45:00+00:00,65.22,65.22,65.07,65.07,65.07,0.348,3,,,
2026-06-11 07:00:00+00:00,65.06,65.06,64.89,64.89,64.89,22.747,3,,,
2026-06-11 07:15:00+00:00,65.03,65.03,65.03,65.03,65.03,2.115,2,,,
2026-06-11 07:30:00+00:00,64.87,64.87,64.76,64.76,64.76,23.449,3,,,
2026-06-11 07:45:00+00:00,64.95,64.95,64.92,64.94,64.94,24.168,5,,,
2026-06-11 08:00:00+00:00,64.98,65.06,64.98,65.06,65.06,45.096,5,,,
2026-06-11 08:15:00+00:00,65.25,65.45,65.25,65.45,65.45,2.929,8,,,
2026-06-11 08:30:00+00:00,65.39,65.43,65.39,65.39,65.39,13.642,4,,,
2026-06-11 08:45:00+00:00,65.25,65.28,65.24,65.28,65.28,44.762,3,,,
2026-06-11 09:00:00+00:00,65.07,65.07,65.06,65.06,65.06,2.672,2,,,
2026-06-11 09:15:00+00:00,65.0,65.07,65.0,65.07,65.07,57.307,6,,,
2026-06-11 09:30:00+00:00,65.25,65.4,65.25,65.4,65.4,28.8,4,,,
2026-06-11 09:45:00+00:00,65.45,65.48,65.37,65.37,65.37,119.458,10,,,
2026-06-11 10:00:00+00:00,65.32,65.36,65.32,65.36,65.36,3.547,2,,,
2026-06-11 10:15:00+00:00,65.33,65.37,65.33,65.37,65.37,62.388,4,,,
2026-06-11 10:30:00+00:00,65.46,65.49,65.46,65.49,65.49,0.987,3,,,
2026-06-11 10:45:00+00:00,65.53,65.57,65.45,65.45,65.45,18.538,6,,,
2026-06-11 11:00:00+00:00,65.34,65.34,65.34,65.34,65.34,17.09,1,,,
2026-06-11 11:15:00+00:00,65.34,65.34,65.34,65.34,65.34,0.0,0,,,
2026-06-11 11:30:00+00:00,65.34,65.34,65.34,65.34,65.34,0.0,0,,,
2026-06-11 11:45:00+00:00,65.59,66.04,65.59,65.8,65.8,468.432,36,,,
2026-06-11 12:00:00+00:00,65.72,65.72,65.57,65.57,65.57,68.648,6,,,
2026-06-11 12:15:00+00:00,65.6,65.6,65.0,65.11,65.11,25.401,11,,,
2026-06-11 12:30:00+00:00,65.11,65.2,64.88,64.88,64.88,78.91,7,,,
2026-06-11 12:45:00+00:00,65.17,65.25,65.17,65.25,65.25,21.691,2,,,
2026-06-11 13:00:00+00:00,65.25,65.25,65.25,65.25,65.25,0.0,0,,,
2026-06-11 13:15:00+00:00,65.35,65.35,65.35,65.35,65.35,0.2,1,,,
2026-06-11 13:30:00+00:00,65.16,65.45,65.06,65.25,65.25,6.567,6,,,
2026-06-11 13:45:00+00:00,65.39,65.64,65.39,65.4,65.4,29.344,7,,,
2026-06-11 14:00:00+00:00,65.51,65.51,65.25,65.25,65.25,20.566,4,,,
2026-06-11 14:15:00+00:00,65.19,65.25,65.0,65.25,65.25,66.138,9,,,
2026-06-11 14:30:00+00:00,65.35,65.64,65.35,65.57,65.57,4.017,8,,,
2026-06-11 14:45:00+00:00,65.64,65.68,65.34,65.34,65.34,1.93,6,,,
2026-06-11 15:00:00+00:00,65.25,65.55,65.0,65.55,65.55,65.628,11,,,
2026-06-11 15:15:00+00:00,65.53,65.72,65.53,65.72,65.72,1.423,5,,,
2026-06-11 15:30:00+00:00,65.56,65.71,65.56,65.71,65.71,1.914,2,,,
2026-06-11 15:45:00+00:00,65.45,65.45,65.35,65.35,65.35,1.137,3,,,
2026-06-11 16:00:00+00:00,65.64,65.7,65.63,65.7,65.7,85.102,6,,,
2026-06-11 16:15:00+00:00,65.56,65.56,65.35,65.41,65.41,82.268,9,,,
2026-06-11 16:30:00+00:00,65.35,65.67,65.35,65.67,65.67,149.626,10,,,
2026-06-11 16:45:00+00:00,65.45,65.49,65.37,65.37,65.37,174.272,12,,,
2026-06-11 17:00:00+00:00,65.34,65.42,65.16,65.16,65.16,230.649,17,,,
2026-06-11 17:15:00+00:00,65.14,65.76,64.98,65.76,65.76,425.349,34,,,
2026-06-11 17:30:00+00:00,65.81,66.66,65.81,66.52,66.52,398.899,49,,,
2026-06-11 17:45:00+00:00,66.65,67.06,66.62,67.03,67.03,360.703,35,,,
2026-06-11 18:00:00+00:00,67.17,67.18,66.78,67.01,67.01,226.944,21,,,
2026-06-11 18:15:00+00:00,67.14,67.2,66.63,66.7,66.7,246.814,23,,,
2026-06-11 18:30:00+00:00,66.67,66.91,66.64,66.91,66.91,98.997,10,,,
2026-06-11 18:45:00+00:00,66.92,66.94,66.74,66.78,66.78,329.681,18,,,
2026-06-11 19:00:00+00:00,66.74,66.84,66.59,66.7,66.7,448.294,22,,,
2026-06-11 19:15:00+00:00,66.74,67.03,66.74,66.98,66.98,146.67,17,,,
2026-06-11 19:30:00+00:00,66.94,67.28,66.94,67.0,67.0,354.032,29,,,
2026-06-11 19:45:00+00:00,66.88,66.93,66.88,66.88,66.88,128.516,3,,,
2026-06-11 20:00:00+00:00,66.83,66.89,66.8,66.83,66.83,485.437,12,,,
2026-06-11 20:15:00+00:00,66.86,66.86,66.5,66.5,66.5,1022.491,24,,,
2026-06-11 20:30:00+00:00,66.43,66.53,66.34,66.4,66.4,47.649,8,,,
2026-06-11 20:45:00+00:00,66.35,66.37,66.35,66.37,66.37,0.398,2,,,
2026-06-11 21:00:00+00:00,66.6,67.03,66.6,67.03,67.03,2.832,8,,,
2026-06-11 21:15:00+00:00,66.96,66.97,66.92,66.95,66.95,46.204,6,,,
2026-06-11 21:30:00+00:00,66.95,66.95,66.95,66.95,66.95,21.719,1,,,
2026-06-11 21:45:00+00:00,67.01,67.01,66.81,66.81,66.81,44.916,6,,,
2026-06-11 22:00:00+00:00,67.03,67.03,66.87,67.0,67.0,43.867,7,,,
2026-06-11 22:15:00+00:00,67.07,67.07,66.97,66.97,66.97,45.327,7,,,
2026-06-11 22:30:00+00:00,66.97,66.97,66.97,66.97,66.97,0.0,0,,,
2026-06-11 22:45:00+00:00,66.83,66.93,66.83,66.93,66.93,0.905,2,,,
2026-06-11 23:00:00+00:00,66.83,66.83,66.66,66.71,66.71,182.285,15,,,
2026-06-11 23:15:00+00:00,66.7,66.75,66.7,66.7,66.7,80.335,5,,,
2026-06-11 23:30:00+00:00,66.76,67.01,66.76,67.01,67.01,88.876,6,,,
2026-06-11 23:45:00+00:00,66.87,66.87,66.79,66.84,66.84,45.786,6,,,
2026-06-12 00:00:00+00:00,66.79,66.86,66.71,66.86,66.86,128.392,9,,,
2026-06-12 00:15:00+00:00,66.83,66.88,66.83,66.88,66.88,0.147,2,,,
2026-06-12 00:30:00+00:00,66.95,67.03,66.95,67.03,67.03,28.562,4,,,
2026-06-12 00:45:00+00:00,66.97,66.97,66.94,66.94,66.94,15.097,3,,,
2026-06-12 01:00:00+00:00,66.83,66.83,66.63,66.72,66.72,54.706,6,,,
2026-06-12 01:15:00+00:00,66.68,66.71,66.43,66.43,66.43,63.484,5,,,
2026-06-12 01:30:00+00:00,66.46,66.48,66.45,66.48,66.48,36.862,5,,,
2026-06-12 01:45:00+00:00,66.59,66.59,66.57,66.57,66.57,35.213,3,,,
2026-06-12 02:00:00+00:00,66.63,67.08,66.63,66.99,66.99,653.751,36,,,
2026-06-12 02:15:00+00:00,66.93,67.04,66.86,66.92,66.92,177.402,18,,,
2026-06-12 02:30:00+00:00,66.94,67.18,66.93,67.18,67.18,174.85,17,,,
2026-06-12 02:45:00+00:00,67.11,67.16,67.02,67.02,67.02,90.444,7,,,
2026-06-12 03:00:00+00:00,67.06,67.07,66.96,66.97,66.97,24.643,4,,,
2026-06-12 03:15:00+00:00,66.83,66.83,66.63,66.74,66.74,24.158,4,,,
2026-06-12 03:30:00+00:00,66.77,66.85,66.77,66.8,66.8,199.029,14,,,
2026-06-12 03:45:00+00:00,66.84,66.95,66.77,66.91,66.91,74.417,7,,,
2026-06-12 04:00:00+00:00,66.96,66.96,66.82,66.82,66.82,43.671,4,,,
2026-06-12 04:15:00+00:00,66.99,67.07,66.9,67.07,67.07,101.855,10,,,
2026-06-12 04:30:00+00:00,67.08,67.08,67.08,67.08,67.08,0.091,1,,,
2026-06-12 04:45:00+00:00,67.04,67.04,66.98,66.98,66.98,18.913,4,,,
2026-06-12 05:00:00+00:00,66.96,66.96,66.83,66.83,66.83,65.097,4,,,
2026-06-12 05:15:00+00:00,66.73,66.73,66.73,66.73,66.73,20.956,1,,,
2026-06-12 05:30:00+00:00,66.7,66.73,66.6,66.66,66.66,119.087,12,,,
2026-06-12 05:45:00+00:00,66.68,66.71,66.63,66.63,66.63,91.099,5,,,
2026-06-12 06:00:00+00:00,66.63,66.75,66.58,66.58,66.58,83.345,22,,,
2026-06-12 06:15:00+00:00,66.54,66.54,66.4,66.4,66.4,101.865,10,,,
2026-06-12 06:30:00+00:00,66.37,66.37,65.89,66.03,66.03,71.928,26,,,
2026-06-12 06:45:00+00:00,66.03,66.1,66.03,66.1,66.1,5.599,3,,,
2026-06-12 07:00:00+00:00,66.17,66.27,66.12,66.12,66.12,83.473,22,,,
2026-06-12 07:15:00+00:00,66.14,66.28,66.1,66.19,66.19,115.457,23,,,
2026-06-12 07:30:00+00:00,66.25,66.26,66.17,66.21,66.21,68.098,20,,,
2026-06-12 07:45:00+00:00,66.22,66.39,66.13,66.26,66.26,123.789,26,,,
2026-06-12 08:00:00+00:00,66.29,66.43,66.28,66.43,66.43,8.381,4,,,
2026-06-12 08:15:00+00:00,66.63,66.92,66.63,66.87,66.87,21.83,9,,,
2026-06-12 08:30:00+00:00,66.84,66.87,66.76,66.81,66.81,26.532,6,,,
2026-06-12 08:45:00+00:00,66.79,66.79,66.79,66.79,66.79,0.119,1,,,
2026-06-12 09:00:00+00:00,66.79,66.79,66.79,66.79,66.79,0.0,0,,,
2026-06-12 09:15:00+00:00,67.03,67.18,67.03,67.18,67.18,1.843,8,,,
2026-06-12 09:30:00+00:00,67.23,67.38,67.23,67.24,67.24,25.151,7,,,
2026-06-12 09:45:00+00:00,67.24,67.24,67.24,67.24,67.24,0.0,0,,,
2026-06-12 10:00:00+00:00,67.07,67.07,67.07,67.07,67.07,0.03,1,,,
2026-06-12 10:15:00+00:00,67.08,67.08,66.63,66.63,66.63,2.771,7,,,
2026-06-12 10:30:00+00:00,66.74,66.74,66.74,66.74,66.74,2.098,1,,,
2026-06-12 10:45:00+00:00,66.72,66.72,66.72,66.72,66.72,1.066,1,,,
2026-06-12 11:00:00+00:00,66.83,66.83,66.83,66.83,66.83,0.748,1,,,
2026-06-12 11:15:00+00:00,66.83,66.83,66.83,66.83,66.83,0.0,0,,,
2026-06-12 11:30:00+00:00,66.88,66.92,66.78,66.9,66.9,37.694,22,,,
2026-06-12 11:45:00+00:00,66.97,66.98,66.97,66.98,66.98,6.939,2,,,
2026-06-12 12:00:00+00:00,66.79,66.79,66.79,66.79,66.79,16.743,1,,,
2026-06-12 12:15:00+00:00,66.86,66.86,66.7,66.7,66.7,2.338,6,,,
2026-06-12 12:30:00+00:00,66.75,66.79,66.62,66.71,66.71,775.212,32,,,
2026-06-12 12:45:00+00:00,66.72,66.9,66.63,66.63,66.63,121.046,36,,,
2026-06-12 13:00:00+00:00,66.63,66.63,66.63,66.63,66.63,0.0,0,,,
2026-06-12 13:15:00+00:00,66.8,66.92,66.71,66.71,66.71,6.629,10,,,
2026-06-12 13:30:00+00:00,66.68,66.87,66.39,66.39,66.39,406.007,34,,,
2026-06-12 13:45:00+00:00,66.63,66.79,66.55,66.55,66.55,86.563,9,,,
2026-06-12 14:00:00+00:00,66.66,66.98,66.64,66.96,66.96,292.736,25,,,
2026-06-12 14:15:00+00:00,66.89,67.14,66.89,67.14,67.14,170.974,10,,,
2026-06-12 14:30:00+00:00,67.13,67.49,67.13,67.2,67.2,176.947,22,,,
2026-06-12 14:45:00+00:00,67.21,67.92,67.16,67.92,67.92,173.261,32,,,
2026-06-12 15:00:00+00:00,67.94,68.67,67.68,68.67,68.67,152.128,33,,,
2026-06-12 15:15:00+00:00,68.75,68.76,68.15,68.15,68.15,58.542,10,,,
2026-06-12 15:30:00+00:00,68.04,68.19,67.78,67.78,67.78,58.623,12,,,
2026-06-12 15:45:00+00:00,67.71,67.78,67.21,67.21,67.21,99.62,27,,,
2026-06-12 16:00:00+00:00,67.27,67.72,67.1,67.72,67.72,77.547,18,,,
2026-06-12 16:15:00+00:00,67.66,67.66,67.41,67.64,67.64,5.718,5,,,
2026-06-12 16:30:00+00:00,67.72,67.89,67.61,67.72,67.72,46.945,15,,,
2026-06-12 16:45:00+00:00,67.74,68.02,67.7,68.02,68.02,83.333,14,,,
2026-06-12 17:00:00+00:00,68.0,68.12,67.74,67.81,67.81,361.379,27,,,
2026-06-12 17:15:00+00:00,67.78,67.78,67.33,67.44,67.44,477.439,21,,,
2026-06-12 17:30:00+00:00,67.51,67.63,67.43,67.43,67.43,3.026,3,,,
2026-06-12 17:45:00+00:00,67.35,67.35,67.35,67.35,67.35,0.095,1,,,
2026-06-12 18:00:00+00:00,67.23,67.3,66.99,67.3,67.3,6.087,7,,,
2026-06-12 18:15:00+00:00,67.3,67.3,67.3,67.3,67.3,0.0,0,,,
2026-06-12 18:30:00+00:00,67.43,67.43,67.43,67.43,67.43,0.741,1,,,
2026-06-12 18:45:00+00:00,67.37,67.37,67.2,67.2,67.2,4.815,3,,,
2026-06-12 19:00:00+00:00,67.18,67.2,67.04,67.2,67.2,23.151,4,,,
2026-06-12 19:15:00+00:00,67.18,67.27,67.18,67.27,67.27,0.209,3,,,
2026-06-12 19:30:00+00:00,67.12,67.32,67.03,67.03,67.03,7.747,4,,,
2026-06-12 19:45:00+00:00,66.95,66.95,66.68,66.68,66.68,79.282,25,,,
2026-06-12 20:00:00+00:00,66.75,66.75,66.59,66.67,66.67,170.008,19,,,
2026-06-12 20:15:00+00:00,66.67,66.67,66.67,66.67,66.67,0.0,0,,,
2026-06-12 20:30:00+00:00,66.75,66.75,66.75,66.75,66.75,6.31,1,,,
2026-06-12 20:45:00+00:00,66.6,66.6,66.6,66.6,66.6,8.676,2,,,
2026-06-12 21:00:00+00:00,66.83,66.83,66.83,66.83,66.83,0.187,1,,,
2026-06-12 21:15:00+00:00,66.83,66.83,66.83,66.83,66.83,1.061,2,,,
2026-06-12 21:30:00+00:00,66.79,66.8,66.72,66.75,66.75,48.177,19,,,
2026-06-12 21:45:00+00:00,66.64,66.68,66.54,66.54,66.54,14.221,25,,,
2026-06-12 22:00:00+00:00,66.49,66.5,66.43,66.5,66.5,16.631,4,,,
2026-06-12 22:15:00+00:00,66.5,66.5,66.5,66.5,66.5,0.0,0,,,
2026-06-12 22:30:00+00:00,66.5,66.5,66.5,66.5,66.5,0.0,0,,,
2026-06-12 22:45:00+00:00,66.58,66.58,66.58,66.58,66.58,3.007,1,,,
2026-06-12 23:00:00+00:00,66.58,66.58,66.58,66.58,66.58,0.0,0,,,
2026-06-12 23:15:00+00:00,66.64,66.64,66.64,66.64,66.64,0.09,1,,,
2026-06-12 23:30:00+00:00,66.63,66.66,66.63,66.66,66.66,1.556,2,,,
2026-06-12 23:45:00+00:00,66.7,66.79,66.7,66.79,66.79,22.338,5,,,
2026-06-13 00:00:00+00:00,66.8,66.84,66.77,66.84,66.84,5.31,4,,,
2026-06-13 00:15:00+00:00,66.87,66.94,66.87,66.94,66.94,0.571,3,,,
2026-06-13 00:30:00+00:00,66.89,66.99,66.88,66.92,66.92,69.571,6,,,
2026-06-13 00:45:00+00:00,66.86,67.03,66.86,67.03,67.03,113.189,13,,,
2026-06-13 01:00:00+00:00,66.97,67.14,66.97,67.11,67.11,168.368,12,,,
2026-06-13 01:15:00+00:00,67.08,67.1,67.06,67.1,67.1,142.161,9,,,
2026-06-13 01:30:00+00:00,67.16,67.43,67.14,67.35,67.35,438.993,31,,,
2026-06-13 01:45:00+00:00,67.38,67.46,67.38,67.4,67.4,29.593,9,,,
2026-06-13 02:00:00+00:00,67.36,67.44,67.29,67.29,67.29,263.271,13,,,
2026-06-13 02:15:00+00:00,67.23,67.23,67.09,67.11,67.11,145.88,11,,,
2026-06-13 02:30:00+00:00,67.14,67.14,67.03,67.03,67.03,67.864,21,,,
2026-06-13 02:45:00+00:00,67.0,67.0,66.86,66.92,66.92,150.219,10,,,
2026-06-13 03:00:00+00:00,66.97,67.02,66.95,66.95,66.95,149.791,8,,,
2026-06-13 03:15:00+00:00,66.94,66.94,66.75,66.8,66.8,199.376,14,,,
2026-06-13 03:30:00+00:00,66.75,66.77,66.75,66.77,66.77,64.371,3,,,
2026-06-13 03:45:00+00:00,66.87,66.9,66.86,66.9,66.9,171.717,8,,,
2026-06-13 04:00:00+00:00,66.87,66.87,66.7,66.7,66.7,128.935,9,,,
2026-06-13 04:15:00+00:00,66.79,66.79,66.78,66.78,66.78,22.668,2,,,
2026-06-13 04:30:00+00:00,66.89,66.92,66.89,66.92,66.92,0.126,2,,,
2026-06-13 04:45:00+00:00,66.82,66.82,66.66,66.66,66.66,236.864,2,,,
2026-06-13 05:00:00+00:00,66.63,66.78,66.63,66.77,66.77,25.586,5,,,
2026-06-13 05:15:00+00:00,66.7,66.7,66.7,66.7,66.7,16.895,2,,,
2026-06-13 05:30:00+00:00,66.73,66.73,66.73,66.73,66.73,1.0,1,,,
2026-06-13 05:45:00+00:00,66.63,66.63,66.63,66.63,66.63,18.482,2,,,
2026-06-13 06:00:00+00:00,66.7,66.73,66.7,66.73,66.73,0.953,2,,,
2026-06-13 06:15:00+00:00,66.73,66.73,66.73,66.73,66.73,0.0,0,,,
2026-06-13 06:30:00+00:00,66.83,66.91,66.83,66.88,66.88,4.457,5,,,
2026-06-13 06:45:00+00:00,66.94,67.16,66.94,67.14,67.14,87.881,11,,,
2026-06-13 07:00:00+00:00,67.12,67.12,66.98,67.05,67.05,26.216,7,,,
2026-06-13 07:15:00+00:00,67.0,67.25,67.0,67.25,67.25,201.394,17,,,
2026-06-13 07:30:00+00:00,67.19,67.19,67.16,67.17,67.17,23.599,3,,,
2026-06-13 07:45:00+00:00,67.29,67.43,67.29,67.33,67.33,44.495,9,,,
2026-06-13 08:00:00+00:00,67.32,67.37,67.26,67.31,67.31,147.074,10,,,
2026-06-13 08:15:00+00:00,67.29,67.39,67.25,67.34,67.34,53.306,6,,,
2026-06-13 08:30:00+00:00,67.34,67.46,67.32,67.46,67.46,9.103,4,,,
2026-06-13 08:45:00+00:00,67.43,67.43,67.43,67.43,67.43,0.442,1,,,
2026-06-13 09:00:00+00:00,67.29,67.4,67.29,67.37,67.37,72.26,8,,,
2026-06-13 09:15:00+00:00,67.49,67.5,67.49,67.5,67.5,21.75,2,,,
2026-06-13 09:30:00+00:00,67.5,67.5,67.5,67.5,67.5,0.0,0,,,
2026-06-13 09:45:00+00:00,67.29,67.29,67.29,67.29,67.29,42.822,2,,,
2026-06-13 10:00:00+00:00,67.29,67.29,67.29,67.29,67.29,0.0,0,,,
2026-06-13 10:15:00+00:00,67.29,67.29,67.29,67.29,67.29,0.0,0,,,
2026-06-13 10:30:00+00:00,67.42,67.45,67.41,67.41,67.41,10.392,5,,,
2026-06-13 10:45:00+00:00,67.49,67.55,67.49,67.49,67.49,2.619,7,,,
2026-06-13 11:00:00+00:00,67.47,67.63,67.47,67.63,67.63,2.579,8,,,
2026-06-13 11:15:00+00:00,67.73,67.9,67.73,67.9,67.9,86.735,13,,,
2026-06-13 11:30:00+00:00,67.85,67.89,67.79,67.81,67.81,56.626,9,,,
2026-06-13 11:45:00+00:00,67.77,67.84,67.77,67.84,67.84,25.219,5,,,
2026-06-13 12:00:00+00:00,67.82,67.87,67.82,67.87,67.87,20.85,4,,,
2026-06-13 12:15:00+00:00,67.87,67.87,67.87,67.87,67.87,0.0,0,,,
2026-06-13 12:30:00+00:00,67.78,67.78,67.78,67.78,67.78,0.02,1,,,
2026-06-13 12:45:00+00:00,68.0,68.0,67.89,67.89,67.89,15.338,2,,,
2026-06-13 13:00:00+00:00,67.86,67.86,67.86,67.86,67.86,0.103,1,,,
2026-06-13 13:15:00+00:00,67.86,67.86,67.86,67.86,67.86,0.0,0,,,
2026-06-13 13:30:00+00:00,67.9,68.24,67.9,68.19,68.19,166.805,18,,,
2026-06-13 13:45:00+00:00,68.04,68.07,67.95,67.95,67.95,62.696,9,,,
2026-06-13 14:00:00+00:00,68.23,68.24,68.18,68.24,68.24,5.369,5,,,
2026-06-13 14:15:00+00:00,68.37,68.39,68.13,68.13,68.13,76.129,5,,,
2026-06-13 14:30:00+00:00,68.15,68.15,68.15,68.15,68.15,0.146,1,,,
2026-06-13 14:45:00+00:00,68.21,68.21,68.21,68.21,68.21,0.056,1,,,
2026-06-13 15:00:00+00:00,68.26,68.48,68.26,68.48,68.48,1.194,3,,,
2026-06-13 15:15:00+00:00,68.51,68.51,68.51,68.51,68.51,0.22,1,,,
2026-06-13 15:30:00+00:00,68.59,68.65,68.45,68.45,68.45,19.244,5,,,
2026-06-13 15:45:00+00:00,68.4,68.49,68.4,68.49,68.49,7.536,5,,,
2026-06-13 16:00:00+00:00,68.37,68.37,68.15,68.15,68.15,37.241,4,,,
2026-06-13 16:15:00+00:00,68.04,68.04,68.0,68.0,68.0,3.235,4,,,
2026-06-13 16:30:00+00:00,67.99,67.99,67.9,67.9,67.9,20.777,3,,,
2026-06-13 16:45:00+00:00,67.84,68.04,67.84,68.04,68.04,7.441,3,,,
2026-06-13 17:00:00+00:00,68.04,68.04,68.04,68.04,68.04,0.0,0,,,
2026-06-13 17:15:00+00:00,67.99,67.99,67.99,67.99,67.99,0.03,1,,,
2026-06-13 17:30:00+00:00,68.15,68.2,68.11,68.2,68.2,22.498,5,,,
2026-06-13 17:45:00+00:00,68.2,68.2,68.2,68.2,68.2,0.0,0,,,
2026-06-13 18:00:00+00:00,68.04,68.21,68.04,68.2,68.2,2.831,4,,,
2026-06-13 18:15:00+00:00,68.23,68.24,68.12,68.22,68.22,1.792,4,,,
2026-06-13 18:30:00+00:00,68.21,68.34,68.21,68.34,68.34,2.29,3,,,
2026-06-13 18:45:00+00:00,68.34,68.34,68.04,68.06,68.06,2.782,5,,,
2026-06-13 19:00:00+00:00,68.11,68.11,68.11,68.11,68.11,14.761,1,,,
2026-06-13 19:15:00+00:00,68.11,68.11,68.08,68.08,68.08,18.761,2,,,
2026-06-13 19:30:00+00:00,68.07,68.27,68.03,68.27,68.27,6.734,7,,,
2026-06-13 19:45:00+00:00,68.27,68.27,68.27,68.27,68.27,0.0,0,,,
2026-06-13 20:00:00+00:00,68.23,68.23,68.23,68.23,68.23,4.394,1,,,
2026-06-13 20:15:00+00:00,68.15,68.15,68.15,68.15,68.15,7.394,1,,,
2026-06-13 20:30:00+00:00,68.15,68.15,68.15,68.15,68.15,7.432,1,,,
2026-06-13 20:45:00+00:00,68.16,68.16,68.15,68.15,68.15,65.554,3,,,
2026-06-13 21:00:00+00:00,68.28,68.33,68.28,68.33,68.33,2.111,2,,,
2026-06-13 21:15:00+00:00,68.32,68.39,68.32,68.35,68.35,7.827,4,,,
2026-06-13 21:30:00+00:00,68.4,69.28,68.4,69.28,69.28,324.378,40,,,
2026-06-13 21:45:00+00:00,69.31,69.48,69.23,69.23,69.23,31.058,17,,,
2026-06-13 22:00:00+00:00,69.07,69.08,69.07,69.08,69.08,75.737,6,,,
2026-06-13 22:15:00+00:00,68.93,68.93,68.93,68.93,68.93,0.03,1,,,
2026-06-13 22:30:00+00:00,69.02,69.02,68.99,68.99,68.99,0.211,2,,,
2026-06-13 22:45:00+00:00,68.99,69.02,68.88,68.88,68.88,2.571,5,,,
2026-06-13 23:00:00+00:00,68.95,68.99,68.9,68.96,68.96,1.039,6,,,
2026-06-13 23:15:00+00:00,68.99,69.14,68.97,69.01,69.01,1.547,8,,,
2026-06-13 23:30:00+00:00,68.94,69.04,68.88,68.92,68.92,2.149,8,,,
2026-06-13 23:45:00+00:00,68.95,68.95,68.82,68.92,68.92,16.212,9,,,
2026-06-14 00:00:00+00:00,68.79,68.8,68.77,68.8,68.8,3.266,4,,,
2026-06-14 00:15:00+00:00,68.79,68.79,68.71,68.76,68.76,2.398,3,,,
2026-06-14 00:30:00+00:00,68.86,68.86,68.8,68.8,68.8,0.09,3,,,
2026-06-14 00:45:00+00:00,68.84,68.84,68.82,68.82,68.82,10.116,2,,,
2026-06-14 01:00:00+00:00,68.82,68.82,68.82,68.82,68.82,0.0,0,,,
2026-06-14 01:15:00+00:00,68.94,69.07,68.94,69.07,69.07,1.359,5,,,
2026-06-14 01:30:00+00:00,68.86,68.86,68.86,68.86,68.86,0.726,1,,,
2026-06-14 01:45:00+00:00,68.93,68.93,68.84,68.84,68.84,0.579,3,,,
2026-06-14 02:00:00+00:00,68.84,68.84,68.84,68.84,68.84,0.0,0,,,
2026-06-14 02:15:00+00:00,68.95,68.97,68.93,68.93,68.93,0.137,3,,,
2026-06-14 02:30:00+00:00,68.93,68.93,68.93,68.93,68.93,0.0,0,,,
2026-06-14 02:45:00+00:00,68.84,68.84,68.82,68.82,68.82,7.771,4,,,
2026-06-14 03:00:00+00:00,68.82,68.82,68.82,68.82,68.82,0.0,0,,,
2026-06-14 03:15:00+00:00,68.82,68.82,68.82,68.82,68.82,0.0,0,,,
2026-06-14 03:30:00+00:00,68.82,68.82,68.82,68.82,68.82,0.0,0,,,
2026-06-14 03:45:00+00:00,68.94,68.98,68.94,68.98,68.98,31.053,4,,,
2026-06-14 04:00:00+00:00,68.81,68.81,68.81,68.81,68.81,1.002,1,,,
2026-06-14 04:15:00+00:00,68.89,68.97,68.89,68.91,68.91,10.655,4,,,
2026-06-14 04:30:00+00:00,68.84,68.84,68.65,68.65,68.65,1.728,2,,,
2026-06-14 04:45:00+00:00,68.52,68.52,68.5,68.5,68.5,2.555,3,,,
2026-06-14 05:00:00+00:00,68.47,68.47,68.47,68.47,68.47,0.791,1,,,
2026-06-14 05:15:00+00:00,68.45,68.45,68.24,68.24,68.24,137.372,9,,,
2026-06-14 05:30:00+00:00,68.17,68.24,68.04,68.24,68.24,27.751,8,,,
2026-06-14 05:45:00+00:00,68.33,68.33,68.17,68.17,68.17,256.248,9,,,
2026-06-14 06:00:00+00:00,68.39,68.45,68.39,68.45,68.45,1.886,4,,,
2026-06-14 06:15:00+00:00,68.27,68.27,68.27,68.27,68.27,7.859,1,,,
2026-06-14 06:30:00+00:00,68.24,68.24,68.16,68.16,68.16,2.785,2,,,
2026-06-14 06:45:00+00:00,68.16,68.16,68.16,68.16,68.16,0.0,0,,,
2026-06-14 07:00:00+00:00,68.16,68.16,68.16,68.16,68.16,0.0,0,,,
2026-06-14 07:15:00+00:00,68.16,68.16,68.16,68.16,68.16,0.0,0,,,
2026-06-14 07:30:00+00:00,68.19,68.19,68.04,68.04,68.04,0.978,3,,,
2026-06-14 07:45:00+00:00,68.04,68.04,68.04,68.04,68.04,0.0,0,,,
2026-06-14 08:00:00+00:00,68.04,68.04,68.04,68.04,68.04,0.0,0,,,
2026-06-14 08:15:00+00:00,68.24,68.31,68.24,68.31,68.31,0.891,3,,,
2026-06-14 08:30:00+00:00,68.18,68.18,68.18,68.18,68.18,9.797,1,,,
2026-06-14 08:45:00+00:00,68.26,68.26,68.21,68.21,68.21,27.837,2,,,
2026-06-14 09:00:00+00:00,68.17,68.17,68.17,68.17,68.17,21.98,1,,,
2026-06-14 09:15:00+00:00,68.04,68.04,67.97,68.03,68.03,1.51,3,,,
2026-06-14 09:30:00+00:00,68.2,68.33,68.2,68.33,68.33,0.997,3,,,
2026-06-14 09:45:00+00:00,68.45,68.45,68.45,68.45,68.45,0.804,2,,,
2026-06-14 10:00:00+00:00,68.34,68.34,68.34,68.34,68.34,3.461,1,,,
2026-06-14 10:15:00+00:00,68.34,68.34,68.34,68.34,68.34,0.0,0,,,
2026-06-14 10:30:00+00:00,68.34,68.34,68.34,68.34,68.34,0.0,0,,,
2026-06-14 10:45:00+00:00,68.36,68.36,68.24,68.24,68.24,1.914,4,,,
2026-06-14 11:00:00+00:00,68.04,68.16,68.04,68.16,68.16,0.763,2,,,
2026-06-14 11:15:00+00:00,68.11,68.11,68.06,68.06,68.06,4.211,4,,,
2026-06-14 11:30:00+00:00,68.2,68.24,68.2,68.24,68.24,1.524,2,,,
2026-06-14 11:45:00+00:00,68.24,68.24,68.24,68.24,68.24,0.0,0,,,
2026-06-14 12:00:00+00:00,68.04,68.04,68.04,68.04,68.04,0.734,1,,,
2026-06-14 12:15:00+00:00,68.05,68.05,68.05,68.05,68.05,0.162,2,,,
2026-06-14 12:30:00+00:00,67.84,67.84,67.84,67.84,67.84,0.737,1,,,
2026-06-14 12:45:00+00:00,67.83,67.83,67.71,67.71,67.71,22.563,3,,,
2026-06-14 13:00:00+00:00,67.73,67.73,67.73,67.73,67.73,0.096,1,,,
2026-06-14 13:15:00+00:00,67.63,67.63,67.63,67.63,67.63,0.739,1,,,
2026-06-14 13:30:00+00:00,67.61,67.61,67.51,67.51,67.51,2.071,4,,,
2026-06-14 13:45:00+00:00,67.51,67.51,67.51,67.51,67.51,0.0,0,,,
2026-06-14 14:00:00+00:00,67.51,67.51,67.51,67.51,67.51,0.0,0,,,
2026-06-14 14:15:00+00:00,67.75,67.75,67.75,67.75,67.75,0.739,1,,,
2026-06-14 14:30:00+00:00,67.5,67.5,67.0,67.04,67.04,36.775,17,,,
2026-06-14 14:45:00+00:00,67.23,67.23,67.23,67.23,67.23,0.743,1,,,
2026-06-14 15:00:00+00:00,67.26,67.43,67.26,67.43,67.43,0.348,4,,,
2026-06-14 15:15:00+00:00,67.43,67.43,67.43,67.43,67.43,0.623,1,,,
2026-06-14 15:30:00+00:00,67.43,67.43,67.43,67.43,67.43,0.0,0,,,
2026-06-14 15:45:00+00:00,67.43,67.43,67.43,67.43,67.43,0.0,0,,,
2026-06-14 16:00:00+00:00,67.55,67.6,67.55,67.6,67.6,0.361,2,,,
2026-06-14 16:15:00+00:00,67.7,67.7,67.7,67.7,67.7,1.738,2,,,
2026-06-14 16:30:00+00:00,67.65,67.65,67.65,67.65,67.65,3.961,1,,,
2026-06-14 16:45:00+00:00,67.6,67.6,67.53,67.53,67.53,0.931,3,,,
2026-06-14 17:00:00+00:00,67.53,67.53,67.53,67.53,67.53,0.0,0,,,
2026-06-14 17:15:00+00:00,67.65,67.65,67.62,67.62,67.62,0.77,2,,,
2026-06-14 17:30:00+00:00,67.58,67.58,67.58,67.58,67.58,7.396,1,,,
2026-06-14 17:45:00+00:00,67.45,67.45,67.43,67.43,67.43,0.805,2,,,
2026-06-14 18:00:00+00:00,67.43,67.43,67.43,67.43,67.43,0.0,0,,,
2026-06-14 18:15:00+00:00,67.25,67.25,67.25,67.25,67.25,0.33,1,,,
2026-06-14 18:30:00+00:00,67.25,67.25,67.25,67.25,67.25,0.0,0,,,
2026-06-14 18:45:00+00:00,67.25,67.25,67.25,67.25,67.25,0.0,0,,,
2026-06-14 19:00:00+00:00,67.39,67.5,67.35,67.5,67.5,0.426,3,,,
2026-06-14 19:15:00+00:00,67.53,67.64,67.53,67.64,67.64,0.218,4,,,
2026-06-14 19:30:00+00:00,67.67,67.7,67.67,67.7,67.7,0.872,2,,,
2026-06-14 19:45:00+00:00,67.7,67.7,67.7,67.7,67.7,0.0,0,,,
2026-06-14 20:00:00+00:00,67.51,67.51,67.51,67.51,67.51,0.801,1,,,
2026-06-14 20:15:00+00:00,67.51,67.51,67.51,67.51,67.51,0.0,0,,,
2026-06-14 20:30:00+00:00,67.87,67.98,67.87,67.97,67.97,1.512,4,,,
2026-06-14 20:45:00+00:00,67.88,67.88,67.88,67.88,67.88,0.198,1,,,
2026-06-14 21:00:00+00:00,67.87,67.87,67.87,67.87,67.87,0.048,1,,,
2026-06-14 21:15:00+00:00,68.13,69.37,68.13,69.17,69.17,129.331,54,,,
2026-06-14 21:30:00+00:00,69.32,70.26,69.32,70.18,70.18,167.084,30,,,
2026-06-14 21:45:00+00:00,70.31,70.49,70.13,70.13,70.13,17.092,8,,,
2026-06-14 22:00:00+00:00,70.13,70.41,69.8,70.13,70.13,911.871,48,,,
2026-06-14 22:15:00+00:00,70.12,70.3,69.99,70.11,70.11,107.411,7,,,
2026-06-14 22:30:00+00:00,70.41,70.6,70.3,70.6,70.6,73.295,10,,,
2026-06-14 22:45:00+00:00,70.46,70.46,70.46,70.46,70.46,2.931,2,,,
2026-06-14 23:00:00+00:00,70.32,70.64,70.21,70.61,70.61,0.769,4,,,
2026-06-14 23:15:00+00:00,70.41,70.83,70.41,70.83,70.83,23.659,7,,,
2026-06-14 23:30:00+00:00,70.64,70.64,70.64,70.64,70.64,16.696,2,,,
2026-06-14 23:45:00+00:00,70.68,70.7,70.68,70.7,70.7,33.35,2,,,
2026-06-15 00:00:00+00:00,71.33,71.66,71.28,71.66,71.66,22.36,6,,,
2026-06-15 00:15:00+00:00,71.64,71.64,71.34,71.54,71.54,76.853,11,,,
2026-06-15 00:30:00+00:00,71.26,71.3,70.92,70.92,70.92,145.285,15,,,
2026-06-15 00:45:00+00:00,70.92,70.92,70.92,70.92,70.92,0.0,0,,,
2026-06-15 01:00:00+00:00,70.99,70.99,70.69,70.79,70.79,21.299,9,,,
2026-06-15 01:15:00+00:00,70.79,70.79,70.79,70.79,70.79,0.0,0,,,
2026-06-15 01:30:00+00:00,70.96,71.26,70.96,71.26,71.26,2.314,4,,,
2026-06-15 01:45:00+00:00,71.26,71.26,70.97,70.97,70.97,48.72,10,,,
2026-06-15 02:00:00+00:00,71.03,71.3,71.02,71.3,71.3,12.251,8,,,
2026-06-15 02:15:00+00:00,71.34,71.45,71.33,71.33,71.33,2.081,3,,,
2026-06-15 02:30:00+00:00,71.21,71.29,71.21,71.29,71.29,112.895,4,,,
2026-06-15 02:45:00+00:00,71.08,71.08,70.97,70.97,70.97,1.049,3,,,
2026-06-15 03:00:00+00:00,71.03,71.21,71.03,71.21,71.21,1.529,2,,,
2026-06-15 03:15:00+00:00,71.23,71.23,71.23,71.23,71.23,0.223,1,,,
2026-06-15 03:30:00+00:00,71.25,71.26,71.25,71.26,71.26,121.104,3,,,
2026-06-15 03:45:00+00:00,71.3,71.3,71.3,71.3,71.3,1.498,1,,,
2026-06-15 04:00:00+00:00,71.3,71.3,71.3,71.3,71.3,0.0,0,,,
2026-06-15 04:15:00+00:00,71.1,71.1,71.1,71.1,71.1,182.003,5,,,
2026-06-15 04:30:00+00:00,71.1,71.1,70.97,70.97,70.97,328.256,14,,,
2026-06-15 04:45:00+00:00,70.97,70.97,70.97,70.97,70.97,0.0,0,,,
2026-06-15 05:00:00+00:00,70.97,70.97,70.97,70.97,70.97,0.0,0,,,
2026-06-15 05:15:00+00:00,71.12,71.17,71.07,71.17,71.17,63.339,4,,,
2026-06-15 05:30:00+00:00,71.13,71.13,70.91,70.97,70.97,65.261,6,,,
2026-06-15 05:45:00+00:00,70.96,71.26,70.96,71.26,71.26,108.505,12,,,
2026-06-15 06:00:00+00:00,71.14,71.21,71.14,71.21,71.21,10.536,2,,,
2026-06-15 06:15:00+00:00,71.23,71.31,71.17,71.31,71.31,0.221,6,,,
2026-06-15 06:30:00+00:00,71.31,71.31,71.31,71.31,71.31,0.0,0,,,
2026-06-15 06:45:00+00:00,71.31,71.31,71.31,71.31,71.31,0.0,0,,,
2026-06-15 07:00:00+00:00,71.25,71.26,71.13,71.26,71.26,31.674,3,,,
2026-06-15 07:15:00+00:00,71.45,71.45,71.4,71.4,71.4,21.921,2,,,
2026-06-15 07:30:00+00:00,71.15,71.15,71.15,71.15,71.15,3.513,1,,,
2026-06-15 07:45:00+00:00,71.29,71.29,71.2,71.2,71.2,16.882,3,,,
2026-06-15 08:00:00+00:00,71.2,71.2,71.2,71.2,71.2,0.0,0,,,
2026-06-15 08:15:00+00:00,71.47,71.54,71.26,71.26,71.26,2.699,6,,,
2026-06-15 08:30:00+00:00,71.26,71.26,71.26,71.26,71.26,0.0,0,,,
2026-06-15 08:45:00+00:00,71.26,71.26,71.26,71.26,71.26,0.0,0,,,
2026-06-15 09:00:00+00:00,71.26,71.26,71.26,71.26,71.26,0.0,0,,,
2026-06-15 09:15:00+00:00,71.26,71.26,71.26,71.26,71.26,0.0,0,,,
2026-06-15 09:30:00+00:00,71.13,71.13,70.97,70.97,70.97,5.762,3,,,
2026-06-15 09:45:00+00:00,71.1,71.1,71.1,71.1,71.1,1.968,1,,,
2026-06-15 10:00:00+00:00,71.26,71.37,71.26,71.37,71.37,2.669,2,,,
2026-06-15 10:15:00+00:00,71.37,71.37,71.37,71.37,71.37,0.0,0,,,
2026-06-15 10:30:00+00:00,71.37,71.37,71.37,71.37,71.37,0.0,0,,,
2026-06-15 10:45:00+00:00,71.51,72.01,71.51,71.87,71.87,332.318,48,,,
2026-06-15 11:00:00+00:00,71.87,71.87,71.87,71.87,71.87,0.0,0,,,
2026-06-15 11:15:00+00:00,72.31,72.8,72.31,72.63,72.63,184.321,21,,,
2026-06-15 11:30:00+00:00,72.47,72.47,72.47,72.47,72.47,14.095,1,,,
2026-06-15 11:45:00+00:00,72.48,72.48,72.48,72.48,72.48,19.089,1,,,
2026-06-15 12:00:00+00:00,72.48,72.48,72.48,72.48,72.48,0.0,0,,,
2026-06-15 12:15:00+00:00,72.4,72.56,72.36,72.56,72.56,60.113,9,,,
2026-06-15 12:30:00+00:00,72.55,72.91,72.55,72.91,72.91,29.454,9,,,
2026-06-15 12:45:00+00:00,72.91,72.91,72.91,72.91,72.91,0.0,0,,,
2026-06-15 13:00:00+00:00,72.81,73.34,72.76,73.34,73.34,74.219,19,,,
2026-06-15 13:15:00+00:00,73.36,74.12,73.36,73.92,73.92,196.742,32,,,
2026-06-15 13:30:00+00:00,73.88,74.09,73.46,73.55,73.55,346.98,25,,,
2026-06-15 13:45:00+00:00,73.51,73.73,73.51,73.73,73.73,593.486,12,,,
2026-06-15 14:00:00+00:00,73.64,73.66,73.28,73.43,73.43,135.419,15,,,
2026-06-15 14:15:00+00:00,73.54,73.57,73.52,73.57,73.57,100.795,5,,,
2026-06-15 14:30:00+00:00,73.75,73.86,73.75,73.86,73.86,2.978,2,,,
2026-06-15 14:45:00+00:00,73.73,73.73,73.73,73.73,73.73,20.674,2,,,
2026-06-15 15:00:00+00:00,73.83,73.85,73.83,73.85,73.85,4.063,2,,,
2026-06-15 15:15:00+00:00,73.84,74.19,73.84,74.09,74.09,36.896,12,,,
2026-06-15 15:30:00+00:00,74.09,74.73,73.86,74.73,74.73,89.951,21,,,
2026-06-15 15:45:00+00:00,74.78,75.21,74.78,75.21,75.21,48.342,13,,,
2026-06-15 16:00:00+00:00,75.03,75.88,74.99,75.83,75.83,93.427,29,,,
2026-06-15 16:15:00+00:00,75.78,75.78,75.31,75.72,75.72,33.34,11,,,
2026-06-15 16:30:00+00:00,76.0,76.0,75.5,75.99,75.99,41.75,14,,,
2026-06-15 16:45:00+00:00,75.65,75.66,75.5,75.5,75.5,405.338,18,,,
2026-06-15 17:00:00+00:00,75.35,75.35,74.97,75.06,75.06,33.407,13,,,
2026-06-15 17:15:00+00:00,74.94,74.99,74.94,74.94,74.94,44.964,6,,,
2026-06-15 17:30:00+00:00,74.78,75.31,74.71,75.31,75.31,15.158,9,,,
2026-06-15 17:45:00+00:00,75.3,75.3,75.26,75.26,75.26,4.729,3,,,
2026-06-15 18:00:00+00:00,75.26,75.37,75.26,75.34,75.34,10.577,6,,,
2026-06-15 18:15:00+00:00,75.37,75.48,75.37,75.37,75.37,31.249,7,,,
2026-06-15 18:30:00+00:00,75.45,75.65,75.35,75.52,75.52,13.313,8,,,
2026-06-15 18:45:00+00:00,75.49,75.5,75.35,75.43,75.43,44.047,7,,,
2026-06-15 19:00:00+00:00,75.37,75.65,75.37,75.65,75.65,43.225,14,,,
2026-06-15 19:15:00+00:00,75.66,75.77,74.71,74.94,74.94,171.876,46,,,
2026-06-15 19:30:00+00:00,74.9,75.43,74.9,75.43,75.43,26.696,16,,,
2026-06-15 19:45:00+00:00,75.34,75.34,75.03,75.03,75.03,68.468,19,,,
2026-06-15 20:00:00+00:00,75.1,75.39,75.1,75.21,75.21,47.011,8,,,
2026-06-15 20:15:00+00:00,75.23,75.23,74.92,75.02,75.02,155.684,17,,,
2026-06-15 20:30:00+00:00,75.1,75.15,74.96,74.96,74.96,145.366,9,,,
2026-06-15 20:45:00+00:00,74.91,74.91,74.78,74.85,74.85,38.906,7,,,
2026-06-15 21:00:00+00:00,74.91,74.94,74.67,74.91,74.91,170.639,15,,,
2026-06-15 21:15:00+00:00,74.92,74.92,74.45,74.45,74.45,86.496,13,,,
2026-06-15 21:30:00+00:00,74.45,74.59,74.45,74.59,74.59,88.694,12,,,
2026-06-15 21:45:00+00:00,74.59,74.59,74.42,74.42,74.42,173.922,15,,,
2026-06-15 22:00:00+00:00,74.45,74.56,74.45,74.49,74.49,109.629,11,,,
2026-06-15 22:15:00+00:00,74.36,74.36,73.74,73.78,73.78,103.875,20,,,
2026-06-15 22:30:00+00:00,73.75,74.0,73.61,73.86,73.86,152.415,11,,,
2026-06-15 22:45:00+00:00,73.76,73.76,73.65,73.75,73.75,18.201,6,,,
2026-06-15 23:00:00+00:00,73.73,73.79,73.65,73.79,73.79,58.753,6,,,
2026-06-15 23:15:00+00:00,73.79,73.85,73.66,73.85,73.85,103.623,12,,,
2026-06-15 23:30:00+00:00,73.73,73.9,73.62,73.9,73.9,129.949,11,,,
2026-06-15 23:45:00+00:00,73.97,74.0,73.89,73.95,73.95,103.308,12,,,
2026-06-16 00:00:00+00:00,73.9,74.08,73.86,74.06,74.06,143.834,12,,,
2026-06-16 00:15:00+00:00,74.13,74.13,73.9,73.95,73.95,134.547,13,,,
2026-06-16 00:30:00+00:00,73.94,74.31,73.89,74.29,74.29,290.272,27,,,
2026-06-16 00:45:00+00:00,74.29,74.3,73.99,73.99,73.99,160.792,10,,,
2026-06-16 01:00:00+00:00,74.08,74.26,74.08,74.18,74.18,438.545,13,,,
2026-06-16 01:15:00+00:00,74.06,74.22,74.05,74.2,74.2,262.203,21,,,
2026-06-16 01:30:00+00:00,74.21,74.21,74.07,74.07,74.07,68.323,6,,,
2026-06-16 01:45:00+00:00,74.16,74.16,73.86,73.88,73.88,1.256,3,,,
2026-06-16 02:00:00+00:00,73.79,73.79,73.38,73.38,73.38,2.759,8,,,
2026-06-16 02:15:00+00:00,73.45,73.45,72.79,72.87,72.87,11.404,15,,,
2026-06-16 02:30:00+00:00,72.96,73.03,72.83,73.0,73.0,43.469,6,,,
2026-06-16 02:45:00+00:00,73.03,73.14,72.98,72.98,72.98,1.055,4,,,
2026-06-16 03:00:00+00:00,72.95,73.05,72.87,73.05,73.05,14.736,8,,,
2026-06-16 03:15:00+00:00,73.04,73.43,72.97,73.43,73.43,2.756,5,,,
2026-06-16 03:30:00+00:00,73.57,73.58,73.57,73.58,73.58,1.127,2,,,
2026-06-16 03:45:00+00:00,73.6,73.68,73.6,73.68,73.68,4.669,3,,,
2026-06-16 04:00:00+00:00,73.8,73.87,73.8,73.87,73.87,1.599,4,,,
2026-06-16 04:15:00+00:00,73.57,73.57,73.54,73.54,73.54,0.957,3,,,
2026-06-16 04:30:00+00:00,73.28,73.33,73.22,73.22,73.22,4.23,4,,,
2026-06-16 04:45:00+00:00,73.2,73.34,73.2,73.34,73.34,3.596,5,,,
2026-06-16 05:00:00+00:00,73.43,73.67,73.43,73.62,73.62,11.191,7,,,
2026-06-16 05:15:00+00:00,73.6,73.74,73.55,73.74,73.74,5.242,6,,,
2026-06-16 05:30:00+00:00,73.69,73.71,73.64,73.64,73.64,7.064,4,,,
2026-06-16 05:45:00+00:00,73.72,73.79,73.72,73.75,73.75,14.063,6,,,
2026-06-16 06:00:00+00:00,73.64,73.88,73.64,73.82,73.82,59.329,36,,,
2026-06-16 06:15:00+00:00,73.81,73.97,73.81,73.97,73.97,1.614,5,,,
2026-06-16 06:30:00+00:00,73.97,74.0,73.93,73.93,73.93,0.383,3,,,
2026-06-16 06:45:00+00:00,74.13,74.25,74.13,74.25,74.25,156.824,14,,,
2026-06-16 07:00:00+00:00,74.29,74.45,74.16,74.23,74.23,42.611,12,,,
2026-06-16 07:15:00+00:00,74.23,74.23,74.23,74.23,74.23,0.0,0,,,
2026-06-16 07:30:00+00:00,74.45,74.46,74.45,74.46,74.46,0.8,2,,,
2026-06-16 07:45:00+00:00,74.44,74.48,74.44,74.46,74.46,56.156,4,,,
2026-06-16 08:00:00+00:00,74.44,74.71,74.44,74.71,74.71,16.171,7,,,
2026-06-16 08:15:00+00:00,74.75,74.95,74.57,74.57,74.57,139.778,19,,,
2026-06-16 08:30:00+00:00,74.78,74.98,74.78,74.98,74.98,29.505,6,,,
2026-06-16 08:45:00+00:00,74.98,75.51,74.96,75.44,75.44,211.029,28,,,
2026-06-16 09:00:00+00:00,75.24,75.32,75.15,75.23,75.23,229.019,17,,,
2026-06-16 09:15:00+00:00,75.28,75.28,74.87,74.95,74.95,119.551,10,,,
2026-06-16 09:30:00+00:00,74.9,75.0,74.84,74.86,74.86,189.437,11,,,
2026-06-16 09:45:00+00:00,74.86,74.96,74.79,74.81,74.81,137.003,8,,,
2026-06-16 10:00:00+00:00,74.83,74.87,74.75,74.76,74.76,113.068,8,,,
2026-06-16 10:15:00+00:00,74.91,75.05,74.89,75.05,75.05,23.953,4,,,
2026-06-16 10:30:00+00:00,75.0,75.0,74.94,74.97,74.97,116.668,9,,,
2026-06-16 10:45:00+00:00,75.01,75.01,74.66,74.66,74.66,127.039,14,,,
2026-06-16 11:00:00+00:00,74.78,74.8,74.59,74.59,74.59,2.236,4,,,
2026-06-16 11:15:00+00:00,74.6,74.7,74.45,74.5,74.5,46.065,8,,,
2026-06-16 11:30:00+00:00,74.39,74.51,74.39,74.51,74.51,0.114,3,,,
2026-06-16 11:45:00+00:00,74.47,74.56,74.4,74.56,74.56,22.399,8,,,
2026-06-16 12:00:00+00:00,74.56,74.75,74.47,74.65,74.65,73.89,15,,,
2026-06-16 12:15:00+00:00,74.73,75.03,74.73,74.9,74.9,178.72,24,,,
2026-06-16 12:30:00+00:00,74.95,75.45,74.84,74.86,74.86,166.265,34,,,
2026-06-16 12:45:00+00:00,74.89,74.98,74.72,74.79,74.79,69.986,9,,,
2026-06-16 13:00:00+00:00,74.85,74.89,73.93,73.93,73.93,50.307,16,,,
2026-06-16 13:15:00+00:00,74.28,74.38,73.98,73.98,73.98,160.868,20,,,
2026-06-16 13:30:00+00:00,74.02,74.29,73.86,74.23,74.23,241.613,25,,,
2026-06-16 13:45:00+00:00,74.27,74.31,73.9,73.91,73.91,84.745,13,,,
2026-06-16 14:00:00+00:00,74.19,74.19,73.68,73.68,73.68,79.507,13,,,
2026-06-16 14:15:00+00:00,73.79,73.79,72.93,72.96,72.96,89.539,21,,,
2026-06-16 14:30:00+00:00,72.69,72.9,72.34,72.8,72.8,90.302,22,,,
2026-06-16 14:45:00+00:00,72.86,73.03,72.82,72.97,72.97,476.867,25,,,
2026-06-16 15:00:00+00:00,73.07,73.32,72.96,73.32,73.32,41.335,16,,,
2026-06-16 15:15:00+00:00,73.28,73.28,72.98,73.12,73.12,50.554,12,,,
2026-06-16 15:30:00+00:00,73.27,73.57,73.18,73.19,73.19,17.271,14,,,
2026-06-16 15:45:00+00:00,73.04,73.35,73.03,73.35,73.35,60.495,9,,,
2026-06-16 16:00:00+00:00,73.33,73.38,73.33,73.36,73.36,7.058,4,,,
2026-06-16 16:15:00+00:00,73.27,73.29,73.27,73.29,73.29,0.259,2,,,
2026-06-16 16:30:00+00:00,73.22,73.22,73.22,73.22,73.22,0.05,1,,,
2026-06-16 16:45:00+00:00,73.13,73.13,73.02,73.04,73.04,4.783,5,,,
2026-06-16 17:00:00+00:00,73.09,73.27,73.09,73.27,73.27,9.024,5,,,
2026-06-16 17:15:00+00:00,73.27,73.27,73.27,73.27,73.27,0.0,0,,,
2026-06-16 17:30:00+00:00,73.29,73.29,73.29,73.29,73.29,5.091,2,,,
2026-06-16 17:45:00+00:00,73.45,73.68,73.45,73.57,73.57,37.029,13,,,
2026-06-16 18:00:00+00:00,73.77,74.16,73.77,74.1,74.1,63.558,19,,,
2026-06-16 18:15:00+00:00,73.86,73.86,73.57,73.57,73.57,1.685,4,,,
2026-06-16 18:30:00+00:00,73.79,73.86,73.76,73.86,73.86,28.583,10,,,
2026-06-16 18:45:00+00:00,73.97,73.97,73.97,73.97,73.97,0.111,1,,,
2026-06-16 19:00:00+00:00,73.97,73.97,73.97,73.97,73.97,0.0,0,,,
2026-06-16 19:15:00+00:00,73.6,73.96,73.5,73.96,73.96,4.517,9,,,
2026-06-16 19:30:00+00:00,73.97,74.13,73.93,73.93,73.93,9.248,6,,,
2026-06-16 19:45:00+00:00,74.02,74.02,73.87,73.87,73.87,4.049,2,,,
2026-06-16 20:00:00+00:00,74.0,74.0,74.0,74.0,74.0,2.305,1,,,
2026-06-16 20:15:00+00:00,74.08,74.11,73.9,73.9,73.9,19.579,6,,,
2026-06-16 20:30:00+00:00,73.88,74.04,73.87,74.01,74.01,7.091,4,,,
2026-06-16 20:45:00+00:00,74.02,74.16,74.02,74.06,74.06,31.479,9,,,
2026-06-16 21:00:00+00:00,74.09,74.09,73.97,73.98,73.98,84.634,9,,,
2026-06-16 21:15:00+00:00,73.86,73.86,73.77,73.77,73.77,5.545,5,,,
2026-06-16 21:30:00+00:00,73.74,73.82,73.71,73.82,73.82,350.664,6,,,
2026-06-16 21:45:00+00:00,73.84,73.84,73.84,73.84,73.84,14.147,1,,,
2026-06-16 22:00:00+00:00,73.78,73.98,73.78,73.93,73.93,20.683,7,,,
2026-06-16 22:15:00+00:00,73.93,73.93,73.93,73.93,73.93,0.0,0,,,
2026-06-16 22:30:00+00:00,73.7,73.7,73.7,73.7,73.7,0.1,2,,,
2026-06-16 22:45:00+00:00,73.6,73.6,73.6,73.6,73.6,0.1,1,,,
2026-06-16 23:00:00+00:00,73.88,73.88,73.85,73.85,73.85,3.282,4,,,
2026-06-16 23:15:00+00:00,73.57,73.57,73.57,73.57,73.57,0.679,1,,,
2026-06-16 23:30:00+00:00,73.57,73.57,73.57,73.57,73.57,0.0,0,,,
2026-06-16 23:45:00+00:00,73.52,73.52,73.5,73.5,73.5,0.333,2,,,
2026-06-17 00:00:00+00:00,73.54,73.72,73.54,73.57,73.57,49.849,14,,,
2026-06-17 00:15:00+00:00,73.57,73.58,73.39,73.46,73.46,85.085,29,,,
2026-06-17 00:30:00+00:00,73.44,73.58,73.29,73.56,73.56,176.068,28,,,
2026-06-17 00:45:00+00:00,73.54,73.54,73.38,73.38,73.38,29.229,3,,,
2026-06-17 01:00:00+00:00,73.38,73.58,73.38,73.57,73.57,13.892,7,,,
2026-06-17 01:15:00+00:00,73.55,73.55,73.16,73.39,73.39,271.033,11,,,
2026-06-17 01:30:00+00:00,73.53,73.6,73.52,73.52,73.52,34.73,4,,,
2026-06-17 01:45:00+00:00,73.62,73.86,73.62,73.86,73.86,46.443,8,,,
2026-06-17 02:00:00+00:00,73.81,73.81,73.81,73.81,73.81,0.356,2,,,
2026-06-17 02:15:00+00:00,73.93,74.33,73.93,74.2,74.2,85.424,20,,,
2026-06-17 02:30:00+00:00,74.26,74.26,73.66,73.81,73.81,79.531,9,,,
2026-06-17 02:45:00+00:00,73.77,73.98,73.76,73.98,73.98,114.716,7,,,
2026-06-17 03:00:00+00:00,73.85,73.85,73.85,73.85,73.85,14.892,1,,,
2026-06-17 03:15:00+00:00,73.57,73.63,73.54,73.63,73.63,29.165,3,,,
2026-06-17 03:30:00+00:00,73.78,73.78,73.77,73.77,73.77,19.468,2,,,
2026-06-17 03:45:00+00:00,73.5,73.65,73.5,73.65,73.65,59.302,4,,,
2026-06-17 04:00:00+00:00,73.69,73.69,73.67,73.67,73.67,1.347,2,,,
2026-06-17 04:15:00+00:00,73.64,73.75,73.6,73.68,73.68,119.116,18,,,
2026-06-17 04:30:00+00:00,73.68,73.76,73.68,73.73,73.73,24.933,14,,,
2026-06-17 04:45:00+00:00,73.75,73.92,73.71,73.75,73.75,59.533,10,,,
2026-06-17 05:00:00+00:00,73.79,73.92,73.51,73.51,73.51,80.903,11,,,
2026-06-17 05:15:00+00:00,73.44,73.64,73.38,73.64,73.64,117.159,9,,,
2026-06-17 05:30:00+00:00,73.83,73.83,73.83,73.83,73.83,0.208,1,,,
2026-06-17 05:45:00+00:00,73.59,73.59,73.52,73.52,73.52,77.659,7,,,
2026-06-17 06:00:00+00:00,73.6,73.73,73.6,73.73,73.73,37.056,4,,,
2026-06-17 06:15:00+00:00,73.75,73.76,73.75,73.76,73.76,0.692,2,,,
2026-06-17 06:30:00+00:00,73.28,73.42,73.16,73.41,73.41,2.201,5,,,
2026-06-17 06:45:00+00:00,73.41,73.41,73.41,73.41,73.41,0.0,0,,,
2026-06-17 07:00:00+00:00,73.16,73.34,73.16,73.34,73.34,76.834,7,,,
2026-06-17 07:15:00+00:00,73.51,73.51,73.31,73.31,73.31,38.651,4,,,
2026-06-17 07:30:00+00:00,73.11,73.33,73.09,73.25,73.25,141.138,62,,,
2026-06-17 07:45:00+00:00,73.23,73.23,72.98,73.05,73.05,38.063,6,,,
2026-06-17 08:00:00+00:00,73.15,73.15,72.9,72.9,72.9,4.825,6,,,
2026-06-17 08:15:00+00:00,72.75,72.89,72.69,72.89,72.89,5.669,5,,,
2026-06-17 08:30:00+00:00,72.71,72.71,72.38,72.42,72.42,42.102,13,,,
2026-06-17 08:45:00+00:00,72.37,72.37,72.24,72.3,72.3,0.966,5,,,
2026-06-17 09:00:00+00:00,72.33,72.39,72.3,72.38,72.38,14.845,4,,,
2026-06-17 09:15:00+00:00,72.38,72.49,72.38,72.42,72.42,0.168,4,,,
2026-06-17 09:30:00+00:00,72.45,72.45,72.43,72.44,72.44,0.211,4,,,
2026-06-17 09:45:00+00:00,72.45,72.6,72.35,72.35,72.35,0.105,3,,,
2026-06-17 10:00:00+00:00,72.49,72.58,72.36,72.45,72.45,913.11,41,,,
2026-06-17 10:15:00+00:00,72.45,72.45,72.4,72.41,72.41,0.109,3,,,
2026-06-17 10:30:00+00:00,72.43,72.43,72.27,72.27,72.27,292.924,21,,,
2026-06-17 10:45:00+00:00,72.33,72.33,72.11,72.11,72.11,0.816,4,,,
2026-06-17 11:00:00+00:00,72.11,72.11,71.71,71.99,71.99,352.375,28,,,
2026-06-17 11:15:00+00:00,71.91,71.98,71.91,71.94,71.94,14.058,5,,,
2026-06-17 11:30:00+00:00,71.93,72.11,71.93,72.11,72.11,4.732,5,,,
2026-06-17 11:45:00+00:00,72.11,72.12,72.07,72.1,72.1,0.191,4,,,
2026-06-17 12:00:00+00:00,72.0,72.23,72.0,72.23,72.23,0.152,4,,,
2026-06-17 12:15:00+00:00,72.21,72.21,71.64,71.68,71.68,35.708,14,,,
2026-06-17 12:30:00+00:00,71.64,72.11,71.6,72.11,72.11,51.413,13,,,
2026-06-17 12:45:00+00:00,72.13,72.29,72.1,72.29,72.29,94.732,25,,,
2026-06-17 13:00:00+00:00,72.21,72.45,72.2,72.45,72.45,219.267,39,,,
2026-06-17 13:15:00+00:00,72.34,72.39,72.15,72.25,72.25,496.676,30,,,
2026-06-17 13:30:00+00:00,72.29,72.58,72.13,72.56,72.56,855.852,38,,,
2026-06-17 13:45:00+00:00,72.57,72.69,72.4,72.4,72.4,29.109,12,,,
2026-06-17 14:00:00+00:00,72.34,72.44,72.1,72.44,72.44,24.949,20,,,
2026-06-17 14:15:00+00:00,72.45,72.51,72.32,72.41,72.41,19.897,15,,,
2026-06-17 14:30:00+00:00,72.38,72.38,72.22,72.22,72.22,17.418,4,,,
2026-06-17 14:45:00+00:00,72.35,72.53,71.8,72.38,72.38,101.537,31,,,
2026-06-17 15:00:00+00:00,72.44,72.73,72.43,72.73,72.73,1.761,8,,,
2026-06-17 15:15:00+00:00,72.75,72.98,72.75,72.98,72.98,1.84,5,,,
2026-06-17 15:30:00+00:00,73.01,73.28,73.01,73.28,73.28,71.617,11,,,
2026-06-17 15:45:00+00:00,73.37,73.78,73.37,73.78,73.78,5.952,11,,,
2026-06-17 16:00:00+00:00,73.86,73.86,73.7,73.7,73.7,6.286,3,,,
2026-06-17 16:15:00+00:00,73.93,74.59,73.93,74.59,74.59,12.83,26,,,
2026-06-17 16:30:00+00:00,74.16,74.16,74.01,74.06,74.06,2.907,4,,,
2026-06-17 16:45:00+00:00,73.86,73.86,73.72,73.72,73.72,1.839,3,,,
2026-06-17 17:00:00+00:00,73.68,73.73,73.5,73.67,73.67,87.343,12,,,
2026-06-17 17:15:00+00:00,73.85,73.85,73.72,73.72,73.72,18.688,2,,,
2026-06-17 17:30:00+00:00,73.81,73.85,73.81,73.85,73.85,16.891,2,,,
2026-06-17 17:45:00+00:00,73.86,74.25,73.86,74.12,74.12,61.29,8,,,
2026-06-17 18:00:00+00:00,74.14,74.14,72.4,73.28,73.28,261.241,61,,,
2026-06-17 18:15:00+00:00,73.33,73.33,73.03,73.15,73.15,53.142,7,,,
2026-06-17 18:30:00+00:00,73.13,74.29,72.98,74.29,74.29,274.177,62,,,
2026-06-17 18:45:00+00:00,74.03,74.15,73.5,73.5,73.5,108.454,17,,,
2026-06-17 19:00:00+00:00,73.28,73.28,72.97,73.28,73.28,35.106,10,,,
2026-06-17 19:15:00+00:00,73.46,73.46,71.91,71.91,71.91,81.929,28,,,
2026-06-17 19:30:00+00:00,72.04,72.04,71.54,71.54,71.54,24.511,7,,,
2026-06-17 19:45:00+00:00,71.75,71.83,71.54,71.62,71.62,124.179,15,,,
2026-06-17 20:00:00+00:00,71.54,71.92,71.53,71.73,71.73,19.461,12,,,
2026-06-17 20:15:00+00:00,71.66,71.86,71.66,71.85,71.85,16.244,5,,,
2026-06-17 20:30:00+00:00,71.92,72.11,71.76,71.76,71.76,3.759,4,,,
2026-06-17 20:45:00+00:00,71.96,72.16,71.96,72.16,72.16,41.473,7,,,
2026-06-17 21:00:00+00:00,72.11,72.11,72.02,72.05,72.05,5.969,5,,,
2026-06-17 21:15:00+00:00,71.93,71.93,71.89,71.91,71.91,9.584,5,,,
2026-06-17 21:30:00+00:00,71.83,71.83,71.58,71.58,71.58,0.841,3,,,
2026-06-17 21:45:00+00:00,71.54,71.54,71.42,71.48,71.48,17.955,3,,,
2026-06-17 22:00:00+00:00,71.32,71.46,70.87,71.46,71.46,67.796,17,,,
2026-06-17 22:15:00+00:00,71.43,71.64,71.36,71.64,71.64,10.368,8,,,
2026-06-17 22:30:00+00:00,71.64,71.64,71.64,71.64,71.64,0.0,0,,,
2026-06-17 22:45:00+00:00,71.64,71.64,71.64,71.64,71.64,0.0,0,,,
2026-06-17 23:00:00+00:00,71.87,71.87,71.87,71.87,71.87,0.065,1,,,
2026-06-17 23:15:00+00:00,71.91,72.0,71.91,72.0,72.0,1.554,3,,,
2026-06-17 23:30:00+00:00,72.0,72.0,72.0,72.0,72.0,0.0,0,,,
2026-06-17 23:45:00+00:00,72.0,72.0,72.0,72.0,72.0,0.0,0,,,
2026-06-18 00:00:00+00:00,72.0,72.27,72.0,72.27,72.27,5.047,7,,,
2026-06-18 00:15:00+00:00,72.28,72.3,72.23,72.26,72.26,1.693,5,,,
2026-06-18 00:30:00+00:00,72.4,72.42,72.36,72.37,72.37,42.83,5,,,
2026-06-18 00:45:00+00:00,72.21,72.21,72.21,72.21,72.21,3.837,2,,,
2026-06-18 01:00:00+00:00,72.25,72.55,72.25,72.55,72.55,12.501,11,,,
2026-06-18 01:15:00+00:00,72.36,72.43,72.32,72.35,72.35,63.407,9,,,
2026-06-18 01:30:00+00:00,72.36,72.48,72.29,72.29,72.29,474.936,13,,,
2026-06-18 01:45:00+00:00,72.2,72.2,72.06,72.14,72.14,82.956,9,,,
2026-06-18 02:00:00+00:00,72.17,72.37,72.17,72.28,72.28,7.293,7,,,
2026-06-18 02:15:00+00:00,72.29,72.57,72.29,72.5,72.5,57.23,9,,,
2026-06-18 02:30:00+00:00,72.51,72.55,72.45,72.54,72.54,30.954,7,,,
2026-06-18 02:45:00+00:00,72.52,72.52,72.45,72.45,72.45,200.076,11,,,
2026-06-18 03:00:00+00:00,72.45,72.45,72.45,72.45,72.45,0.0,0,,,
2026-06-18 03:15:00+00:00,72.19,72.2,71.9,71.9,71.9,20.788,3,,,
2026-06-18 03:30:00+00:00,71.83,71.83,71.51,71.53,71.53,229.976,30,,,
2026-06-18 03:45:00+00:00,71.59,71.78,71.59,71.59,71.59,79.465,30,,,
2026-06-18 04:00:00+00:00,71.56,71.66,71.02,71.02,71.02,60.288,13,,,
2026-06-18 04:15:00+00:00,71.28,71.28,71.08,71.13,71.13,16.407,5,,,
2026-06-18 04:30:00+00:00,71.07,71.13,70.97,70.99,70.99,14.183,11,,,
2026-06-18 04:45:00+00:00,70.9,71.09,70.87,71.06,71.06,29.898,20,,,
2026-06-18 05:00:00+00:00,70.9,70.93,70.61,70.88,70.88,28.481,17,,,
2026-06-18 05:15:00+00:00,70.84,70.92,70.81,70.92,70.92,66.577,13,,,
2026-06-18 05:30:00+00:00,70.85,70.95,70.85,70.88,70.88,5.818,4,,,
2026-06-18 05:45:00+00:00,70.88,70.88,70.88,70.88,70.88,0.0,0,,,
2026-06-18 06:00:00+00:00,71.2,71.2,71.04,71.05,71.05,19.767,4,,,
2026-06-18 06:15:00+00:00,70.96,71.13,70.96,71.13,71.13,11.529,2,,,
2026-06-18 06:30:00+00:00,71.14,71.24,71.14,71.24,71.24,81.509,5,,,
2026-06-18 06:45:00+00:00,71.28,71.35,71.28,71.35,71.35,14.796,4,,,
2026-06-18 07:00:00+00:00,71.25,71.25,71.19,71.19,71.19,28.156,5,,,
2026-06-18 07:15:00+00:00,71.44,71.69,71.42,71.69,71.69,56.223,10,,,
2026-06-18 07:30:00+00:00,71.6,71.6,71.6,71.6,71.6,10.302,1,,,
2026-06-18 07:45:00+00:00,71.63,71.75,71.63,71.67,71.67,62.038,4,,,
2026-06-18 08:00:00+00:00,71.67,71.88,71.67,71.88,71.88,19.395,6,,,
2026-06-18 08:15:00+00:00,71.8,71.85,71.8,71.85,71.85,19.822,3,,,
2026-06-18 08:30:00+00:00,71.86,72.0,71.86,71.9,71.9,23.41,9,,,
2026-06-18 08:45:00+00:00,71.9,71.97,71.8,71.8,71.8,111.096,12,,,
2026-06-18 09:00:00+00:00,71.77,71.88,71.76,71.88,71.88,162.46,10,,,
2026-06-18 09:15:00+00:00,71.95,72.09,71.79,71.79,71.79,117.943,16,,,
2026-06-18 09:30:00+00:00,71.81,71.89,71.77,71.89,71.89,226.507,13,,,
2026-06-18 09:45:00+00:00,71.79,71.79,71.79,71.79,71.79,19.095,1,,,
2026-06-18 10:00:00+00:00,71.79,71.79,71.29,71.29,71.29,173.557,17,,,
2026-06-18 10:15:00+00:00,71.25,71.35,71.09,71.17,71.17,33.59,11,,,
2026-06-18 10:30:00+00:00,71.22,71.23,71.1,71.13,71.13,89.539,12,,,
2026-06-18 10:45:00+00:00,71.07,71.43,71.04,71.43,71.43,44.694,14,,,
2026-06-18 11:00:00+00:00,71.42,71.42,71.01,71.02,71.02,52.035,11,,,
2026-06-18 11:15:00+00:00,71.01,71.01,70.8,70.87,70.87,151.72,16,,,
2026-06-18 11:30:00+00:00,71.06,71.06,70.73,70.73,70.73,87.15,11,,,
2026-06-18 11:45:00+00:00,70.94,70.94,70.68,70.82,70.82,58.95,8,,,
2026-06-18 12:00:00+00:00,70.88,71.02,70.85,70.97,70.97,136.109,14,,,
2026-06-18 12:15:00+00:00,71.04,71.25,71.04,71.25,71.25,79.873,8,,,
2026-06-18 12:30:00+00:00,71.27,71.33,71.21,71.33,71.33,164.111,19,,,
2026-06-18 12:45:00+00:00,71.39,71.54,71.36,71.54,71.54,239.361,22,,,
2026-06-18 13:00:00+00:00,71.4,71.55,71.4,71.52,71.52,153.271,15,,,
2026-06-18 13:15:00+00:00,71.49,71.68,71.48,71.61,71.61,179.633,28,,,
2026-06-18 13:30:00+00:00,71.6,71.6,70.76,70.85,70.85,434.903,60,,,
2026-06-18 13:45:00+00:00,70.78,71.29,70.73,70.87,70.87,126.581,19,,,
2026-06-18 14:00:00+00:00,70.93,71.02,70.85,70.88,70.88,136.205,24,,,
2026-06-18 14:15:00+00:00,70.74,71.53,70.74,70.99,70.99,39.29,14,,,
2026-06-18 14:30:00+00:00,71.09,71.22,70.98,70.98,70.98,121.061,12,,,
2026-06-18 14:45:00+00:00,70.9,71.12,70.7,71.02,71.02,93.792,14,,,
2026-06-18 15:00:00+00:00,70.97,70.97,70.68,70.77,70.77,79.382,10,,,
2026-06-18 15:15:00+00:00,70.53,70.53,69.77,69.77,69.77,212.087,34,,,
2026-06-18 15:30:00+00:00,69.91,69.96,68.79,68.99,68.99,116.938,34,,,
2026-06-18 15:45:00+00:00,68.93,69.0,68.36,68.36,68.36,217.065,32,,,
2026-06-18 16:00:00+00:00,68.64,68.8,68.59,68.8,68.8,2.29,6,,,
2026-06-18 16:15:00+00:00,68.65,68.84,68.62,68.74,68.74,4.982,6,,,
2026-06-18 16:30:00+00:00,68.63,68.79,68.61,68.79,68.79,3.688,7,,,
2026-06-18 16:45:00+00:00,68.75,68.98,68.74,68.98,68.98,5.922,7,,,
2026-06-18 17:00:00+00:00,68.9,69.02,68.79,68.79,68.79,14.559,9,,,
2026-06-18 17:15:00+00:00,68.85,68.92,68.59,68.92,68.92,158.761,14,,,
2026-06-18 17:30:00+00:00,68.89,69.03,68.64,68.66,68.66,121.19,15,,,
2026-06-18 17:45:00+00:00,68.66,68.66,68.51,68.51,68.51,38.447,2,,,
2026-06-18 18:00:00+00:00,68.57,68.57,68.37,68.37,68.37,84.028,25,,,
2026-06-18 18:15:00+00:00,68.34,68.9,68.18,68.86,68.86,60.607,25,,,
2026-06-18 18:30:00+00:00,68.68,68.69,68.49,68.55,68.55,26.788,11,,,
2026-06-18 18:45:00+00:00,68.69,68.7,68.52,68.58,68.58,4.222,5,,,
2026-06-18 19:00:00+00:00,68.59,68.63,68.56,68.56,68.56,39.509,8,,,
2026-06-18 19:15:00+00:00,68.59,68.83,68.59,68.83,68.83,2.839,4,,,
2026-06-18 19:30:00+00:00,68.87,69.28,68.87,69.28,69.28,8.282,7,,,
2026-06-18 19:45:00+00:00,69.28,69.41,69.2,69.41,69.41,25.585,11,,,
2026-06-18 20:00:00+00:00,69.51,69.78,69.51,69.69,69.69,38.291,28,,,
2026-06-18 20:15:00+00:00,69.66,69.88,69.64,69.77,69.77,17.347,11,,,
2026-06-18 20:30:00+00:00,69.72,69.85,69.72,69.8,69.8,24.0,15,,,
2026-06-18 20:45:00+00:00,69.79,69.83,69.69,69.78,69.78,12.51,12,,,
2026-06-18 21:00:00+00:00,69.75,69.82,69.51,69.51,69.51,123.577,27,,,
2026-06-18 21:15:00+00:00,69.51,69.63,69.37,69.59,69.59,19.992,12,,,
2026-06-18 21:30:00+00:00,69.65,69.65,69.39,69.51,69.51,14.79,10,,,
2026-06-18 21:45:00+00:00,69.49,69.52,69.47,69.51,69.51,0.129,4,,,
2026-06-18 22:00:00+00:00,69.51,69.62,69.47,69.61,69.61,5.912,9,,,
2026-06-18 22:15:00+00:00,69.58,69.58,69.36,69.47,69.47,11.578,15,,,
2026-06-18 22:30:00+00:00,69.32,69.36,69.29,69.36,69.36,1.955,4,,,
2026-06-18 22:45:00+00:00,69.53,69.53,69.5,69.5,69.5,1.596,2,,,
2026-06-18 23:00:00+00:00,69.35,69.35,69.24,69.24,69.24,0.142,2,,,
2026-06-18 23:15:00+00:00,69.25,69.4,69.25,69.4,69.4,21.292,3,,,
2026-06-18 23:30:00+00:00,69.61,69.61,69.52,69.61,69.61,5.244,8,,,
2026-06-18 23:45:00+00:00,69.63,69.72,69.51,69.67,69.67,113.31,27,,,
2026-06-19 00:00:00+00:00,69.62,69.62,69.62,69.62,69.62,0.333,1,,,
2026-06-19 00:15:00+00:00,69.63,69.74,69.6,69.74,69.74,31.026,10,,,
2026-06-19 00:30:00+00:00,69.79,69.81,69.79,69.81,69.81,0.337,2,,,
2026-06-19 00:45:00+00:00,69.7,69.74,69.69,69.69,69.69,15.543,4,,,
2026-06-19 01:00:00+00:00,69.7,69.93,69.62,69.62,69.62,104.122,16,,,
2026-06-19 01:15:00+00:00,69.62,69.62,69.62,69.62,69.62,0.0,0,,,
2026-06-19 01:30:00+00:00,69.66,69.66,69.66,69.66,69.66,0.35,1,,,
2026-06-19 01:45:00+00:00,69.66,69.66,69.66,69.66,69.66,0.0,0,,,
2026-06-19 02:00:00+00:00,69.91,70.0,69.86,70.0,70.0,10.539,6,,,
2026-06-19 02:15:00+00:00,69.58,69.58,69.58,69.58,69.58,18.301,1,,,
2026-06-19 02:30:00+00:00,69.44,69.5,69.44,69.5,69.5,0.122,3,,,
2026-06-19 02:45:00+00:00,69.4,69.49,69.4,69.49,69.49,19.005,3,,,
2026-06-19 03:00:00+00:00,69.64,69.64,69.39,69.39,69.39,16.104,3,,,
2026-06-19 03:15:00+00:00,69.23,69.33,68.59,69.22,69.22,1001.083,71,,,
2026-06-19 03:30:00+00:00,69.06,69.07,68.92,68.93,68.93,254.193,17,,,
2026-06-19 03:45:00+00:00,68.91,69.0,68.91,68.98,68.98,0.077,3,,,
2026-06-19 04:00:00+00:00,68.88,69.09,68.78,69.09,69.09,266.247,22,,,
2026-06-19 04:15:00+00:00,69.14,69.16,68.76,68.76,68.76,19.144,6,,,
2026-06-19 04:30:00+00:00,68.63,68.63,68.4,68.46,68.46,4.606,10,,,
2026-06-19 04:45:00+00:00,68.46,68.46,68.46,68.46,68.46,0.042,1,,,
2026-06-19 05:00:00+00:00,68.29,68.63,68.29,68.63,68.63,316.81,15,,,
2026-06-19 05:15:00+00:00,68.53,68.54,68.48,68.48,68.48,164.99,10,,,
2026-06-19 05:30:00+00:00,68.4,68.4,68.37,68.37,68.37,4.542,2,,,
2026-06-19 05:45:00+00:00,68.49,68.64,68.49,68.64,68.64,0.085,2,,,
2026-06-19 06:00:00+00:00,68.63,68.64,68.63,68.64,68.64,4.782,2,,,
2026-06-19 06:15:00+00:00,68.74,68.77,68.66,68.77,68.77,43.285,7,,,
2026-06-19 06:30:00+00:00,68.6,68.6,68.5,68.5,68.5,2.327,2,,,
2026-06-19 06:45:00+00:00,68.56,68.56,68.56,68.56,68.56,13.817,1,,,
2026-06-19 07:00:00+00:00,68.51,68.51,68.51,68.51,68.51,2.936,2,,,
2026-06-19 07:15:00+00:00,68.51,68.51,68.51,68.51,68.51,0.0,0,,,
2026-06-19 07:30:00+00:00,68.44,68.53,67.94,67.94,67.94,27.081,9,,,
2026-06-19 07:45:00+00:00,68.08,68.24,68.08,68.24,68.24,0.076,2,,,
2026-06-19 08:00:00+00:00,68.24,68.24,68.24,68.24,68.24,0.0,0,,,
2026-06-19 08:15:00+00:00,68.43,68.59,68.43,68.51,68.51,26.831,7,,,
2026-06-19 08:30:00+00:00,68.62,68.64,68.46,68.54,68.54,21.958,10,,,
2026-06-19 08:45:00+00:00,68.58,68.65,68.54,68.57,68.57,13.89,9,,,
2026-06-19 09:00:00+00:00,68.69,68.69,68.18,68.18,68.18,59.191,15,,,
2026-06-19 09:15:00+00:00,68.3,68.35,68.23,68.24,68.24,16.319,5,,,
2026-06-19 09:30:00+00:00,68.31,68.44,68.31,68.41,68.41,9.205,4,,,
2026-06-19 09:45:00+00:00,68.37,68.39,68.26,68.28,68.28,27.352,10,,,
2026-06-19 10:00:00+00:00,68.26,68.32,68.22,68.32,68.32,39.865,7,,,
2026-06-19 10:15:00+00:00,68.24,68.27,68.12,68.21,68.21,25.026,9,,,
2026-06-19 10:30:00+00:00,68.25,68.25,68.08,68.09,68.09,71.603,10,,,
2026-06-19 10:45:00+00:00,68.12,68.13,68.12,68.13,68.13,18.325,3,,,
2026-06-19 11:00:00+00:00,68.14,68.16,68.1,68.13,68.13,46.651,5,,,
2026-06-19 11:15:00+00:00,68.13,68.13,68.13,68.13,68.13,0.0,0,,,
2026-06-19 11:30:00+00:00,68.13,68.13,68.13,68.13,68.13,0.0,0,,,
2026-06-19 11:45:00+00:00,68.32,68.32,68.32,68.32,68.32,1.768,1,,,
2026-06-19 12:00:00+00:00,68.32,68.32,68.32,68.32,68.32,0.0,0,,,
2026-06-19 12:15:00+00:00,68.13,68.19,68.13,68.19,68.19,45.137,5,,,
2026-06-19 12:30:00+00:00,68.18,68.18,68.07,68.14,68.14,18.266,5,,,
2026-06-19 12:45:00+00:00,68.52,68.52,68.49,68.49,68.49,0.094,2,,,
2026-06-19 13:00:00+00:00,68.58,68.58,68.51,68.56,68.56,4.659,4,,,
2026-06-19 13:15:00+00:00,68.37,68.37,68.37,68.37,68.37,0.027,1,,,
2026-06-19 13:30:00+00:00,68.71,68.9,68.71,68.9,68.9,2.584,6,,,
2026-06-19 13:45:00+00:00,69.08,69.48,69.08,69.35,69.35,54.991,12,,,
2026-06-19 14:00:00+00:00,69.29,69.29,69.1,69.1,69.1,20.749,3,,,
2026-06-19 14:15:00+00:00,68.94,69.28,68.94,69.28,69.28,56.821,3,,,
2026-06-19 14:30:00+00:00,69.39,69.39,69.39,69.39,69.39,0.72,1,,,
2026-06-19 14:45:00+00:00,69.39,69.39,69.39,69.39,69.39,0.0,0,,,
2026-06-19 15:00:00+00:00,69.39,69.39,69.39,69.39,69.39,0.0,0,,,
2026-06-19 15:15:00+00:00,69.06,69.06,68.94,68.94,68.94,22.184,2,,,
2026-06-19 15:30:00+00:00,69.09,69.48,69.09,69.48,69.48,22.534,5,,,
2026-06-19 15:45:00+00:00,69.48,69.48,69.48,69.48,69.48,0.0,0,,,
2026-06-19 16:00:00+00:00,69.35,69.5,69.34,69.5,69.5,21.117,3,,,
2026-06-19 16:15:00+00:00,69.35,69.44,69.35,69.44,69.44,23.156,2,,,
2026-06-19 16:30:00+00:00,69.34,69.34,69.19,69.19,69.19,17.114,2,,,
2026-06-19 16:45:00+00:00,68.71,68.79,68.71,68.76,68.76,0.584,4,,,
2026-06-19 17:00:00+00:00,68.63,68.84,68.63,68.81,68.81,20.707,6,,,
2026-06-19 17:15:00+00:00,68.89,69.08,68.89,68.93,68.93,6.021,5,,,
2026-06-19 17:30:00+00:00,68.93,68.93,68.93,68.93,68.93,0.0,0,,,
2026-06-19 17:45:00+00:00,69.24,69.46,69.24,69.29,69.29,46.453,8,,,
2026-06-19 18:00:00+00:00,69.3,69.3,69.3,69.3,69.3,0.115,1,,,
2026-06-19 18:15:00+00:00,69.1,69.1,69.1,69.1,69.1,0.724,1,,,
2026-06-19 18:30:00+00:00,68.97,69.07,68.97,69.06,69.06,0.295,3,,,
2026-06-19 18:45:00+00:00,69.0,69.0,68.9,68.99,68.99,3.498,6,,,
2026-06-19 19:00:00+00:00,68.99,68.99,68.99,68.99,68.99,0.0,0,,,
2026-06-19 19:15:00+00:00,68.99,68.99,68.99,68.99,68.99,0.0,0,,,
2026-06-19 19:30:00+00:00,68.99,68.99,68.99,68.99,68.99,0.0,0,,,
2026-06-19 19:45:00+00:00,68.82,69.03,68.82,69.01,69.01,54.478,5,,,
2026-06-19 20:00:00+00:00,68.99,68.99,68.99,68.99,68.99,21.598,1,,,
2026-06-19 20:15:00+00:00,68.99,68.99,68.99,68.99,68.99,0.0,0,,,
2026-06-19 20:30:00+00:00,68.86,68.9,68.86,68.88,68.88,42.259,5,,,
2026-06-19 20:45:00+00:00,69.05,69.2,69.05,69.2,69.2,13.726,4,,,
2026-06-19 21:00:00+00:00,69.2,69.2,69.2,69.2,69.2,0.0,0,,,
2026-06-19 21:15:00+00:00,69.2,69.2,69.2,69.2,69.2,0.0,0,,,
2026-06-19 21:30:00+00:00,69.2,69.2,69.2,69.2,69.2,0.0,0,,,
2026-06-19 21:45:00+00:00,68.93,68.93,68.87,68.87,68.87,16.294,7,,,
2026-06-19 22:00:00+00:00,68.99,69.0,68.99,69.0,69.0,0.895,5,,,
2026-06-19 22:15:00+00:00,69.15,69.2,69.15,69.2,69.2,113.117,9,,,
2026-06-19 22:30:00+00:00,69.3,69.38,69.29,69.36,69.36,62.598,10,,,
2026-06-19 22:45:00+00:00,69.3,69.36,69.23,69.35,69.35,95.185,24,,,
2026-06-19 23:00:00+00:00,69.36,69.37,69.2,69.23,69.23,56.602,14,,,
2026-06-19 23:15:00+00:00,69.24,69.31,69.24,69.31,69.31,3.086,3,,,
2026-06-19 23:30:00+00:00,69.39,69.47,69.37,69.37,69.37,38.27,18,,,
2026-06-19 23:45:00+00:00,69.38,69.78,69.36,69.68,69.68,58.484,25,,,
2026-06-20 00:00:00+00:00,69.69,69.73,69.62,69.62,69.62,22.25,3,,,
2026-06-20 00:15:00+00:00,69.8,69.86,69.8,69.83,69.83,1.682,4,,,
2026-06-20 00:30:00+00:00,70.01,70.01,69.9,69.9,69.9,21.092,2,,,
2026-06-20 00:45:00+00:00,69.68,69.69,69.68,69.69,69.69,21.868,3,,,
2026-06-20 01:00:00+00:00,69.63,69.64,69.63,69.64,69.64,1.797,2,,,
2026-06-20 01:15:00+00:00,69.57,69.57,69.57,69.57,69.57,1.764,1,,,
2026-06-20 01:30:00+00:00,69.72,69.79,69.72,69.79,69.79,0.271,2,,,
2026-06-20 01:45:00+00:00,69.75,69.75,69.75,69.75,69.75,0.016,1,,,
2026-06-20 02:00:00+00:00,69.8,69.8,69.8,69.8,69.8,0.212,1,,,
2026-06-20 02:15:00+00:00,69.48,69.5,69.48,69.5,69.5,5.3,4,,,
2026-06-20 02:30:00+00:00,69.65,69.65,69.57,69.57,69.57,3.283,3,,,
2026-06-20 02:45:00+00:00,69.61,69.61,69.59,69.59,69.59,4.065,2,,,
2026-06-20 03:00:00+00:00,69.61,69.78,69.61,69.78,69.78,1.869,2,,,
2026-06-20 03:15:00+00:00,69.96,69.96,69.92,69.96,69.96,2.034,3,,,
2026-06-20 03:30:00+00:00,69.98,69.99,69.98,69.99,69.99,0.489,2,,,
2026-06-20 03:45:00+00:00,69.99,69.99,69.99,69.99,69.99,0.0,0,,,
2026-06-20 04:00:00+00:00,69.99,69.99,69.99,69.99,69.99,0.0,0,,,
2026-06-20 04:15:00+00:00,70.11,70.36,70.11,70.36,70.36,10.788,10,,,
2026-06-20 04:30:00+00:00,70.69,70.85,70.69,70.85,70.85,1.854,7,,,
2026-06-20 04:45:00+00:00,70.76,70.93,70.76,70.93,70.93,47.016,10,,,
2026-06-20 05:00:00+00:00,70.79,72.36,70.79,72.3,72.3,80.81,44,,,
2026-06-20 05:15:00+00:00,72.16,72.16,71.47,71.47,71.47,12.744,9,,,
2026-06-20 05:30:00+00:00,71.63,71.67,71.63,71.67,71.67,20.91,2,,,
2026-06-20 05:45:00+00:00,71.67,71.75,71.67,71.74,71.74,2.249,4,,,
2026-06-20 06:00:00+00:00,71.85,71.85,71.82,71.82,71.82,16.211,2,,,
2026-06-20 06:15:00+00:00,72.07,72.11,71.99,72.11,72.11,3.248,5,,,
2026-06-20 06:30:00+00:00,72.1,72.12,72.08,72.08,72.08,5.827,3,,,
2026-06-20 06:45:00+00:00,72.19,72.19,72.19,72.19,72.19,20.561,1,,,
2026-06-20 07:00:00+00:00,71.74,71.74,71.74,71.74,71.74,2.306,1,,,
2026-06-20 07:15:00+00:00,71.72,71.89,71.72,71.89,71.89,3.131,4,,,
2026-06-20 07:30:00+00:00,71.7,71.7,71.7,71.7,71.7,0.031,1,,,
2026-06-20 07:45:00+00:00,71.62,71.62,71.62,71.62,71.62,0.031,1,,,
2026-06-20 08:00:00+00:00,71.43,71.43,71.4,71.41,71.41,3.58,3,,,
2026-06-20 08:15:00+00:00,71.54,71.54,71.54,71.54,71.54,0.431,2,,,
2026-06-20 08:30:00+00:00,71.34,71.34,71.34,71.34,71.34,5.126,1,,,
2026-06-20 08:45:00+00:00,71.35,71.35,71.24,71.24,71.24,0.06,2,,,
2026-06-20 09:00:00+00:00,71.24,71.24,71.24,71.24,71.24,0.0,0,,,
2026-06-20 09:15:00+00:00,71.24,71.24,71.24,71.24,71.24,0.0,0,,,
2026-06-20 09:30:00+00:00,71.24,71.24,71.24,71.24,71.24,0.0,0,,,
2026-06-20 09:45:00+00:00,71.24,71.24,71.24,71.24,71.24,0.0,0,,,
2026-06-20 10:00:00+00:00,71.24,71.24,71.24,71.24,71.24,0.0,0,,,
2026-06-20 10:15:00+00:00,71.24,71.24,71.24,71.24,71.24,0.0,0,,,
2026-06-20 10:30:00+00:00,71.45,71.45,71.45,71.45,71.45,0.334,2,,,
2026-06-20 10:45:00+00:00,71.61,71.61,71.6,71.6,71.6,0.334,2,,,
2026-06-20 11:00:00+00:00,71.6,71.6,71.6,71.6,71.6,0.0,0,,,
2026-06-20 11:15:00+00:00,71.53,71.53,71.53,71.53,71.53,0.027,1,,,
2026-06-20 11:30:00+00:00,71.7,71.73,71.7,71.73,71.73,0.431,2,,,
2026-06-20 11:45:00+00:00,71.84,71.9,71.84,71.84,71.84,36.661,5,,,
2026-06-20 12:00:00+00:00,71.78,71.78,71.78,71.78,71.78,2.286,1,,,
2026-06-20 12:15:00+00:00,71.77,71.85,71.77,71.85,71.85,21.715,5,,,
2026-06-20 12:30:00+00:00,71.85,71.85,71.85,71.85,71.85,0.0,0,,,
2026-06-20 12:45:00+00:00,71.5,71.5,71.41,71.41,71.41,4.591,3,,,
2026-06-20 13:00:00+00:00,71.41,71.41,71.41,71.41,71.41,0.0,0,,,
2026-06-20 13:15:00+00:00,71.2,71.2,70.76,70.76,70.76,10.423,17,,,
2026-06-20 13:30:00+00:00,70.91,71.03,70.91,71.03,71.03,2.789,5,,,
2026-06-20 13:45:00+00:00,71.09,71.09,71.09,71.09,71.09,0.234,1,,,
2026-06-20 14:00:00+00:00,71.1,71.1,70.54,70.54,70.54,12.432,5,,,
2026-06-20 14:15:00+00:00,70.62,70.72,70.58,70.69,70.69,0.088,4,,,
2026-06-20 14:30:00+00:00,70.7,70.9,70.7,70.86,70.86,8.523,7,,,
2026-06-20 14:45:00+00:00,71.6,72.08,71.6,71.88,71.88,62.883,23,,,
2026-06-20 15:00:00+00:00,71.8,71.9,71.68,71.73,71.73,216.54,26,,,
2026-06-20 15:15:00+00:00,71.83,72.47,71.83,72.16,72.16,128.611,28,,,
2026-06-20 15:30:00+00:00,71.96,71.96,71.86,71.86,71.86,14.898,4,,,
2026-06-20 15:45:00+00:00,71.86,71.98,71.86,71.98,71.98,26.516,3,,,
2026-06-20 16:00:00+00:00,71.74,71.74,71.63,71.64,71.64,60.855,10,,,
2026-06-20 16:15:00+00:00,71.6,71.6,71.57,71.57,71.57,69.413,5,,,
2026-06-20 16:30:00+00:00,71.46,71.51,71.4,71.51,71.51,4.49,3,,,
2026-06-20 16:45:00+00:00,71.47,71.47,71.47,71.47,71.47,3.291,1,,,
2026-06-20 17:00:00+00:00,71.54,71.54,71.42,71.42,71.42,1.154,3,,,
2026-06-20 17:15:00+00:00,71.32,71.32,71.32,71.32,71.32,0.066,1,,,
2026-06-20 17:30:00+00:00,71.42,71.42,71.12,71.35,71.35,35.053,11,,,
2026-06-20 17:45:00+00:00,71.43,71.51,71.43,71.51,71.51,5.448,4,,,
2026-06-20 18:00:00+00:00,71.66,71.69,71.66,71.69,71.69,0.454,2,,,
2026-06-20 18:15:00+00:00,71.68,71.79,71.68,71.79,71.79,16.786,3,,,
2026-06-20 18:30:00+00:00,71.8,71.87,71.71,71.71,71.71,41.394,5,,,
2026-06-20 18:45:00+00:00,71.7,71.7,71.7,71.7,71.7,29.941,4,,,
2026-06-20 19:00:00+00:00,71.7,71.76,71.7,71.76,71.76,33.2,5,,,
2026-06-20 19:15:00+00:00,71.68,71.68,71.59,71.59,71.59,4.325,2,,,
2026-06-20 19:30:00+00:00,71.6,71.6,71.59,71.59,71.59,14.491,2,,,
2026-06-20 19:45:00+00:00,71.59,71.59,71.59,71.59,71.59,0.0,0,,,
2026-06-20 20:00:00+00:00,71.87,71.88,71.86,71.86,71.86,6.344,6,,,
2026-06-20 20:15:00+00:00,71.88,71.88,71.88,71.88,71.88,1.766,1,,,
2026-06-20 20:30:00+00:00,71.69,71.75,71.69,71.75,71.75,4.073,2,,,
2026-06-20 20:45:00+00:00,71.75,71.75,71.75,71.75,71.75,0.0,0,,,
2026-06-20 21:00:00+00:00,72.0,72.28,72.0,72.28,72.28,0.844,3,,,
2026-06-20 21:15:00+00:00,72.28,72.28,72.28,72.28,72.28,0.0,0,,,
2026-06-20 21:30:00+00:00,72.28,72.28,72.28,72.28,72.28,0.0,0,,,
2026-06-20 21:45:00+00:00,72.23,72.31,72.23,72.23,72.23,4.337,3,,,
2026-06-20 22:00:00+00:00,72.32,73.18,72.31,73.18,73.18,28.188,33,,,
2026-06-20 22:15:00+00:00,73.25,73.85,72.92,73.83,73.83,15.924,22,,,
2026-06-20 22:30:00+00:00,73.91,74.15,73.63,73.88,73.88,60.548,20,,,
2026-06-20 22:45:00+00:00,73.57,73.69,73.57,73.69,73.69,4.565,3,,,
2026-06-20 23:00:00+00:00,73.45,73.51,73.45,73.46,73.46,60.191,10,,,
2026-06-20 23:15:00+00:00,73.46,73.46,73.39,73.41,73.41,7.106,3,,,
2026-06-20 23:30:00+00:00,73.38,73.38,73.24,73.32,73.32,3.798,3,,,
2026-06-20 23:45:00+00:00,73.31,73.31,73.19,73.19,73.19,4.027,3,,,
2026-06-21 00:00:00+00:00,73.16,73.21,73.03,73.13,73.13,184.343,33,,,
2026-06-21 00:15:00+00:00,73.13,73.17,73.01,73.01,73.01,22.253,11,,,
2026-06-21 00:30:00+00:00,73.0,73.04,73.0,73.01,73.01,3.413,3,,,
2026-06-21 00:45:00+00:00,73.08,73.08,73.07,73.07,73.07,0.295,2,,,
2026-06-21 01:00:00+00:00,73.2,73.21,73.11,73.14,73.14,43.057,7,,,
2026-06-21 01:15:00+00:00,73.11,73.11,72.96,72.96,72.96,26.627,6,,,
2026-06-21 01:30:00+00:00,72.89,72.99,72.89,72.99,72.99,2.418,2,,,
2026-06-21 01:45:00+00:00,72.99,72.99,72.99,72.99,72.99,0.0,0,,,
2026-06-21 02:00:00+00:00,73.14,73.14,73.14,73.14,73.14,0.273,1,,,
2026-06-21 02:15:00+00:00,73.14,73.14,73.14,73.14,73.14,0.0,0,,,
2026-06-21 02:30:00+00:00,73.19,73.22,73.19,73.22,73.22,1.871,2,,,
2026-06-21 02:45:00+00:00,73.24,73.24,73.24,73.24,73.24,0.188,1,,,
2026-06-21 03:00:00+00:00,73.3,73.4,73.3,73.4,73.4,11.384,6,,,
2026-06-21 03:15:00+00:00,73.61,73.61,73.61,73.61,73.61,2.298,1,,,
2026-06-21 03:30:00+00:00,73.53,73.58,73.53,73.58,73.58,4.821,4,,,
2026-06-21 03:45:00+00:00,73.63,73.63,73.63,73.63,73.63,1.76,1,,,
2026-06-21 04:00:00+00:00,73.59,73.59,73.38,73.38,73.38,0.95,2,,,
2026-06-21 04:15:00+00:00,73.74,73.74,73.74,73.74,73.74,0.17,1,,,
2026-06-21 04:30:00+00:00,73.69,73.69,73.69,73.69,73.69,27.539,2,,,
2026-06-21 04:45:00+00:00,73.6,73.6,73.6,73.6,73.6,2.295,1,,,
2026-06-21 05:00:00+00:00,73.6,73.6,73.6,73.6,73.6,0.0,0,,,
2026-06-21 05:15:00+00:00,73.17,73.17,73.17,73.17,73.17,3.31,1,,,
2026-06-21 05:30:00+00:00,73.18,73.18,73.17,73.17,73.17,1.912,2,,,
2026-06-21 05:45:00+00:00,73.17,73.17,73.17,73.17,73.17,0.0,0,,,
2026-06-21 06:00:00+00:00,73.05,73.05,73.05,73.05,73.05,20.464,1,,,
2026-06-21 06:15:00+00:00,73.17,73.17,73.17,73.17,73.17,1.77,1,,,
2026-06-21 06:30:00+00:00,73.23,73.23,73.23,73.23,73.23,1.768,1,,,
2026-06-21 06:45:00+00:00,73.23,73.23,73.23,73.23,73.23,0.0,0,,,
2026-06-21 07:00:00+00:00,73.23,73.23,73.23,73.23,73.23,0.0,0,,,
2026-06-21 07:15:00+00:00,73.34,73.34,73.23,73.23,73.23,1.91,2,,,
2026-06-21 07:30:00+00:00,73.37,73.37,73.14,73.14,73.14,66.885,16,,,
2026-06-21 07:45:00+00:00,73.28,73.28,73.28,73.28,73.28,0.163,1,,,
2026-06-21 08:00:00+00:00,73.28,73.28,73.28,73.28,73.28,0.0,0,,,
2026-06-21 08:15:00+00:00,73.05,73.05,72.91,72.97,72.97,25.161,4,,,
2026-06-21 08:30:00+00:00,72.97,72.97,72.72,72.85,72.85,12.179,8,,,
2026-06-21 08:45:00+00:00,73.05,73.05,73.05,73.05,73.05,1.762,1,,,
2026-06-21 09:00:00+00:00,73.06,73.06,73.06,73.06,73.06,2.29,1,,,
2026-06-21 09:15:00+00:00,73.46,73.62,73.46,73.62,73.62,11.594,5,,,
2026-06-21 09:30:00+00:00,73.59,73.92,73.59,73.92,73.92,9.103,3,,,
2026-06-21 09:45:00+00:00,73.93,73.97,73.87,73.97,73.97,3.657,3,,,
2026-06-21 10:00:00+00:00,73.94,74.0,73.94,74.0,74.0,46.322,4,,,
2026-06-21 10:15:00+00:00,73.98,74.3,73.98,74.3,74.3,5.09,7,,,
2026-06-21 10:30:00+00:00,74.3,74.3,74.3,74.3,74.3,0.0,0,,,
2026-06-21 10:45:00+00:00,73.98,73.98,73.98,73.98,73.98,2.302,1,,,
2026-06-21 11:00:00+00:00,73.98,73.98,73.98,73.98,73.98,0.0,0,,,
2026-06-21 11:15:00+00:00,73.49,73.53,73.39,73.47,73.47,9.103,7,,,
2026-06-21 11:30:00+00:00,73.32,73.32,73.31,73.31,73.31,0.648,2,,,
2026-06-21 11:45:00+00:00,73.28,73.28,73.1,73.1,73.1,5.289,5,,,
2026-06-21 12:00:00+00:00,73.16,73.16,73.08,73.08,73.08,4.603,2,,,
2026-06-21 12:15:00+00:00,73.03,73.03,72.92,72.92,72.92,2.569,3,,,
2026-06-21 12:30:00+00:00,73.06,73.19,73.06,73.18,73.18,7.518,5,,,
2026-06-21 12:45:00+00:00,73.23,73.54,73.23,73.54,73.54,3.335,5,,,
2026-06-21 13:00:00+00:00,73.66,73.66,73.66,73.66,73.66,0.152,1,,,
2026-06-21 13:15:00+00:00,73.8,73.89,73.8,73.89,73.89,59.219,6,,,
2026-06-21 13:30:00+00:00,73.89,73.89,73.89,73.89,73.89,0.0,0,,,
2026-06-21 13:45:00+00:00,73.54,73.78,73.54,73.73,73.73,6.25,5,,,
2026-06-21 14:00:00+00:00,73.84,73.91,73.84,73.87,73.87,6.33,5,,,
2026-06-21 14:15:00+00:00,73.7,73.7,73.7,73.7,73.7,2.035,1,,,
2026-06-21 14:30:00+00:00,73.93,74.03,73.93,74.03,74.03,4.548,7,,,
2026-06-21 14:45:00+00:00,74.03,74.03,74.03,74.03,74.03,0.0,0,,,
2026-06-21 15:00:00+00:00,74.13,74.16,73.99,73.99,73.99,2.566,5,,,
2026-06-21 15:15:00+00:00,73.99,73.99,73.99,73.99,73.99,0.0,0,,,
2026-06-21 15:30:00+00:00,73.99,73.99,73.99,73.99,73.99,0.0,0,,,
2026-06-21 15:45:00+00:00,74.14,74.14,73.98,73.98,73.98,4.071,2,,,
2026-06-21 16:00:00+00:00,73.95,73.95,73.95,73.95,73.95,1.768,1,,,
2026-06-21 16:15:00+00:00,73.95,73.95,73.95,73.95,73.95,0.0,0,,,
2026-06-21 16:30:00+00:00,73.95,73.95,73.95,73.95,73.95,0.0,0,,,
2026-06-21 16:45:00+00:00,74.12,74.55,74.12,74.33,74.33,185.169,26,,,
2026-06-21 17:00:00+00:00,74.19,74.19,74.19,74.19,74.19,1.762,1,,,
2026-06-21 17:15:00+00:00,74.33,74.51,74.33,74.51,74.51,14.131,6,,,
2026-06-21 17:30:00+00:00,74.51,74.51,74.51,74.51,74.51,0.0,0,,,
2026-06-21 17:45:00+00:00,74.51,74.51,74.51,74.51,74.51,0.0,0,,,
2026-06-21 18:00:00+00:00,74.19,74.19,73.9,73.91,73.91,3.832,4,,,
2026-06-21 18:15:00+00:00,73.91,73.91,73.91,73.91,73.91,0.0,0,,,
2026-06-21 18:30:00+00:00,74.05,74.33,74.05,74.29,74.29,6.35,6,,,
2026-06-21 18:45:00+00:00,74.16,74.27,74.16,74.19,74.19,14.686,6,,,
2026-06-21 19:00:00+00:00,74.19,74.19,74.19,74.19,74.19,0.0,0,,,
2026-06-21 19:15:00+00:00,74.19,74.19,74.19,74.19,74.19,0.0,0,,,
2026-06-21 19:30:00+00:00,74.25,74.25,74.25,74.25,74.25,1.766,1,,,
2026-06-21 19:45:00+00:00,74.39,74.39,74.39,74.39,74.39,0.187,2,,,
2026-06-21 20:00:00+00:00,74.38,74.45,74.12,74.12,74.12,13.212,5,,,
2026-06-21 20:15:00+00:00,73.97,74.02,73.97,74.02,74.02,1.937,3,,,
2026-06-21 20:30:00+00:00,73.91,73.91,73.87,73.87,73.87,1.964,2,,,
2026-06-21 20:45:00+00:00,73.7,73.7,73.33,73.33,73.33,7.527,9,,,
2026-06-21 21:00:00+00:00,73.35,73.35,72.47,72.65,72.65,174.393,35,,,
2026-06-21 21:15:00+00:00,72.65,73.0,72.46,73.0,73.0,41.388,8,,,
2026-06-21 21:30:00+00:00,72.8,73.2,72.76,73.15,73.15,35.013,9,,,
2026-06-21 21:45:00+00:00,73.15,73.15,73.15,73.15,73.15,10.0,1,,,
2026-06-21 22:00:00+00:00,73.07,73.07,72.89,72.95,72.95,10.029,6,,,
2026-06-21 22:15:00+00:00,72.98,73.16,72.97,72.97,72.97,19.679,5,,,
2026-06-21 22:30:00+00:00,72.89,72.89,72.68,72.68,72.68,1.818,2,,,
2026-06-21 22:45:00+00:00,73.02,73.09,73.02,73.09,73.09,0.17,2,,,
2026-06-21 23:00:00+00:00,72.81,72.91,72.78,72.85,72.85,38.523,8,,,
2026-06-21 23:15:00+00:00,72.75,73.02,72.75,72.83,72.83,15.919,11,,,
2026-06-21 23:30:00+00:00,72.87,72.87,72.31,72.51,72.51,60.404,20,,,
2026-06-21 23:45:00+00:00,72.47,72.49,72.47,72.47,72.47,10.308,5,,,
2026-06-22 00:00:00+00:00,72.47,72.47,72.47,72.47,72.47,0.0,0,,,
2026-06-22 00:15:00+00:00,72.88,72.96,72.88,72.96,72.96,0.254,2,,,
2026-06-22 00:30:00+00:00,73.13,73.42,73.13,73.4,73.4,8.815,9,,,
2026-06-22 00:45:00+00:00,73.24,73.38,73.24,73.38,73.38,7.639,4,,,
2026-06-22 01:00:00+00:00,73.5,73.53,73.29,73.29,73.29,7.195,4,,,
2026-06-22 01:15:00+00:00,73.58,74.89,73.58,74.89,74.89,281.907,42,,,
2026-06-22 01:30:00+00:00,74.56,74.67,74.12,74.43,74.43,20.855,12,,,
2026-06-22 01:45:00+00:00,74.36,74.42,74.32,74.38,74.38,21.068,11,,,
2026-06-22 02:00:00+00:00,74.07,74.1,73.96,73.96,73.96,9.607,5,,,
2026-06-22 02:15:00+00:00,74.05,74.13,74.05,74.13,74.13,33.59,7,,,
2026-06-22 02:30:00+00:00,74.16,74.16,74.0,74.0,74.0,9.166,7,,,
2026-06-22 02:45:00+00:00,73.93,73.93,73.75,73.75,73.75,5.923,6,,,
2026-06-22 03:00:00+00:00,73.75,73.75,73.25,73.55,73.55,75.711,31,,,
2026-06-22 03:15:00+00:00,73.49,73.93,73.49,73.74,73.74,63.613,33,,,
2026-06-22 03:30:00+00:00,73.73,73.95,73.64,73.64,73.64,127.883,52,,,
2026-06-22 03:45:00+00:00,73.64,73.65,73.3,73.45,73.45,80.53,45,,,
2026-06-22 04:00:00+00:00,73.45,73.59,73.3,73.59,73.59,127.52,52,,,
2026-06-22 04:15:00+00:00,73.49,73.63,73.46,73.57,73.57,179.306,46,,,
2026-06-22 04:30:00+00:00,73.5,73.57,73.38,73.39,73.39,79.872,45,,,
2026-06-22 04:45:00+00:00,73.39,73.78,73.39,73.78,73.78,94.625,37,,,
2026-06-22 05:00:00+00:00,73.83,74.05,73.73,73.99,73.99,61.116,27,,,
2026-06-22 05:15:00+00:00,74.01,74.03,73.93,74.03,74.03,34.297,12,,,
2026-06-22 05:30:00+00:00,73.97,74.03,73.91,73.94,73.94,67.046,26,,,
2026-06-22 05:45:00+00:00,73.86,73.87,73.86,73.87,73.87,3.532,2,,,
2026-06-22 06:00:00+00:00,73.89,74.0,73.81,73.99,73.99,37.534,13,,,
2026-06-22 06:15:00+00:00,73.98,73.99,73.76,73.78,73.78,49.656,12,,,
2026-06-22 06:30:00+00:00,73.73,73.73,73.56,73.7,73.7,33.21,11,,,
2026-06-22 06:45:00+00:00,73.63,73.66,73.53,73.66,73.66,44.749,7,,,
2026-06-22 07:00:00+00:00,73.63,74.18,73.63,74.18,74.18,23.993,18,,,
2026-06-22 07:15:00+00:00,74.22,74.29,74.09,74.29,74.29,12.508,10,,,
2026-06-22 07:30:00+00:00,74.26,74.34,74.11,74.11,74.11,6.978,8,,,
2026-06-22 07:45:00+00:00,74.11,74.11,73.99,73.99,73.99,6.936,5,,,
2026-06-22 08:00:00+00:00,74.04,74.22,73.98,74.11,74.11,31.203,7,,,
2026-06-22 08:15:00+00:00,74.2,74.2,73.93,73.93,73.93,22.212,7,,,
2026-06-22 08:30:00+00:00,73.91,73.93,73.72,73.91,73.91,56.126,15,,,
2026-06-22 08:45:00+00:00,73.98,73.99,73.83,73.83,73.83,22.695,3,,,
2026-06-22 09:00:00+00:00,73.79,73.82,73.79,73.82,73.82,3.677,3,,,
2026-06-22 09:15:00+00:00,73.73,73.73,73.64,73.64,73.64,2.572,3,,,
2026-06-22 09:30:00+00:00,73.6,73.62,73.6,73.62,73.62,1.89,2,,,
2026-06-22 09:45:00+00:00,73.67,73.8,73.67,73.78,73.78,6.069,5,,,
2026-06-22 10:00:00+00:00,73.73,73.77,73.73,73.75,73.75,25.217,5,,,
2026-06-22 10:15:00+00:00,73.82,73.82,73.67,73.67,73.67,20.489,2,,,
2026-06-22 10:30:00+00:00,73.69,73.71,73.55,73.55,73.55,23.077,6,,,
2026-06-22 10:45:00+00:00,73.81,73.81,73.78,73.78,73.78,2.736,2,,,
2026-06-22 11:00:00+00:00,73.61,74.15,73.59,73.91,73.91,65.09,20,,,
2026-06-22 11:15:00+00:00,73.92,73.97,73.74,73.89,73.89,155.581,26,,,
2026-06-22 11:30:00+00:00,73.97,74.33,73.96,74.17,74.17,12.815,19,,,
2026-06-22 11:45:00+00:00,74.17,74.22,74.15,74.22,74.22,5.048,5,,,
2026-06-22 12:00:00+00:00,74.11,74.22,74.01,74.11,74.11,97.485,15,,,
2026-06-22 12:15:00+00:00,74.3,74.33,74.27,74.27,74.27,1.59,8,,,
2026-06-22 12:30:00+00:00,74.25,74.47,74.25,74.35,74.35,39.857,7,,,
2026-06-22 12:45:00+00:00,74.34,74.44,74.22,74.33,74.33,31.598,12,,,
2026-06-22 13:00:00+00:00,74.33,74.46,74.29,74.46,74.46,13.154,17,,,
2026-06-22 13:15:00+00:00,74.42,74.46,74.42,74.46,74.46,0.3,3,,,
2026-06-22 13:30:00+00:00,74.24,74.75,74.24,74.61,74.61,161.086,50,,,
2026-06-22 13:45:00+00:00,74.65,74.9,74.65,74.9,74.9,49.024,32,,,
2026-06-22 14:00:00+00:00,74.9,74.9,74.35,74.35,74.35,10.94,7,,,
2026-06-22 14:15:00+00:00,74.23,74.24,73.75,73.75,73.75,14.237,12,,,
2026-06-22 14:30:00+00:00,73.7,73.73,73.33,73.58,73.58,30.717,43,,,
2026-06-22 14:45:00+00:00,73.42,73.58,73.2,73.39,73.39,76.265,27,,,
2026-06-22 15:00:00+00:00,73.6,73.62,73.37,73.57,73.57,62.47,20,,,
2026-06-22 15:15:00+00:00,73.56,73.64,73.41,73.61,73.61,116.29,34,,,
2026-06-22 15:30:00+00:00,73.65,73.7,73.5,73.56,73.56,59.038,18,,,
2026-06-22 15:45:00+00:00,73.44,73.44,72.96,73.07,73.07,82.186,46,,,
2026-06-22 16:00:00+00:00,73.13,73.15,72.67,72.67,72.67,23.186,22,,,
2026-06-22 16:15:00+00:00,72.66,72.87,72.65,72.73,72.73,5.878,14,,,
2026-06-22 16:30:00+00:00,72.68,72.68,72.55,72.55,72.55,11.73,10,,,
2026-06-22 16:45:00+00:00,72.67,72.9,72.67,72.89,72.89,33.678,14,,,
2026-06-22 17:00:00+00:00,72.95,72.95,72.91,72.91,72.91,0.3,3,,,
2026-06-22 17:15:00+00:00,72.9,72.91,72.9,72.91,72.91,0.2,2,,,
2026-06-22 17:30:00+00:00,72.91,72.91,72.91,72.91,72.91,0.0,0,,,
2026-06-22 17:45:00+00:00,73.0,73.25,73.0,73.22,73.22,57.585,13,,,
2026-06-22 18:00:00+00:00,73.26,73.44,73.26,73.43,73.43,49.504,18,,,
2026-06-22 18:15:00+00:00,73.48,73.48,73.37,73.37,73.37,0.826,3,,,
2026-06-22 18:30:00+00:00,73.37,73.37,73.37,73.37,73.37,0.0,0,,,
2026-06-22 18:45:00+00:00,73.17,73.17,72.56,72.72,72.72,112.17,23,,,
2026-06-22 19:00:00+00:00,72.51,72.64,72.46,72.6,72.6,130.972,25,,,
2026-06-22 19:15:00+00:00,72.6,72.63,72.54,72.58,72.58,14.197,10,,,
2026-06-22 19:30:00+00:00,72.59,72.72,72.59,72.65,72.65,3.499,12,,,
2026-06-22 19:45:00+00:00,72.63,72.66,72.54,72.65,72.65,9.688,7,,,
2026-06-22 20:00:00+00:00,72.78,72.87,72.65,72.65,72.65,114.13,29,,,
2026-06-22 20:15:00+00:00,72.63,72.63,72.51,72.51,72.51,0.874,4,,,
2026-06-22 20:30:00+00:00,72.67,72.67,72.67,72.67,72.67,0.055,1,,,
2026-06-22 20:45:00+00:00,72.73,72.78,72.63,72.74,72.74,7.048,5,,,
2026-06-22 21:00:00+00:00,72.78,72.78,72.76,72.76,72.76,2.738,4,,,
2026-06-22 21:15:00+00:00,72.74,72.74,72.68,72.68,72.68,3.815,4,,,
2026-06-22 21:30:00+00:00,72.51,72.51,72.3,72.34,72.34,10.868,9,,,
2026-06-22 21:45:00+00:00,72.53,72.54,72.53,72.54,72.54,0.299,3,,,
2026-06-22 22:00:00+00:00,72.54,72.54,72.54,72.54,72.54,0.0,0,,,
2026-06-22 22:15:00+00:00,72.64,72.64,71.26,71.78,71.78,455.363,33,,,
2026-06-22 22:30:00+00:00,71.78,71.93,71.58,71.64,71.64,132.494,61,,,
2026-06-22 22:45:00+00:00,71.66,72.07,71.66,72.04,72.04,72.912,28,,,
2026-06-22 23:00:00+00:00,72.02,72.05,71.9,72.0,72.0,125.124,36,,,
2026-06-22 23:15:00+00:00,71.97,71.97,71.87,71.94,71.94,4.568,3,,,
2026-06-22 23:30:00+00:00,71.91,72.04,71.91,72.04,72.04,8.314,4,,,
2026-06-22 23:45:00+00:00,71.79,71.91,71.79,71.91,71.91,0.366,2,,,
2026-06-23 00:00:00+00:00,71.77,71.77,71.77,71.77,71.77,0.696,1,,,
2026-06-23 00:15:00+00:00,71.82,71.82,71.5,71.5,71.5,1.031,6,,,
2026-06-23 00:30:00+00:00,71.59,71.66,71.52,71.64,71.64,5.908,5,,,
2026-06-23 00:45:00+00:00,71.62,71.8,71.62,71.8,71.8,0.333,5,,,
2026-06-23 01:00:00+00:00,71.94,71.94,71.94,71.94,71.94,0.045,1,,,
2026-06-23 01:15:00+00:00,71.94,71.94,71.94,71.94,71.94,0.0,0,,,
2026-06-23 01:30:00+00:00,71.65,71.65,71.57,71.57,71.57,698.213,20,,,
2026-06-23 01:45:00+00:00,71.35,71.59,71.31,71.56,71.56,31.013,11,,,
2026-06-23 02:00:00+00:00,71.74,71.74,71.57,71.7,71.7,40.529,7,,,
2026-06-23 02:15:00+00:00,71.83,71.87,71.83,71.87,71.87,41.508,3,,,
2026-06-23 02:30:00+00:00,71.9,71.9,71.9,71.9,71.9,0.03,1,,,
2026-06-23 02:45:00+00:00,71.85,71.87,71.85,71.85,71.85,18.843,4,,,
2026-06-23 03:00:00+00:00,71.78,71.78,71.66,71.66,71.66,6.548,5,,,
2026-06-23 03:15:00+00:00,71.78,71.88,71.7,71.88,71.88,34.836,6,,,
2026-06-23 03:30:00+00:00,71.86,71.88,71.86,71.88,71.88,55.648,7,,,
2026-06-23 03:45:00+00:00,71.88,71.88,71.88,71.88,71.88,0.0,0,,,
2026-06-23 04:00:00+00:00,71.92,71.92,71.9,71.9,71.9,100.776,13,,,
2026-06-23 04:15:00+00:00,71.71,71.76,71.71,71.76,71.76,0.134,2,,,
2026-06-23 04:30:00+00:00,71.76,71.76,71.73,71.73,71.73,20.12,4,,,
2026-06-23 04:45:00+00:00,71.74,71.75,71.42,71.43,71.43,17.835,14,,,
2026-06-23 05:00:00+00:00,71.48,71.49,71.39,71.49,71.49,1.848,3,,,
2026-06-23 05:15:00+00:00,71.42,71.43,70.97,71.05,71.05,9.616,10,,,
2026-06-23 05:30:00+00:00,71.09,71.11,70.89,71.0,71.0,26.878,19,,,
2026-06-23 05:45:00+00:00,71.0,71.01,70.87,70.94,70.94,27.472,11,,,
2026-06-23 06:00:00+00:00,70.91,70.91,70.58,70.69,70.69,91.462,20,,,
2026-06-23 06:15:00+00:00,70.74,70.74,69.63,69.88,69.88,272.54,43,,,
2026-06-23 06:30:00+00:00,69.89,70.17,69.88,70.12,70.12,66.62,12,,,
2026-06-23 06:45:00+00:00,70.2,70.3,70.2,70.3,70.3,16.321,4,,,
2026-06-23 07:00:00+00:00,70.3,70.45,70.24,70.45,70.45,51.124,6,,,
2026-06-23 07:15:00+00:00,70.35,70.48,70.35,70.48,70.48,24.906,5,,,
2026-06-23 07:30:00+00:00,70.48,70.48,70.48,70.48,70.48,0.0,0,,,
2026-06-23 07:45:00+00:00,69.99,69.99,69.94,69.94,69.94,0.844,2,,,
2026-06-23 08:00:00+00:00,69.89,69.92,68.99,68.99,68.99,149.899,18,,,
2026-06-23 08:15:00+00:00,68.9,69.01,68.17,68.38,68.38,182.023,50,,,
2026-06-23 08:30:00+00:00,68.64,68.8,68.62,68.72,68.72,74.551,18,,,
2026-06-23 08:45:00+00:00,68.71,68.71,68.57,68.69,68.69,16.602,5,,,
2026-06-23 09:00:00+00:00,68.79,68.83,68.66,68.79,68.79,20.525,8,,,
2026-06-23 09:15:00+00:00,68.82,68.93,68.82,68.93,68.93,1.069,8,,,
2026-06-23 09:30:00+00:00,68.94,68.94,68.81,68.81,68.81,0.432,4,,,
2026-06-23 09:45:00+00:00,68.92,68.94,68.84,68.84,68.84,4.747,6,,,
2026-06-23 10:00:00+00:00,69.05,69.11,68.91,68.94,68.94,41.851,11,,,
2026-06-23 10:15:00+00:00,68.94,68.94,68.94,68.94,68.94,0.0,0,,,
2026-06-23 10:30:00+00:00,68.82,68.82,68.82,68.82,68.82,0.884,1,,,
2026-06-23 10:45:00+00:00,68.67,68.67,68.6,68.67,68.67,4.829,5,,,
2026-06-23 11:00:00+00:00,68.8,68.8,68.8,68.8,68.8,0.04,1,,,
2026-06-23 11:15:00+00:00,68.97,69.21,68.89,69.14,69.14,54.926,11,,,
2026-06-23 11:30:00+00:00,69.16,69.22,69.15,69.21,69.21,16.669,10,,,
2026-06-23 11:45:00+00:00,69.07,69.25,69.06,69.25,69.25,10.674,9,,,
2026-06-23 12:00:00+00:00,69.25,69.3,69.17,69.17,69.17,25.734,16,,,
2026-06-23 12:15:00+00:00,69.07,69.07,69.07,69.07,69.07,723.903,34,,,
2026-06-23 12:30:00+00:00,69.14,69.14,69.14,69.14,69.14,2.297,1,,,
2026-06-23 12:45:00+00:00,69.0,69.0,68.86,68.87,68.87,5.433,3,,,
2026-06-23 13:00:00+00:00,68.91,68.94,68.77,68.77,68.77,53.842,12,,,
2026-06-23 13:15:00+00:00,68.84,68.84,68.72,68.72,68.72,0.292,4,,,
2026-06-23 13:30:00+00:00,68.73,69.28,68.68,68.81,68.81,61.689,17,,,
2026-06-23 13:45:00+00:00,68.9,69.2,68.79,69.11,69.11,114.677,21,,,
2026-06-23 14:00:00+00:00,69.16,69.45,69.05,69.45,69.45,34.547,35,,,
2026-06-23 14:15:00+00:00,69.4,69.59,69.23,69.23,69.23,24.318,16,,,
2026-06-23 14:30:00+00:00,69.2,69.55,69.2,69.31,69.31,24.28,7,,,
2026-06-23 14:45:00+00:00,69.22,69.22,69.1,69.12,69.12,59.055,8,,,
2026-06-23 15:00:00+00:00,69.04,69.04,68.76,68.76,68.76,4.457,6,,,
2026-06-23 15:15:00+00:00,68.7,68.76,68.5,68.68,68.68,120.012,12,,,
2026-06-23 15:30:00+00:00,68.71,68.92,68.65,68.65,68.65,42.587,19,,,
2026-06-23 15:45:00+00:00,68.51,68.8,68.4,68.8,68.8,44.21,13,,,
2026-06-23 16:00:00+00:00,68.83,69.31,68.83,69.2,69.2,68.828,28,,,
2026-06-23 16:15:00+00:00,69.0,69.11,69.0,69.11,69.11,2.243,2,,,
2026-06-23 16:30:00+00:00,69.06,69.11,69.03,69.11,69.11,2.274,3,,,
2026-06-23 16:45:00+00:00,69.11,69.11,69.11,69.11,69.11,0.0,0,,,
2026-06-23 17:00:00+00:00,68.63,68.66,68.63,68.65,68.65,0.34,5,,,
2026-06-23 17:15:00+00:00,68.94,69.02,68.94,69.01,69.01,238.909,29,,,
2026-06-23 17:30:00+00:00,69.03,69.11,68.99,69.09,69.09,1.979,11,,,
2026-06-23 17:45:00+00:00,68.66,68.66,68.66,68.66,68.66,0.289,1,,,
2026-06-23 18:00:00+00:00,68.72,68.81,68.7,68.81,68.81,0.116,4,,,
2026-06-23 18:15:00+00:00,68.89,68.91,68.89,68.91,68.91,0.08,2,,,
2026-06-23 18:30:00+00:00,68.73,68.73,68.73,68.73,68.73,1.0,1,,,
2026-06-23 18:45:00+00:00,68.69,68.85,68.69,68.84,68.84,4.587,7,,,
2026-06-23 19:00:00+00:00,68.85,69.0,68.84,68.87,68.87,19.266,16,,,
2026-06-23 19:15:00+00:00,68.86,68.86,68.73,68.81,68.81,46.601,16,,,
2026-06-23 19:30:00+00:00,68.94,68.94,68.71,68.71,68.71,2.086,20,,,
2026-06-23 19:45:00+00:00,68.71,68.95,68.67,68.83,68.83,19.676,29,,,
2026-06-23 20:00:00+00:00,68.79,68.79,68.79,68.79,68.79,0.58,1,,,
2026-06-23 20:15:00+00:00,68.79,68.79,68.79,68.79,68.79,0.0,0,,,
2026-06-23 20:30:00+00:00,68.79,68.79,68.79,68.79,68.79,0.0,0,,,
2026-06-23 20:45:00+00:00,68.88,68.91,68.79,68.89,68.89,149.269,22,,,
2026-06-23 21:00:00+00:00,68.94,69.11,68.92,69.07,69.07,118.604,16,,,
2026-06-23 21:15:00+00:00,69.05,69.11,68.99,69.07,69.07,122.133,14,,,
2026-06-23 21:30:00+00:00,69.2,69.23,69.15,69.2,69.2,308.941,35,,,
2026-06-23 21:45:00+00:00,69.17,69.2,69.17,69.2,69.2,84.256,11,,,
2026-06-23 22:00:00+00:00,69.24,69.64,69.24,69.6,69.6,39.529,9,,,
2026-06-23 22:15:00+00:00,69.56,69.72,69.27,69.27,69.27,22.872,11,,,
2026-06-23 22:30:00+00:00,69.43,69.43,69.43,69.43,69.43,20.692,1,,,
2026-06-23 22:45:00+00:00,69.43,69.43,69.43,69.43,69.43,0.0,0,,,
2026-06-23 23:00:00+00:00,69.41,69.42,69.25,69.25,69.25,4.359,5,,,
2026-06-23 23:15:00+00:00,69.44,69.54,69.44,69.47,69.47,4.163,5,,,
2026-06-23 23:30:00+00:00,69.47,69.47,69.47,69.47,69.47,7.0,1,,,
2026-06-23 23:45:00+00:00,69.57,69.74,69.57,69.6,69.6,3.371,9,,,
2026-06-24 00:00:00+00:00,69.6,69.84,69.6,69.84,69.84,5.012,13,,,
2026-06-24 00:15:00+00:00,69.83,69.89,69.81,69.82,69.82,19.872,6,,,
2026-06-24 00:30:00+00:00,69.77,70.04,69.77,69.93,69.93,14.161,19,,,
2026-06-24 00:45:00+00:00,69.87,70.0,69.82,69.88,69.88,82.292,34,,,
2026-06-24 01:00:00+00:00,69.84,69.84,69.69,69.74,69.74,1.233,3,,,
2026-06-24 01:15:00+00:00,69.73,69.86,69.68,69.86,69.86,1.43,10,,,
2026-06-24 01:30:00+00:00,69.89,70.11,69.89,70.11,70.11,23.172,11,,,
2026-06-24 01:45:00+00:00,70.18,70.24,70.18,70.24,70.24,3.431,9,,,
2026-06-24 02:00:00+00:00,69.96,69.96,69.92,69.93,69.93,15.194,8,,,
2026-06-24 02:15:00+00:00,69.69,69.69,69.5,69.69,69.69,7.773,11,,,
2026-06-24 02:30:00+00:00,69.69,69.74,69.5,69.61,69.61,102.05,27,,,
2026-06-24 02:45:00+00:00,69.59,69.59,69.39,69.41,69.41,3.3,27,,,
2026-06-24 03:00:00+00:00,69.42,69.46,69.3,69.36,69.36,0.975,21,,,
2026-06-24 03:15:00+00:00,69.22,69.27,69.07,69.27,69.27,2.951,9,,,
2026-06-24 03:30:00+00:00,69.43,69.66,69.43,69.66,69.66,21.237,8,,,
2026-06-24 03:45:00+00:00,69.66,69.66,69.66,69.66,69.66,0.0,0,,,
2026-06-24 04:00:00+00:00,69.42,69.42,69.42,69.42,69.42,0.072,1,,,
2026-06-24 04:15:00+00:00,69.47,69.5,68.95,69.09,69.09,6.905,21,,,
2026-06-24 04:30:00+00:00,69.08,69.31,69.07,69.28,69.28,17.302,12,,,
2026-06-24 04:45:00+00:00,69.28,69.55,69.28,69.51,69.51,15.171,13,,,
2026-06-24 05:00:00+00:00,69.51,69.74,69.47,69.74,69.74,31.257,20,,,
2026-06-24 05:15:00+00:00,69.7,69.91,69.64,69.91,69.91,26.068,20,,,
2026-06-24 05:30:00+00:00,69.86,70.11,69.86,70.11,70.11,17.493,14,,,
2026-06-24 05:45:00+00:00,69.94,69.94,69.94,69.94,69.94,0.856,1,,,
2026-06-24 06:00:00+00:00,69.79,69.88,69.73,69.85,69.85,23.154,14,,,
2026-06-24 06:15:00+00:00,69.84,69.94,69.78,69.82,69.82,30.07,18,,,
2026-06-24 06:30:00+00:00,69.85,69.88,69.69,69.69,69.69,20.6,7,,,
2026-06-24 06:45:00+00:00,69.67,69.67,69.67,69.67,69.67,0.049,1,,,
2026-06-24 07:00:00+00:00,69.51,69.66,69.49,69.61,69.61,22.891,10,,,
2026-06-24 07:15:00+00:00,69.54,69.61,69.52,69.52,69.52,7.312,4,,,
2026-06-24 07:30:00+00:00,69.51,69.57,69.42,69.45,69.45,2.405,5,,,
2026-06-24 07:45:00+00:00,69.35,69.35,69.24,69.25,69.25,2.932,6,,,
2026-06-24 08:00:00+00:00,69.35,69.41,69.23,69.23,69.23,0.146,4,,,
2026-06-24 08:15:00+00:00,69.28,69.32,69.22,69.32,69.32,0.096,3,,,
2026-06-24 08:30:00+00:00,69.34,69.5,69.34,69.4,69.4,2.115,5,,,
2026-06-24 08:45:00+00:00,69.4,69.4,69.33,69.35,69.35,7.052,8,,,
2026-06-24 09:00:00+00:00,69.39,69.46,69.22,69.33,69.33,50.101,39,,,
2026-06-24 09:15:00+00:00,69.33,69.42,69.29,69.38,69.38,33.948,22,,,
2026-06-24 09:30:00+00:00,69.24,69.29,69.19,69.21,69.21,10.308,14,,,
2026-06-24 09:45:00+00:00,69.17,69.27,69.13,69.27,69.27,6.741,11,,,
2026-06-24 10:00:00+00:00,69.17,69.25,69.08,69.17,69.17,8.013,10,,,
2026-06-24 10:15:00+00:00,69.08,69.08,68.91,69.02,69.02,7.661,17,,,
2026-06-24 10:30:00+00:00,69.08,69.15,69.02,69.15,69.15,10.02,11,,,
2026-06-24 10:45:00+00:00,69.13,69.13,68.94,68.95,68.95,7.983,11,,,
2026-06-24 11:00:00+00:00,68.97,69.07,68.9,68.91,68.91,1.79,8,,,
2026-06-24 11:15:00+00:00,68.83,68.86,68.72,68.81,68.81,8.914,10,,,
2026-06-24 11:30:00+00:00,68.9,69.47,68.9,69.46,69.46,38.355,33,,,
2026-06-24 11:45:00+00:00,69.44,70.26,69.42,69.72,69.72,56.783,31,,,
2026-06-24 12:00:00+00:00,69.69,69.8,69.62,69.79,69.79,19.312,22,,,
2026-06-24 12:15:00+00:00,69.8,69.82,69.58,69.59,69.59,11.788,19,,,
2026-06-24 12:30:00+00:00,69.71,69.71,69.62,69.62,69.62,17.558,5,,,
2026-06-24 12:45:00+00:00,69.66,69.66,69.61,69.61,69.61,15.888,2,,,
2026-06-24 13:00:00+00:00,69.35,69.35,68.59,68.63,68.63,17.977,27,,,
2026-06-24 13:15:00+00:00,68.74,68.92,68.37,68.92,68.92,59.74,57,,,
2026-06-24 13:30:00+00:00,68.91,69.37,68.62,68.62,68.62,220.56,80,,,
2026-06-24 13:45:00+00:00,68.72,69.21,68.61,68.87,68.87,168.623,69,,,
2026-06-24 14:00:00+00:00,68.71,69.08,68.68,68.81,68.81,123.758,60,,,
2026-06-24 14:15:00+00:00,68.98,69.0,68.56,68.96,68.96,57.127,35,,,
2026-06-24 14:30:00+00:00,68.95,69.32,68.72,69.02,69.02,38.312,41,,,
2026-06-24 14:45:00+00:00,69.04,69.08,68.69,68.85,68.85,103.943,28,,,
2026-06-24 15:00:00+00:00,68.73,68.73,68.22,68.33,68.33,41.231,25,,,
2026-06-24 15:15:00+00:00,68.4,68.6,68.23,68.37,68.37,71.226,61,,,
2026-06-24 15:30:00+00:00,68.29,68.31,67.63,67.66,67.66,41.553,29,,,
2026-06-24 15:45:00+00:00,67.65,67.65,67.18,67.22,67.22,58.784,34,,,
2026-06-24 16:00:00+00:00,67.41,67.65,67.24,67.65,67.65,12.998,30,,,
2026-06-24 16:15:00+00:00,67.65,67.93,67.29,67.79,67.79,155.847,82,,,
2026-06-24 16:30:00+00:00,67.72,67.81,67.28,67.31,67.31,49.655,67,,,
2026-06-24 16:45:00+00:00,67.21,67.21,66.23,66.45,66.45,493.912,145,,,
2026-06-24 17:00:00+00:00,66.52,66.83,66.18,66.31,66.31,71.228,49,,,
2026-06-24 17:15:00+00:00,66.31,66.31,65.13,65.55,65.55,163.897,102,,,
2026-06-24 17:30:00+00:00,65.52,65.61,65.2,65.2,65.2,713.813,89,,,
2026-06-24 17:45:00+00:00,65.06,65.14,64.67,64.9,64.9,459.406,99,,,
2026-06-24 18:00:00+00:00,64.9,65.4,64.8,65.4,65.4,97.981,88,,,
2026-06-24 18:15:00+00:00,65.45,66.39,65.45,66.11,66.11,253.563,129,,,
2026-06-24 18:30:00+00:00,66.09,66.2,65.89,65.95,65.95,29.211,28,,,
2026-06-24 18:45:00+00:00,65.97,66.07,65.73,65.92,65.92,18.393,41,,,
2026-06-24 19:00:00+00:00,65.96,66.3,65.64,65.68,65.68,60.564,21,,,
2026-06-24 19:15:00+00:00,65.47,65.9,65.47,65.8,65.8,56.645,54,,,
2026-06-24 19:30:00+00:00,65.77,65.93,65.7,65.83,65.83,45.2,17,,,
2026-06-24 19:45:00+00:00,65.79,66.17,65.69,66.17,66.17,40.99,42,,,
2026-06-24 20:00:00+00:00,65.99,67.33,65.94,67.13,67.13,210.781,141,,,
2026-06-24 20:15:00+00:00,67.18,67.56,67.1,67.41,67.41,69.679,71,,,
2026-06-24 20:30:00+00:00,67.41,67.55,67.26,67.51,67.51,59.965,56,,,
2026-06-24 20:45:00+00:00,67.49,67.89,67.49,67.61,67.61,50.627,35,,,
2026-06-24 21:00:00+00:00,67.62,67.62,67.25,67.25,67.25,86.249,40,,,
2026-06-24 21:15:00+00:00,67.19,67.47,67.19,67.47,67.47,23.915,33,,,
2026-06-24 21:30:00+00:00,67.49,67.86,67.39,67.8,67.8,73.201,51,,,
2026-06-24 21:45:00+00:00,67.85,68.01,67.74,68.01,68.01,35.791,34,,,
2026-06-24 22:00:00+00:00,67.99,68.42,67.99,68.13,68.13,70.702,74,,,
2026-06-24 22:15:00+00:00,67.97,67.98,67.75,67.77,67.77,14.483,18,,,
2026-06-24 22:30:00+00:00,67.79,67.9,67.7,67.82,67.82,147.975,35,,,
2026-06-24 22:45:00+00:00,67.84,67.84,67.63,67.8,67.8,8.937,17,,,
2026-06-24 23:00:00+00:00,67.74,67.83,67.71,67.82,67.82,10.573,14,,,
2026-06-24 23:15:00+00:00,67.84,68.09,67.84,67.91,67.91,651.017,53,,,
2026-06-24 23:30:00+00:00,67.9,68.03,67.89,67.92,67.92,29.409,15,,,
2026-06-24 23:45:00+00:00,67.98,68.06,67.8,68.02,68.02,12.301,15,,,
2026-06-25 00:00:00+00:00,67.97,68.2,67.96,68.08,68.08,759.91,43,,,
2026-06-25 00:15:00+00:00,68.08,68.08,67.83,67.84,67.84,35.577,33,,,
2026-06-25 00:30:00+00:00,67.87,67.9,67.7,67.7,67.7,27.767,30,,,
2026-06-25 00:45:00+00:00,67.71,67.83,67.53,67.62,67.62,45.114,42,,,
2026-06-25 01:00:00+00:00,67.64,67.7,67.4,67.43,67.43,30.102,62,,,
2026-06-25 01:15:00+00:00,67.44,67.66,67.32,67.57,67.57,36.65,54,,,
2026-06-25 01:30:00+00:00,67.53,67.7,67.53,67.68,67.68,11.962,36,,,
2026-06-25 01:45:00+00:00,67.69,67.92,67.66,67.79,67.79,8.801,41,,,
2026-06-25 02:00:00+00:00,67.77,67.83,67.6,67.6,67.6,6.181,21,,,
2026-06-25 02:15:00+00:00,67.53,67.79,67.53,67.79,67.79,3.12,3,,,
2026-06-25 02:30:00+00:00,67.77,67.77,67.6,67.6,67.6,13.274,9,,,
2026-06-25 02:45:00+00:00,67.57,67.67,67.56,67.67,67.67,113.434,18,,,
2026-06-25 03:00:00+00:00,67.76,67.76,67.52,67.52,67.52,3.037,5,,,
2026-06-25 03:15:00+00:00,67.42,67.6,67.42,67.57,67.57,66.128,27,,,
2026-06-25 03:30:00+00:00,67.55,67.67,67.47,67.48,67.48,74.727,16,,,
2026-06-25 03:45:00+00:00,67.43,67.63,67.43,67.63,67.63,43.957,28,,,
2026-06-25 04:00:00+00:00,67.62,67.62,67.49,67.58,67.58,41.745,27,,,
2026-06-25 04:15:00+00:00,67.49,67.59,67.49,67.54,67.54,15.755,20,,,
2026-06-25 04:30:00+00:00,67.53,67.72,67.42,67.72,67.72,32.701,31,,,
2026-06-25 04:45:00+00:00,67.72,68.4,67.72,68.33,68.33,214.603,108,,,
2026-06-25 05:00:00+00:00,68.35,69.01,68.27,68.93,68.93,288.286,166,,,
2026-06-25 05:15:00+00:00,68.91,69.15,68.74,68.96,68.96,104.807,99,,,
2026-06-25 05:30:00+00:00,68.97,69.19,68.92,68.92,68.92,82.324,60,,,
2026-06-25 05:45:00+00:00,68.85,69.05,68.85,69.01,69.01,42.249,45,,,
2026-06-25 06:00:00+00:00,68.93,69.18,68.92,69.16,69.16,87.888,64,,,
2026-06-25 06:15:00+00:00,69.08,69.54,69.08,69.16,69.16,180.101,113,,,
2026-06-25 06:30:00+00:00,69.14,69.36,69.14,69.31,69.31,131.581,76,,,
2026-06-25 06:45:00+00:00,69.31,69.5,69.3,69.36,69.36,96.377,56,,,
2026-06-25 07:00:00+00:00,69.37,69.47,69.15,69.24,69.24,159.225,75,,,
2026-06-25 07:15:00+00:00,69.24,69.41,69.22,69.27,69.27,52.949,44,,,
2026-06-25 07:30:00+00:00,69.28,69.4,69.26,69.37,69.37,63.612,35,,,
2026-06-25 07:45:00+00:00,69.19,69.38,69.19,69.35,69.35,73.945,33,,,
2026-06-25 08:00:00+00:00,69.28,69.31,69.16,69.16,69.16,50.235,32,,,
2026-06-25 08:15:00+00:00,69.18,69.18,68.97,68.97,68.97,10.14,14,,,
2026-06-25 08:30:00+00:00,68.97,69.09,68.92,69.09,69.09,5.923,7,,,
2026-06-25 08:45:00+00:00,69.09,69.13,68.92,68.92,68.92,5.915,10,,,
2026-06-25 09:00:00+00:00,69.01,69.09,68.97,69.08,69.08,9.518,18,,,
2026-06-25 09:15:00+00:00,69.07,69.07,68.78,68.88,68.88,2.202,7,,,
2026-06-25 09:30:00+00:00,68.91,68.94,68.88,68.9,68.9,3.221,5,,,
2026-06-25 09:45:00+00:00,68.81,68.81,68.77,68.77,68.77,0.283,2,,,
2026-06-25 10:00:00+00:00,68.77,68.77,68.67,68.74,68.74,129.803,17,,,
2026-06-25 10:15:00+00:00,68.74,68.79,68.46,68.48,68.48,535.382,78,,,
2026-06-25 10:30:00+00:00,68.49,68.52,68.28,68.28,68.28,42.415,19,,,
2026-06-25 10:45:00+00:00,68.21,68.3,68.18,68.21,68.21,50.074,18,,,
2026-06-25 11:00:00+00:00,68.23,68.3,67.96,68.27,68.27,28.729,21,,,
2026-06-25 11:15:00+00:00,68.27,68.32,68.12,68.12,68.12,2.668,8,,,
2026-06-25 11:30:00+00:00,68.13,68.24,68.11,68.23,68.23,47.122,11,,,
2026-06-25 11:45:00+00:00,68.02,68.04,67.98,68.03,68.03,8.704,6,,,
2026-06-25 12:00:00+00:00,68.13,68.13,68.13,68.13,68.13,0.053,1,,,
2026-06-25 12:15:00+00:00,68.05,68.06,67.77,67.77,67.77,5.179,10,,,
2026-06-25 12:30:00+00:00,68.04,68.77,68.04,68.29,68.29,94.576,53,,,
2026-06-25 12:45:00+00:00,68.27,68.42,68.12,68.12,68.12,79.374,22,,,
2026-06-25 13:00:00+00:00,68.26,68.35,68.04,68.35,68.35,50.284,15,,,
2026-06-25 13:15:00+00:00,68.23,68.23,68.19,68.19,68.19,3.364,4,,,
2026-06-25 13:30:00+00:00,68.14,68.31,66.57,66.57,66.57,54.007,76,,,
2026-06-25 13:45:00+00:00,66.43,66.62,64.11,64.13,64.13,813.311,276,,,
2026-06-25 14:00:00+00:00,64.16,66.26,64.16,65.84,65.84,490.668,177,,,
2026-06-25 14:15:00+00:00,65.93,66.14,65.21,65.76,65.76,279.412,136,,,
2026-06-25 14:30:00+00:00,65.73,67.07,65.54,65.96,65.96,276.664,115,,,
2026-06-25 14:45:00+00:00,65.96,66.67,65.95,66.29,66.29,94.641,60,,,
2026-06-25 15:00:00+00:00,66.31,66.31,65.7,65.7,65.7,89.87,36,,,
2026-06-25 15:15:00+00:00,65.66,65.92,65.19,65.81,65.81,71.677,54,,,
2026-06-25 15:30:00+00:00,65.82,66.12,65.62,65.62,65.62,52.192,51,,,
2026-06-25 15:45:00+00:00,65.72,66.3,65.69,66.27,66.27,50.507,47,,,
2026-06-25 16:00:00+00:00,66.28,66.96,66.24,66.58,66.58,88.085,61,,,
2026-06-25 16:15:00+00:00,66.49,66.61,66.45,66.59,66.59,21.34,19,,,
2026-06-25 16:30:00+00:00,66.54,66.54,65.96,65.96,65.96,11.399,17,,,
2026-06-25 16:45:00+00:00,65.93,65.93,65.61,65.8,65.8,56.688,50,,,
2026-06-25 17:00:00+00:00,65.92,66.39,65.79,66.39,66.39,33.976,31,,,
2026-06-25 17:15:00+00:00,66.4,67.26,66.4,67.25,67.25,212.422,114,,,
2026-06-25 17:30:00+00:00,67.24,67.24,66.9,67.15,67.15,12.852,13,,,
2026-06-25 17:45:00+00:00,66.84,67.02,66.69,67.02,67.02,21.715,18,,,
2026-06-25 18:00:00+00:00,67.05,67.07,66.05,66.05,66.05,22.683,25,,,
2026-06-25 18:15:00+00:00,66.04,66.56,66.04,66.47,66.47,62.658,25,,,
2026-06-25 18:30:00+00:00,66.37,66.37,65.96,66.02,66.02,11.147,15,,,
2026-06-25 18:45:00+00:00,66.02,66.17,65.87,66.1,66.1,160.303,29,,,
2026-06-25 19:00:00+00:00,66.12,66.12,65.7,65.7,65.7,627.367,124,,,
2026-06-25 19:15:00+00:00,65.75,65.92,65.65,65.92,65.92,105.762,32,,,
2026-06-25 19:30:00+00:00,65.93,66.13,65.93,66.03,66.03,6.691,20,,,
2026-06-25 19:45:00+00:00,66.01,66.12,65.85,66.08,66.08,31.875,11,,,
2026-06-25 20:00:00+00:00,66.17,66.55,66.11,66.38,66.38,52.118,56,,,
2026-06-25 20:15:00+00:00,66.42,66.69,66.42,66.67,66.67,25.996,23,,,
2026-06-25 20:30:00+00:00,66.47,66.57,66.26,66.28,66.28,52.594,30,,,
2026-06-25 20:45:00+00:00,66.2,66.2,66.04,66.06,66.06,2.851,7,,,
2026-06-25 21:00:00+00:00,66.37,66.43,66.23,66.23,66.23,6.319,10,,,
2026-06-25 21:15:00+00:00,66.44,66.74,66.32,66.74,66.74,32.492,29,,,
2026-06-25 21:30:00+00:00,66.75,67.1,66.75,66.87,66.87,39.568,33,,,
2026-06-25 21:45:00+00:00,66.87,67.2,66.87,67.19,67.19,10.789,22,,,
2026-06-25 22:00:00+00:00,67.14,67.25,66.93,66.93,66.93,6.271,9,,,
2026-06-25 22:15:00+00:00,66.98,66.98,66.94,66.97,66.97,3.067,5,,,
2026-06-25 22:30:00+00:00,66.98,67.18,66.98,67.03,67.03,33.634,13,,,
2026-06-25 22:45:00+00:00,67.18,67.2,67.0,67.14,67.14,9.37,16,,,
2026-06-25 23:00:00+00:00,67.14,67.17,67.09,67.09,67.09,1.69,3,,,
2026-06-25 23:15:00+00:00,67.19,68.37,67.19,68.28,68.28,127.413,74,,,
2026-06-25 23:30:00+00:00,68.14,68.71,67.73,67.73,67.73,122.729,79,,,
2026-06-25 23:45:00+00:00,67.79,67.79,67.57,67.61,67.61,37.247,17,,,
2026-06-26 00:00:00+00:00,67.64,67.8,67.57,67.78,67.78,97.255,59,,,
2026-06-26 00:15:00+00:00,67.79,68.01,67.7,67.85,67.85,88.519,39,,,
2026-06-26 00:30:00+00:00,67.78,67.99,67.69,67.85,67.85,35.314,33,,,
2026-06-26 00:45:00+00:00,67.85,67.86,67.58,67.69,67.69,17.08,16,,,
2026-06-26 01:00:00+00:00,67.66,67.78,67.41,67.57,67.57,19.396,21,,,
2026-06-26 01:15:00+00:00,67.58,67.7,67.15,67.15,67.15,70.705,40,,,
2026-06-26 01:30:00+00:00,67.18,67.28,67.06,67.25,67.25,34.767,45,,,
2026-06-26 01:45:00+00:00,67.25,67.35,67.16,67.16,67.16,360.117,49,,,
2026-06-26 02:00:00+00:00,67.24,67.24,66.01,66.04,66.04,58.21,51,,,
2026-06-26 02:15:00+00:00,66.08,66.61,65.93,66.58,66.58,92.623,76,,,
2026-06-26 02:30:00+00:00,66.51,66.7,66.34,66.53,66.53,86.4,62,,,
2026-06-26 02:45:00+00:00,66.53,66.54,65.95,66.12,66.12,37.158,49,,,
2026-06-26 03:00:00+00:00,66.15,67.03,65.87,66.88,66.88,315.315,110,,,
2026-06-26 03:15:00+00:00,66.84,66.93,66.45,66.76,66.76,86.404,57,,,
2026-06-26 03:30:00+00:00,66.64,67.5,66.64,67.49,67.49,219.089,82,,,
2026-06-26 03:45:00+00:00,67.47,68.39,67.47,68.13,68.13,159.742,130,,,
2026-06-26 04:00:00+00:00,68.12,68.17,67.91,67.93,67.93,157.591,67,,,
2026-06-26 04:15:00+00:00,67.92,68.27,67.91,68.01,68.01,47.777,54,,,
2026-06-26 04:30:00+00:00,68.01,68.05,67.92,68.0,68.0,9.468,17,,,
2026-06-26 04:45:00+00:00,68.07,68.07,67.91,67.99,67.99,10.185,15,,,
2026-06-26 05:00:00+00:00,68.0,68.11,67.96,68.06,68.06,9.508,10,,,
2026-06-26 05:15:00+00:00,68.28,68.28,67.96,68.09,68.09,65.4,19,,,
2026-06-26 05:30:00+00:00,68.23,68.36,68.18,68.18,68.18,26.958,31,,,
2026-06-26 05:45:00+00:00,68.05,68.34,68.03,68.3,68.3,11.122,20,,,
2026-06-26 06:00:00+00:00,68.28,68.28,67.94,68.02,68.02,21.505,25,,,
2026-06-26 06:15:00+00:00,68.12,69.31,68.12,68.91,68.91,151.467,106,,,
2026-06-26 06:30:00+00:00,69.12,69.73,68.96,69.67,69.67,96.706,72,,,
2026-06-26 06:45:00+00:00,69.64,69.93,69.49,69.93,69.93,144.39,48,,,
2026-06-26 07:00:00+00:00,69.91,70.65,69.86,70.55,70.55,175.361,122,,,
2026-06-26 07:15:00+00:00,70.45,70.65,70.28,70.44,70.44,52.944,44,,,
2026-06-26 07:30:00+00:00,70.49,70.87,70.49,70.68,70.68,37.244,41,,,
2026-06-26 07:45:00+00:00,70.52,70.73,70.52,70.72,70.72,3.685,8,,,
2026-06-26 08:00:00+00:00,70.75,70.75,69.92,69.92,69.92,47.374,27,,,
2026-06-26 08:15:00+00:00,69.98,70.02,69.78,69.83,69.83,24.551,29,,,
2026-06-26 08:30:00+00:00,69.76,69.87,69.67,69.78,69.78,26.971,32,,,
2026-06-26 08:45:00+00:00,69.79,69.96,69.66,69.83,69.83,107.836,57,,,
2026-06-26 09:00:00+00:00,69.86,69.86,69.5,69.75,69.75,15.502,21,,,
2026-06-26 09:15:00+00:00,69.68,69.8,69.63,69.7,69.7,56.43,24,,,
2026-06-26 09:30:00+00:00,69.7,69.74,69.65,69.67,69.67,7.166,7,,,
2026-06-26 09:45:00+00:00,69.52,69.52,68.78,69.06,69.06,29.274,23,,,
2026-06-26 10:00:00+00:00,68.89,69.11,68.86,69.04,69.04,10.814,18,,,
2026-06-26 10:15:00+00:00,69.09,69.13,68.94,69.09,69.09,8.465,20,,,
2026-06-26 10:30:00+00:00,69.06,69.16,68.7,68.9,68.9,14.601,21,,,
2026-06-26 10:45:00+00:00,68.9,68.94,68.65,68.65,68.65,7.585,12,,,
2026-06-26 11:00:00+00:00,68.72,69.0,68.63,68.74,68.74,23.798,35,,,
2026-06-26 11:15:00+00:00,68.58,68.59,68.5,68.5,68.5,4.368,5,,,
2026-06-26 11:30:00+00:00,68.56,68.65,68.52,68.61,68.61,10.398,20,,,
2026-06-26 11:45:00+00:00,68.5,68.51,68.37,68.51,68.51,46.007,11,,,
2026-06-26 12:00:00+00:00,68.53,68.86,68.53,68.86,68.86,3.113,11,,,
2026-06-26 12:15:00+00:00,69.02,69.12,68.87,69.12,69.12,3.292,16,,,
2026-06-26 12:30:00+00:00,69.18,69.58,68.37,68.52,68.52,44.805,24,,,
2026-06-26 12:45:00+00:00,68.51,69.11,68.49,68.9,68.9,55.636,43,,,
2026-06-26 13:00:00+00:00,68.77,69.19,68.58,68.93,68.93,24.735,44,,,
2026-06-26 13:15:00+00:00,68.9,68.9,68.16,68.68,68.68,64.972,55,,,
2026-06-26 13:30:00+00:00,68.69,69.6,68.59,69.58,69.58,101.685,108,,,
2026-06-26 13:45:00+00:00,69.48,70.83,69.38,70.56,70.56,104.721,149,,,
2026-06-26 14:00:00+00:00,70.57,71.17,70.19,70.96,70.96,127.108,150,,,
2026-06-26 14:15:00+00:00,70.88,71.86,70.81,71.7,71.7,126.715,169,,,
2026-06-26 14:30:00+00:00,71.48,71.79,70.73,70.94,70.94,49.895,53,,,
2026-06-26 14:45:00+00:00,70.52,71.04,70.39,70.52,70.52,97.192,84,,,
2026-06-26 15:00:00+00:00,70.36,71.24,70.27,70.76,70.76,36.829,70,,,
2026-06-26 15:15:00+00:00,70.71,71.76,70.71,71.46,71.46,55.24,71,,,
2026-06-26 15:30:00+00:00,71.36,72.15,71.36,72.07,72.07,577.237,84,,,
2026-06-26 15:45:00+00:00,72.06,72.06,71.49,72.01,72.01,226.615,88,,,
2026-06-26 16:00:00+00:00,72.11,73.53,72.06,72.36,72.36,145.548,119,,,
2026-06-26 16:15:00+00:00,72.35,72.61,71.97,72.15,72.15,100.525,57,,,
2026-06-26 16:30:00+00:00,72.15,73.14,72.15,72.61,72.61,383.09,109,,,
2026-06-26 16:45:00+00:00,72.56,72.74,72.41,72.48,72.48,57.19,30,,,
2026-06-26 17:00:00+00:00,72.37,72.79,72.37,72.68,72.68,1578.233,153,,,
2026-06-26 17:15:00+00:00,72.66,72.68,72.11,72.52,72.52,4525.816,275,,,
2026-06-26 17:30:00+00:00,72.58,72.68,72.17,72.55,72.55,1701.293,138,,,
2026-06-26 17:45:00+00:00,72.58,72.71,72.43,72.5,72.5,576.406,120,,,
2026-06-26 18:00:00+00:00,72.48,72.99,72.48,72.87,72.87,287.25,96,,,
2026-06-26 18:15:00+00:00,72.9,72.9,72.32,72.34,72.34,854.277,121,,,
2026-06-26 18:30:00+00:00,72.37,72.64,72.31,72.64,72.64,259.088,67,,,
2026-06-26 18:45:00+00:00,72.43,72.62,72.36,72.51,72.51,4098.699,99,,,
2026-06-26 19:00:00+00:00,72.5,73.25,72.4,73.13,73.13,2439.784,247,,,
2026-06-26 19:15:00+00:00,73.12,73.29,73.01,73.19,73.19,991.522,172,,,
2026-06-26 19:30:00+00:00,73.24,73.76,73.24,73.7,73.7,61.534,50,,,
2026-06-26 19:45:00+00:00,73.73,73.73,73.0,73.0,73.0,39.422,41,,,
2026-06-26 20:00:00+00:00,72.9,73.56,72.63,72.75,72.75,177.685,62,,,
2026-06-26 20:15:00+00:00,72.89,72.92,72.68,72.92,72.92,13.491,18,,,
2026-06-26 20:30:00+00:00,73.0,73.0,72.11,72.15,72.15,52.012,32,,,
2026-06-26 20:45:00+00:00,72.17,72.36,72.07,72.07,72.07,12.02,15,,,
2026-06-26 21:00:00+00:00,72.1,72.1,71.79,71.82,71.82,29.622,17,,,
2026-06-26 21:15:00+00:00,71.74,72.18,71.74,72.18,72.18,55.152,10,,,
2026-06-26 21:30:00+00:00,72.2,72.29,71.98,72.22,72.22,7.606,12,,,
2026-06-26 21:45:00+00:00,72.0,72.07,71.86,71.86,71.86,28.681,11,,,
2026-06-26 22:00:00+00:00,71.94,71.95,71.39,71.68,71.68,47.054,30,,,
2026-06-26 22:15:00+00:00,71.66,71.77,71.6,71.6,71.6,16.331,9,,,
2026-06-26 22:30:00+00:00,71.47,71.73,71.47,71.73,71.73,24.182,9,,,
2026-06-26 22:45:00+00:00,71.65,71.77,71.65,71.77,71.77,2.218,3,,,
2026-06-26 23:00:00+00:00,71.79,71.82,71.76,71.81,71.81,18.861,9,,,
2026-06-26 23:15:00+00:00,71.78,71.78,71.68,71.73,71.73,3.003,4,,,
2026-06-26 23:30:00+00:00,71.63,71.9,71.62,71.9,71.9,178.121,10,,,
2026-06-26 23:45:00+00:00,71.88,71.88,71.82,71.83,71.83,11.985,18,,,
2026-06-27 00:00:00+00:00,71.82,72.37,71.82,72.27,72.27,149.848,92,,,
2026-06-27 00:15:00+00:00,72.3,72.32,71.98,71.99,71.99,114.652,90,,,
2026-06-27 00:30:00+00:00,71.98,71.98,71.55,71.58,71.58,131.215,79,,,
2026-06-27 00:45:00+00:00,71.61,71.81,71.57,71.74,71.74,19.669,31,,,
2026-06-27 01:00:00+00:00,71.71,71.71,71.52,71.61,71.61,16.023,25,,,
2026-06-27 01:15:00+00:00,71.59,71.69,71.59,71.69,71.69,16.644,8,,,
2026-06-27 01:30:00+00:00,71.61,71.61,71.44,71.52,71.52,37.812,17,,,
2026-06-27 01:45:00+00:00,71.47,71.57,71.34,71.42,71.42,6.222,10,,,
2026-06-27 02:00:00+00:00,71.36,71.68,71.36,71.68,71.68,2.003,12,,,
2026-06-27 02:15:00+00:00,71.81,72.13,71.8,72.13,72.13,5.804,11,,,
2026-06-27 02:30:00+00:00,71.98,72.07,71.98,72.05,72.05,3.998,9,,,
2026-06-27 02:45:00+00:00,72.02,72.15,71.96,72.14,72.14,6.186,14,,,
2026-06-27 03:00:00+00:00,71.9,71.9,71.77,71.8,71.8,80.409,12,,,
2026-06-27 03:15:00+00:00,72.1,72.2,72.07,72.07,72.07,2.947,16,,,
2026-06-27 03:30:00+00:00,72.1,72.24,71.95,72.2,72.2,85.05,52,,,
2026-06-27 03:45:00+00:00,72.22,72.29,72.17,72.24,72.24,3.084,22,,,
2026-06-27 04:00:00+00:00,72.2,72.37,72.2,72.29,72.29,17.201,9,,,
2026-06-27 04:15:00+00:00,72.27,72.47,72.27,72.47,72.47,22.277,6,,,
2026-06-27 04:30:00+00:00,72.25,72.29,72.21,72.21,72.21,2.867,4,,,
2026-06-27 04:45:00+00:00,72.14,72.16,71.97,71.97,71.97,16.756,6,,,
2026-06-27 05:00:00+00:00,71.84,71.92,71.8,71.92,71.92,0.774,3,,,
2026-06-27 05:15:00+00:00,71.85,71.93,71.44,71.47,71.47,38.522,18,,,
2026-06-27 05:30:00+00:00,71.49,71.67,71.49,71.63,71.63,5.026,8,,,
2026-06-27 05:45:00+00:00,71.64,71.77,71.64,71.75,71.75,3.145,6,,,
2026-06-27 06:00:00+00:00,71.72,71.75,71.57,71.57,71.57,5.54,9,,,
2026-06-27 06:15:00+00:00,71.64,71.78,71.64,71.78,71.78,2.21,3,,,
2026-06-27 06:30:00+00:00,71.83,72.24,71.83,72.21,72.21,31.122,31,,,
2026-06-27 06:45:00+00:00,72.13,72.24,72.01,72.07,72.07,30.094,12,,,
2026-06-27 07:00:00+00:00,72.03,72.03,71.93,71.96,71.96,4.897,7,,,
2026-06-27 07:15:00+00:00,72.02,72.19,72.02,72.17,72.17,2.078,4,,,
2026-06-27 07:30:00+00:00,72.03,72.05,71.94,72.05,72.05,4.451,7,,,
2026-06-27 07:45:00+00:00,72.02,72.25,72.02,72.25,72.25,5.242,9,,,
2026-06-27 08:00:00+00:00,72.21,72.22,72.11,72.17,72.17,3.233,5,,,
2026-06-27 08:15:00+00:00,72.2,72.25,72.01,72.16,72.16,25.246,8,,,
2026-06-27 08:30:00+00:00,72.16,72.16,72.16,72.16,72.16,0.0,0,,,
2026-06-27 08:45:00+00:00,71.87,71.93,71.87,71.93,71.93,7.486,2,,,
2026-06-27 09:00:00+00:00,71.93,71.96,71.84,71.84,71.84,15.754,9,,,
2026-06-27 09:15:00+00:00,71.69,71.69,71.69,71.69,71.69,0.74,1,,,
2026-06-27 09:30:00+00:00,71.69,71.69,71.69,71.69,71.69,0.0,0,,,
2026-06-27 09:45:00+00:00,71.69,71.69,71.69,71.69,71.69,0.139,1,,,
2026-06-27 10:00:00+00:00,71.69,71.69,71.69,71.69,71.69,0.0,0,,,
2026-06-27 10:15:00+00:00,71.86,71.86,71.86,71.86,71.86,0.453,1,,,
2026-06-27 10:30:00+00:00,71.92,71.92,71.92,71.92,71.92,0.742,1,,,
2026-06-27 10:45:00+00:00,71.9,71.9,71.9,71.9,71.9,0.027,1,,,
2026-06-27 11:00:00+00:00,71.9,71.9,71.9,71.9,71.9,0.0,0,,,
2026-06-27 11:15:00+00:00,71.63,71.64,71.51,71.51,71.51,2.245,4,,,
2026-06-27 11:30:00+00:00,71.59,71.59,71.5,71.5,71.5,0.761,2,,,
2026-06-27 11:45:00+00:00,71.77,71.77,71.76,71.76,71.76,0.246,2,,,
2026-06-27 12:00:00+00:00,71.72,71.72,71.72,71.72,71.72,0.741,1,,,
2026-06-27 12:15:00+00:00,71.72,71.72,71.72,71.72,71.72,0.0,0,,,
2026-06-27 12:30:00+00:00,71.68,71.77,71.68,71.77,71.77,1.199,2,,,
2026-06-27 12:45:00+00:00,71.72,72.08,71.72,72.05,72.05,16.171,9,,,
2026-06-27 13:00:00+00:00,72.19,72.2,72.15,72.16,72.16,5.097,7,,,
2026-06-27 13:15:00+00:00,72.17,72.34,72.15,72.34,72.34,6.176,7,,,
2026-06-27 13:30:00+00:00,72.4,72.47,72.36,72.36,72.36,4.86,6,,,
2026-06-27 13:45:00+00:00,72.41,72.44,72.24,72.3,72.3,18.426,9,,,
2026-06-27 14:00:00+00:00,72.25,72.61,72.16,72.61,72.61,5.334,11,,,
2026-06-27 14:15:00+00:00,72.49,72.72,72.49,72.61,72.61,4.758,9,,,
2026-06-27 14:30:00+00:00,72.71,72.77,72.53,72.77,72.77,15.297,10,,,
2026-06-27 14:45:00+00:00,72.79,72.8,72.57,72.57,72.57,77.97,11,,,
2026-06-27 15:00:00+00:00,72.6,73.07,72.6,72.98,72.98,85.825,21,,,
2026-06-27 15:15:00+00:00,72.97,72.97,72.81,72.84,72.84,5.994,7,,,
2026-06-27 15:30:00+00:00,72.74,73.0,72.72,72.93,72.93,9.364,16,,,
2026-06-27 15:45:00+00:00,72.84,72.84,72.7,72.74,72.74,23.855,9,,,
2026-06-27 16:00:00+00:00,72.69,72.9,72.66,72.66,72.66,43.118,22,,,
2026-06-27 16:15:00+00:00,72.66,72.73,72.58,72.73,72.73,3.426,13,,,
2026-06-27 16:30:00+00:00,72.6,72.71,72.6,72.71,72.71,0.909,2,,,
2026-06-27 16:45:00+00:00,72.63,72.71,72.63,72.71,72.71,175.971,7,,,
2026-06-27 17:00:00+00:00,72.56,72.56,71.91,72.14,72.14,75.998,29,,,
2026-06-27 17:15:00+00:00,72.15,72.15,72.14,72.14,72.14,113.92,10,,,
2026-06-27 17:30:00+00:00,72.14,72.19,72.1,72.19,72.19,89.79,14,,,
2026-06-27 17:45:00+00:00,72.04,72.04,72.04,72.04,72.04,0.78,1,,,
2026-06-27 18:00:00+00:00,71.88,71.95,71.83,71.95,71.95,470.484,14,,,
2026-06-27 18:15:00+00:00,71.8,71.8,71.72,71.8,71.8,24.731,8,,,
2026-06-27 18:30:00+00:00,71.79,71.87,71.79,71.86,71.86,3.371,6,,,
2026-06-27 18:45:00+00:00,71.86,71.86,71.86,71.86,71.86,0.0,0,,,
2026-06-27 19:00:00+00:00,71.85,71.85,71.81,71.85,71.85,2.969,4,,,
2026-06-27 19:15:00+00:00,71.74,71.74,71.0,71.18,71.18,504.718,74,,,
2026-06-27 19:30:00+00:00,71.21,71.21,70.92,70.92,70.92,46.643,21,,,
2026-06-27 19:45:00+00:00,71.07,71.13,71.02,71.02,71.02,23.409,7,,,
2026-06-27 20:00:00+00:00,71.16,71.19,71.16,71.19,71.19,0.3,3,,,
2026-06-27 20:15:00+00:00,71.22,71.22,71.22,71.22,71.22,0.1,1,,,
2026-06-27 20:30:00+00:00,71.15,71.17,71.15,71.17,71.17,0.793,2,,,
2026-06-27 20:45:00+00:00,71.25,71.25,71.18,71.18,71.18,2.426,5,,,
2026-06-27 21:00:00+00:00,71.32,71.41,71.28,71.41,71.41,2.779,11,,,
2026-06-27 21:15:00+00:00,71.42,71.47,71.38,71.38,71.38,1.887,6,,,
2026-06-27 21:30:00+00:00,71.5,71.53,70.96,70.96,70.96,10.475,8,,,
2026-06-27 21:45:00+00:00,70.89,70.89,70.76,70.89,70.89,3.127,6,,,
2026-06-27 22:00:00+00:00,70.89,70.89,70.62,70.74,70.74,3.083,6,,,
2026-06-27 22:15:00+00:00,70.67,70.67,70.18,70.5,70.5,68.809,18,,,
2026-06-27 22:30:00+00:00,70.75,70.91,70.75,70.91,70.91,4.327,3,,,
2026-06-27 22:45:00+00:00,70.92,70.99,70.92,70.99,70.99,1.678,4,,,
2026-06-27 23:00:00+00:00,71.01,71.01,70.63,70.63,70.63,3.532,4,,,
2026-06-27 23:15:00+00:00,70.59,70.63,70.37,70.43,70.43,55.519,14,,,
2026-06-27 23:30:00+00:00,70.49,70.51,70.49,70.51,70.51,1.607,2,,,
2026-06-27 23:45:00+00:00,70.43,70.43,70.43,70.43,70.43,0.794,1,,,
2026-06-28 00:00:00+00:00,70.4,70.53,70.39,70.5,70.5,224.806,11,,,
2026-06-28 00:15:00+00:00,70.53,70.63,70.53,70.62,70.62,52.81,9,,,
2026-06-28 00:30:00+00:00,70.65,70.65,70.65,70.65,70.65,0.742,1,,,
2026-06-28 00:45:00+00:00,70.63,70.69,70.55,70.69,70.69,3.483,8,,,
2026-06-28 01:00:00+00:00,70.65,70.65,70.38,70.49,70.49,2.022,4,,,
2026-06-28 01:15:00+00:00,70.57,70.71,70.57,70.71,70.71,1.94,3,,,
2026-06-28 01:30:00+00:00,70.73,70.74,70.72,70.72,70.72,31.866,5,,,
2026-06-28 01:45:00+00:00,70.76,70.76,70.76,70.76,70.76,0.999,2,,,
2026-06-28 02:00:00+00:00,70.79,70.89,70.79,70.89,70.89,2.742,3,,,
2026-06-28 02:15:00+00:00,70.89,70.89,70.46,70.54,70.54,17.998,5,,,
2026-06-28 02:30:00+00:00,70.7,70.7,70.65,70.65,70.65,0.788,2,,,
2026-06-28 02:45:00+00:00,70.65,70.65,70.65,70.65,70.65,0.0,0,,,
2026-06-28 03:00:00+00:00,70.73,70.88,70.73,70.88,70.88,4.836,11,,,
2026-06-28 03:15:00+00:00,70.79,70.83,70.74,70.74,70.74,1.956,5,,,
2026-06-28 03:30:00+00:00,70.73,70.85,70.73,70.77,70.77,2.262,5,,,
2026-06-28 03:45:00+00:00,70.85,70.85,70.79,70.79,70.79,1.242,3,,,
2026-06-28 04:00:00+00:00,70.79,70.82,70.71,70.71,70.71,2.475,4,,,
2026-06-28 04:15:00+00:00,70.65,70.77,70.65,70.67,70.67,0.66,4,,,
2026-06-28 04:30:00+00:00,70.61,70.61,70.53,70.53,70.53,1.81,3,,,
2026-06-28 04:45:00+00:00,70.79,70.79,70.79,70.79,70.79,0.456,1,,,
2026-06-28 05:00:00+00:00,70.52,70.52,70.38,70.47,70.47,2.02,4,,,
2026-06-28 05:15:00+00:00,70.25,70.25,70.15,70.15,70.15,3.702,5,,,
2026-06-28 05:30:00+00:00,70.11,70.35,70.11,70.35,70.35,2.248,8,,,
2026-06-28 05:45:00+00:00,70.35,70.35,70.35,70.35,70.35,0.0,0,,,
2026-06-28 06:00:00+00:00,70.21,70.21,70.12,70.14,70.14,2.398,4,,,
2026-06-28 06:15:00+00:00,70.19,70.36,70.19,70.36,70.36,2.392,4,,,
2026-06-28 06:30:00+00:00,70.36,70.36,70.36,70.36,70.36,0.0,0,,,
2026-06-28 06:45:00+00:00,70.34,70.46,70.34,70.41,70.41,1.597,3,,,
2026-06-28 07:00:00+00:00,70.39,70.8,70.39,70.72,70.72,4.323,6,,,
2026-06-28 07:15:00+00:00,70.7,70.71,70.7,70.71,70.71,1.478,2,,,
2026-06-28 07:30:00+00:00,70.62,70.86,70.62,70.82,70.82,31.062,12,,,
2026-06-28 07:45:00+00:00,70.8,71.0,70.8,70.95,70.95,25.744,12,,,
2026-06-28 08:00:00+00:00,71.05,71.23,71.03,71.03,71.03,5.958,11,,,
2026-06-28 08:15:00+00:00,71.09,71.24,71.09,71.13,71.13,10.835,9,,,
2026-06-28 08:30:00+00:00,71.15,72.07,71.15,72.0,72.0,46.167,65,,,
2026-06-28 08:45:00+00:00,72.02,72.07,71.8,71.89,71.89,14.292,28,,,
2026-06-28 09:00:00+00:00,71.83,71.87,71.6,71.66,71.66,10.048,23,,,
2026-06-28 09:15:00+00:00,71.72,71.72,71.62,71.65,71.65,3.325,7,,,
2026-06-28 09:30:00+00:00,71.71,71.78,71.65,71.71,71.71,2.862,6,,,
2026-06-28 09:45:00+00:00,71.92,71.96,71.42,71.48,71.48,8.823,19,,,
2026-06-28 10:00:00+00:00,71.33,71.37,71.33,71.33,71.33,2.11,5,,,
2026-06-28 10:15:00+00:00,71.45,71.5,71.08,71.1,71.1,8.857,18,,,
2026-06-28 10:30:00+00:00,71.23,71.36,71.19,71.32,71.32,4.242,8,,,
2026-06-28 10:45:00+00:00,71.38,71.41,71.31,71.31,71.31,3.298,6,,,
2026-06-28 11:00:00+00:00,71.49,71.55,71.44,71.44,71.44,1.007,3,,,
2026-06-28 11:15:00+00:00,71.47,71.88,71.34,71.76,71.76,6.762,14,,,
2026-06-28 11:30:00+00:00,71.83,71.85,71.57,71.82,71.82,5.414,11,,,
2026-06-28 11:45:00+00:00,71.79,71.91,71.75,71.84,71.84,16.897,7,,,
2026-06-28 12:00:00+00:00,71.81,71.91,71.72,71.73,71.73,7.641,13,,,
2026-06-28 12:15:00+00:00,71.8,72.02,71.61,71.95,71.95,7.522,14,,,
2026-06-28 12:30:00+00:00,72.01,72.23,72.01,72.02,72.02,104.433,28,,,
2026-06-28 12:45:00+00:00,71.75,71.85,71.75,71.85,71.85,2.685,4,,,
2026-06-28 13:00:00+00:00,71.58,71.58,71.27,71.44,71.44,7.925,15,,,
2026-06-28 13:15:00+00:00,71.57,71.64,71.43,71.52,71.52,3.474,7,,,
2026-06-28 13:30:00+00:00,71.6,71.86,71.6,71.83,71.83,11.126,18,,,
2026-06-28 13:45:00+00:00,71.99,72.01,71.67,71.67,71.67,18.982,14,,,
2026-06-28 14:00:00+00:00,71.8,71.91,71.8,71.91,71.91,3.88,6,,,
2026-06-28 14:15:00+00:00,71.85,72.11,71.75,71.83,71.83,4.013,7,,,
2026-06-28 14:30:00+00:00,71.75,71.88,71.7,71.75,71.75,5.205,10,,,
2026-06-28 14:45:00+00:00,71.72,71.86,71.61,71.61,71.61,9.499,14,,,
2026-06-28 15:00:00+00:00,71.75,71.79,71.37,71.72,71.72,13.442,15,,,
2026-06-28 15:15:00+00:00,71.67,71.88,71.59,71.72,71.72,8.344,18,,,
2026-06-28 15:30:00+00:00,71.72,71.95,71.69,71.71,71.71,14.097,20,,,
2026-06-28 15:45:00+00:00,71.85,71.95,71.65,71.95,71.95,29.415,25,,,
2026-06-28 16:00:00+00:00,72.0,72.0,71.71,71.84,71.84,32.506,18,,,
2026-06-28 16:15:00+00:00,71.8,71.92,71.35,71.46,71.46,20.202,18,,,
2026-06-28 16:30:00+00:00,71.39,71.39,71.12,71.21,71.21,20.877,38,,,
2026-06-28 16:45:00+00:00,71.1,71.5,71.1,71.45,71.45,7.231,13,,,
2026-06-28 17:00:00+00:00,71.51,71.88,71.4,71.43,71.43,65.137,28,,,
2026-06-28 17:15:00+00:00,71.54,71.57,71.3,71.35,71.35,4.383,9,,,
2026-06-28 17:30:00+00:00,71.22,71.36,70.92,71.3,71.3,76.62,20,,,
2026-06-28 17:45:00+00:00,71.24,71.55,71.24,71.55,71.55,6.787,14,,,
2026-06-28 18:00:00+00:00,71.45,71.64,71.29,71.29,71.29,7.044,16,,,
2026-06-28 18:15:00+00:00,71.35,71.35,71.08,71.17,71.17,5.063,10,,,
2026-06-28 18:30:00+00:00,71.16,71.16,70.96,71.1,71.1,3.815,7,,,
2026-06-28 18:45:00+00:00,71.03,71.19,70.94,71.19,71.19,5.479,10,,,
2026-06-28 19:00:00+00:00,70.99,71.0,70.89,71.0,71.0,2.813,6,,,
2026-06-28 19:15:00+00:00,70.91,70.98,70.82,70.97,70.97,7.744,17,,,
2026-06-28 19:30:00+00:00,71.09,71.24,70.74,70.77,70.77,8.894,19,,,
2026-06-28 19:45:00+00:00,70.73,70.73,70.25,70.59,70.59,50.0,39,,,
2026-06-28 20:00:00+00:00,70.6,71.0,70.6,71.0,71.0,17.875,7,,,
2026-06-28 20:15:00+00:00,70.97,71.13,70.95,71.0,71.0,7.849,16,,,
2026-06-28 20:30:00+00:00,70.91,70.91,70.67,70.69,70.69,3.927,9,,,
2026-06-28 20:45:00+00:00,70.61,70.85,70.61,70.85,70.85,3.463,6,,,
2026-06-28 21:00:00+00:00,70.79,70.79,70.54,70.67,70.67,32.182,11,,,
2026-06-28 21:15:00+00:00,70.6,70.74,70.6,70.72,70.72,2.725,6,,,
2026-06-28 21:30:00+00:00,70.82,70.94,70.69,70.69,70.69,1.869,5,,,
2026-06-28 21:45:00+00:00,70.44,70.44,70.2,70.32,70.32,41.989,19,,,
2026-06-28 22:00:00+00:00,70.39,71.41,70.39,70.98,70.98,69.421,62,,,
2026-06-28 22:15:00+00:00,71.0,71.0,70.4,70.8,70.8,18.637,34,,,
2026-06-28 22:30:00+00:00,70.84,70.87,70.41,70.47,70.47,36.165,32,,,
2026-06-28 22:45:00+00:00,70.51,70.57,69.71,70.17,70.17,117.911,70,,,
2026-06-28 23:00:00+00:00,70.15,70.69,70.07,70.56,70.56,27.336,64,,,
2026-06-28 23:15:00+00:00,70.47,71.05,70.47,71.05,71.05,14.739,37,,,
2026-06-28 23:30:00+00:00,71.0,71.67,71.0,71.4,71.4,29.014,74,,,
2026-06-28 23:45:00+00:00,71.53,71.63,71.32,71.35,71.35,10.529,21,,,
2026-06-29 00:00:00+00:00,71.05,71.48,70.85,71.46,71.46,22.672,44,,,
2026-06-29 00:15:00+00:00,71.31,71.38,70.78,70.8,70.8,25.776,50,,,
2026-06-29 00:30:00+00:00,70.63,71.12,70.27,71.02,71.02,79.532,101,,,
2026-06-29 00:45:00+00:00,70.95,71.59,70.66,71.58,71.58,50.34,89,,,
2026-06-29 01:00:00+00:00,71.58,71.61,71.21,71.23,71.23,35.431,67,,,
2026-06-29 01:15:00+00:00,71.29,71.32,70.91,71.02,71.02,40.361,77,,,
2026-06-29 01:30:00+00:00,71.03,71.58,70.87,71.58,71.58,69.325,87,,,
2026-06-29 01:45:00+00:00,71.51,71.59,71.37,71.44,71.44,15.469,31,,,
2026-06-29 02:00:00+00:00,71.39,71.46,70.56,70.56,70.56,17.313,31,,,
2026-06-29 02:15:00+00:00,70.61,71.71,70.61,71.71,71.71,28.627,58,,,
2026-06-29 02:30:00+00:00,71.69,72.11,71.56,72.0,72.0,26.286,61,,,
2026-06-29 02:45:00+00:00,72.0,72.14,71.92,71.98,71.98,25.0,37,,,
2026-06-29 03:00:00+00:00,72.12,73.17,72.08,72.82,72.82,97.367,140,,,
2026-06-29 03:15:00+00:00,72.81,73.15,72.72,73.08,73.08,103.463,64,,,
2026-06-29 03:30:00+00:00,73.13,73.2,72.61,72.61,72.61,28.96,56,,,
2026-06-29 03:45:00+00:00,72.64,72.82,72.5,72.63,72.63,24.291,50,,,
2026-06-29 04:00:00+00:00,72.57,72.58,72.29,72.37,72.37,29.144,39,,,
2026-06-29 04:15:00+00:00,72.36,72.38,72.06,72.24,72.24,16.047,30,,,
2026-06-29 04:30:00+00:00,72.28,72.32,71.72,71.79,71.79,26.506,50,,,
2026-06-29 04:45:00+00:00,71.8,71.81,71.54,71.58,71.58,32.422,39,,,
2026-06-29 05:00:00+00:00,71.58,71.63,70.92,71.11,71.11,68.913,103,,,
2026-06-29 05:15:00+00:00,71.17,71.43,71.17,71.29,71.29,36.945,45,,,
2026-06-29 05:30:00+00:00,71.33,71.73,71.21,71.71,71.71,30.82,64,,,
2026-06-29 05:45:00+00:00,71.67,72.22,71.65,72.2,72.2,37.279,91,,,
2026-06-29 06:00:00+00:00,72.27,72.46,72.11,72.34,72.34,93.163,91,,,
2026-06-29 06:15:00+00:00,72.38,72.99,72.34,72.62,72.62,50.285,112,,,
2026-06-29 06:30:00+00:00,72.64,72.67,72.24,72.26,72.26,24.272,47,,,
2026-06-29 06:45:00+00:00,72.31,72.36,72.2,72.29,72.29,22.426,41,,,
2026-06-29 07:00:00+00:00,72.3,72.3,71.99,72.29,72.29,19.314,41,,,
2026-06-29 07:15:00+00:00,72.29,72.5,72.17,72.41,72.41,29.441,54,,,
2026-06-29 07:30:00+00:00,72.3,72.53,72.26,72.26,72.26,15.06,30,,,
2026-06-29 07:45:00+00:00,72.28,72.86,72.21,72.59,72.59,21.208,38,,,
2026-06-29 08:00:00+00:00,72.66,72.86,72.48,72.66,72.66,34.006,63,,,
2026-06-29 08:15:00+00:00,72.71,72.86,72.38,72.38,72.38,26.516,40,,,
2026-06-29 08:30:00+00:00,72.42,72.71,72.37,72.67,72.67,24.179,37,,,
2026-06-29 08:45:00+00:00,72.68,72.92,72.58,72.71,72.71,12.386,24,,,
2026-06-29 09:00:00+00:00,72.67,72.77,72.59,72.72,72.72,12.029,24,,,
2026-06-29 09:15:00+00:00,72.82,73.05,72.61,72.91,72.91,18.292,23,,,
2026-06-29 09:30:00+00:00,72.84,72.91,72.84,72.89,72.89,2.261,4,,,
2026-06-29 09:45:00+00:00,72.78,72.85,72.67,72.85,72.85,11.712,12,,,
2026-06-29 10:00:00+00:00,72.89,73.41,72.89,73.37,73.37,28.825,30,,,
2026-06-29 10:15:00+00:00,73.38,73.6,73.36,73.42,73.42,19.253,21,,,
2026-06-29 10:30:00+00:00,73.18,73.26,73.13,73.26,73.26,2.187,3,,,
2026-06-29 10:45:00+00:00,73.24,73.27,73.14,73.25,73.25,4.837,8,,,
2026-06-29 11:00:00+00:00,73.18,73.18,72.64,72.64,72.64,4.708,8,,,
2026-06-29 11:15:00+00:00,72.47,72.5,72.45,72.45,72.45,2.281,4,,,
2026-06-29 11:30:00+00:00,72.53,73.08,72.35,72.35,72.35,486.503,32,,,
2026-06-29 11:45:00+00:00,72.31,72.5,72.31,72.5,72.5,3.73,5,,,
2026-06-29 12:00:00+00:00,72.44,73.98,72.09,73.96,73.96,163.81,122,,,
2026-06-29 12:15:00+00:00,74.0,74.0,73.66,73.96,73.96,18.434,18,,,
2026-06-29 12:30:00+00:00,73.87,74.42,73.17,73.35,73.35,184.461,81,,,
2026-06-29 12:45:00+00:00,73.26,73.55,73.06,73.36,73.36,16.739,27,,,
2026-06-29 13:00:00+00:00,73.45,74.03,73.45,74.03,74.03,54.358,27,,,
2026-06-29 13:15:00+00:00,74.07,74.26,73.59,73.6,73.6,119.224,48,,,
2026-06-29 13:30:00+00:00,73.42,74.03,72.9,72.96,72.96,161.27,125,,,
2026-06-29 13:45:00+00:00,72.81,73.67,72.73,73.6,73.6,219.711,121,,,
2026-06-29 14:00:00+00:00,73.62,73.79,72.42,72.42,72.42,396.358,115,,,
2026-06-29 14:15:00+00:00,72.43,73.17,72.23,73.15,73.15,518.112,183,,,
2026-06-29 14:30:00+00:00,73.1,73.48,72.88,73.2,73.2,30.991,59,,,
2026-06-29 14:45:00+00:00,72.9,73.73,72.82,73.57,73.57,99.583,60,,,
2026-06-29 15:00:00+00:00,73.31,73.31,72.7,73.06,73.06,54.122,29,,,
2026-06-29 15:15:00+00:00,73.17,73.83,73.06,73.78,73.78,42.732,57,,,
2026-06-29 15:30:00+00:00,73.82,74.26,73.74,73.86,73.86,46.49,59,,,
2026-06-29 15:45:00+00:00,73.75,74.08,73.73,73.74,73.74,15.557,26,,,
2026-06-29 16:00:00+00:00,73.83,73.93,73.44,73.44,73.44,38.937,20,,,
2026-06-29 16:15:00+00:00,73.58,73.61,72.83,72.86,72.86,11.984,15,,,
2026-06-29 16:30:00+00:00,72.85,73.63,72.85,73.63,73.63,10.946,26,,,
2026-06-29 16:45:00+00:00,73.61,74.08,73.58,73.9,73.9,41.311,39,,,
2026-06-29 17:00:00+00:00,73.97,75.34,73.97,75.15,75.15,539.16,101,,,
2026-06-29 17:15:00+00:00,75.17,76.3,75.13,75.96,75.96,531.22,186,,,
2026-06-29 17:30:00+00:00,75.89,76.0,75.44,75.69,75.69,182.091,38,,,
2026-06-29 17:45:00+00:00,75.66,75.7,75.21,75.25,75.25,103.3,19,,,
2026-06-29 18:00:00+00:00,75.21,75.68,75.07,75.58,75.58,89.045,24,,,
2026-06-29 18:15:00+00:00,75.46,75.6,75.18,75.18,75.18,85.374,19,,,
2026-06-29 18:30:00+00:00,75.18,75.63,75.14,75.59,75.59,116.471,47,,,
2026-06-29 18:45:00+00:00,75.52,75.52,75.32,75.5,75.5,215.545,49,,,
2026-06-29 19:00:00+00:00,75.48,75.71,75.43,75.46,75.46,84.214,20,,,
2026-06-29 19:15:00+00:00,75.64,76.09,75.64,76.0,76.0,26.234,21,,,
2026-06-29 19:30:00+00:00,75.78,75.84,75.59,75.84,75.84,4.231,10,,,
2026-06-29 19:45:00+00:00,75.8,76.09,75.8,75.88,75.88,6.998,13,,,
2026-06-29 20:00:00+00:00,75.91,75.92,75.63,75.63,75.63,3.208,12,,,
2026-06-29 20:15:00+00:00,75.57,75.57,75.46,75.46,75.46,2.185,5,,,
2026-06-29 20:30:00+00:00,75.45,75.58,75.36,75.36,75.36,3.308,6,,,
2026-06-29 20:45:00+00:00,75.27,75.41,75.19,75.41,75.41,2.038,5,,,
2026-06-29 21:00:00+00:00,75.37,75.57,75.17,75.53,75.53,6.774,12,,,
2026-06-29 21:15:00+00:00,75.43,75.49,75.38,75.38,75.38,32.118,18,,,
2026-06-29 21:30:00+00:00,75.48,75.66,75.48,75.62,75.62,4.2,5,,,
2026-06-29 21:45:00+00:00,75.54,75.54,75.45,75.45,75.45,1.664,3,,,
2026-06-29 22:00:00+00:00,75.45,75.5,75.4,75.48,75.48,12.573,12,,,
2026-06-29 22:15:00+00:00,75.35,75.35,75.22,75.28,75.28,2.062,6,,,
2026-06-29 22:30:00+00:00,75.24,75.24,75.12,75.19,75.19,1.015,3,,,
2026-06-29 22:45:00+00:00,75.16,75.29,75.01,75.25,75.25,37.907,10,,,
2026-06-29 23:00:00+00:00,75.19,75.31,75.19,75.29,75.29,14.007,9,,,
2026-06-29 23:15:00+00:00,75.27,75.27,75.03,75.13,75.13,1.363,4,,,
2026-06-29 23:30:00+00:00,75.0,75.0,74.84,74.93,74.93,22.243,22,,,
2026-06-29 23:45:00+00:00,74.97,75.18,74.94,75.11,75.11,39.354,42,,,
2026-06-30 00:00:00+00:00,75.02,75.13,74.87,74.92,74.92,55.11,51,,,
2026-06-30 00:15:00+00:00,74.93,74.93,74.54,74.54,74.54,108.786,24,,,
2026-06-30 00:30:00+00:00,74.51,74.54,74.12,74.31,74.31,29.702,60,,,
2026-06-30 00:45:00+00:00,74.31,74.56,74.23,74.38,74.38,49.626,45,,,
2026-06-30 01:00:00+00:00,74.35,74.39,74.01,74.07,74.07,21.181,25,,,
2026-06-30 01:15:00+00:00,74.15,74.59,74.15,74.56,74.56,127.252,39,,,
2026-06-30 01:30:00+00:00,74.56,74.59,74.15,74.19,74.19,10.889,22,,,
2026-06-30 01:45:00+00:00,74.24,74.33,74.21,74.33,74.33,6.268,12,,,
2026-06-30 02:00:00+00:00,74.36,74.36,74.02,74.05,74.05,8.094,16,,,
2026-06-30 02:15:00+00:00,74.01,74.25,74.01,74.24,74.24,218.363,28,,,
2026-06-30 02:30:00+00:00,74.25,74.44,74.12,74.44,74.44,7.09,15,,,
2026-06-30 02:45:00+00:00,74.51,74.73,74.51,74.52,74.52,16.61,11,,,
2026-06-30 03:00:00+00:00,74.55,74.67,74.55,74.59,74.59,4.961,9,,,
2026-06-30 03:15:00+00:00,74.59,74.8,74.45,74.5,74.5,344.581,46,,,
2026-06-30 03:30:00+00:00,74.53,74.53,74.27,74.33,74.33,7.52,17,,,
2026-06-30 03:45:00+00:00,74.35,74.35,74.07,74.13,74.13,9.991,18,,,
2026-06-30 04:00:00+00:00,74.12,74.14,73.72,74.04,74.04,29.385,47,,,
2026-06-30 04:15:00+00:00,74.05,74.09,73.6,73.82,73.82,19.682,37,,,
2026-06-30 04:30:00+00:00,73.87,74.07,73.87,73.94,73.94,10.873,22,,,
2026-06-30 04:45:00+00:00,74.0,74.0,73.88,73.92,73.92,2.826,6,,,
2026-06-30 05:00:00+00:00,74.04,74.07,73.85,73.94,73.94,12.044,22,,,
2026-06-30 05:15:00+00:00,73.97,74.0,73.77,73.86,73.86,8.286,17,,,
2026-06-30 05:30:00+00:00,73.88,74.1,73.76,74.01,74.01,19.851,39,,,
2026-06-30 05:45:00+00:00,74.01,74.11,74.01,74.11,74.11,30.356,15,,,
2026-06-30 06:00:00+00:00,74.14,74.17,73.94,73.95,73.95,30.136,10,,,
2026-06-30 06:15:00+00:00,73.97,74.14,73.81,74.14,74.14,26.04,26,,,
2026-06-30 06:30:00+00:00,74.14,74.14,73.95,74.05,74.05,40.598,26,,,
2026-06-30 06:45:00+00:00,73.97,74.1,73.97,74.02,74.02,6.801,13,,,
2026-06-30 07:00:00+00:00,74.06,74.14,73.79,73.83,73.83,7.841,15,,,
2026-06-30 07:15:00+00:00,73.95,73.95,73.8,73.8,73.8,5.495,12,,,
2026-06-30 07:30:00+00:00,73.9,73.99,73.9,73.99,73.99,4.52,8,,,
2026-06-30 07:45:00+00:00,73.9,74.07,73.9,73.96,73.96,6.98,8,,,
2026-06-30 08:00:00+00:00,74.1,74.11,73.81,73.86,73.86,10.887,22,,,
2026-06-30 08:15:00+00:00,73.79,73.96,73.76,73.96,73.96,34.422,17,,,
2026-06-30 08:30:00+00:00,73.92,73.97,73.34,73.52,73.52,105.365,83,,,
2026-06-30 08:45:00+00:00,73.52,73.53,73.22,73.53,73.53,1664.068,129,,,
2026-06-30 09:00:00+00:00,73.51,73.7,73.51,73.69,73.69,12.894,35,,,
2026-06-30 09:15:00+00:00,73.72,73.75,73.5,73.58,73.58,62.892,36,,,
2026-06-30 09:30:00+00:00,73.58,73.69,73.45,73.66,73.66,11.828,26,,,
2026-06-30 09:45:00+00:00,73.66,73.78,73.66,73.72,73.72,12.954,22,,,
2026-06-30 10:00:00+00:00,73.68,73.8,73.54,73.66,73.66,33.801,25,,,
2026-06-30 10:15:00+00:00,73.68,73.75,73.54,73.61,73.61,31.917,31,,,
2026-06-30 10:30:00+00:00,73.48,73.57,73.41,73.53,73.53,8.766,18,,,
2026-06-30 10:45:00+00:00,73.49,73.69,73.49,73.67,73.67,10.937,20,,,
2026-06-30 11:00:00+00:00,73.56,73.66,73.55,73.6,73.6,11.227,22,,,
2026-06-30 11:15:00+00:00,73.61,73.64,73.31,73.33,73.33,12.079,25,,,
2026-06-30 11:30:00+00:00,73.39,73.5,73.28,73.45,73.45,18.631,38,,,
2026-06-30 11:45:00+00:00,73.48,73.61,73.26,73.27,73.27,18.78,38,,,
2026-06-30 12:00:00+00:00,73.3,73.3,72.9,72.9,72.9,60.256,55,,,
2026-06-30 12:15:00+00:00,72.92,72.97,72.52,72.59,72.59,64.72,59,,,
2026-06-30 12:30:00+00:00,72.62,72.64,72.34,72.46,72.46,200.083,54,,,
2026-06-30 12:45:00+00:00,72.29,72.35,72.02,72.02,72.02,24.489,48,,,
2026-06-30 13:00:00+00:00,72.02,72.39,71.88,72.27,72.27,42.474,78,,,
2026-06-30 13:15:00+00:00,72.29,72.47,72.29,72.36,72.36,38.296,53,,,
2026-06-30 13:30:00+00:00,72.42,72.69,71.92,72.37,72.37,155.208,202,,,
2026-06-30 13:45:00+00:00,72.39,72.84,72.2,72.75,72.75,51.972,99,,,
2026-06-30 14:00:00+00:00,72.76,73.48,72.67,73.23,73.23,104.192,160,,,
2026-06-30 14:15:00+00:00,73.35,73.69,73.15,73.66,73.66,1553.864,230,,,
2026-06-30 14:30:00+00:00,73.74,73.75,73.05,73.51,73.51,239.908,120,,,
2026-06-30 14:45:00+00:00,73.5,73.5,72.65,72.82,72.82,85.894,81,,,
2026-06-30 15:00:00+00:00,72.9,73.06,72.52,72.88,72.88,42.392,72,,,
2026-06-30 15:15:00+00:00,72.91,73.31,72.56,73.12,73.12,121.628,94,,,
2026-06-30 15:30:00+00:00,73.14,73.42,72.95,73.25,73.25,41.505,61,,,
2026-06-30 15:45:00+00:00,73.22,74.0,73.0,73.08,73.08,109.74,106,,,
2026-06-30 16:00:00+00:00,73.0,73.47,72.86,72.86,72.86,20.256,40,,,
2026-06-30 16:15:00+00:00,72.75,72.93,72.63,72.69,72.69,70.163,58,,,
2026-06-30 16:30:00+00:00,72.72,73.19,72.67,72.97,72.97,38.999,67,,,
2026-06-30 16:45:00+00:00,73.04,73.62,73.04,73.41,73.41,96.834,52,,,
2026-06-30 17:00:00+00:00,73.45,73.78,73.37,73.4,73.4,46.009,70,,,
2026-06-30 17:15:00+00:00,73.39,73.52,73.28,73.31,73.31,106.991,48,,,
2026-06-30 17:30:00+00:00,73.34,73.44,73.24,73.33,73.33,114.917,23,,,
2026-06-30 17:45:00+00:00,73.24,73.41,73.18,73.18,73.18,432.9,40,,,
2026-06-30 18:00:00+00:00,73.09,73.22,73.02,73.22,73.22,577.07,48,,,
2026-06-30 18:15:00+00:00,73.13,73.6,73.13,73.32,73.32,878.944,74,,,
2026-06-30 18:30:00+00:00,73.35,73.37,72.85,73.11,73.11,358.356,40,,,
2026-06-30 18:45:00+00:00,73.28,73.55,73.28,73.5,73.5,4.233,11,,,
2026-06-30 19:00:00+00:00,73.46,73.57,73.37,73.39,73.39,10.431,23,,,
2026-06-30 19:15:00+00:00,73.47,73.47,73.3,73.42,73.42,13.915,28,,,
2026-06-30 19:30:00+00:00,73.47,73.85,73.47,73.75,73.75,17.993,37,,,
2026-06-30 19:45:00+00:00,73.51,73.7,73.44,73.66,73.66,35.22,34,,,
2026-06-30 20:00:00+00:00,73.61,73.82,73.57,73.82,73.82,19.072,39,,,
2026-06-30 20:15:00+00:00,73.78,73.78,73.49,73.61,73.61,14.42,32,,,
2026-06-30 20:30:00+00:00,73.57,73.69,73.43,73.61,73.61,7.202,16,,,
2026-06-30 20:45:00+00:00,73.51,73.79,73.48,73.62,73.62,9.535,19,,,
2026-06-30 21:00:00+00:00,73.63,73.69,73.14,73.23,73.23,17.105,36,,,
2026-06-30 21:15:00+00:00,73.29,73.32,73.14,73.3,73.3,14.761,28,,,
2026-06-30 21:30:00+00:00,73.2,73.39,73.2,73.28,73.28,7.553,15,,,
2026-06-30 21:45:00+00:00,73.3,73.37,73.22,73.33,73.33,13.112,15,,,
2026-06-30 22:00:00+00:00,73.42,73.61,73.4,73.56,73.56,10.856,20,,,
2026-06-30 22:15:00+00:00,73.55,73.63,73.48,73.5,73.5,4.712,10,,,
2026-06-30 22:30:00+00:00,73.32,73.41,73.18,73.35,73.35,446.569,41,,,
2026-06-30 22:45:00+00:00,73.38,73.38,73.28,73.28,73.28,3.509,7,,,
2026-06-30 23:00:00+00:00,73.35,73.38,73.23,73.28,73.28,6.354,12,,,
2026-06-30 23:15:00+00:00,73.35,73.57,73.34,73.57,73.57,7.685,14,,,
2026-06-30 23:30:00+00:00,73.48,73.6,73.43,73.49,73.49,5.714,12,,,
2026-06-30 23:45:00+00:00,73.5,73.61,73.48,73.56,73.56,8.098,10,,,
2026-07-01 00:00:00+00:00,73.65,73.65,73.49,73.63,73.63,11.647,22,,,
2026-07-01 00:15:00+00:00,73.64,73.71,73.27,73.44,73.44,22.297,39,,,
2026-07-01 00:30:00+00:00,73.47,73.74,73.41,73.53,73.53,18.751,35,,,
2026-07-01 00:45:00+00:00,73.52,73.75,73.49,73.52,73.52,14.369,27,,,
2026-07-01 01:00:00+00:00,73.55,73.55,72.19,72.7,72.7,70.788,112,,,
2026-07-01 01:15:00+00:00,72.77,73.39,72.64,73.22,73.22,66.652,128,,,
2026-07-01 01:30:00+00:00,73.12,74.27,73.12,74.1,74.1,73.288,125,,,
2026-07-01 01:45:00+00:00,74.13,74.15,73.7,73.88,73.88,40.497,66,,,
2026-07-01 02:00:00+00:00,73.9,74.14,73.69,74.11,74.11,26.429,49,,,
2026-07-01 02:15:00+00:00,74.04,74.49,74.02,74.42,74.42,56.112,84,,,
2026-07-01 02:30:00+00:00,74.42,74.88,74.39,74.88,74.88,114.655,101,,,
2026-07-01 02:45:00+00:00,74.88,74.93,74.63,74.71,74.71,48.108,62,,,
2026-07-01 03:00:00+00:00,74.72,74.78,74.49,74.58,74.58,23.746,48,,,
2026-07-01 03:15:00+00:00,74.51,74.52,74.26,74.32,74.32,11.557,24,,,
2026-07-01 03:30:00+00:00,74.45,75.09,74.32,74.71,74.71,269.748,89,,,
2026-07-01 03:45:00+00:00,74.8,75.59,74.79,75.37,75.37,102.546,107,,,
2026-07-01 04:00:00+00:00,75.39,75.53,75.28,75.31,75.31,16.684,32,,,
2026-07-01 04:15:00+00:00,75.35,75.39,75.16,75.36,75.36,39.575,34,,,
2026-07-01 04:30:00+00:00,75.36,75.74,75.28,75.54,75.54,46.601,58,,,
2026-07-01 04:45:00+00:00,75.56,75.79,75.44,75.44,75.44,58.481,42,,,
2026-07-01 05:00:00+00:00,75.5,75.69,75.34,75.39,75.39,28.816,23,,,
2026-07-01 05:15:00+00:00,75.44,75.55,75.12,75.14,75.14,11.472,22,,,
2026-07-01 05:30:00+00:00,75.12,75.25,75.11,75.25,75.25,11.682,25,,,
2026-07-01 05:45:00+00:00,75.27,75.3,75.11,75.17,75.17,8.909,17,,,
2026-07-01 06:00:00+00:00,75.19,75.19,74.86,74.91,74.91,10.884,23,,,
2026-07-01 06:15:00+00:00,74.95,74.96,74.49,74.61,74.61,19.333,31,,,
2026-07-01 06:30:00+00:00,74.67,74.71,73.9,74.14,74.14,31.528,56,,,
2026-07-01 06:45:00+00:00,74.16,74.28,73.94,74.2,74.2,20.739,36,,,
2026-07-01 07:00:00+00:00,74.26,74.33,74.02,74.33,74.33,20.74,36,,,
2026-07-01 07:15:00+00:00,74.36,74.68,74.17,74.54,74.54,867.163,78,,,
2026-07-01 07:30:00+00:00,74.55,74.75,74.35,74.64,74.64,39.893,42,,,
2026-07-01 07:45:00+00:00,74.66,74.88,74.56,74.81,74.81,14.585,18,,,
2026-07-01 08:00:00+00:00,74.8,75.0,74.58,74.86,74.86,65.939,56,,,
2026-07-01 08:15:00+00:00,74.77,74.82,74.45,74.58,74.58,31.516,40,,,
2026-07-01 08:30:00+00:00,74.63,74.75,74.38,74.75,74.75,67.707,52,,,
2026-07-01 08:45:00+00:00,74.8,75.44,74.61,75.39,75.39,23.128,41,,,
2026-07-01 09:00:00+00:00,75.38,75.38,75.07,75.08,75.08,29.051,57,,,
2026-07-01 09:15:00+00:00,75.08,75.3,75.0,75.04,75.04,50.118,44,,,
2026-07-01 09:30:00+00:00,75.1,75.27,75.01,75.1,75.1,15.02,28,,,
2026-07-01 09:45:00+00:00,75.14,75.49,75.01,75.44,75.44,78.451,51,,,
2026-07-01 10:00:00+00:00,75.35,75.48,75.19,75.23,75.23,56.808,40,,,
2026-07-01 10:15:00+00:00,75.24,75.42,75.09,75.12,75.12,11.47,24,,,
2026-07-01 10:30:00+00:00,75.25,75.3,74.95,75.02,75.02,22.056,29,,,
2026-07-01 10:45:00+00:00,74.97,75.13,74.97,74.97,74.97,6.436,13,,,
2026-07-01 11:00:00+00:00,74.93,75.05,74.62,75.05,75.05,36.742,43,,,
2026-07-01 11:15:00+00:00,75.1,75.22,74.95,74.98,74.98,19.089,42,,,
2026-07-01 11:30:00+00:00,75.0,75.02,74.79,74.82,74.82,15.597,35,,,
2026-07-01 11:45:00+00:00,74.93,74.94,74.64,74.64,74.64,5.915,14,,,
2026-07-01 12:00:00+00:00,74.68,74.78,74.31,74.36,74.36,79.613,63,,,
2026-07-01 12:15:00+00:00,74.48,74.6,74.42,74.55,74.55,33.801,38,,,
2026-07-01 12:30:00+00:00,74.52,74.63,74.29,74.43,74.43,237.684,107,,,
2026-07-01 12:45:00+00:00,74.43,74.49,74.21,74.49,74.49,203.08,56,,,
2026-07-01 13:00:00+00:00,74.53,74.92,74.53,74.85,74.85,362.563,61,,,
2026-07-01 13:15:00+00:00,74.91,75.25,74.82,75.25,75.25,46.559,44,,,
2026-07-01 13:30:00+00:00,75.29,75.58,74.65,75.4,75.4,623.392,188,,,
2026-07-01 13:45:00+00:00,75.44,76.03,75.29,75.89,75.89,157.894,167,,,
2026-07-01 14:00:00+00:00,75.97,76.22,75.61,76.2,76.2,118.307,113,,,
2026-07-01 14:15:00+00:00,76.25,77.16,76.16,76.6,76.6,167.678,136,,,
2026-07-01 14:30:00+00:00,76.62,76.94,76.33,76.8,76.8,62.266,90,,,
2026-07-01 14:45:00+00:00,76.79,77.09,76.39,76.83,76.83,98.232,76,,,
2026-07-01 15:00:00+00:00,76.89,77.41,76.83,76.97,76.97,68.553,94,,,
2026-07-01 15:15:00+00:00,76.98,77.73,76.8,77.46,77.46,243.404,76,,,
2026-07-01 15:30:00+00:00,77.56,77.56,77.21,77.41,77.41,28.765,29,,,
2026-07-01 15:45:00+00:00,77.37,77.44,77.07,77.44,77.44,39.134,45,,,
2026-07-01 16:00:00+00:00,77.37,77.44,77.14,77.31,77.31,243.317,52,,,
2026-07-01 16:15:00+00:00,77.27,78.14,77.27,77.76,77.76,26.733,57,,,
2026-07-01 16:30:00+00:00,77.74,77.76,77.46,77.59,77.59,6.833,19,,,
2026-07-01 16:45:00+00:00,77.54,77.57,76.88,76.99,76.99,8.581,23,,,
2026-07-01 17:00:00+00:00,77.15,77.19,76.88,77.19,77.19,7.178,17,,,
2026-07-01 17:15:00+00:00,77.21,77.9,77.16,77.66,77.66,54.718,43,,,
2026-07-01 17:30:00+00:00,77.64,77.79,77.58,77.67,77.67,4.767,14,,,
2026-07-01 17:45:00+00:00,77.65,77.79,77.65,77.74,77.74,3.752,10,,,
2026-07-01 18:00:00+00:00,77.68,77.79,77.48,77.63,77.63,122.398,38,,,
2026-07-01 18:15:00+00:00,77.56,77.69,77.53,77.53,77.53,31.45,9,,,
2026-07-01 18:30:00+00:00,77.36,77.7,77.36,77.65,77.65,60.198,17,,,
2026-07-01 18:45:00+00:00,77.69,77.69,77.26,77.32,77.32,116.381,28,,,
2026-07-01 19:00:00+00:00,77.44,77.58,77.44,77.58,77.58,2.146,5,,,
2026-07-01 19:15:00+00:00,77.46,77.5,77.12,77.12,77.12,88.611,15,,,
2026-07-01 19:30:00+00:00,77.21,77.3,77.16,77.22,77.22,67.208,37,,,
2026-07-01 19:45:00+00:00,77.15,77.2,76.77,76.87,76.87,59.688,25,,,
2026-07-01 20:00:00+00:00,76.93,76.95,76.65,76.78,76.78,76.247,23,,,
2026-07-01 20:15:00+00:00,76.74,76.8,76.55,76.8,76.8,75.481,25,,,
2026-07-01 20:30:00+00:00,76.77,77.21,76.77,77.0,77.0,125.708,23,,,
2026-07-01 20:45:00+00:00,77.22,77.43,77.2,77.39,77.39,41.95,26,,,
2026-07-01 21:00:00+00:00,77.36,77.95,77.36,77.79,77.79,36.161,43,,,
2026-07-01 21:15:00+00:00,77.71,77.85,77.64,77.74,77.74,6.82,20,,,
2026-07-01 21:30:00+00:00,77.78,78.44,77.78,78.16,78.16,30.401,38,,,
2026-07-01 21:45:00+00:00,78.17,78.59,78.13,78.39,78.39,89.302,44,,,
2026-07-01 22:00:00+00:00,78.36,78.36,78.17,78.25,78.25,12.381,34,,,
2026-07-01 22:15:00+00:00,78.35,78.86,78.17,78.17,78.17,475.0,91,,,
2026-07-01 22:30:00+00:00,78.19,78.32,77.98,78.07,78.07,105.195,33,,,
2026-07-01 22:45:00+00:00,77.98,77.98,77.73,77.85,77.85,137.069,41,,,
2026-07-01 23:00:00+00:00,77.79,77.79,77.47,77.47,77.47,25.338,19,,,
2026-07-01 23:15:00+00:00,77.39,77.63,77.38,77.55,77.55,8.594,18,,,
2026-07-01 23:30:00+00:00,77.64,77.72,77.42,77.47,77.47,25.187,21,,,
2026-07-01 23:45:00+00:00,77.44,77.55,77.21,77.35,77.35,100.123,37,,,
2026-07-02 00:00:00+00:00,77.32,77.38,77.09,77.31,77.31,14.309,28,,,
2026-07-02 00:15:00+00:00,77.27,77.3,77.08,77.11,77.11,8.345,15,,,
2026-07-02 00:30:00+00:00,77.08,77.08,76.9,76.92,76.92,4.061,16,,,
2026-07-02 00:45:00+00:00,76.93,77.25,76.93,77.19,77.19,5.708,15,,,
2026-07-02 01:00:00+00:00,77.17,77.56,77.17,77.56,77.56,8.228,23,,,
2026-07-02 01:15:00+00:00,77.57,77.81,77.48,77.8,77.8,9.547,27,,,
2026-07-02 01:30:00+00:00,77.93,78.62,77.93,78.31,78.31,36.863,53,,,
2026-07-02 01:45:00+00:00,78.19,78.31,77.96,78.13,78.13,186.161,32,,,
2026-07-02 02:00:00+00:00,78.12,78.12,77.78,77.99,77.99,20.064,20,,,
2026-07-02 02:15:00+00:00,78.02,78.16,77.99,78.14,78.14,91.623,27,,,
2026-07-02 02:30:00+00:00,78.13,78.43,78.03,78.43,78.43,4.591,17,,,
2026-07-02 02:45:00+00:00,78.47,78.47,78.3,78.36,78.36,1.369,4,,,
2026-07-02 03:00:00+00:00,78.39,78.45,78.31,78.39,78.39,5.37,16,,,
2026-07-02 03:15:00+00:00,78.35,78.61,77.87,78.4,78.4,358.054,46,,,
2026-07-02 03:30:00+00:00,78.35,78.53,78.19,78.44,78.44,53.012,21,,,
2026-07-02 03:45:00+00:00,78.41,78.85,78.4,78.66,78.66,47.903,47,,,
2026-07-02 04:00:00+00:00,78.55,78.62,78.33,78.45,78.45,26.81,32,,,
2026-07-02 04:15:00+00:00,78.41,78.41,78.18,78.18,78.18,4.719,14,,,
2026-07-02 04:30:00+00:00,78.21,78.21,78.03,78.13,78.13,5.236,14,,,
2026-07-02 04:45:00+00:00,78.21,78.3,78.18,78.22,78.22,9.642,13,,,
2026-07-02 05:00:00+00:00,78.17,78.2,78.05,78.19,78.19,19.432,16,,,
2026-07-02 05:15:00+00:00,78.18,78.22,78.06,78.06,78.06,2.723,7,,,
2026-07-02 05:30:00+00:00,78.02,78.02,77.75,77.8,77.8,6.94,16,,,
2026-07-02 05:45:00+00:00,77.79,77.97,77.77,77.97,77.97,4.721,9,,,
2026-07-02 06:00:00+00:00,78.02,78.1,77.85,77.94,77.94,5.381,26,,,
2026-07-02 06:15:00+00:00,78.16,78.26,78.16,78.26,78.26,1.182,4,,,
2026-07-02 06:30:00+00:00,78.28,78.39,78.07,78.07,78.07,20.812,8,,,
2026-07-02 06:45:00+00:00,78.06,78.06,77.71,77.71,77.71,4.01,18,,,
2026-07-02 07:00:00+00:00,77.8,77.87,77.65,77.75,77.75,4.349,31,,,
2026-07-02 07:15:00+00:00,77.74,77.8,77.6,77.63,77.63,6.601,14,,,
2026-07-02 07:30:00+00:00,77.69,77.83,77.62,77.83,77.83,3.312,10,,,
2026-07-02 07:45:00+00:00,77.89,78.08,77.84,77.91,77.91,7.331,13,,,
2026-07-02 08:00:00+00:00,77.87,78.04,77.87,78.04,78.04,4.776,14,,,
2026-07-02 08:15:00+00:00,78.11,78.2,78.1,78.12,78.12,15.686,11,,,
2026-07-02 08:30:00+00:00,78.11,78.31,78.02,78.28,78.28,77.626,27,,,
2026-07-02 08:45:00+00:00,78.32,78.39,78.32,78.39,78.39,1.363,4,,,
2026-07-02 09:00:00+00:00,78.35,78.48,78.25,78.35,78.35,4.439,13,,,
2026-07-02 09:15:00+00:00,78.39,78.76,78.3,78.76,78.76,4.784,14,,,
2026-07-02 09:30:00+00:00,78.72,79.62,78.7,79.45,79.45,147.457,107,,,
2026-07-02 09:45:00+00:00,79.22,79.58,79.22,79.42,79.42,34.394,41,,,
2026-07-02 10:00:00+00:00,79.37,79.77,79.37,79.61,79.61,9.451,28,,,
2026-07-02 10:15:00+00:00,79.59,80.47,79.41,80.08,80.08,143.518,103,,,
2026-07-02 10:30:00+00:00,80.17,81.22,80.12,80.96,80.96,115.915,130,,,
2026-07-02 10:45:00+00:00,80.99,82.03,80.84,81.95,81.95,122.354,126,,,
2026-07-02 11:00:00+00:00,81.96,82.54,81.48,82.2,82.2,47.039,89,,,
2026-07-02 11:15:00+00:00,82.15,82.65,81.92,82.31,82.31,63.976,80,,,
2026-07-02 11:30:00+00:00,82.45,82.61,82.14,82.36,82.36,68.065,51,,,
2026-07-02 11:45:00+00:00,82.37,82.6,81.98,82.38,82.38,814.059,452,,,
2026-07-02 12:00:00+00:00,82.21,82.25,82.14,82.24,82.24,51.847,11,,,
2026-07-02 12:15:00+00:00,82.04,82.14,81.66,82.07,82.07,13.735,25,,,
2026-07-02 12:30:00+00:00,82.13,82.25,81.07,81.14,81.14,588.316,119,,,
2026-07-02 12:45:00+00:00,81.19,81.41,81.19,81.29,81.29,149.125,60,,,
2026-07-02 13:00:00+00:00,81.37,81.58,81.22,81.56,81.56,25.908,21,,,
2026-07-02 13:15:00+00:00,81.17,81.58,80.75,80.75,80.75,48.363,29,,,
2026-07-02 13:30:00+00:00,80.72,81.76,80.72,81.71,81.71,73.879,47,,,
2026-07-02 13:45:00+00:00,81.69,81.91,81.4,81.4,81.4,9.247,17,,,
2026-07-02 14:00:00+00:00,81.46,81.46,81.09,81.3,81.3,24.931,26,,,
2026-07-02 14:15:00+00:00,81.25,81.4,80.43,80.43,80.43,23.682,18,,,
2026-07-02 14:30:00+00:00,80.65,80.66,80.65,80.66,80.66,2.481,2,,,
2026-07-02 14:45:00+00:00,80.6,80.6,80.18,80.42,80.42,22.799,9,,,
2026-07-02 15:00:00+00:00,80.5,80.52,80.18,80.26,80.26,30.98,7,,,
2026-07-02 15:15:00+00:00,80.32,80.55,80.32,80.55,80.55,18.696,6,,,
2026-07-02 15:30:00+00:00,80.58,80.73,80.58,80.69,80.69,1.236,3,,,
2026-07-02 15:45:00+00:00,80.74,80.82,80.6,80.78,80.78,6.545,8,,,
2026-07-02 16:00:00+00:00,80.84,81.02,80.83,80.99,80.99,19.789,7,,,
2026-07-02 16:15:00+00:00,80.97,80.97,80.39,80.39,80.39,28.222,21,,,
2026-07-02 16:30:00+00:00,80.44,80.62,80.13,80.21,80.21,8.801,22,,,
2026-07-02 16:45:00+00:00,80.18,80.62,80.18,80.55,80.55,7.224,16,,,
2026-07-02 17:00:00+00:00,80.52,80.89,80.49,80.89,80.89,21.733,32,,,
2026-07-02 17:15:00+00:00,80.93,81.14,80.93,81.1,81.1,32.338,18,,,
2026-07-02 17:30:00+00:00,81.05,81.05,80.64,80.85,80.85,11.954,20,,,
2026-07-02 17:45:00+00:00,80.83,80.83,80.6,80.6,80.6,7.374,18,,,
2026-07-02 18:00:00+00:00,80.62,81.06,80.62,81.02,81.02,7.448,18,,,
2026-07-02 18:15:00+00:00,80.99,80.99,80.86,80.86,80.86,2.809,7,,,
2026-07-02 18:30:00+00:00,80.89,81.0,80.84,80.93,80.93,4.511,10,,,
2026-07-02 18:45:00+00:00,81.03,81.17,80.91,81.0,81.0,8.007,17,,,
2026-07-02 19:00:00+00:00,81.01,81.02,80.86,81.02,81.02,8.757,13,,,
2026-07-02 19:15:00+00:00,80.94,80.94,80.77,80.77,80.77,13.183,14,,,
2026-07-02 19:30:00+00:00,80.85,80.99,80.82,80.96,80.96,6.102,13,,,
2026-07-02 19:45:00+00:00,81.02,81.22,80.87,80.88,80.88,33.909,20,,,
2026-07-02 20:00:00+00:00,80.76,80.78,80.54,80.62,80.62,42.764,17,,,
2026-07-02 20:15:00+00:00,80.79,80.79,80.6,80.63,80.63,2.39,7,,,
2026-07-02 20:30:00+00:00,80.71,80.73,80.71,80.73,80.73,0.681,2,,,
2026-07-02 20:45:00+00:00,80.76,81.01,80.76,81.01,81.01,25.277,12,,,
2026-07-02 21:00:00+00:00,80.96,81.1,80.94,81.1,81.1,3.48,7,,,
2026-07-02 21:15:00+00:00,81.05,81.05,80.95,81.0,81.0,3.549,7,,,
2026-07-02 21:30:00+00:00,80.92,80.94,80.67,80.67,80.67,4.554,14,,,
2026-07-02 21:45:00+00:00,80.63,80.7,80.46,80.7,80.7,2.353,6,,,
2026-07-02 22:00:00+00:00,80.65,80.72,80.44,80.44,80.44,139.121,22,,,
2026-07-02 22:15:00+00:00,80.36,80.6,80.36,80.55,80.55,47.298,15,,,
2026-07-02 22:30:00+00:00,80.57,80.63,80.57,80.62,80.62,50.264,6,,,
2026-07-02 22:45:00+00:00,80.45,80.69,80.45,80.67,80.67,33.556,7,,,
2026-07-02 23:00:00+00:00,80.5,80.56,80.48,80.48,80.48,13.444,8,,,
2026-07-02 23:15:00+00:00,80.49,80.57,80.49,80.57,80.57,1.176,2,,,
2026-07-02 23:30:00+00:00,80.6,80.64,80.5,80.52,80.52,30.382,6,,,
2026-07-02 23:45:00+00:00,80.56,80.67,80.56,80.6,80.6,32.925,9,,,
2026-07-03 00:00:00+00:00,80.64,80.75,80.51,80.69,80.69,59.725,24,,,
2026-07-03 00:15:00+00:00,80.63,80.72,80.61,80.63,80.63,7.539,9,,,
2026-07-03 00:30:00+00:00,80.51,80.78,80.45,80.75,80.75,13.901,14,,,
2026-07-03 00:45:00+00:00,80.8,80.82,80.78,80.82,80.82,0.57,4,,,
2026-07-03 01:00:00+00:00,80.85,81.16,80.85,81.15,81.15,7.322,21,,,
2026-07-03 01:15:00+00:00,81.04,81.04,81.04,81.04,81.04,4.945,1,,,
2026-07-03 01:30:00+00:00,81.16,81.49,81.16,81.45,81.45,2.178,11,,,
2026-07-03 01:45:00+00:00,81.5,81.55,81.5,81.55,81.55,8.673,4,,,
2026-07-03 02:00:00+00:00,81.44,81.44,81.44,81.44,81.44,0.247,1,,,
2026-07-03 02:15:00+00:00,81.35,81.35,81.11,81.14,81.14,0.973,3,,,
2026-07-03 02:30:00+00:00,81.06,81.06,80.83,80.85,80.85,5.977,10,,,
2026-07-03 02:45:00+00:00,80.85,80.85,80.85,80.85,80.85,0.0,0,,,
2026-07-03 03:00:00+00:00,80.54,80.55,80.3,80.41,80.41,9.77,8,,,
2026-07-03 03:15:00+00:00,80.38,80.8,80.38,80.75,80.75,26.487,12,,,
2026-07-03 03:30:00+00:00,80.71,80.71,80.7,80.7,80.7,1.139,2,,,
2026-07-03 03:45:00+00:00,80.68,80.68,80.68,80.68,80.68,0.047,1,,,
2026-07-03 04:00:00+00:00,80.65,80.69,80.65,80.69,80.69,1.12,2,,,
2026-07-03 04:15:00+00:00,80.51,80.51,80.51,80.51,80.51,1.0,1,,,
2026-07-03 04:30:00+00:00,80.51,80.51,80.51,80.51,80.51,0.0,0,,,
2026-07-03 04:45:00+00:00,80.51,80.51,80.51,80.51,80.51,0.0,0,,,
2026-07-03 05:00:00+00:00,80.5,80.6,80.5,80.59,80.59,1.661,3,,,
2026-07-03 05:15:00+00:00,80.55,80.8,80.55,80.8,80.8,2.179,4,,,
2026-07-03 05:30:00+00:00,80.88,81.13,80.88,81.0,81.0,18.822,18,,,
2026-07-03 05:45:00+00:00,81.07,81.07,81.07,81.07,81.07,0.643,2,,,
2026-07-03 06:00:00+00:00,81.06,81.27,81.06,81.27,81.27,3.466,7,,,
2026-07-03 06:15:00+00:00,81.03,81.15,81.03,81.06,81.06,14.119,5,,,
2026-07-03 06:30:00+00:00,80.95,80.97,80.76,80.85,80.85,2.235,4,,,
2026-07-03 06:45:00+00:00,80.85,80.85,80.85,80.85,80.85,0.0,0,,,
2026-07-03 07:00:00+00:00,80.84,80.88,80.79,80.79,80.79,1.717,4,,,
2026-07-03 07:15:00+00:00,81.03,81.03,81.03,81.03,81.03,0.016,1,,,
2026-07-03 07:30:00+00:00,81.03,81.2,81.03,81.2,81.2,0.101,2,,,
2026-07-03 07:45:00+00:00,81.18,81.38,81.18,81.38,81.38,17.871,6,,,
2026-07-03 08:00:00+00:00,81.2,81.2,81.09,81.09,81.09,0.664,2,,,
2026-07-03 08:15:00+00:00,81.01,81.13,80.95,80.98,80.98,30.633,9,,,
2026-07-03 08:30:00+00:00,80.96,81.42,80.95,81.42,81.42,39.892,12,,,
2026-07-03 08:45:00+00:00,81.31,81.33,80.78,80.78,80.78,11.077,6,,,
2026-07-03 09:00:00+00:00,80.87,80.97,80.87,80.97,80.97,3.133,4,,,
2026-07-03 09:15:00+00:00,80.97,80.97,80.97,80.97,80.97,0.0,0,,,
2026-07-03 09:30:00+00:00,80.73,80.73,80.73,80.73,80.73,0.556,1,,,
2026-07-03 09:45:00+00:00,80.76,81.17,80.76,81.04,81.04,6.266,10,,,
2026-07-03 10:00:00+00:00,80.97,81.22,80.97,81.08,81.08,38.68,8,,,
2026-07-03 10:15:00+00:00,81.11,81.17,81.11,81.13,81.13,2.226,4,,,
2026-07-03 10:30:00+00:00,81.12,81.4,81.12,81.38,81.38,64.569,15,,,
2026-07-03 10:45:00+00:00,81.36,81.77,81.3,81.69,81.69,86.157,28,,,
2026-07-03 11:00:00+00:00,81.69,81.69,81.69,81.69,81.69,0.0,0,,,
2026-07-03 11:15:00+00:00,81.51,81.51,81.51,81.51,81.51,0.158,1,,,
2026-07-03 11:30:00+00:00,81.3,81.3,81.3,81.3,81.3,0.049,1,,,
2026-07-03 11:45:00+00:00,81.48,81.48,81.48,81.48,81.48,0.555,1,,,
2026-07-03 12:00:00+00:00,81.55,81.62,81.55,81.62,81.62,18.155,2,,,
2026-07-03 12:15:00+00:00,81.28,81.28,81.28,81.28,81.28,61.515,8,,,
2026-07-03 12:30:00+00:00,81.28,81.28,81.28,81.28,81.28,0.0,0,,,
2026-07-03 12:45:00+00:00,81.28,81.28,81.28,81.28,81.28,0.0,0,,,
2026-07-03 13:00:00+00:00,81.51,81.51,81.51,81.51,81.51,0.341,1,,,
2026-07-03 13:15:00+00:00,81.6,81.64,81.42,81.42,81.42,74.821,9,,,
2026-07-03 13:30:00+00:00,81.54,81.54,81.49,81.54,81.54,1.191,3,,,
2026-07-03 13:45:00+00:00,81.59,81.73,81.59,81.73,81.73,4.879,6,,,
2026-07-03 14:00:00+00:00,81.32,81.38,81.02,81.05,81.05,8.163,10,,,
2026-07-03 14:15:00+00:00,81.06,81.06,81.03,81.03,81.03,20.817,3,,,
2026-07-03 14:30:00+00:00,81.24,81.24,81.21,81.21,81.21,17.331,2,,,
2026-07-03 14:45:00+00:00,81.55,81.72,81.44,81.65,81.65,5.421,7,,,
2026-07-03 15:00:00+00:00,81.64,81.97,81.6,81.89,81.89,24.05,13,,,
2026-07-03 15:15:00+00:00,81.25,81.25,81.24,81.24,81.24,0.692,2,,,
2026-07-03 15:30:00+00:00,81.25,81.25,81.13,81.18,81.18,2.222,4,,,
2026-07-03 15:45:00+00:00,81.16,81.25,81.16,81.19,81.19,6.098,4,,,
2026-07-03 16:00:00+00:00,81.16,81.21,81.05,81.06,81.06,1.911,4,,,
2026-07-03 16:15:00+00:00,81.33,81.35,81.27,81.27,81.27,3.734,5,,,
2026-07-03 16:30:00+00:00,81.23,81.41,81.16,81.38,81.38,1.308,6,,,
2026-07-03 16:45:00+00:00,81.51,81.51,81.51,81.51,81.51,0.1,1,,,
2026-07-03 17:00:00+00:00,81.63,81.63,81.6,81.6,81.6,33.8,10,,,
2026-07-03 17:15:00+00:00,81.58,81.79,81.58,81.68,81.68,23.735,9,,,
2026-07-03 17:30:00+00:00,81.73,81.73,81.73,81.73,81.73,0.557,1,,,
2026-07-03 17:45:00+00:00,81.73,81.73,81.73,81.73,81.73,0.0,0,,,
2026-07-03 18:00:00+00:00,81.67,81.67,81.67,81.67,81.67,0.555,1,,,
2026-07-03 18:15:00+00:00,81.69,81.69,81.69,81.69,81.69,0.381,1,,,
2026-07-03 18:30:00+00:00,81.69,81.69,81.69,81.69,81.69,0.0,0,,,
2026-07-03 18:45:00+00:00,81.92,82.27,81.92,82.12,82.12,20.127,16,,,
2026-07-03 19:00:00+00:00,82.06,82.07,82.06,82.07,82.07,12.177,3,,,
2026-07-03 19:15:00+00:00,82.19,82.27,82.19,82.26,82.26,5.492,5,,,
2026-07-03 19:30:00+00:00,82.16,83.12,82.16,82.75,82.75,341.671,99,,,
2026-07-03 19:45:00+00:00,82.72,82.72,82.38,82.47,82.47,43.561,34,,,
2026-07-03 20:00:00+00:00,82.39,82.63,82.33,82.45,82.45,39.576,20,,,
2026-07-03 20:15:00+00:00,82.39,82.58,82.34,82.58,82.58,41.846,20,,,
2026-07-03 20:30:00+00:00,82.42,82.86,82.32,82.67,82.67,79.737,34,,,
2026-07-03 20:45:00+00:00,82.7,82.88,82.67,82.67,82.67,2.621,11,,,
2026-07-03 21:00:00+00:00,82.79,82.95,82.63,82.63,82.63,19.556,13,,,
2026-07-03 21:15:00+00:00,82.61,82.61,82.41,82.43,82.43,14.787,10,,,
2026-07-03 21:30:00+00:00,82.2,82.27,82.15,82.27,82.27,0.976,3,,,
2026-07-03 21:45:00+00:00,82.4,82.75,82.4,82.75,82.75,13.782,12,,,
2026-07-03 22:00:00+00:00,82.52,82.52,82.32,82.32,82.32,1.795,3,,,
2026-07-03 22:15:00+00:00,82.32,82.32,82.32,82.32,82.32,0.0,0,,,
2026-07-03 22:30:00+00:00,82.27,82.32,82.27,82.3,82.3,13.98,4,,,
2026-07-03 22:45:00+00:00,82.35,82.35,82.35,82.35,82.35,0.025,1,,,
2026-07-03 23:00:00+00:00,82.15,82.15,82.15,82.15,82.15,0.17,1,,,
2026-07-03 23:15:00+00:00,82.15,82.15,82.15,82.15,82.15,0.0,0,,,
2026-07-03 23:30:00+00:00,82.27,82.4,82.27,82.4,82.4,3.348,4,,,
2026-07-03 23:45:00+00:00,82.36,82.36,82.35,82.35,82.35,3.072,2,,,
2026-07-04 00:00:00+00:00,82.34,82.63,82.25,82.53,82.53,38.01,18,,,
2026-07-04 00:15:00+00:00,82.64,82.64,82.4,82.43,82.43,4.093,5,,,
2026-07-04 00:30:00+00:00,82.52,82.52,82.4,82.4,82.4,1.938,3,,,
2026-07-04 00:45:00+00:00,82.46,82.46,82.39,82.39,82.39,0.583,2,,,
2026-07-04 01:00:00+00:00,82.32,82.32,81.89,81.95,81.95,225.842,29,,,
2026-07-04 01:15:00+00:00,82.03,82.03,82.03,82.03,82.03,0.556,1,,,
2026-07-04 01:30:00+00:00,82.03,82.03,82.03,82.03,82.03,0.0,0,,,
2026-07-04 01:45:00+00:00,81.8,81.8,81.8,81.8,81.8,0.25,1,,,
2026-07-04 02:00:00+00:00,81.89,81.92,81.88,81.92,81.92,5.111,4,,,
2026-07-04 02:15:00+00:00,81.92,81.92,81.92,81.92,81.92,0.0,0,,,
2026-07-04 02:30:00+00:00,82.11,82.11,82.11,82.11,82.11,0.112,1,,,
2026-07-04 02:45:00+00:00,82.11,82.27,82.11,82.15,82.15,1.488,3,,,
2026-07-04 03:00:00+00:00,82.22,82.29,82.08,82.24,82.24,2.539,6,,,
2026-07-04 03:15:00+00:00,82.24,82.36,82.22,82.36,82.36,19.4,7,,,
2026-07-04 03:30:00+00:00,82.32,82.77,82.28,82.65,82.65,9.2,23,,,
2026-07-04 03:45:00+00:00,82.61,82.69,82.55,82.61,82.61,3.058,6,,,
2026-07-04 04:00:00+00:00,82.69,82.9,82.69,82.89,82.89,2.818,11,,,
2026-07-04 04:15:00+00:00,82.97,83.0,82.94,82.98,82.98,2.524,4,,,
2026-07-04 04:30:00+00:00,83.03,83.88,83.03,83.8,83.8,59.321,57,,,
2026-07-04 04:45:00+00:00,83.69,83.81,83.43,83.43,83.43,4.485,14,,,
2026-07-04 05:00:00+00:00,83.4,83.4,83.16,83.22,83.22,2.299,8,,,
2026-07-04 05:15:00+00:00,83.24,83.32,82.86,82.97,82.97,33.922,20,,,
2026-07-04 05:30:00+00:00,83.03,83.27,83.03,83.27,83.27,2.396,7,,,
2026-07-04 05:45:00+00:00,83.38,83.39,83.25,83.25,83.25,1.896,6,,,
2026-07-04 06:00:00+00:00,83.49,83.52,83.45,83.52,83.52,1.434,6,,,
2026-07-04 06:15:00+00:00,83.14,83.14,82.53,82.53,82.53,78.117,26,,,
2026-07-04 06:30:00+00:00,82.66,82.66,82.63,82.65,82.65,0.469,4,,,
2026-07-04 06:45:00+00:00,82.61,82.61,82.5,82.5,82.5,0.989,3,,,
2026-07-04 07:00:00+00:00,82.46,82.46,82.22,82.38,82.38,25.389,8,,,
2026-07-04 07:15:00+00:00,82.4,82.4,82.4,82.4,82.4,0.137,1,,,
2026-07-04 07:30:00+00:00,82.4,82.4,82.4,82.4,82.4,0.0,0,,,
2026-07-04 07:45:00+00:00,82.41,82.7,82.41,82.7,82.7,3.994,5,,,
2026-07-04 08:00:00+00:00,82.53,82.53,82.53,82.53,82.53,0.169,1,,,
2026-07-04 08:15:00+00:00,82.54,82.54,82.41,82.42,82.42,4.258,6,,,
2026-07-04 08:30:00+00:00,82.58,82.62,82.52,82.58,82.58,11.277,6,,,
2026-07-04 08:45:00+00:00,82.58,82.58,82.58,82.58,82.58,0.0,0,,,
2026-07-04 09:00:00+00:00,82.14,82.14,81.84,81.98,81.98,5.244,8,,,
2026-07-04 09:15:00+00:00,81.98,81.98,81.98,81.98,81.98,0.0,0,,,
2026-07-04 09:30:00+00:00,81.91,81.91,81.61,81.62,81.62,21.084,13,,,
2026-07-04 09:45:00+00:00,81.71,81.71,81.71,81.71,81.71,12.344,2,,,
2026-07-04 10:00:00+00:00,81.76,81.76,81.72,81.72,81.72,1.683,3,,,
2026-07-04 10:15:00+00:00,81.74,81.74,81.74,81.74,81.74,1.015,1,,,
2026-07-04 10:30:00+00:00,81.68,81.68,81.43,81.43,81.43,6.189,13,,,
2026-07-04 10:45:00+00:00,81.53,81.66,81.53,81.66,81.66,0.903,3,,,
2026-07-04 11:00:00+00:00,81.57,81.66,81.57,81.66,81.66,0.765,2,,,
2026-07-04 11:15:00+00:00,81.62,81.62,81.62,81.62,81.62,0.557,1,,,
2026-07-04 11:30:00+00:00,81.78,81.82,81.78,81.79,81.79,18.479,4,,,
2026-07-04 11:45:00+00:00,81.8,81.8,81.72,81.72,81.72,0.592,2,,,
2026-07-04 12:00:00+00:00,81.87,81.87,81.87,81.87,81.87,0.091,1,,,
2026-07-04 12:15:00+00:00,81.59,81.59,81.59,81.59,81.59,0.471,1,,,
2026-07-04 12:30:00+00:00,81.52,81.52,81.36,81.4,81.4,1.483,5,,,
2026-07-04 12:45:00+00:00,81.4,81.4,81.4,81.4,81.4,0.0,0,,,
2026-07-04 13:00:00+00:00,81.4,81.4,81.4,81.4,81.4,0.0,0,,,
2026-07-04 13:15:00+00:00,81.65,81.79,81.61,81.61,81.61,0.744,5,,,
2026-07-04 13:30:00+00:00,81.4,81.47,81.4,81.47,81.47,119.392,6,,,
2026-07-04 13:45:00+00:00,81.5,81.5,81.5,81.5,81.5,0.6,3,,,
2026-07-04 14:00:00+00:00,81.5,81.5,81.5,81.5,81.5,0.0,0,,,
2026-07-04 14:15:00+00:00,81.57,81.59,81.57,81.57,81.57,1.2,6,,,
2026-07-04 14:30:00+00:00,81.65,81.65,81.65,81.65,81.65,0.557,1,,,
2026-07-04 14:45:00+00:00,81.65,81.65,81.65,81.65,81.65,4.335,2,,,
2026-07-04 15:00:00+00:00,81.85,82.3,81.85,81.98,81.98,20.311,17,,,
2026-07-04 15:15:00+00:00,82.11,82.13,82.11,82.13,82.13,3.914,3,,,
2026-07-04 15:30:00+00:00,82.08,82.32,82.08,82.18,82.18,21.148,10,,,
2026-07-04 15:45:00+00:00,82.14,82.3,82.11,82.11,82.11,4.824,8,,,
2026-07-04 16:00:00+00:00,81.98,81.98,81.95,81.95,81.95,1.17,2,,,
2026-07-04 16:15:00+00:00,82.11,82.11,82.08,82.09,82.09,3.215,3,,,
2026-07-04 16:30:00+00:00,82.23,82.29,82.23,82.27,82.27,0.37,3,,,
2026-07-04 16:45:00+00:00,82.22,82.22,82.22,82.22,82.22,0.556,1,,,
2026-07-04 17:00:00+00:00,82.11,82.11,81.98,81.98,81.98,1.448,4,,,
2026-07-04 17:15:00+00:00,82.11,82.23,82.05,82.23,82.23,0.566,3,,,
2026-07-04 17:30:00+00:00,82.26,82.53,82.26,82.35,82.35,31.536,13,,,
2026-07-04 17:45:00+00:00,82.44,82.7,82.44,82.63,82.63,35.756,13,,,
2026-07-04 18:00:00+00:00,82.4,82.4,82.4,82.4,82.4,0.555,1,,,
2026-07-04 18:15:00+00:00,82.23,82.23,82.11,82.14,82.14,2.518,4,,,
2026-07-04 18:30:00+00:00,82.14,82.14,82.14,82.14,82.14,0.0,0,,,
2026-07-04 18:45:00+00:00,82.17,82.23,82.17,82.23,82.23,0.727,2,,,
2026-07-04 19:00:00+00:00,82.01,82.02,81.83,81.83,81.83,5.256,9,,,
2026-07-04 19:15:00+00:00,81.85,81.87,81.81,81.87,81.87,4.618,5,,,
2026-07-04 19:30:00+00:00,81.87,81.87,81.87,81.87,81.87,0.0,0,,,
2026-07-04 19:45:00+00:00,81.88,81.88,81.76,81.76,81.76,4.456,2,,,
2026-07-04 20:00:00+00:00,81.8,81.84,81.8,81.84,81.84,4.881,4,,,
2026-07-04 20:15:00+00:00,81.89,81.9,81.61,81.61,81.61,1.879,3,,,
2026-07-04 20:30:00+00:00,81.78,81.98,81.78,81.98,81.98,3.031,5,,,
2026-07-04 20:45:00+00:00,82.04,82.05,82.04,82.05,82.05,0.301,7,,,
2026-07-04 21:00:00+00:00,81.93,81.93,81.92,81.92,81.92,0.877,3,,,
2026-07-04 21:15:00+00:00,81.92,81.92,81.92,81.92,81.92,0.0,0,,,
2026-07-04 21:30:00+00:00,82.11,82.11,82.11,82.11,82.11,0.17,1,,,
2026-07-04 21:45:00+00:00,81.93,81.93,81.93,81.93,81.93,0.34,1,,,
2026-07-04 22:00:00+00:00,81.93,81.93,81.93,81.93,81.93,0.0,0,,,
2026-07-04 22:15:00+00:00,81.93,81.93,81.93,81.93,81.93,0.0,0,,,
2026-07-04 22:30:00+00:00,81.79,81.85,81.79,81.85,81.85,3.067,3,,,
2026-07-04 22:45:00+00:00,81.85,81.87,81.81,81.87,81.87,11.111,4,,,
2026-07-04 23:00:00+00:00,81.68,81.68,81.5,81.5,81.5,51.43,6,,,
2026-07-04 23:15:00+00:00,81.5,81.68,81.41,81.65,81.65,7.873,15,,,
2026-07-04 23:30:00+00:00,81.67,81.77,81.67,81.77,81.77,25.647,20,,,
2026-07-04 23:45:00+00:00,81.78,81.78,81.69,81.7,81.7,30.718,6,,,
2026-07-05 00:00:00+00:00,81.66,81.66,81.51,81.51,81.51,48.694,6,,,
2026-07-05 00:15:00+00:00,81.55,81.56,81.31,81.31,81.31,14.377,8,,,
2026-07-05 00:30:00+00:00,81.36,81.4,81.12,81.36,81.36,5.238,17,,,
2026-07-05 00:45:00+00:00,81.12,81.14,81.09,81.14,81.14,1.464,3,,,
2026-07-05 01:00:00+00:00,81.34,81.34,81.18,81.18,81.18,18.345,6,,,
2026-07-05 01:15:00+00:00,81.04,81.04,80.71,81.01,81.01,7.438,20,,,
2026-07-05 01:30:00+00:00,80.89,80.89,80.55,80.84,80.84,2.751,9,,,
2026-07-05 01:45:00+00:00,80.84,80.84,80.84,80.84,80.84,0.0,0,,,
2026-07-05 02:00:00+00:00,80.65,80.65,80.45,80.45,80.45,13.389,9,,,
2026-07-05 02:15:00+00:00,80.41,80.6,80.39,80.44,80.44,8.352,11,,,
2026-07-05 02:30:00+00:00,80.48,80.58,80.23,80.3,80.3,6.578,12,,,
2026-07-05 02:45:00+00:00,80.24,80.24,80.24,80.24,80.24,0.555,1,,,
2026-07-05 03:00:00+00:00,80.36,80.4,80.36,80.4,80.4,0.652,2,,,
2026-07-05 03:15:00+00:00,80.4,80.45,80.31,80.31,80.31,37.525,8,,,
2026-07-05 03:30:00+00:00,80.35,80.47,80.35,80.43,80.43,18.569,9,,,
2026-07-05 03:45:00+00:00,80.49,80.49,80.49,80.49,80.49,0.559,1,,,
2026-07-05 04:00:00+00:00,80.49,80.52,80.34,80.51,80.51,6.625,10,,,
2026-07-05 04:15:00+00:00,80.53,80.62,80.53,80.6,80.6,13.125,9,,,
2026-07-05 04:30:00+00:00,80.65,80.79,80.65,80.79,80.79,18.999,19,,,
2026-07-05 04:45:00+00:00,80.78,80.78,80.62,80.62,80.62,0.328,3,,,
2026-07-05 05:00:00+00:00,80.53,80.53,80.53,80.53,80.53,0.172,2,,,
2026-07-05 05:15:00+00:00,80.48,80.48,80.41,80.41,80.41,0.38,4,,,
2026-07-05 05:30:00+00:00,80.38,80.38,80.26,80.26,80.26,68.26,10,,,
2026-07-05 05:45:00+00:00,80.26,80.26,80.26,80.26,80.26,0.0,0,,,
2026-07-05 06:00:00+00:00,80.36,80.36,80.36,80.36,80.36,0.031,2,,,
2026-07-05 06:15:00+00:00,80.36,80.36,80.36,80.36,80.36,0.0,0,,,
2026-07-05 06:30:00+00:00,80.53,80.53,80.53,80.53,80.53,0.172,1,,,
2026-07-05 06:45:00+00:00,80.53,80.53,80.53,80.53,80.53,0.0,0,,,
2026-07-05 07:00:00+00:00,80.53,80.53,80.53,80.53,80.53,0.0,0,,,
2026-07-05 07:15:00+00:00,80.41,80.45,80.35,80.37,80.37,1.933,8,,,
2026-07-05 07:30:00+00:00,80.39,80.53,80.39,80.53,80.53,0.198,3,,,
2026-07-05 07:45:00+00:00,80.49,80.65,80.49,80.65,80.65,3.527,6,,,
2026-07-05 08:00:00+00:00,80.53,80.53,80.48,80.48,80.48,15.542,3,,,
2026-07-05 08:15:00+00:00,80.53,80.53,80.43,80.43,80.43,5.438,4,,,
2026-07-05 08:30:00+00:00,80.43,80.43,80.43,80.43,80.43,0.0,0,,,
2026-07-05 08:45:00+00:00,80.43,80.43,80.43,80.43,80.43,0.0,0,,,
2026-07-05 09:00:00+00:00,80.41,80.41,80.41,80.41,80.41,0.173,1,,,
2026-07-05 09:15:00+00:00,80.24,80.24,80.15,80.15,80.15,8.757,7,,,
2026-07-05 09:30:00+00:00,80.05,80.05,79.71,79.71,79.71,16.517,18,,,
2026-07-05 09:45:00+00:00,79.84,79.84,79.84,79.84,79.84,0.558,1,,,
2026-07-05 10:00:00+00:00,79.87,79.87,79.87,79.87,79.87,0.167,2,,,
2026-07-05 10:15:00+00:00,80.01,80.08,80.01,80.08,80.08,0.167,2,,,
2026-07-05 10:30:00+00:00,80.08,80.08,80.08,80.08,80.08,0.0,0,,,
2026-07-05 10:45:00+00:00,80.08,80.08,80.08,80.08,80.08,0.0,0,,,
2026-07-05 11:00:00+00:00,80.08,80.08,80.08,80.08,80.08,0.0,0,,,
2026-07-05 11:15:00+00:00,80.08,80.08,80.08,80.08,80.08,0.0,0,,,
2026-07-05 11:30:00+00:00,80.08,80.08,80.08,80.08,80.08,0.0,0,,,
2026-07-05 11:45:00+00:00,80.08,80.08,80.08,80.08,80.08,0.0,0,,,
2026-07-05 12:00:00+00:00,80.45,80.46,80.45,80.46,80.46,18.963,2,,,
2026-07-05 12:15:00+00:00,80.54,80.89,80.54,80.88,80.88,2.439,13,,,
2026-07-05 12:30:00+00:00,81.0,81.17,80.89,80.89,80.89,14.19,20,,,
2026-07-05 12:45:00+00:00,80.77,80.77,80.77,80.77,80.77,0.172,1,,,
2026-07-05 13:00:00+00:00,80.89,80.89,80.86,80.86,80.86,0.196,2,,,
2026-07-05 13:15:00+00:00,80.78,80.79,80.68,80.68,80.68,2.078,6,,,
2026-07-05 13:30:00+00:00,80.78,81.01,80.78,81.01,81.01,3.598,4,,,
2026-07-05 13:45:00+00:00,81.13,81.16,81.02,81.16,81.16,1.351,7,,,
2026-07-05 14:00:00+00:00,81.18,81.24,81.09,81.19,81.19,2.609,12,,,
2026-07-05 14:15:00+00:00,81.07,81.07,81.07,81.07,81.07,0.036,1,,,
2026-07-05 14:30:00+00:00,81.07,81.5,81.07,81.44,81.44,3.76,9,,,
2026-07-05 14:45:00+00:00,81.36,81.36,81.36,81.36,81.36,0.342,1,,,
2026-07-05 15:00:00+00:00,81.49,81.64,81.25,81.25,81.25,7.101,11,,,
2026-07-05 15:15:00+00:00,81.21,81.21,81.21,81.21,81.21,0.042,1,,,
2026-07-05 15:30:00+00:00,81.43,81.43,81.07,81.07,81.07,0.575,3,,,
2026-07-05 15:45:00+00:00,81.07,81.26,81.07,81.26,81.26,3.276,2,,,
2026-07-05 16:00:00+00:00,81.3,81.35,81.21,81.25,81.25,39.435,17,,,
2026-07-05 16:15:00+00:00,81.19,81.19,81.03,81.03,81.03,5.102,8,,,
2026-07-05 16:30:00+00:00,81.03,81.11,80.91,80.91,80.91,2.052,7,,,
2026-07-05 16:45:00+00:00,80.9,81.08,80.89,81.06,81.06,7.462,17,,,
2026-07-05 17:00:00+00:00,81.05,81.13,81.04,81.05,81.05,5.56,9,,,
2026-07-05 17:15:00+00:00,81.08,81.29,81.06,81.13,81.13,3.713,13,,,
2026-07-05 17:30:00+00:00,81.07,81.16,81.01,81.01,81.01,2.44,6,,,
2026-07-05 17:45:00+00:00,80.99,81.11,80.96,81.07,81.07,0.906,4,,,
2026-07-05 18:00:00+00:00,81.11,81.13,81.05,81.05,81.05,19.286,5,,,
2026-07-05 18:15:00+00:00,81.15,81.15,81.15,81.15,81.15,0.341,1,,,
2026-07-05 18:30:00+00:00,81.15,81.15,81.15,81.15,81.15,0.0,0,,,
2026-07-05 18:45:00+00:00,81.13,81.13,81.01,81.01,81.01,0.513,2,,,
2026-07-05 19:00:00+00:00,81.01,81.01,81.01,81.01,81.01,0.0,0,,,
2026-07-05 19:15:00+00:00,80.9,80.9,80.82,80.83,80.83,3.988,8,,,
2026-07-05 19:30:00+00:00,80.91,80.91,80.87,80.87,80.87,0.897,2,,,
2026-07-05 19:45:00+00:00,81.01,81.04,80.97,80.97,80.97,2.979,4,,,
2026-07-05 20:00:00+00:00,81.02,81.05,81.02,81.05,81.05,6.241,3,,,
2026-07-05 20:15:00+00:00,81.05,81.05,81.05,81.05,81.05,0.0,0,,,
2026-07-05 20:30:00+00:00,80.91,80.91,80.91,80.91,80.91,0.342,1,,,
2026-07-05 20:45:00+00:00,80.91,80.91,80.91,80.91,80.91,0.0,0,,,
2026-07-05 21:00:00+00:00,80.99,80.99,80.77,80.77,80.77,8.278,6,,,
2026-07-05 21:15:00+00:00,80.89,81.32,80.89,81.31,81.31,2.36,11,,,
2026-07-05 21:30:00+00:00,81.46,82.11,81.46,81.55,81.55,38.778,38,,,
2026-07-05 21:45:00+00:00,81.44,81.92,81.44,81.92,81.92,31.206,17,,,
2026-07-05 22:00:00+00:00,81.77,82.03,81.64,81.96,81.96,5.805,18,,,
2026-07-05 22:15:00+00:00,81.88,82.34,81.88,82.09,82.09,72.3,34,,,
2026-07-05 22:30:00+00:00,82.14,82.25,81.65,81.66,81.66,19.586,18,,,
2026-07-05 22:45:00+00:00,81.77,81.81,81.62,81.78,81.78,3.744,8,,,
2026-07-05 23:00:00+00:00,81.78,81.78,81.78,81.78,81.78,0.0,0,,,
2026-07-05 23:15:00+00:00,81.9,81.9,81.62,81.62,81.62,2.934,10,,,
2026-07-05 23:30:00+00:00,81.58,81.69,81.53,81.65,81.65,6.279,6,,,
2026-07-05 23:45:00+00:00,81.57,81.59,81.44,81.44,81.44,19.856,8,,,
2026-07-06 00:00:00+00:00,81.47,81.48,81.32,81.32,81.32,3.794,4,,,
2026-07-06 00:15:00+00:00,81.44,81.44,81.22,81.22,81.22,24.336,13,,,
2026-07-06 00:30:00+00:00,81.15,81.76,81.14,81.76,81.76,4.171,19,,,
2026-07-06 00:45:00+00:00,81.84,82.12,81.83,82.02,82.02,31.174,26,,,
2026-07-06 01:00:00+00:00,82.18,82.24,81.95,81.95,81.95,5.988,11,,,
2026-07-06 01:15:00+00:00,81.88,81.88,81.71,81.71,81.71,1.881,6,,,
2026-07-06 01:30:00+00:00,81.88,82.0,81.88,81.97,81.97,4.747,9,,,
2026-07-06 01:45:00+00:00,81.88,81.88,81.44,81.44,81.44,5.599,17,,,
2026-07-06 02:00:00+00:00,81.57,81.57,81.15,81.18,81.18,16.461,19,,,
2026-07-06 02:15:00+00:00,81.25,81.62,81.25,81.57,81.57,18.432,13,,,
2026-07-06 02:30:00+00:00,81.28,81.38,81.14,81.14,81.14,6.187,10,,,
2026-07-06 02:45:00+00:00,81.14,81.16,80.82,80.92,80.92,13.412,20,,,
2026-07-06 03:00:00+00:00,80.97,80.98,80.79,80.97,80.97,6.628,16,,,
2026-07-06 03:15:00+00:00,80.83,80.83,80.43,80.56,80.56,9.102,24,,,
2026-07-06 03:30:00+00:00,80.61,80.69,80.42,80.64,80.64,5.091,14,,,
2026-07-06 03:45:00+00:00,80.57,80.69,80.57,80.69,80.69,3.376,7,,,
2026-07-06 04:00:00+00:00,80.68,80.83,80.66,80.71,80.71,2.702,6,,,
2026-07-06 04:15:00+00:00,80.82,80.89,80.72,80.72,80.72,1.059,4,,,
2026-07-06 04:30:00+00:00,80.68,80.88,80.68,80.88,80.88,2.509,7,,,
2026-07-06 04:45:00+00:00,80.89,80.91,80.75,80.75,80.75,3.419,10,,,
2026-07-06 05:00:00+00:00,80.74,80.74,80.52,80.64,80.64,8.107,20,,,
2026-07-06 05:15:00+00:00,80.52,80.52,80.15,80.15,80.15,9.935,12,,,
2026-07-06 05:30:00+00:00,80.16,80.38,80.1,80.38,80.38,3.632,11,,,
2026-07-06 05:45:00+00:00,80.36,80.36,80.36,80.36,80.36,0.339,1,,,
2026-07-06 06:00:00+00:00,80.33,80.34,80.33,80.34,80.34,0.9,2,,,
2026-07-06 06:15:00+00:00,80.34,80.34,80.34,80.34,80.34,0.0,0,,,
2026-07-06 06:30:00+00:00,80.25,80.25,80.23,80.25,80.25,1.321,4,,,
2026-07-06 06:45:00+00:00,80.25,80.25,80.25,80.25,80.25,0.0,0,,,
2026-07-06 07:00:00+00:00,80.24,80.42,80.24,80.3,80.3,2.865,6,,,
2026-07-06 07:15:00+00:00,80.48,80.61,80.48,80.61,80.61,3.336,10,,,
2026-07-06 07:30:00+00:00,80.6,80.85,80.6,80.85,80.85,0.362,5,,,
2026-07-06 07:45:00+00:00,80.84,80.94,80.78,80.78,80.78,23.707,8,,,
2026-07-06 08:00:00+00:00,80.8,80.98,80.8,80.82,80.82,19.279,9,,,
2026-07-06 08:15:00+00:00,80.75,80.8,80.62,80.63,80.63,6.681,11,,,
2026-07-06 08:30:00+00:00,80.64,80.64,80.26,80.26,80.26,13.219,11,,,
2026-07-06 08:45:00+00:00,80.3,80.41,80.3,80.41,80.41,4.143,9,,,
2026-07-06 09:00:00+00:00,80.38,80.38,80.36,80.36,80.36,0.901,2,,,
2026-07-06 09:15:00+00:00,80.38,80.38,80.27,80.27,80.27,2.332,7,,,
2026-07-06 09:30:00+00:00,80.25,80.25,80.18,80.19,80.19,2.073,6,,,
2026-07-06 09:45:00+00:00,80.11,80.11,80.1,80.1,80.1,2.383,2,,,
2026-07-06 10:00:00+00:00,80.01,80.16,80.01,80.13,80.13,4.057,9,,,
2026-07-06 10:15:00+00:00,80.27,80.3,80.27,80.3,80.3,0.79,2,,,
2026-07-06 10:30:00+00:00,80.34,80.59,80.34,80.59,80.59,5.025,8,,,
2026-07-06 10:45:00+00:00,80.52,80.54,80.52,80.54,80.54,2.497,3,,,
2026-07-06 11:00:00+00:00,80.61,80.66,80.61,80.62,80.62,1.923,5,,,
2026-07-06 11:15:00+00:00,80.6,80.83,80.6,80.76,80.76,18.698,9,,,
2026-07-06 11:30:00+00:00,80.72,80.84,80.72,80.84,80.84,1.108,2,,,
2026-07-06 11:45:00+00:00,80.86,80.86,80.37,80.37,80.37,38.556,12,,,
2026-07-06 12:00:00+00:00,80.28,80.48,79.3,80.17,80.17,367.007,136,,,
2026-07-06 12:15:00+00:00,80.19,80.54,80.18,80.22,80.22,94.357,50,,,
2026-07-06 12:30:00+00:00,80.19,80.41,79.83,79.87,79.87,87.711,42,,,
2026-07-06 12:45:00+00:00,79.87,79.89,79.4,79.46,79.46,407.014,61,,,
2026-07-06 13:00:00+00:00,79.36,79.57,79.18,79.41,79.41,151.247,61,,,
2026-07-06 13:15:00+00:00,79.45,79.51,79.19,79.42,79.42,47.072,33,,,
2026-07-06 13:30:00+00:00,79.38,80.33,79.38,80.27,80.27,134.467,90,,,
2026-07-06 13:45:00+00:00,80.33,80.84,80.18,80.18,80.18,88.34,63,,,
2026-07-06 14:00:00+00:00,80.09,80.21,80.01,80.13,80.13,6.654,21,,,
2026-07-06 14:15:00+00:00,80.1,80.69,79.85,80.56,80.56,53.323,32,,,
2026-07-06 14:30:00+00:00,80.3,80.46,80.21,80.38,80.38,73.829,12,,,
2026-07-06 14:45:00+00:00,80.28,80.28,80.08,80.24,80.24,3.638,9,,,
2026-07-06 15:00:00+00:00,80.33,80.73,80.33,80.48,80.48,80.373,18,,,
2026-07-06 15:15:00+00:00,80.59,80.59,80.48,80.48,80.48,2.357,6,,,
2026-07-06 15:30:00+00:00,80.7,81.3,80.63,81.2,81.2,47.909,40,,,
2026-07-06 15:45:00+00:00,81.25,81.44,81.06,81.42,81.42,95.781,44,,,
2026-07-06 16:00:00+00:00,81.45,82.12,81.28,81.97,81.97,239.648,63,,,
2026-07-06 16:15:00+00:00,81.97,82.28,81.75,81.75,81.75,86.35,32,,,
2026-07-06 16:30:00+00:00,81.89,82.11,81.89,81.91,81.91,7.381,16,,,
2026-07-06 16:45:00+00:00,81.96,82.03,81.91,82.03,82.03,1.876,6,,,
2026-07-06 17:00:00+00:00,82.11,82.11,81.79,81.79,81.79,50.977,15,,,
2026-07-06 17:15:00+00:00,81.91,82.05,81.87,81.99,81.99,6.664,8,,,
2026-07-06 17:30:00+00:00,81.94,82.01,81.57,81.6,81.6,6.551,14,,,
2026-07-06 17:45:00+00:00,81.78,81.78,81.78,81.78,81.78,0.054,1,,,
2026-07-06 18:00:00+00:00,81.71,81.71,81.41,81.41,81.41,6.16,8,,,
2026-07-06 18:15:00+00:00,81.27,81.6,81.27,81.57,81.57,6.038,10,,,
2026-07-06 18:30:00+00:00,81.6,81.9,81.52,81.83,81.83,21.893,20,,,
2026-07-06 18:45:00+00:00,81.83,82.2,81.83,82.04,82.04,13.928,25,,,
2026-07-06 19:00:00+00:00,81.9,81.9,81.89,81.89,81.89,1.292,3,,,
2026-07-06 19:15:00+00:00,81.92,82.02,81.89,82.0,82.0,17.858,10,,,
2026-07-06 19:30:00+00:00,81.96,82.07,81.96,82.07,82.07,2.54,10,,,
2026-07-06 19:45:00+00:00,81.99,82.02,81.9,82.01,82.01,20.999,8,,,
2026-07-06 20:00:00+00:00,81.96,81.96,81.64,81.75,81.75,19.945,13,,,
2026-07-06 20:15:00+00:00,81.74,81.78,81.74,81.78,81.78,0.43,2,,,
2026-07-06 20:30:00+00:00,81.91,82.12,81.91,82.08,82.08,0.362,7,,,
2026-07-06 20:45:00+00:00,82.07,82.07,82.07,82.07,82.07,0.524,1,,,
2026-07-06 21:00:00+00:00,82.13,83.65,82.13,82.98,82.98,173.36,109,,,
2026-07-06 21:15:00+00:00,82.92,83.03,82.57,82.73,82.73,20.562,23,,,
2026-07-06 21:30:00+00:00,82.57,82.77,82.51,82.51,82.51,8.78,11,,,
2026-07-06 21:45:00+00:00,82.58,82.81,82.49,82.81,82.81,2.06,7,,,
2026-07-06 22:00:00+00:00,82.79,82.83,82.6,82.63,82.63,3.924,8,,,
2026-07-06 22:15:00+00:00,82.66,82.66,82.35,82.35,82.35,2.599,3,,,
2026-07-06 22:30:00+00:00,82.34,82.46,82.34,82.46,82.46,4.093,5,,,
2026-07-06 22:45:00+00:00,82.31,82.33,82.23,82.27,82.27,2.817,7,,,
2026-07-06 23:00:00+00:00,82.27,82.27,82.27,82.27,82.27,0.0,0,,,
2026-07-06 23:15:00+00:00,82.27,82.28,81.99,82.13,82.13,4.84,10,,,
2026-07-06 23:30:00+00:00,82.14,82.14,82.07,82.11,82.11,2.241,4,,,
2026-07-06 23:45:00+00:00,82.0,82.0,81.97,81.97,81.97,3.486,7,,,
2026-07-07 00:00:00+00:00,81.9,81.94,81.9,81.94,81.94,1.116,2,,,
2026-07-07 00:15:00+00:00,81.83,82.38,81.83,82.38,82.38,6.689,16,,,
2026-07-07 00:30:00+00:00,82.39,82.42,82.19,82.19,82.19,3.897,7,,,
2026-07-07 00:45:00+00:00,82.37,82.42,82.24,82.3,82.3,7.788,14,,,
2026-07-07 01:00:00+00:00,82.33,82.33,81.83,82.08,82.08,22.716,16,,,
2026-07-07 01:15:00+00:00,82.07,82.11,81.94,81.94,81.94,3.297,7,,,
2026-07-07 01:30:00+00:00,81.85,82.0,81.82,81.9,81.9,2.221,5,,,
2026-07-07 01:45:00+00:00,82.06,82.13,81.9,81.9,81.9,4.074,10,,,
2026-07-07 02:00:00+00:00,81.8,81.8,81.76,81.76,81.76,0.605,3,,,
2026-07-07 02:15:00+00:00,81.69,81.69,81.55,81.6,81.6,5.097,12,,,
2026-07-07 02:30:00+00:00,81.58,81.58,81.41,81.52,81.52,12.675,17,,,
2026-07-07 02:45:00+00:00,81.56,81.61,81.26,81.3,81.3,84.372,34,,,
2026-07-07 03:00:00+00:00,81.35,81.42,81.35,81.42,81.42,2.347,5,,,
2026-07-07 03:15:00+00:00,81.25,81.27,81.13,81.14,81.14,90.097,17,,,
2026-07-07 03:30:00+00:00,81.13,81.22,81.07,81.1,81.1,12.505,19,,,
2026-07-07 03:45:00+00:00,81.13,81.13,80.96,81.0,81.0,22.009,8,,,
2026-07-07 04:00:00+00:00,80.99,80.99,80.88,80.93,80.93,100.731,27,,,
2026-07-07 04:15:00+00:00,80.81,80.94,80.75,80.94,80.94,22.64,26,,,
2026-07-07 04:30:00+00:00,80.91,80.96,80.77,80.78,80.78,38.997,30,,,
2026-07-07 04:45:00+00:00,80.73,80.85,80.6,80.85,80.85,68.629,31,,,
2026-07-07 05:00:00+00:00,80.8,80.85,80.56,80.56,80.56,45.032,26,,,
2026-07-07 05:15:00+00:00,80.53,80.56,80.47,80.55,80.55,5.421,16,,,
2026-07-07 05:30:00+00:00,80.64,80.97,80.64,80.94,80.94,11.301,30,,,
2026-07-07 05:45:00+00:00,80.96,81.16,80.92,81.05,81.05,29.659,40,,,
2026-07-07 06:00:00+00:00,81.04,81.16,80.78,80.86,80.86,30.697,34,,,
2026-07-07 06:15:00+00:00,80.95,80.99,80.88,80.92,80.92,27.313,11,,,
2026-07-07 06:30:00+00:00,81.02,81.31,81.02,81.25,81.25,4.876,13,,,
2026-07-07 06:45:00+00:00,81.4,81.55,81.4,81.48,81.48,23.862,9,,,
2026-07-07 07:00:00+00:00,81.44,81.64,81.44,81.64,81.64,5.566,14,,,
2026-07-07 07:15:00+00:00,81.55,81.59,81.54,81.54,81.54,27.815,16,,,
2026-07-07 07:30:00+00:00,81.54,81.56,81.31,81.56,81.56,57.236,19,,,
2026-07-07 07:45:00+00:00,81.54,81.62,81.45,81.45,81.45,23.315,15,,,
2026-07-07 08:00:00+00:00,81.44,81.51,81.17,81.38,81.38,12.519,39,,,
2026-07-07 08:15:00+00:00,81.32,81.49,81.32,81.44,81.44,8.455,18,,,
2026-07-07 08:30:00+00:00,81.31,81.44,81.28,81.44,81.44,60.874,20,,,
2026-07-07 08:45:00+00:00,81.5,81.53,81.19,81.2,81.2,84.284,27,,,
2026-07-07 09:00:00+00:00,81.27,81.37,81.23,81.37,81.37,32.714,11,,,
2026-07-07 09:15:00+00:00,81.19,81.24,81.12,81.12,81.12,2.649,7,,,
2026-07-07 09:30:00+00:00,81.09,81.29,81.09,81.29,81.29,5.233,15,,,
2026-07-07 09:45:00+00:00,81.28,81.34,81.15,81.27,81.27,11.495,24,,,
2026-07-07 10:00:00+00:00,81.28,81.52,81.27,81.33,81.33,30.468,29,,,
2026-07-07 10:15:00+00:00,81.31,81.4,81.19,81.19,81.19,6.021,14,,,
2026-07-07 10:30:00+00:00,81.07,81.11,80.92,81.07,81.07,4.624,10,,,
2026-07-07 10:45:00+00:00,81.03,81.03,81.03,81.03,81.03,0.554,1,,,
2026-07-07 11:00:00+00:00,80.89,80.94,80.78,80.83,80.83,9.306,16,,,
2026-07-07 11:15:00+00:00,80.83,80.83,80.83,80.83,80.83,0.0,0,,,
2026-07-07 11:30:00+00:00,80.85,81.04,80.85,81.04,81.04,1.501,2,,,
2026-07-07 11:45:00+00:00,81.13,81.25,81.13,81.24,81.24,3.979,12,,,
2026-07-07 12:00:00+00:00,81.26,81.83,81.26,81.82,81.82,11.802,25,,,
2026-07-07 12:15:00+00:00,81.66,81.91,81.66,81.81,81.81,4.477,8,,,
2026-07-07 12:30:00+00:00,81.83,81.83,81.57,81.57,81.57,3.336,7,,,
2026-07-07 12:45:00+00:00,81.64,81.64,81.45,81.49,81.49,1.675,3,,,
2026-07-07 13:00:00+00:00,81.34,81.54,81.2,81.2,81.2,25.413,14,,,
2026-07-07 13:15:00+00:00,81.1,81.13,80.92,80.92,80.92,15.518,9,,,
2026-07-07 13:30:00+00:00,80.86,81.07,80.61,80.8,80.8,25.24,39,,,
2026-07-07 13:45:00+00:00,80.91,81.31,80.69,80.82,80.82,34.472,62,,,
2026-07-07 14:00:00+00:00,80.61,81.11,80.6,80.83,80.83,59.202,47,,,
2026-07-07 14:15:00+00:00,80.79,81.07,80.75,81.07,81.07,21.591,42,,,
2026-07-07 14:30:00+00:00,81.18,81.27,80.46,80.82,80.82,21.328,46,,,
2026-07-07 14:45:00+00:00,80.95,81.84,80.95,81.79,81.79,76.781,92,,,
2026-07-07 15:00:00+00:00,81.74,81.83,81.43,81.6,81.6,29.601,77,,,
2026-07-07 15:15:00+00:00,81.47,82.02,81.47,81.9,81.9,17.407,30,,,
2026-07-07 15:30:00+00:00,81.86,82.24,81.84,81.9,81.9,52.654,37,,,
2026-07-07 15:45:00+00:00,81.95,82.28,81.95,82.05,82.05,24.994,51,,,
2026-07-07 16:00:00+00:00,82.08,82.08,81.81,81.92,81.92,112.377,20,,,
2026-07-07 16:15:00+00:00,81.86,82.36,81.86,82.32,82.32,525.924,30,,,
2026-07-07 16:30:00+00:00,82.17,82.18,82.17,82.18,82.18,0.743,2,,,
2026-07-07 16:45:00+00:00,82.19,82.5,82.14,82.32,82.32,20.963,15,,,
2026-07-07 17:00:00+00:00,82.2,82.41,82.2,82.41,82.41,2.018,6,,,
2026-07-07 17:15:00+00:00,82.15,82.54,82.15,82.54,82.54,23.81,19,,,
2026-07-07 17:30:00+00:00,82.52,82.63,82.42,82.63,82.63,2.944,6,,,
2026-07-07 17:45:00+00:00,82.61,82.61,82.52,82.6,82.6,11.316,4,,,
2026-07-07 18:00:00+00:00,82.3,82.34,82.27,82.27,82.27,24.316,14,,,
2026-07-07 18:15:00+00:00,82.17,82.29,82.02,82.02,82.02,2.316,7,,,
2026-07-07 18:30:00+00:00,81.97,82.14,81.96,82.14,82.14,34.183,13,,,
2026-07-07 18:45:00+00:00,82.2,82.21,81.31,81.31,81.31,20.194,14,,,
2026-07-07 19:00:00+00:00,81.14,81.35,80.94,81.04,81.04,13.98,25,,,
2026-07-07 19:15:00+00:00,81.03,81.14,80.88,81.12,81.12,12.489,24,,,
2026-07-07 19:30:00+00:00,81.06,81.35,81.06,81.35,81.35,0.766,5,,,
2026-07-07 19:45:00+00:00,81.4,81.49,81.27,81.33,81.33,15.073,10,,,
2026-07-07 20:00:00+00:00,81.31,81.39,81.14,81.15,81.15,3.003,6,,,
2026-07-07 20:15:00+00:00,81.25,81.39,81.23,81.28,81.28,5.283,10,,,
2026-07-07 20:30:00+00:00,81.27,81.27,81.21,81.22,81.22,5.406,6,,,
2026-07-07 20:45:00+00:00,81.0,81.05,81.0,81.05,81.05,1.117,2,,,
2026-07-07 21:00:00+00:00,81.18,81.3,81.18,81.3,81.3,1.12,2,,,
2026-07-07 21:15:00+00:00,80.96,80.99,80.66,80.69,80.69,39.548,14,,,
2026-07-07 21:30:00+00:00,80.85,80.85,80.51,80.56,80.56,17.422,11,,,
2026-07-07 21:45:00+00:00,80.63,80.85,80.63,80.76,80.76,6.355,13,,,
2026-07-07 22:00:00+00:00,80.72,80.72,80.32,80.67,80.67,18.656,11,,,
2026-07-07 22:15:00+00:00,80.9,80.9,80.76,80.76,80.76,8.238,6,,,
2026-07-07 22:30:00+00:00,81.03,81.03,80.98,80.98,80.98,2.36,4,,,
2026-07-07 22:45:00+00:00,80.95,80.95,80.81,80.84,80.84,65.172,11,,,
2026-07-07 23:00:00+00:00,80.86,81.0,80.84,80.88,80.88,4.717,7,,,
2026-07-07 23:15:00+00:00,81.1,81.1,80.98,81.03,81.03,19.119,5,,,
2026-07-07 23:30:00+00:00,80.87,80.91,80.74,80.74,80.74,7.062,4,,,
2026-07-07 23:45:00+00:00,80.68,80.69,80.48,80.55,80.55,1.72,5,,,
2026-07-08 00:00:00+00:00,80.57,80.69,80.54,80.69,80.69,3.092,6,,,
2026-07-08 00:15:00+00:00,80.67,80.7,80.49,80.56,80.56,40.417,34,,,
2026-07-08 00:30:00+00:00,80.43,80.58,80.43,80.58,80.58,20.029,7,,,
2026-07-08 00:45:00+00:00,80.43,80.44,80.33,80.44,80.44,2.924,7,,,
2026-07-08 01:00:00+00:00,80.3,80.36,80.2,80.27,80.27,8.922,10,,,
2026-07-08 01:15:00+00:00,80.2,80.21,80.05,80.07,80.07,15.28,9,,,
2026-07-08 01:30:00+00:00,80.02,80.03,78.8,79.26,79.26,264.865,67,,,
2026-07-08 01:45:00+00:00,79.24,79.39,79.05,79.05,79.05,10.851,13,,,
2026-07-08 02:00:00+00:00,78.95,79.13,78.77,78.91,78.91,115.642,27,,,
2026-07-08 02:15:00+00:00,78.9,78.94,78.76,78.91,78.91,10.95,28,,,
2026-07-08 02:30:00+00:00,78.81,78.87,78.22,78.87,78.87,32.11,54,,,
2026-07-08 02:45:00+00:00,78.98,79.09,78.89,78.98,78.98,8.836,24,,,
2026-07-08 03:00:00+00:00,79.01,79.28,79.0,79.25,79.25,9.281,24,,,
2026-07-08 03:15:00+00:00,79.19,79.25,79.16,79.17,79.17,4.744,13,,,
2026-07-08 03:30:00+00:00,79.14,79.14,78.89,78.96,78.96,18.77,16,,,
2026-07-08 03:45:00+00:00,78.96,78.96,78.6,78.66,78.66,29.341,9,,,
2026-07-08 04:00:00+00:00,78.68,78.71,78.59,78.66,78.66,4.205,9,,,
2026-07-08 04:15:00+00:00,78.65,78.85,78.65,78.85,78.85,2.272,6,,,
2026-07-08 04:30:00+00:00,78.83,78.83,78.7,78.7,78.7,1.924,5,,,
2026-07-08 04:45:00+00:00,78.64,78.64,78.38,78.57,78.57,8.26,13,,,
2026-07-08 05:00:00+00:00,78.61,78.68,78.53,78.68,78.68,2.973,6,,,
2026-07-08 05:15:00+00:00,78.68,78.75,78.53,78.6,78.6,47.603,21,,,
2026-07-08 05:30:00+00:00,78.52,78.52,78.41,78.43,78.43,1.613,6,,,
2026-07-08 05:45:00+00:00,78.35,78.44,78.31,78.38,78.38,5.158,12,,,
2026-07-08 06:00:00+00:00,78.38,78.38,78.21,78.21,78.21,5.344,13,,,
2026-07-08 06:15:00+00:00,78.3,78.32,78.08,78.21,78.21,15.135,34,,,
2026-07-08 06:30:00+00:00,78.24,78.25,77.9,78.01,78.01,103.207,40,,,
2026-07-08 06:45:00+00:00,78.01,78.3,78.0,78.17,78.17,11.084,30,,,
2026-07-08 07:00:00+00:00,78.16,78.16,77.74,78.09,78.09,17.824,40,,,
2026-07-08 07:15:00+00:00,78.11,78.11,77.93,78.07,78.07,14.934,35,,,
2026-07-08 07:30:00+00:00,78.04,78.15,77.99,78.06,78.06,9.513,25,,,
2026-07-08 07:45:00+00:00,78.05,78.25,78.05,78.19,78.19,26.139,21,,,
2026-07-08 08:00:00+00:00,78.22,78.36,78.18,78.28,78.28,27.583,63,,,
2026-07-08 08:15:00+00:00,78.28,78.28,77.16,77.17,77.17,148.574,185,,,
2026-07-08 08:30:00+00:00,77.17,77.32,76.86,77.05,77.05,69.317,110,,,
2026-07-08 08:45:00+00:00,77.09,77.65,77.09,77.2,77.2,54.795,89,,,
2026-07-08 09:00:00+00:00,77.22,77.3,77.12,77.26,77.26,22.735,47,,,
2026-07-08 09:15:00+00:00,77.24,77.24,76.98,77.11,77.11,15.652,37,,,
2026-07-08 09:30:00+00:00,77.17,77.42,77.17,77.27,77.27,23.887,32,,,
2026-07-08 09:45:00+00:00,77.27,77.3,77.16,77.16,77.16,4.66,11,,,
2026-07-08 10:00:00+00:00,77.15,77.22,76.91,76.99,76.99,11.271,19,,,
2026-07-08 10:15:00+00:00,77.03,77.32,76.97,77.32,77.32,7.105,16,,,
2026-07-08 10:30:00+00:00,77.33,77.43,77.29,77.31,77.31,10.012,19,,,
2026-07-08 10:45:00+00:00,77.33,77.33,77.19,77.22,77.22,2.234,4,,,
2026-07-08 11:00:00+00:00,77.28,77.3,77.2,77.3,77.3,22.392,7,,,
2026-07-08 11:15:00+00:00,77.06,77.08,77.06,77.08,77.08,1.118,3,,,
2026-07-08 11:30:00+00:00,77.3,77.62,77.3,77.53,77.53,25.286,18,,,
2026-07-08 11:45:00+00:00,77.49,77.54,77.41,77.49,77.49,29.553,20,,,
2026-07-08 12:00:00+00:00,77.5,77.57,77.39,77.55,77.55,60.182,22,,,
2026-07-08 12:15:00+00:00,77.55,77.55,77.55,77.55,77.55,0.0,0,,,
2026-07-08 12:30:00+00:00,77.41,77.42,77.28,77.28,77.28,3.619,9,,,
2026-07-08 12:45:00+00:00,77.21,77.34,77.02,77.02,77.02,4.07,10,,,
2026-07-08 13:00:00+00:00,76.98,77.03,76.75,76.8,76.8,787.179,48,,,
2026-07-08 13:15:00+00:00,76.85,76.89,76.67,76.74,76.74,56.723,26,,,
2026-07-08 13:30:00+00:00,76.81,77.38,76.81,77.27,77.27,131.376,58,,,
2026-07-08 13:45:00+00:00,77.2,77.4,76.87,77.15,77.15,91.265,67,,,
2026-07-08 14:00:00+00:00,77.25,77.35,77.1,77.25,77.25,21.699,41,,,
2026-07-08 14:15:00+00:00,77.12,77.26,76.86,77.06,77.06,29.468,28,,,
2026-07-08 14:30:00+00:00,77.06,77.07,76.91,76.94,76.94,111.736,32,,,
2026-07-08 14:45:00+00:00,76.91,77.12,76.74,77.07,77.07,40.381,44,,,
2026-07-08 15:00:00+00:00,76.99,77.02,76.65,76.65,76.65,15.889,30,,,
2026-07-08 15:15:00+00:00,76.67,76.72,76.23,76.39,76.39,909.134,92,,,
2026-07-08 15:30:00+00:00,76.31,76.61,76.31,76.46,76.46,17.824,24,,,
2026-07-08 15:45:00+00:00,76.46,76.72,76.41,76.72,76.72,11.743,25,,,
2026-07-08 16:00:00+00:00,76.73,76.94,76.73,76.92,76.92,16.255,29,,,
2026-07-08 16:15:00+00:00,76.9,77.1,76.88,77.1,77.1,35.934,22,,,
2026-07-08 16:30:00+00:00,76.97,77.27,76.8,77.19,77.19,40.987,38,,,
2026-07-08 16:45:00+00:00,77.22,77.28,77.16,77.25,77.25,9.501,18,,,
2026-07-08 17:00:00+00:00,77.24,77.25,77.08,77.08,77.08,11.115,13,,,
2026-07-08 17:15:00+00:00,77.17,77.47,77.13,77.47,77.47,8.825,22,,,
2026-07-08 17:30:00+00:00,77.5,77.57,77.35,77.36,77.36,22.528,27,,,
2026-07-08 17:45:00+00:00,77.35,77.35,77.08,77.08,77.08,56.15,17,,,
2026-07-08 18:00:00+00:00,77.2,77.28,77.13,77.13,77.13,11.008,10,,,
2026-07-08 18:15:00+00:00,77.24,77.24,77.06,77.06,77.06,16.296,13,,,
2026-07-08 18:30:00+00:00,77.07,77.07,76.77,76.9,76.9,7.876,21,,,
2026-07-08 18:45:00+00:00,76.99,77.22,76.99,77.09,77.09,9.162,20,,,
2026-07-08 19:00:00+00:00,77.2,77.2,76.98,76.98,76.98,85.338,19,,,
2026-07-08 19:15:00+00:00,76.96,77.03,76.96,76.98,76.98,65.731,23,,,
2026-07-08 19:30:00+00:00,77.11,77.27,77.08,77.17,77.17,66.464,20,,,
2026-07-08 19:45:00+00:00,77.29,77.45,77.11,77.42,77.42,120.714,49,,,
2026-07-08 20:00:00+00:00,77.38,77.49,77.28,77.37,77.37,6.577,14,,,
2026-07-08 20:15:00+00:00,77.33,77.33,77.29,77.32,77.32,5.627,8,,,
2026-07-08 20:30:00+00:00,77.28,77.28,77.08,77.14,77.14,4.597,10,,,
2026-07-08 20:45:00+00:00,77.1,77.17,77.05,77.16,77.16,27.224,16,,,
2026-07-08 21:00:00+00:00,77.07,77.07,76.96,76.96,76.96,4.194,7,,,
2026-07-08 21:15:00+00:00,76.94,77.03,76.94,77.02,77.02,91.542,15,,,
2026-07-08 21:30:00+00:00,77.03,77.18,77.03,77.17,77.17,6.919,10,,,
2026-07-08 21:45:00+00:00,77.16,77.22,77.16,77.22,77.22,2.563,5,,,
2026-07-08 22:00:00+00:00,77.14,77.38,77.14,77.25,77.25,156.621,21,,,
2026-07-08 22:15:00+00:00,77.22,77.34,77.15,77.34,77.34,110.858,30,,,
2026-07-08 22:30:00+00:00,77.33,77.38,77.25,77.38,77.38,75.522,14,,,
2026-07-08 22:45:00+00:00,77.39,77.5,77.39,77.5,77.5,3.084,7,,,
2026-07-08 23:00:00+00:00,77.44,77.53,77.44,77.53,77.53,56.963,9,,,
2026-07-08 23:15:00+00:00,77.54,77.55,77.46,77.46,77.46,60.863,8,,,
2026-07-08 23:30:00+00:00,77.46,77.57,77.42,77.56,77.56,8.592,22,,,
2026-07-08 23:45:00+00:00,77.55,77.87,77.52,77.77,77.77,310.623,32,,,
2026-07-09 00:00:00+00:00,77.78,77.8,77.57,77.71,77.71,8.694,18,,,
2026-07-09 00:15:00+00:00,77.68,77.68,77.48,77.55,77.55,4.405,11,,,
2026-07-09 00:30:00+00:00,77.64,77.75,77.53,77.53,77.53,6.767,17,,,
2026-07-09 00:45:00+00:00,77.69,77.69,77.51,77.65,77.65,34.332,23,,,
2026-07-09 01:00:00+00:00,77.63,78.69,77.63,78.3,78.3,92.887,96,,,
2026-07-09 01:15:00+00:00,78.32,78.42,78.11,78.19,78.19,23.547,46,,,
2026-07-09 01:30:00+00:00,78.14,78.14,77.55,77.55,77.55,101.316,37,,,
2026-07-09 01:45:00+00:00,77.6,77.75,77.3,77.3,77.3,94.621,58,,,
2026-07-09 02:00:00+00:00,77.32,77.72,77.18,77.72,77.72,38.336,31,,,
2026-07-09 02:15:00+00:00,77.66,77.66,77.57,77.57,77.57,2.579,7,,,
2026-07-09 02:30:00+00:00,77.58,77.58,77.27,77.33,77.33,5.108,16,,,
2026-07-09 02:45:00+00:00,77.26,77.26,76.97,77.06,77.06,8.023,15,,,
2026-07-09 03:00:00+00:00,77.02,77.03,76.83,76.87,76.87,3.723,12,,,
2026-07-09 03:15:00+00:00,76.85,77.11,76.68,77.02,77.02,26.726,27,,,
2026-07-09 03:30:00+00:00,77.01,77.33,77.01,77.15,77.15,7.433,10,,,
2026-07-09 03:45:00+00:00,77.16,77.35,77.16,77.35,77.35,9.439,12,,,
2026-07-09 04:00:00+00:00,77.34,77.36,77.24,77.28,77.28,2.769,5,,,
2026-07-09 04:15:00+00:00,77.21,77.32,77.21,77.22,77.22,20.914,4,,,
2026-07-09 04:30:00+00:00,77.38,77.76,77.38,77.76,77.76,5.692,14,,,
2026-07-09 04:45:00+00:00,77.73,77.91,77.69,77.91,77.91,12.834,27,,,
2026-07-09 05:00:00+00:00,77.87,78.21,77.86,78.1,78.1,37.412,22,,,
2026-07-09 05:15:00+00:00,78.1,78.1,77.78,77.85,77.85,23.339,11,,,
2026-07-09 05:30:00+00:00,77.85,77.97,77.78,77.97,77.97,3.0,8,,,
2026-07-09 05:45:00+00:00,77.94,78.33,77.94,78.28,78.28,10.114,20,,,
2026-07-09 06:00:00+00:00,78.32,78.42,78.05,78.05,78.05,8.952,19,,,
2026-07-09 06:15:00+00:00,78.14,78.55,78.14,78.42,78.42,42.141,17,,,
2026-07-09 06:30:00+00:00,78.41,78.41,78.33,78.35,78.35,2.581,6,,,
2026-07-09 06:45:00+00:00,78.42,78.42,78.34,78.34,78.34,46.065,14,,,
2026-07-09 07:00:00+00:00,78.47,78.78,78.27,78.35,78.35,16.94,37,,,
2026-07-09 07:15:00+00:00,78.36,78.41,78.15,78.15,78.15,5.6,14,,,
2026-07-09 07:30:00+00:00,78.28,78.28,78.1,78.27,78.27,8.634,17,,,
2026-07-09 07:45:00+00:00,78.3,78.55,78.11,78.13,78.13,7.996,13,,,
2026-07-09 08:00:00+00:00,78.16,78.17,78.03,78.13,78.13,15.733,13,,,
2026-07-09 08:15:00+00:00,78.09,78.28,77.97,78.28,78.28,34.397,16,,,
2026-07-09 08:30:00+00:00,78.3,78.32,78.19,78.21,78.21,31.158,8,,,
2026-07-09 08:45:00+00:00,78.0,78.11,78.0,78.05,78.05,13.271,9,,,
2026-07-09 09:00:00+00:00,77.97,78.11,77.93,77.94,77.94,64.418,15,,,
2026-07-09 09:15:00+00:00,77.91,77.96,77.87,77.96,77.96,97.616,11,,,
2026-07-09 09:30:00+00:00,77.96,78.02,77.85,77.85,77.85,79.518,18,,,
2026-07-09 09:45:00+00:00,77.85,77.85,77.85,77.85,77.85,0.0,0,,,
2026-07-09 10:00:00+00:00,78.08,78.1,78.08,78.1,78.1,0.259,2,,,
2026-07-09 10:15:00+00:00,78.02,78.02,77.92,77.99,77.99,13.596,7,,,
2026-07-09 10:30:00+00:00,77.98,77.99,77.95,77.96,77.96,15.939,6,,,
2026-07-09 10:45:00+00:00,77.81,77.81,77.49,77.51,77.51,32.462,9,,,
2026-07-09 11:00:00+00:00,77.63,77.64,77.59,77.59,77.59,3.132,5,,,
2026-07-09 11:15:00+00:00,77.47,77.47,77.33,77.37,77.37,16.905,13,,,
2026-07-09 11:30:00+00:00,77.33,77.36,77.27,77.35,77.35,97.102,12,,,
2026-07-09 11:45:00+00:00,77.32,77.6,77.32,77.56,77.56,25.006,9,,,
2026-07-09 12:00:00+00:00,77.54,77.65,77.45,77.65,77.65,109.066,13,,,
2026-07-09 12:15:00+00:00,77.52,77.69,77.52,77.61,77.61,56.338,14,,,
2026-07-09 12:30:00+00:00,77.63,78.14,77.63,77.93,77.93,174.839,36,,,
2026-07-09 12:45:00+00:00,77.59,77.71,77.44,77.71,77.71,19.143,13,,,
2026-07-09 13:00:00+00:00,77.68,78.01,77.68,78.01,78.01,39.974,10,,,
2026-07-09 13:15:00+00:00,77.95,77.95,77.62,77.66,77.66,8.955,11,,,
2026-07-09 13:30:00+00:00,77.68,77.95,77.36,77.95,77.95,12.068,18,,,
2026-07-09 13:45:00+00:00,77.96,78.39,77.96,78.1,78.1,319.767,34,,,
2026-07-09 14:00:00+00:00,78.21,78.21,78.01,78.05,78.05,34.174,9,,,
2026-07-09 14:15:00+00:00,77.87,77.87,77.65,77.76,77.76,84.457,31,,,
2026-07-09 14:30:00+00:00,77.57,77.79,77.5,77.79,77.79,9.261,9,,,
2026-07-09 14:45:00+00:00,77.86,77.9,77.67,77.72,77.72,4.579,9,,,
2026-07-09 15:00:00+00:00,77.72,78.01,77.72,77.92,77.92,21.478,8,,,
2026-07-09 15:15:00+00:00,77.94,78.14,77.85,77.98,77.98,112.484,21,,,
2026-07-09 15:30:00+00:00,77.73,77.84,77.62,77.62,77.62,22.412,12,,,
2026-07-09 15:45:00+00:00,77.61,77.61,77.46,77.52,77.52,4.193,11,,,
2026-07-09 16:00:00+00:00,77.57,77.57,77.54,77.54,77.54,1.627,3,,,
2026-07-09 16:15:00+00:00,77.55,77.55,77.25,77.33,77.33,22.23,14,,,
2026-07-09 16:30:00+00:00,77.38,77.5,77.38,77.5,77.5,0.7,3,,,
2026-07-09 16:45:00+00:00,77.63,77.65,77.46,77.6,77.6,4.052,10,,,
2026-07-09 17:00:00+00:00,77.74,77.77,77.68,77.68,77.68,2.718,3,,,
2026-07-09 17:15:00+00:00,77.69,77.86,77.69,77.86,77.86,2.921,2,,,
2026-07-09 17:30:00+00:00,77.66,78.05,77.62,78.02,78.02,12.343,14,,,
2026-07-09 17:45:00+00:00,78.05,78.05,77.97,78.0,78.0,3.08,10,,,
2026-07-09 18:00:00+00:00,78.05,78.35,77.97,78.23,78.23,49.266,35,,,
2026-07-09 18:15:00+00:00,78.2,78.35,78.1,78.19,78.19,9.713,27,,,
2026-07-09 18:30:00+00:00,78.15,78.15,78.01,78.09,78.09,6.143,15,,,
2026-07-09 18:45:00+00:00,78.16,78.19,78.0,78.17,78.17,69.785,22,,,
2026-07-09 19:00:00+00:00,78.11,78.14,77.96,77.96,77.96,8.951,25,,,
2026-07-09 19:15:00+00:00,77.92,78.09,77.92,78.09,78.09,26.317,19,,,
2026-07-09 19:30:00+00:00,78.11,78.2,78.11,78.2,78.2,3.516,6,,,
2026-07-09 19:45:00+00:00,78.24,78.24,78.05,78.11,78.11,7.5,21,,,
2026-07-09 20:00:00+00:00,78.11,78.13,77.95,78.08,78.08,5.811,16,,,
2026-07-09 20:15:00+00:00,77.96,78.14,77.95,78.14,78.14,4.667,12,,,
2026-07-09 20:30:00+00:00,78.08,78.24,78.08,78.17,78.17,5.711,15,,,
2026-07-09 20:45:00+00:00,78.21,78.21,78.05,78.09,78.09,1.705,5,,,
2026-07-09 21:00:00+00:00,78.17,78.22,78.06,78.06,78.06,3.003,9,,,
2026-07-09 21:15:00+00:00,78.11,78.11,77.95,77.98,77.98,14.09,11,,,
2026-07-09 21:30:00+00:00,77.87,77.87,77.87,77.87,77.87,0.34,1,,,
2026-07-09 21:45:00+00:00,77.88,78.0,77.88,78.0,78.0,10.065,11,,,
2026-07-09 22:00:00+00:00,77.98,78.07,77.95,78.03,78.03,3.962,11,,,
2026-07-09 22:15:00+00:00,78.03,78.14,78.03,78.12,78.12,14.753,8,,,
2026-07-09 22:30:00+00:00,78.09,78.16,78.02,78.16,78.16,7.87,9,,,
2026-07-09 22:45:00+00:00,78.21,78.21,78.09,78.1,78.1,7.683,8,,,
2026-07-09 23:00:00+00:00,78.05,78.09,77.99,78.0,78.0,12.702,9,,,
2026-07-09 23:15:00+00:00,77.86,78.07,77.75,77.99,77.99,7.096,17,,,
2026-07-09 23:30:00+00:00,77.92,77.99,77.91,77.99,77.99,3.066,9,,,
2026-07-09 23:45:00+00:00,77.99,78.08,77.98,78.05,78.05,3.707,8,,,
2026-07-10 00:00:00+00:00,77.95,77.99,77.75,77.88,77.88,33.849,18,,,
2026-07-10 00:15:00+00:00,77.96,78.02,77.88,77.93,77.93,24.179,14,,,
2026-07-10 00:30:00+00:00,77.97,78.04,77.79,77.91,77.91,23.144,14,,,
2026-07-10 00:45:00+00:00,77.94,78.01,77.86,78.01,78.01,4.025,11,,,
2026-07-10 01:00:00+00:00,77.96,78.12,77.91,78.12,78.12,16.77,11,,,
2026-07-10 01:15:00+00:00,78.23,78.57,78.23,78.39,78.39,66.372,21,,,
2026-07-10 01:30:00+00:00,78.33,78.35,78.26,78.35,78.35,1.708,5,,,
2026-07-10 01:45:00+00:00,78.41,79.37,78.41,78.99,78.99,494.18,64,,,
2026-07-10 02:00:00+00:00,79.01,79.04,78.8,78.92,78.92,70.472,41,,,
2026-07-10 02:15:00+00:00,78.88,78.92,78.81,78.85,78.85,65.785,24,,,
2026-07-10 02:30:00+00:00,78.82,78.93,78.79,78.88,78.88,3.921,11,,,
2026-07-10 02:45:00+00:00,78.9,79.06,78.89,78.98,78.98,14.669,12,,,
2026-07-10 03:00:00+00:00,78.98,78.98,78.81,78.81,78.81,4.326,12,,,
2026-07-10 03:15:00+00:00,78.71,78.88,78.71,78.77,78.77,10.245,12,,,
2026-07-10 03:30:00+00:00,78.73,78.93,78.73,78.93,78.93,2.225,7,,,
2026-07-10 03:45:00+00:00,78.96,79.03,78.89,78.98,78.98,20.466,12,,,
2026-07-10 04:00:00+00:00,79.03,79.03,78.94,78.99,78.99,2.491,8,,,
2026-07-10 04:15:00+00:00,78.93,78.93,78.93,78.93,78.93,3.166,1,,,
2026-07-10 04:30:00+00:00,78.81,78.96,78.81,78.96,78.96,0.821,4,,,
2026-07-10 04:45:00+00:00,78.94,78.94,78.92,78.92,78.92,23.042,7,,,
2026-07-10 05:00:00+00:00,78.92,79.0,78.84,78.93,78.93,172.914,24,,,
2026-07-10 05:15:00+00:00,78.99,78.99,78.93,78.99,78.99,57.625,7,,,
2026-07-10 05:30:00+00:00,78.99,79.3,78.99,79.3,79.3,0.726,5,,,
2026-07-10 05:45:00+00:00,79.16,79.16,79.14,79.14,79.14,1.025,3,,,
2026-07-10 06:00:00+00:00,79.15,79.15,79.1,79.1,79.1,1.056,4,,,
2026-07-10 06:15:00+00:00,79.05,79.05,78.84,78.84,78.84,1.538,5,,,
2026-07-10 06:30:00+00:00,78.91,78.91,78.91,78.91,78.91,0.682,2,,,
2026-07-10 06:45:00+00:00,78.88,78.88,78.85,78.86,78.86,20.185,6,,,
2026-07-10 07:00:00+00:00,78.87,79.0,78.87,79.0,79.0,0.646,6,,,
2026-07-10 07:15:00+00:00,78.99,79.0,78.98,79.0,79.0,0.758,3,,,
2026-07-10 07:30:00+00:00,78.96,78.96,78.78,78.78,78.78,1.539,5,,,
2026-07-10 07:45:00+00:00,78.78,78.82,78.74,78.79,78.79,6.432,10,,,
2026-07-10 08:00:00+00:00,78.82,78.91,78.8,78.91,78.91,5.216,8,,,
2026-07-10 08:15:00+00:00,78.93,79.33,78.93,79.33,79.33,77.653,39,,,
2026-07-10 08:30:00+00:00,79.34,79.34,79.22,79.26,79.26,13.989,11,,,
2026-07-10 08:45:00+00:00,79.32,79.33,79.19,79.19,79.19,3.728,12,,,
2026-07-10 09:00:00+00:00,79.18,79.18,78.96,78.96,78.96,30.649,19,,,
2026-07-10 09:15:00+00:00,78.99,79.18,78.99,79.18,79.18,4.844,8,,,
2026-07-10 09:30:00+00:00,79.15,79.27,79.12,79.27,79.27,3.514,10,,,
2026-07-10 09:45:00+00:00,79.29,79.3,79.19,79.19,79.19,2.965,8,,,
2026-07-10 10:00:00+00:00,79.16,79.16,79.13,79.14,79.14,1.301,5,,,
2026-07-10 10:15:00+00:00,79.21,79.63,79.21,79.58,79.58,43.721,28,,,
2026-07-10 10:30:00+00:00,79.57,79.57,79.42,79.42,79.42,3.821,5,,,
2026-07-10 10:45:00+00:00,79.43,79.46,79.39,79.39,79.39,2.134,5,,,
2026-07-10 11:00:00+00:00,79.35,79.4,79.3,79.4,79.4,1.227,4,,,
2026-07-10 11:15:00+00:00,79.4,79.4,79.4,79.4,79.4,0.0,0,,,
2026-07-10 11:30:00+00:00,79.27,79.29,79.14,79.14,79.14,5.021,9,,,
2026-07-10 11:45:00+00:00,79.28,79.39,79.25,79.25,79.25,22.831,11,,,
2026-07-10 12:00:00+00:00,79.15,79.46,79.15,79.37,79.37,63.784,13,,,
2026-07-10 12:15:00+00:00,79.26,79.32,79.26,79.31,79.31,2.481,6,,,
2026-07-10 12:30:00+00:00,79.27,79.27,78.98,79.01,79.01,4.674,8,,,
2026-07-10 12:45:00+00:00,78.95,78.95,78.86,78.86,78.86,1.464,5,,,
2026-07-10 13:00:00+00:00,78.92,78.92,78.84,78.84,78.84,29.263,7,,,
2026-07-10 13:15:00+00:00,78.81,78.9,78.81,78.85,78.85,8.455,7,,,
2026-07-10 13:30:00+00:00,78.8,78.96,78.78,78.95,78.95,77.096,13,,,
2026-07-10 13:45:00+00:00,79.04,79.26,78.94,78.94,78.94,47.761,26,,,
2026-07-10 14:00:00+00:00,78.9,78.9,78.19,78.2,78.2,67.772,63,,,
2026-07-10 14:15:00+00:00,78.2,78.24,77.56,77.69,77.69,145.676,76,,,
2026-07-10 14:30:00+00:00,77.68,77.85,77.05,77.66,77.66,378.706,109,,,
2026-07-10 14:45:00+00:00,77.71,78.21,77.6,77.87,77.87,269.52,142,,,
2026-07-10 15:00:00+00:00,77.77,78.12,77.75,77.93,77.93,73.836,50,,,
2026-07-10 15:15:00+00:00,77.95,78.27,77.93,78.24,78.24,121.168,55,,,
2026-07-10 15:30:00+00:00,78.28,78.31,77.98,78.09,78.09,41.182,27,,,
2026-07-10 15:45:00+00:00,78.09,78.17,78.03,78.08,78.08,19.645,15,,,
2026-07-10 16:00:00+00:00,78.09,78.09,77.88,78.08,78.08,31.588,23,,,
2026-07-10 16:15:00+00:00,78.13,78.19,77.92,77.93,77.93,22.247,18,,,
2026-07-10 16:30:00+00:00,77.84,77.84,77.63,77.63,77.63,3.731,10,,,
2026-07-10 16:45:00+00:00,77.79,78.1,77.77,78.08,78.08,8.77,24,,,
2026-07-10 17:00:00+00:00,78.07,78.11,77.77,77.77,77.77,468.152,20,,,
2026-07-10 17:15:00+00:00,77.74,77.83,77.72,77.83,77.83,3.388,8,,,
2026-07-10 17:30:00+00:00,77.72,77.74,77.64,77.69,77.69,3.94,9,,,
2026-07-10 17:45:00+00:00,77.69,77.76,77.57,77.68,77.68,4.605,11,,,
2026-07-10 18:00:00+00:00,77.53,77.76,77.53,77.67,77.67,216.802,24,,,
2026-07-10 18:15:00+00:00,77.63,77.72,77.57,77.63,77.63,4.571,12,,,
2026-07-10 18:30:00+00:00,77.66,77.66,77.5,77.5,77.5,10.101,6,,,
2026-07-10 18:45:00+00:00,77.4,77.42,77.3,77.3,77.3,93.697,12,,,
2026-07-10 19:00:00+00:00,77.55,77.67,77.55,77.67,77.67,1.117,2,,,
2026-07-10 19:15:00+00:00,77.7,77.77,77.57,77.77,77.77,2.015,8,,,
2026-07-10 19:30:00+00:00,77.77,77.97,77.73,77.96,77.96,12.81,28,,,
2026-07-10 19:45:00+00:00,77.86,77.98,77.86,77.98,77.98,3.334,6,,,
2026-07-10 20:00:00+00:00,77.85,77.87,77.85,77.86,77.86,1.155,3,,,
2026-07-10 20:15:00+00:00,77.84,77.91,77.76,77.86,77.86,4.281,11,,,
2026-07-10 20:30:00+00:00,77.8,77.91,77.8,77.91,77.91,1.144,4,,,
2026-07-10 20:45:00+00:00,77.83,77.85,77.77,77.78,77.78,3.184,6,,,
2026-07-10 21:00:00+00:00,77.78,77.78,77.78,77.78,77.78,0.0,0,,,
2026-07-10 21:15:00+00:00,77.92,77.92,77.92,77.92,77.92,0.557,1,,,
2026-07-10 21:30:00+00:00,77.99,78.05,77.99,78.0,78.0,0.623,6,,,
2026-07-10 21:45:00+00:00,77.9,77.9,77.9,77.9,77.9,0.556,1,,,
2026-07-10 22:00:00+00:00,77.94,78.12,77.88,78.04,78.04,4.819,9,,,
2026-07-10 22:15:00+00:00,77.95,78.02,77.95,78.02,78.02,1.67,3,,,
2026-07-10 22:30:00+00:00,78.0,78.08,77.98,78.08,78.08,74.747,7,,,
2026-07-10 22:45:00+00:00,78.05,78.17,78.05,78.17,78.17,2.109,8,,,
2026-07-10 23:00:00+00:00,78.04,78.04,77.91,77.97,77.97,1.688,5,,,
2026-07-10 23:15:00+00:00,77.97,77.97,77.97,77.97,77.97,0.0,0,,,
2026-07-10 23:30:00+00:00,78.01,78.03,78.01,78.03,78.03,1.113,2,,,
2026-07-10 23:45:00+00:00,78.04,78.06,78.03,78.06,78.06,4.32,4,,,
2026-07-11 00:00:00+00:00,77.99,78.01,77.89,77.89,77.89,18.046,3,,,
2026-07-11 00:15:00+00:00,77.92,77.94,77.92,77.93,77.93,5.369,4,,,
2026-07-11 00:30:00+00:00,77.88,77.88,77.74,77.86,77.86,76.652,11,,,
2026-07-11 00:45:00+00:00,77.79,77.79,77.78,77.79,77.79,64.853,8,,,
2026-07-11 01:00:00+00:00,77.78,77.82,77.78,77.78,77.78,1.666,3,,,
2026-07-11 01:15:00+00:00,77.93,77.98,77.93,77.94,77.94,1.679,5,,,
2026-07-11 01:30:00+00:00,77.84,77.84,77.44,77.55,77.55,8.563,16,,,
2026-07-11 01:45:00+00:00,77.64,77.64,77.63,77.64,77.64,7.101,4,,,
2026-07-11 02:00:00+00:00,77.55,77.63,77.52,77.55,77.55,3.346,6,,,
2026-07-11 02:15:00+00:00,77.64,77.64,77.57,77.58,77.58,1.668,3,,,
2026-07-11 02:30:00+00:00,77.67,77.67,77.67,77.67,77.67,0.032,1,,,
2026-07-11 02:45:00+00:00,77.7,77.7,77.7,77.7,77.7,0.013,1,,,
2026-07-11 03:00:00+00:00,77.64,77.7,77.64,77.7,77.7,0.162,2,,,
2026-07-11 03:15:00+00:00,77.73,77.74,77.61,77.68,77.68,21.653,6,,,
2026-07-11 03:30:00+00:00,77.66,77.66,77.66,77.66,77.66,32.191,3,,,
2026-07-11 03:45:00+00:00,77.76,77.82,77.74,77.82,77.82,1.948,4,,,
2026-07-11 04:00:00+00:00,77.74,77.78,77.67,77.67,77.67,1.673,3,,,
2026-07-11 04:15:00+00:00,77.74,77.74,77.62,77.64,77.64,34.809,7,,,
2026-07-11 04:30:00+00:00,77.72,77.72,77.72,77.72,77.72,0.558,1,,,
2026-07-11 04:45:00+00:00,77.72,77.72,77.72,77.72,77.72,0.0,0,,,
2026-07-11 05:00:00+00:00,77.58,77.58,77.57,77.57,77.57,0.128,2,,,
2026-07-11 05:15:00+00:00,77.57,77.57,77.57,77.57,77.57,0.0,0,,,
2026-07-11 05:30:00+00:00,77.82,77.89,77.82,77.89,77.89,1.868,7,,,
2026-07-11 05:45:00+00:00,77.82,77.85,77.82,77.85,77.85,3.311,3,,,
2026-07-11 06:00:00+00:00,77.81,77.83,77.79,77.81,77.81,2.783,5,,,
2026-07-11 06:15:00+00:00,77.9,77.97,77.9,77.95,77.95,1.685,4,,,
2026-07-11 06:30:00+00:00,77.96,78.05,77.96,78.05,78.05,2.784,9,,,
2026-07-11 06:45:00+00:00,78.0,78.03,78.0,78.03,78.03,0.64,2,,,
2026-07-11 07:00:00+00:00,78.02,78.02,77.9,77.9,77.9,0.586,2,,,
2026-07-11 07:15:00+00:00,77.9,77.9,77.9,77.9,77.9,0.0,0,,,
2026-07-11 07:30:00+00:00,77.9,77.9,77.9,77.9,77.9,0.0,0,,,
2026-07-11 07:45:00+00:00,77.94,77.95,77.93,77.95,77.95,5.131,3,,,
2026-07-11 08:00:00+00:00,77.92,78.03,77.92,78.02,78.02,75.861,10,,,
2026-07-11 08:15:00+00:00,78.04,78.04,78.04,78.04,78.04,3.203,1,,,
2026-07-11 08:30:00+00:00,78.06,78.08,78.06,78.07,78.07,2.13,4,,,
2026-07-11 08:45:00+00:00,78.03,78.09,78.01,78.09,78.09,0.156,3,,,
2026-07-11 09:00:00+00:00,78.1,78.3,78.1,78.17,78.17,3.135,12,,,
2026-07-11 09:15:00+00:00,78.08,78.08,78.04,78.04,78.04,0.125,2,,,
2026-07-11 09:30:00+00:00,77.9,77.9,77.9,77.9,77.9,0.07,1,,,
2026-07-11 09:45:00+00:00,77.91,77.91,77.82,77.85,77.85,13.747,12,,,
2026-07-11 10:00:00+00:00,77.78,77.81,77.74,77.78,77.78,4.793,9,,,
2026-07-11 10:15:00+00:00,77.79,77.85,77.79,77.85,77.85,0.9,2,,,
2026-07-11 10:30:00+00:00,77.82,77.91,77.81,77.91,77.91,2.016,4,,,
2026-07-11 10:45:00+00:00,77.98,78.03,77.97,78.0,78.0,3.407,11,,,
2026-07-11 11:00:00+00:00,78.0,78.0,77.96,77.96,77.96,0.67,2,,,
2026-07-11 11:15:00+00:00,77.96,77.96,77.96,77.96,77.96,0.556,1,,,
2026-07-11 11:30:00+00:00,77.97,77.97,77.97,77.97,77.97,0.557,1,,,
2026-07-11 11:45:00+00:00,78.02,78.02,78.02,78.02,78.02,0.42,2,,,
2026-07-11 12:00:00+00:00,78.05,78.13,78.03,78.03,78.03,5.432,9,,,
2026-07-11 12:15:00+00:00,78.03,78.03,78.03,78.03,78.03,0.0,0,,,
2026-07-11 12:30:00+00:00,78.0,78.0,77.93,77.93,77.93,3.678,4,,,
2026-07-11 12:45:00+00:00,77.92,78.03,77.92,78.02,78.02,0.384,3,,,
2026-07-11 13:00:00+00:00,77.99,78.02,77.99,78.02,78.02,1.117,2,,,
2026-07-11 13:15:00+00:00,78.03,78.16,78.03,78.16,78.16,0.739,4,,,
2026-07-11 13:30:00+00:00,78.2,78.34,78.16,78.16,78.16,24.667,12,,,
2026-07-11 13:45:00+00:00,78.16,78.16,78.16,78.16,78.16,0.0,0,,,
2026-07-11 14:00:00+00:00,78.23,78.23,78.17,78.17,78.17,0.126,2,,,
2026-07-11 14:15:00+00:00,78.23,78.39,78.19,78.39,78.39,5.166,10,,,
2026-07-11 14:30:00+00:00,78.43,78.68,78.43,78.5,78.5,13.21,17,,,
2026-07-11 14:45:00+00:00,78.53,78.55,78.42,78.43,78.43,8.645,5,,,
2026-07-11 15:00:00+00:00,78.53,78.68,78.53,78.64,78.64,24.919,9,,,
2026-07-11 15:15:00+00:00,78.59,78.8,78.59,78.67,78.67,24.204,22,,,
2026-07-11 15:30:00+00:00,78.64,78.64,78.13,78.21,78.21,85.912,27,,,
2026-07-11 15:45:00+00:00,78.22,78.33,78.02,78.33,78.33,79.897,13,,,
2026-07-11 16:00:00+00:00,78.28,78.3,78.1,78.28,78.28,23.017,20,,,
2026-07-11 16:15:00+00:00,78.26,78.26,78.09,78.09,78.09,47.47,19,,,
2026-07-11 16:30:00+00:00,78.13,78.17,77.74,77.74,77.74,201.87,56,,,
2026-07-11 16:45:00+00:00,77.74,77.86,77.74,77.86,77.86,98.301,8,,,
2026-07-11 17:00:00+00:00,77.82,77.89,77.82,77.88,77.88,0.7,4,,,
2026-07-11 17:15:00+00:00,77.89,77.9,77.86,77.86,77.86,44.737,8,,,
2026-07-11 17:30:00+00:00,77.96,78.13,77.96,78.11,78.11,77.38,18,,,
2026-07-11 17:45:00+00:00,78.03,78.03,78.03,78.03,78.03,0.53,2,,,
2026-07-11 18:00:00+00:00,78.01,78.07,77.95,78.07,78.07,35.097,11,,,
2026-07-11 18:15:00+00:00,78.11,78.24,78.09,78.17,78.17,2.897,9,,,
2026-07-11 18:30:00+00:00,78.16,78.17,78.07,78.14,78.14,4.046,9,,,
2026-07-11 18:45:00+00:00,78.14,78.14,78.14,78.14,78.14,0.0,0,,,
2026-07-11 19:00:00+00:00,78.14,78.14,78.14,78.14,78.14,0.0,0,,,
2026-07-11 19:15:00+00:00,77.89,77.89,77.89,77.89,77.89,0.013,1,,,
2026-07-11 19:30:00+00:00,77.95,77.99,77.94,77.99,77.99,1.972,4,,,
2026-07-11 19:45:00+00:00,78.02,78.02,77.94,78.01,78.01,3.516,7,,,
2026-07-11 20:00:00+00:00,78.13,78.13,78.13,78.13,78.13,0.562,1,,,
2026-07-11 20:15:00+00:00,78.13,78.13,78.13,78.13,78.13,0.0,0,,,
2026-07-11 20:30:00+00:00,78.13,78.13,78.13,78.13,78.13,0.0,0,,,
2026-07-11 20:45:00+00:00,78.14,78.16,78.14,78.15,78.15,70.357,12,,,
2026-07-11 21:00:00+00:00,78.2,78.22,78.2,78.22,78.22,1.853,5,,,
2026-07-11 21:15:00+00:00,78.24,78.24,78.24,78.24,78.24,0.552,1,,,
2026-07-11 21:30:00+00:00,78.24,78.24,78.24,78.24,78.24,0.0,0,,,
2026-07-11 21:45:00+00:00,78.19,78.19,78.19,78.19,78.19,0.2,1,,,
2026-07-11 22:00:00+00:00,78.18,78.18,78.12,78.12,78.12,6.801,3,,,
2026-07-11 22:15:00+00:00,78.07,78.07,77.77,77.94,77.94,8.808,14,,,
2026-07-11 22:30:00+00:00,77.97,77.97,77.87,77.87,77.87,0.519,2,,,
2026-07-11 22:45:00+00:00,77.94,77.94,77.83,77.83,77.83,3.176,4,,,
2026-07-11 23:00:00+00:00,77.8,77.8,77.51,77.56,77.56,51.279,16,,,
2026-07-11 23:15:00+00:00,77.55,77.55,76.83,76.96,76.96,136.997,55,,,
2026-07-11 23:30:00+00:00,76.93,77.0,76.77,77.0,77.0,31.702,37,,,
2026-07-11 23:45:00+00:00,76.98,77.08,76.75,76.75,76.75,8.155,13,,,
2026-07-12 00:00:00+00:00,76.74,76.83,76.4,76.49,76.49,25.115,51,,,
2026-07-12 00:15:00+00:00,76.38,76.52,76.34,76.45,76.45,8.685,14,,,
2026-07-12 00:30:00+00:00,76.3,76.3,75.61,76.05,76.05,140.531,75,,,
2026-07-12 00:45:00+00:00,76.03,76.1,75.92,76.1,76.1,32.047,19,,,
2026-07-12 01:00:00+00:00,76.11,76.3,76.11,76.16,76.16,10.197,21,,,
2026-07-12 01:15:00+00:00,76.21,76.59,76.21,76.57,76.57,34.852,35,,,
2026-07-12 01:30:00+00:00,76.56,76.8,76.56,76.8,76.8,9.658,23,,,
2026-07-12 01:45:00+00:00,76.82,76.82,76.73,76.75,76.75,33.671,7,,,
2026-07-12 02:00:00+00:00,76.77,76.8,76.67,76.67,76.67,15.191,7,,,
2026-07-12 02:15:00+00:00,76.75,76.84,76.7,76.84,76.84,13.666,7,,,
2026-07-12 02:30:00+00:00,76.78,76.78,76.77,76.77,76.77,65.701,4,,,
2026-07-12 02:45:00+00:00,76.73,76.82,76.73,76.82,76.82,2.514,7,,,
2026-07-12 03:00:00+00:00,76.86,76.89,76.82,76.86,76.86,1.38,8,,,
2026-07-12 03:15:00+00:00,76.88,76.92,76.78,76.92,76.92,3.467,8,,,
2026-07-12 03:30:00+00:00,76.92,77.01,76.89,76.89,76.89,2.68,7,,,
2026-07-12 03:45:00+00:00,76.93,76.93,76.91,76.91,76.91,1.11,2,,,
2026-07-12 04:00:00+00:00,77.0,77.0,76.9,76.9,76.9,2.82,2,,,
2026-07-12 04:15:00+00:00,76.98,76.98,76.82,76.92,76.92,4.618,4,,,
2026-07-12 04:30:00+00:00,76.71,76.71,76.7,76.7,76.7,6.714,3,,,
2026-07-12 04:45:00+00:00,76.6,76.6,76.6,76.6,76.6,0.557,1,,,
2026-07-12 05:00:00+00:00,76.69,76.74,76.69,76.73,76.73,3.489,3,,,
2026-07-12 05:15:00+00:00,76.59,76.59,76.48,76.48,76.48,0.365,2,,,
2026-07-12 05:30:00+00:00,76.4,76.47,76.4,76.45,76.45,1.656,5,,,
2026-07-12 05:45:00+00:00,76.49,76.49,76.43,76.47,76.47,1.661,4,,,
2026-07-12 06:00:00+00:00,76.42,76.42,76.1,76.1,76.1,5.505,13,,,
2026-07-12 06:15:00+00:00,76.01,76.1,75.9,75.9,75.9,2.067,5,,,
2026-07-12 06:30:00+00:00,76.11,76.15,76.11,76.15,76.15,0.752,3,,,
2026-07-12 06:45:00+00:00,76.16,76.3,76.16,76.3,76.3,0.777,4,,,
2026-07-12 07:00:00+00:00,76.33,76.47,76.28,76.47,76.47,1.495,5,,,
2026-07-12 07:15:00+00:00,76.52,76.66,76.52,76.62,76.62,4.254,10,,,
2026-07-12 07:30:00+00:00,76.62,76.62,76.62,76.62,76.62,0.0,0,,,
2026-07-12 07:45:00+00:00,76.62,76.62,76.62,76.62,76.62,0.0,0,,,
2026-07-12 08:00:00+00:00,76.53,76.76,76.53,76.69,76.69,3.893,8,,,
2026-07-12 08:15:00+00:00,76.65,76.67,76.63,76.63,76.63,2.414,5,,,
2026-07-12 08:30:00+00:00,76.63,76.63,76.59,76.6,76.6,0.923,3,,,
2026-07-12 08:45:00+00:00,76.64,76.67,76.57,76.64,76.64,2.331,4,,,
2026-07-12 09:00:00+00:00,76.66,76.69,76.66,76.69,76.69,1.119,2,,,
2026-07-12 09:15:00+00:00,76.41,76.41,76.41,76.41,76.41,0.878,1,,,
2026-07-12 09:30:00+00:00,76.55,76.85,76.55,76.85,76.85,2.756,6,,,
2026-07-12 09:45:00+00:00,76.85,76.85,76.85,76.85,76.85,0.0,0,,,
2026-07-12 10:00:00+00:00,76.66,76.72,76.66,76.72,76.72,1.114,2,,,
2026-07-12 10:15:00+00:00,76.66,76.8,76.66,76.71,76.71,1.02,3,,,
2026-07-12 10:30:00+00:00,76.77,76.77,76.77,76.77,76.77,0.34,1,,,
2026-07-12 10:45:00+00:00,76.69,76.74,76.69,76.74,76.74,2.23,4,,,
2026-07-12 11:00:00+00:00,76.74,76.74,76.74,76.74,76.74,0.0,0,,,
2026-07-12 11:15:00+00:00,76.74,76.74,76.74,76.74,76.74,0.0,0,,,
2026-07-12 11:30:00+00:00,76.9,76.9,76.88,76.88,76.88,0.583,2,,,
2026-07-12 11:45:00+00:00,76.96,77.22,76.96,76.96,76.96,21.087,15,,,
2026-07-12 12:00:00+00:00,76.85,76.96,76.76,76.96,76.96,1.589,5,,,
2026-07-12 12:15:00+00:00,77.0,77.07,77.0,77.0,77.0,1.955,6,,,
2026-07-12 12:30:00+00:00,77.08,77.13,77.08,77.13,77.13,1.77,6,,,
2026-07-12 12:45:00+00:00,77.1,77.1,77.1,77.1,77.1,1.11,2,,,
2026-07-12 13:00:00+00:00,77.14,77.46,77.11,77.35,77.35,53.45,36,,,
2026-07-12 13:15:00+00:00,77.25,77.25,77.25,77.25,77.25,7.429,1,,,
2026-07-12 13:30:00+00:00,77.26,77.33,77.26,77.3,77.3,3.901,8,,,
2026-07-12 13:45:00+00:00,77.3,77.3,77.3,77.3,77.3,0.0,0,,,
2026-07-12 14:00:00+00:00,77.0,77.0,77.0,77.0,77.0,0.558,1,,,
2026-07-12 14:15:00+00:00,76.97,76.97,76.97,76.97,76.97,0.259,1,,,
2026-07-12 14:30:00+00:00,76.97,76.97,76.97,76.97,76.97,0.0,0,,,
2026-07-12 14:45:00+00:00,77.2,77.67,77.2,77.61,77.61,14.605,23,,,
2026-07-12 15:00:00+00:00,77.36,77.48,77.36,77.48,77.48,1.306,3,,,
2026-07-12 15:15:00+00:00,77.39,77.46,77.39,77.46,77.46,20.471,5,,,
2026-07-12 15:30:00+00:00,77.46,77.46,77.46,77.46,77.46,0.0,0,,,
2026-07-12 15:45:00+00:00,77.34,77.41,77.34,77.41,77.41,2.191,4,,,
2026-07-12 16:00:00+00:00,77.42,77.63,77.38,77.38,77.38,28.162,18,,,
2026-07-12 16:15:00+00:00,77.52,77.54,77.52,77.54,77.54,1.109,2,,,
2026-07-12 16:30:00+00:00,77.44,77.46,77.36,77.46,77.46,1.772,4,,,
2026-07-12 16:45:00+00:00,77.49,77.52,77.49,77.52,77.52,1.43,7,,,
2026-07-12 17:00:00+00:00,77.52,77.52,77.46,77.49,77.49,16.478,5,,,
2026-07-12 17:15:00+00:00,77.49,77.49,77.41,77.44,77.44,56.913,9,,,
2026-07-12 17:30:00+00:00,77.44,77.44,77.44,77.44,77.44,0.0,0,,,
2026-07-12 17:45:00+00:00,77.36,77.36,77.26,77.26,77.26,3.823,2,,,
2026-07-12 18:00:00+00:00,77.26,77.26,77.26,77.26,77.26,0.0,0,,,
2026-07-12 18:15:00+00:00,77.32,77.35,77.32,77.35,77.35,4.896,2,,,
2026-07-12 18:30:00+00:00,77.39,77.53,77.34,77.53,77.53,2.236,4,,,
2026-07-12 18:45:00+00:00,77.53,77.53,77.53,77.53,77.53,0.0,0,,,
2026-07-12 19:00:00+00:00,77.54,77.54,77.54,77.54,77.54,0.451,1,,,
2026-07-12 19:15:00+00:00,77.48,77.48,77.48,77.48,77.48,0.559,1,,,
2026-07-12 19:30:00+00:00,77.47,77.47,77.47,77.47,77.47,0.18,1,,,
2026-07-12 19:45:00+00:00,77.68,77.75,77.68,77.69,77.69,3.385,9,,,
2026-07-12 20:00:00+00:00,77.67,77.67,77.67,77.67,77.67,0.448,1,,,
2026-07-12 20:15:00+00:00,77.52,77.55,77.52,77.55,77.55,1.112,2,,,
2026-07-12 20:30:00+00:00,77.47,77.47,77.47,77.47,77.47,0.014,1,,,
2026-07-12 20:45:00+00:00,77.47,77.47,77.47,77.47,77.47,0.0,0,,,
2026-07-12 21:00:00+00:00,77.55,77.65,77.55,77.65,77.65,38.838,3,,,
2026-07-12 21:15:00+00:00,77.46,77.46,77.23,77.23,77.23,37.968,9,,,
2026-07-12 21:30:00+00:00,77.23,77.23,77.23,77.23,77.23,34.276,4,,,
2026-07-12 21:45:00+00:00,77.1,77.14,76.99,77.11,77.11,2.226,5,,,
2026-07-12 22:00:00+00:00,76.95,76.95,76.54,76.73,76.73,18.127,22,,,
2026-07-12 22:15:00+00:00,76.62,76.62,76.55,76.61,76.61,1.292,6,,,
2026-07-12 22:30:00+00:00,76.69,76.76,76.62,76.62,76.62,1.046,5,,,
2026-07-12 22:45:00+00:00,76.55,76.73,76.52,76.73,76.73,2.964,7,,,
2026-07-12 23:00:00+00:00,76.77,76.78,76.66,76.67,76.67,3.88,7,,,
2026-07-12 23:15:00+00:00,76.71,76.78,76.71,76.78,76.78,1.114,2,,,
2026-07-12 23:30:00+00:00,76.75,76.82,76.67,76.75,76.75,2.902,6,,,
2026-07-12 23:45:00+00:00,76.7,76.94,76.7,76.91,76.91,3.513,7,,,
2026-07-13 00:00:00+00:00,76.88,78.16,76.86,77.89,77.89,237.198,100,,,
2026-07-13 00:15:00+00:00,78.0,78.15,77.72,77.75,77.75,28.058,43,,,
2026-07-13 00:30:00+00:00,77.69,77.69,76.9,77.11,77.11,19.788,29,,,
2026-07-13 00:45:00+00:00,77.23,77.55,77.23,77.49,77.49,12.38,26,,,
2026-07-13 01:00:00+00:00,77.37,77.61,76.99,77.3,77.3,9.647,21,,,
2026-07-13 01:15:00+00:00,77.34,77.34,76.98,77.0,77.0,41.15,24,,,
2026-07-13 01:30:00+00:00,76.96,77.0,76.8,76.99,76.99,12.452,28,,,
2026-07-13 01:45:00+00:00,76.91,76.91,76.27,76.32,76.32,21.502,35,,,
2026-07-13 02:00:00+00:00,76.21,76.41,76.12,76.41,76.41,20.144,40,,,
2026-07-13 02:15:00+00:00,76.42,76.57,76.33,76.57,76.57,23.061,20,,,
2026-07-13 02:30:00+00:00,76.52,76.57,76.48,76.57,76.57,1.735,5,,,
2026-07-13 02:45:00+00:00,76.52,76.53,76.47,76.47,76.47,19.516,3,,,
2026-07-13 03:00:00+00:00,76.42,76.49,75.73,75.81,75.81,181.629,38,,,
2026-07-13 03:15:00+00:00,75.93,76.05,75.64,75.92,75.92,18.418,28,,,
2026-07-13 03:30:00+00:00,76.07,76.07,75.45,75.73,75.73,52.359,32,,,
2026-07-13 03:45:00+00:00,75.69,75.84,75.69,75.8,75.8,4.017,9,,,
2026-07-13 04:00:00+00:00,75.83,75.94,75.69,75.94,75.94,9.251,20,,,
2026-07-13 04:15:00+00:00,75.91,76.09,75.91,76.05,76.05,2.493,7,,,
2026-07-13 04:30:00+00:00,76.07,76.07,75.86,75.91,75.91,7.839,18,,,
2026-07-13 04:45:00+00:00,76.08,76.08,75.96,75.96,75.96,4.107,9,,,
2026-07-13 05:00:00+00:00,75.85,76.38,75.76,76.26,76.26,11.148,31,,,
2026-07-13 05:15:00+00:00,76.27,76.38,76.13,76.13,76.13,10.01,21,,,
2026-07-13 05:30:00+00:00,76.1,76.41,75.94,76.35,76.35,8.956,21,,,
2026-07-13 05:45:00+00:00,76.38,76.38,76.28,76.35,76.35,35.294,11,,,
2026-07-13 06:00:00+00:00,76.37,76.55,76.37,76.38,76.38,4.01,11,,,
2026-07-13 06:15:00+00:00,76.3,76.41,76.27,76.34,76.34,3.818,8,,,
2026-07-13 06:30:00+00:00,76.49,76.5,76.27,76.38,76.38,2.554,11,,,
2026-07-13 06:45:00+00:00,76.47,76.5,76.27,76.3,76.3,9.297,20,,,
2026-07-13 07:00:00+00:00,76.33,76.49,76.24,76.46,76.46,5.487,11,,,
2026-07-13 07:15:00+00:00,76.46,76.61,76.3,76.55,76.55,2.566,5,,,
2026-07-13 07:30:00+00:00,76.53,76.64,76.53,76.57,76.57,2.048,5,,,
2026-07-13 07:45:00+00:00,76.35,76.44,76.35,76.36,76.36,2.818,6,,,
2026-07-13 08:00:00+00:00,76.49,76.49,76.37,76.46,76.46,7.39,14,,,
2026-07-13 08:15:00+00:00,76.49,76.5,76.37,76.49,76.49,6.589,13,,,
2026-07-13 08:30:00+00:00,76.46,76.56,76.33,76.56,76.56,43.401,11,,,
2026-07-13 08:45:00+00:00,76.63,76.83,76.57,76.63,76.63,18.037,15,,,
2026-07-13 09:00:00+00:00,76.67,76.67,76.62,76.66,76.66,2.079,7,,,
2026-07-13 09:15:00+00:00,76.61,76.61,76.61,76.61,76.61,0.038,1,,,
2026-07-13 09:30:00+00:00,76.63,76.67,76.62,76.62,76.62,1.666,3,,,
2026-07-13 09:45:00+00:00,76.64,76.64,76.58,76.6,76.6,9.624,11,,,
2026-07-13 10:00:00+00:00,76.58,76.58,76.2,76.2,76.2,14.089,15,,,
2026-07-13 10:15:00+00:00,76.15,76.39,76.15,76.24,76.24,7.078,9,,,
2026-07-13 10:30:00+00:00,76.25,76.33,76.15,76.16,76.16,3.389,7,,,
2026-07-13 10:45:00+00:00,76.17,76.28,76.13,76.23,76.23,5.773,12,,,
2026-07-13 11:00:00+00:00,76.32,76.5,76.32,76.42,76.42,4.337,9,,,
2026-07-13 11:15:00+00:00,76.29,76.44,76.29,76.44,76.44,2.232,4,,,
2026-07-13 11:30:00+00:00,76.44,76.44,76.27,76.38,76.38,3.534,7,,,
2026-07-13 11:45:00+00:00,76.4,76.47,76.35,76.35,76.35,2.264,7,,,
2026-07-13 12:00:00+00:00,76.32,76.36,75.99,76.11,76.11,4.7,11,,,
2026-07-13 12:15:00+00:00,76.09,76.13,75.97,75.97,75.97,4.913,11,,,
2026-07-13 12:30:00+00:00,75.96,75.98,75.74,75.8,75.8,13.307,24,,,
2026-07-13 12:45:00+00:00,75.83,75.86,75.77,75.83,75.83,3.996,8,,,
2026-07-13 13:00:00+00:00,75.83,75.88,75.71,75.71,75.71,11.52,14,,,
2026-07-13 13:15:00+00:00,75.68,75.68,75.5,75.64,75.64,46.923,22,,,
2026-07-13 13:30:00+00:00,75.61,75.81,75.18,75.29,75.29,59.607,61,,,
2026-07-13 13:45:00+00:00,75.32,75.42,75.11,75.35,75.35,20.75,40,,,
2026-07-13 14:00:00+00:00,75.39,75.7,75.39,75.7,75.7,12.993,26,,,
2026-07-13 14:15:00+00:00,75.78,76.09,75.31,75.81,75.81,224.898,92,,,
2026-07-13 14:30:00+00:00,75.92,76.01,75.63,75.97,75.97,128.249,74,,,
2026-07-13 14:45:00+00:00,75.94,76.09,75.91,76.09,76.09,162.342,64,,,
2026-07-13 15:00:00+00:00,76.1,76.18,75.93,75.97,75.97,55.433,31,,,
2026-07-13 15:15:00+00:00,75.95,76.24,75.95,76.1,76.1,44.127,27,,,
2026-07-13 15:30:00+00:00,76.12,76.15,75.75,75.78,75.78,81.956,48,,,
2026-07-13 15:45:00+00:00,75.74,75.89,75.71,75.75,75.75,121.349,39,,,
2026-07-13 16:00:00+00:00,75.77,75.97,75.7,75.85,75.85,61.161,35,,,
2026-07-13 16:15:00+00:00,75.86,75.86,75.44,75.44,75.44,16.074,14,,,
2026-07-13 16:30:00+00:00,75.44,75.44,75.22,75.34,75.34,128.248,26,,,
2026-07-13 16:45:00+00:00,75.46,75.46,75.14,75.24,75.24,48.201,20,,,
2026-07-13 17:00:00+00:00,75.38,75.39,75.16,75.32,75.32,9.463,17,,,
2026-07-13 17:15:00+00:00,75.35,75.35,75.23,75.24,75.24,21.807,9,,,
2026-07-13 17:30:00+00:00,75.3,75.3,74.69,75.03,75.03,215.039,66,,,
2026-07-13 17:45:00+00:00,75.04,75.07,74.51,74.53,74.53,23.757,43,,,
2026-07-13 18:00:00+00:00,74.6,74.82,74.56,74.74,74.74,12.225,26,,,
2026-07-13 18:15:00+00:00,74.7,74.83,74.55,74.83,74.83,6.907,15,,,
2026-07-13 18:30:00+00:00,74.89,74.89,74.7,74.78,74.78,7.697,12,,,
2026-07-13 18:45:00+00:00,74.85,74.96,74.8,74.8,74.8,3.703,9,,,
2026-07-13 19:00:00+00:00,74.83,74.85,74.74,74.85,74.85,16.137,9,,,
2026-07-13 19:15:00+00:00,74.88,74.88,74.73,74.8,74.8,2.913,6,,,
2026-07-13 19:30:00+00:00,74.85,74.97,74.85,74.94,74.94,4.374,8,,,
2026-07-13 19:45:00+00:00,74.97,75.15,74.88,75.13,75.13,26.682,19,,,
2026-07-13 20:00:00+00:00,75.11,75.27,75.1,75.24,75.24,2.807,11,,,
2026-07-13 20:15:00+00:00,75.01,75.03,74.83,74.87,74.87,5.075,10,,,
2026-07-13 20:30:00+00:00,74.94,74.94,74.72,74.72,74.72,3.036,7,,,
2026-07-13 20:45:00+00:00,74.61,74.74,74.61,74.74,74.74,13.844,8,,,
2026-07-13 21:00:00+00:00,74.51,74.51,74.43,74.45,74.45,4.508,10,,,
2026-07-13 21:15:00+00:00,74.55,74.55,74.48,74.48,74.48,4.417,7,,,
2026-07-13 21:30:00+00:00,74.42,74.42,74.08,74.23,74.23,17.224,15,,,
2026-07-13 21:45:00+00:00,74.25,74.38,74.18,74.38,74.38,4.986,10,,,
2026-07-13 22:00:00+00:00,74.39,74.57,74.39,74.57,74.57,3.523,7,,,
2026-07-13 22:15:00+00:00,74.6,74.64,74.6,74.6,74.6,8.373,4,,,
2026-07-13 22:30:00+00:00,74.44,74.57,74.44,74.55,74.55,2.826,6,,,
2026-07-13 22:45:00+00:00,74.6,74.6,74.57,74.57,74.57,0.578,2,,,
2026-07-13 23:00:00+00:00,74.41,74.43,74.39,74.43,74.43,58.415,14,,,
2026-07-13 23:15:00+00:00,74.52,74.78,74.52,74.72,74.72,7.583,7,,,
2026-07-13 23:30:00+00:00,74.62,74.75,74.6,74.63,74.63,4.472,8,,,
2026-07-13 23:45:00+00:00,74.81,74.9,74.81,74.89,74.89,13.704,8,,,
2026-07-14 00:00:00+00:00,74.92,75.13,74.79,75.13,75.13,11.965,9,,,
2026-07-14 00:15:00+00:00,75.08,75.14,74.96,75.08,75.08,5.476,12,,,
2026-07-14 00:30:00+00:00,75.16,75.17,75.05,75.1,75.1,3.337,6,,,
2026-07-14 00:45:00+00:00,75.04,75.42,75.04,75.41,75.41,13.245,31,,,
2026-07-14 01:00:00+00:00,75.38,75.38,75.24,75.3,75.3,8.561,18,,,
2026-07-14 01:15:00+00:00,75.32,75.46,75.32,75.46,75.46,2.279,9,,,
2026-07-14 01:30:00+00:00,75.46,75.46,75.46,75.46,75.46,0.0,0,,,
2026-07-14 01:45:00+00:00,75.24,75.24,75.24,75.24,75.24,0.558,1,,,
2026-07-14 02:00:00+00:00,75.24,75.25,75.1,75.14,75.14,79.14,14,,,
2026-07-14 02:15:00+00:00,75.13,75.13,74.96,74.97,74.97,4.475,8,,,
2026-07-14 02:30:00+00:00,74.85,74.85,74.85,74.85,74.85,0.554,1,,,
2026-07-14 02:45:00+00:00,75.19,75.19,75.06,75.09,75.09,3.923,8,,,
2026-07-14 03:00:00+00:00,74.93,74.94,74.6,74.6,74.6,10.614,15,,,
2026-07-14 03:15:00+00:00,74.72,74.72,74.52,74.52,74.52,2.378,6,,,
2026-07-14 03:30:00+00:00,74.79,74.97,74.74,74.97,74.97,4.352,11,,,
2026-07-14 03:45:00+00:00,74.9,75.06,74.9,75.06,75.06,1.735,5,,,
2026-07-14 04:00:00+00:00,75.25,75.27,75.04,75.04,75.04,1.141,3,,,
2026-07-14 04:15:00+00:00,75.05,75.17,75.05,75.07,75.07,5.694,13,,,
2026-07-14 04:30:00+00:00,75.1,75.24,75.1,75.2,75.2,14.781,13,,,
2026-07-14 04:45:00+00:00,75.07,75.14,75.01,75.06,75.06,2.797,6,,,
2026-07-14 05:00:00+00:00,75.1,75.32,75.1,75.29,75.29,2.777,6,,,
2026-07-14 05:15:00+00:00,75.32,75.39,75.21,75.39,75.39,4.891,11,,,
2026-07-14 05:30:00+00:00,75.35,75.39,75.24,75.25,75.25,2.841,6,,,
2026-07-14 05:45:00+00:00,75.32,75.32,75.28,75.28,75.28,1.115,2,,,
2026-07-14 06:00:00+00:00,75.35,75.35,75.14,75.25,75.25,5.296,9,,,
2026-07-14 06:15:00+00:00,75.22,75.24,75.16,75.16,75.16,1.68,3,,,
2026-07-14 06:30:00+00:00,75.18,75.24,75.1,75.18,75.18,2.574,5,,,
2026-07-14 06:45:00+00:00,75.21,75.21,75.04,75.04,75.04,2.576,5,,,
2026-07-14 07:00:00+00:00,75.08,75.08,74.96,74.96,74.96,7.835,14,,,
2026-07-14 07:15:00+00:00,74.93,75.16,74.93,75.14,75.14,2.363,6,,,
2026-07-14 07:30:00+00:00,75.14,75.14,74.96,74.96,74.96,4.49,11,,,
2026-07-14 07:45:00+00:00,74.97,74.97,74.85,74.91,74.91,6.156,11,,,
2026-07-14 08:00:00+00:00,74.85,74.97,74.83,74.96,74.96,4.638,11,,,
2026-07-14 08:15:00+00:00,74.97,75.28,74.97,75.28,75.28,3.557,5,,,
2026-07-14 08:30:00+00:00,75.28,75.31,75.18,75.24,75.24,5.346,11,,,
2026-07-14 08:45:00+00:00,75.24,75.24,75.07,75.07,75.07,2.17,5,,,
2026-07-14 09:00:00+00:00,75.19,75.19,75.1,75.11,75.11,5.541,8,,,
2026-07-14 09:15:00+00:00,75.13,75.17,75.07,75.07,75.07,2.943,7,,,
2026-07-14 09:30:00+00:00,75.03,75.08,74.9,74.9,74.9,3.969,7,,,
2026-07-14 09:45:00+00:00,74.96,75.07,74.91,74.96,74.96,2.843,7,,,
2026-07-14 10:00:00+00:00,75.08,75.17,75.08,75.17,75.17,0.894,2,,,
2026-07-14 10:15:00+00:00,75.17,75.17,75.0,75.02,75.02,4.007,8,,,
2026-07-14 10:30:00+00:00,75.05,75.25,74.93,75.16,75.16,3.796,9,,,
2026-07-14 10:45:00+00:00,75.19,75.49,75.19,75.46,75.46,8.977,14,,,
2026-07-14 11:00:00+00:00,75.3,75.33,75.3,75.32,75.32,1.069,3,,,
2026-07-14 11:15:00+00:00,75.44,75.49,75.32,75.49,75.49,4.548,9,,,
2026-07-14 11:30:00+00:00,75.49,75.5,75.36,75.36,75.36,3.214,6,,,
2026-07-14 11:45:00+00:00,75.39,75.41,75.3,75.38,75.38,3.487,7,,,
2026-07-14 12:00:00+00:00,75.35,75.35,75.19,75.21,75.21,3.877,7,,,
2026-07-14 12:15:00+00:00,75.15,75.55,75.15,75.29,75.29,11.624,25,,,
2026-07-14 12:30:00+00:00,75.37,76.3,75.37,76.07,76.07,144.726,104,,,
2026-07-14 12:45:00+00:00,76.01,76.89,76.01,76.79,76.79,64.508,69,,,
2026-07-14 13:00:00+00:00,76.8,76.87,76.49,76.49,76.49,9.397,18,,,
2026-07-14 13:15:00+00:00,76.54,77.66,76.54,77.33,77.33,141.406,77,,,
2026-07-14 13:30:00+00:00,77.34,77.39,77.0,77.0,77.0,199.75,72,,,
2026-07-14 13:45:00+00:00,77.05,77.14,76.76,76.86,76.86,73.953,33,,,
2026-07-14 14:00:00+00:00,76.88,77.01,76.62,76.9,76.9,70.615,41,,,
2026-07-14 14:15:00+00:00,76.79,76.98,76.68,76.75,76.75,218.572,68,,,
2026-07-14 14:30:00+00:00,76.75,77.18,76.75,77.05,77.05,122.138,42,,,
2026-07-14 14:45:00+00:00,76.88,77.43,76.88,77.32,77.32,904.55,34,,,
2026-07-14 15:00:00+00:00,77.29,77.36,77.19,77.26,77.26,96.141,24,,,
2026-07-14 15:15:00+00:00,77.19,77.42,77.19,77.42,77.42,22.084,10,,,
2026-07-14 15:30:00+00:00,77.45,77.62,77.33,77.46,77.46,378.857,81,,,
2026-07-14 15:45:00+00:00,77.44,77.84,77.27,77.31,77.31,332.804,92,,,
2026-07-14 16:00:00+00:00,77.33,77.39,77.12,77.31,77.31,73.439,34,,,
2026-07-14 16:15:00+00:00,77.28,77.55,77.19,77.55,77.55,62.586,39,,,
2026-07-14 16:30:00+00:00,77.48,77.61,77.45,77.46,77.46,11.644,28,,,
2026-07-14 16:45:00+00:00,77.35,77.46,77.25,77.25,77.25,4.432,11,,,
2026-07-14 17:00:00+00:00,77.25,77.25,76.86,77.0,77.0,74.32,43,,,
2026-07-14 17:15:00+00:00,77.01,77.04,76.86,77.04,77.04,79.905,31,,,
2026-07-14 17:30:00+00:00,77.04,77.07,76.96,77.06,77.06,3.685,11,,,
2026-07-14 17:45:00+00:00,77.07,77.1,76.95,77.1,77.1,3.204,8,,,
2026-07-14 18:00:00+00:00,77.18,77.26,76.98,76.98,76.98,12.65,23,,,
2026-07-14 18:15:00+00:00,76.97,77.09,76.97,77.05,77.05,20.827,7,,,
2026-07-14 18:30:00+00:00,77.17,77.21,77.13,77.13,77.13,21.303,6,,,
2026-07-14 18:45:00+00:00,77.18,77.2,77.18,77.2,77.2,0.896,2,,,
2026-07-14 19:00:00+00:00,77.27,77.4,77.25,77.4,77.4,1.258,7,,,
2026-07-14 19:15:00+00:00,77.4,77.49,77.29,77.47,77.47,14.531,8,,,
2026-07-14 19:30:00+00:00,77.23,77.23,77.05,77.14,77.14,11.479,14,,,
2026-07-14 19:45:00+00:00,77.14,77.14,77.11,77.11,77.11,0.699,2,,,
2026-07-14 20:00:00+00:00,77.17,77.17,76.98,76.98,76.98,4.832,9,,,
2026-07-14 20:15:00+00:00,76.98,76.98,76.98,76.98,76.98,0.0,0,,,
2026-07-14 20:30:00+00:00,76.98,76.98,76.98,76.98,76.98,0.0,0,,,
2026-07-14 20:45:00+00:00,77.01,77.01,77.01,77.01,77.01,0.555,1,,,
2026-07-14 21:00:00+00:00,77.14,77.17,77.14,77.17,77.17,28.001,5,,,
2026-07-14 21:15:00+00:00,77.3,77.3,77.3,77.3,77.3,0.142,1,,,
2026-07-14 21:30:00+00:00,77.31,77.34,77.28,77.28,77.28,10.456,9,,,
2026-07-14 21:45:00+00:00,77.22,77.24,77.21,77.21,77.21,1.233,3,,,
2026-07-14 22:00:00+00:00,77.16,77.22,77.16,77.21,77.21,5.076,13,,,
2026-07-14 22:15:00+00:00,77.22,77.6,77.22,77.53,77.53,760.718,63,,,
2026-07-14 22:30:00+00:00,77.62,77.89,77.62,77.75,77.75,81.198,15,,,
2026-07-14 22:45:00+00:00,77.82,77.82,77.62,77.62,77.62,22.503,9,,,
2026-07-14 23:00:00+00:00,77.8,77.86,77.8,77.86,77.86,1.108,2,,,
2026-07-14 23:15:00+00:00,77.82,77.82,77.64,77.64,77.64,2.804,3,,,
2026-07-14 23:30:00+00:00,77.59,77.66,77.59,77.66,77.66,1.666,3,,,
2026-07-14 23:45:00+00:00,77.71,77.8,77.71,77.8,77.8,5.036,5,,,
2026-07-15 00:00:00+00:00,77.86,77.86,77.65,77.65,77.65,55.072,9,,,
2026-07-15 00:15:00+00:00,77.6,77.6,77.58,77.59,77.59,26.322,7,,,
2026-07-15 00:30:00+00:00,77.53,77.53,77.48,77.48,77.48,86.801,6,,,
2026-07-15 00:45:00+00:00,77.57,77.57,77.57,77.57,77.57,0.184,1,,,
2026-07-15 01:00:00+00:00,77.53,77.53,77.46,77.5,77.5,1.671,3,,,
2026-07-15 01:15:00+00:00,77.57,77.76,77.57,77.76,77.76,0.59,2,,,
2026-07-15 01:30:00+00:00,77.49,77.49,77.49,77.49,77.49,0.341,1,,,
2026-07-15 01:45:00+00:00,77.37,77.37,77.3,77.36,77.36,16.749,7,,,
2026-07-15 02:00:00+00:00,77.31,77.37,77.31,77.37,77.37,188.832,8,,,
2026-07-15 02:15:00+00:00,77.27,77.27,77.1,77.1,77.1,1.875,3,,,
2026-07-15 02:30:00+00:00,77.05,77.14,77.0,77.07,77.07,4.934,9,,,
2026-07-15 02:45:00+00:00,77.2,77.2,77.2,77.2,77.2,0.115,1,,,
2026-07-15 03:00:00+00:00,77.2,77.2,77.2,77.2,77.2,0.0,0,,,
2026-07-15 03:15:00+00:00,77.42,77.42,77.42,77.42,77.42,0.116,1,,,
2026-07-15 03:30:00+00:00,77.55,77.55,77.55,77.55,77.55,0.589,2,,,
2026-07-15 03:45:00+00:00,77.55,77.55,77.55,77.55,77.55,0.0,0,,,
2026-07-15 04:00:00+00:00,77.7,77.74,77.7,77.74,77.74,1.112,2,,,
2026-07-15 04:15:00+00:00,77.74,77.74,77.74,77.74,77.74,0.0,0,,,
2026-07-15 04:30:00+00:00,77.74,77.74,77.74,77.74,77.74,0.0,0,,,
2026-07-15 04:45:00+00:00,77.88,78.11,77.88,78.11,78.11,3.147,7,,,
2026-07-15 05:00:00+00:00,77.96,77.99,77.73,77.73,77.73,3.922,9,,,
2026-07-15 05:15:00+00:00,77.64,77.64,77.63,77.63,77.63,0.213,2,,,
2026-07-15 05:30:00+00:00,77.76,77.89,77.76,77.89,77.89,51.406,14,,,
2026-07-15 05:45:00+00:00,77.99,78.24,77.99,78.24,78.24,68.81,18,,,
2026-07-15 06:00:00+00:00,78.22,78.37,78.09,78.34,78.34,84.63,24,,,
2026-07-15 06:15:00+00:00,78.38,78.42,78.23,78.23,78.23,17.494,18,,,
2026-07-15 06:30:00+00:00,78.25,78.59,78.25,78.33,78.33,29.415,25,,,
2026-07-15 06:45:00+00:00,78.23,78.23,77.96,77.96,77.96,2.105,7,,,
2026-07-15 07:00:00+00:00,77.92,77.92,77.81,77.88,77.88,46.329,4,,,
2026-07-15 07:15:00+00:00,77.76,77.76,77.52,77.52,77.52,4.761,11,,,
2026-07-15 07:30:00+00:00,77.52,77.52,77.52,77.52,77.52,0.0,0,,,
2026-07-15 07:45:00+00:00,77.49,77.49,77.35,77.35,77.35,109.052,15,,,
2026-07-15 08:00:00+00:00,77.38,77.39,77.31,77.31,77.31,6.02,4,,,
2026-07-15 08:15:00+00:00,77.41,77.41,77.21,77.37,77.37,20.793,9,,,
2026-07-15 08:30:00+00:00,77.3,77.45,77.3,77.45,77.45,2.16,6,,,
2026-07-15 08:45:00+00:00,77.54,77.54,77.54,77.54,77.54,0.342,1,,,
2026-07-15 09:00:00+00:00,77.57,77.68,77.57,77.68,77.68,1.358,5,,,
2026-07-15 09:15:00+00:00,77.78,77.78,77.78,77.78,77.78,0.341,1,,,
2026-07-15 09:30:00+00:00,77.57,77.57,77.57,77.57,77.57,0.18,1,,,
2026-07-15 09:45:00+00:00,77.48,77.53,77.48,77.53,77.53,1.452,3,,,
2026-07-15 10:00:00+00:00,77.53,77.53,77.53,77.53,77.53,0.0,0,,,
2026-07-15 10:15:00+00:00,77.51,77.51,77.34,77.34,77.34,1.294,3,,,
2026-07-15 10:30:00+00:00,77.24,77.3,77.2,77.3,77.3,3.456,9,,,
2026-07-15 10:45:00+00:00,77.26,77.26,77.26,77.26,77.26,0.554,1,,,
2026-07-15 11:00:00+00:00,77.34,77.38,77.34,77.38,77.38,0.211,2,,,
2026-07-15 11:15:00+00:00,77.41,77.41,77.3,77.3,77.3,6.554,2,,,
2026-07-15 11:30:00+00:00,77.35,77.35,77.35,77.35,77.35,0.557,1,,,
2026-07-15 11:45:00+00:00,77.35,77.35,77.35,77.35,77.35,0.0,0,,,
2026-07-15 12:00:00+00:00,77.44,77.44,77.22,77.39,77.39,107.692,24,,,
2026-07-15 12:15:00+00:00,77.31,77.31,77.31,77.31,77.31,0.556,1,,,
2026-07-15 12:30:00+00:00,77.38,77.82,77.38,77.58,77.58,131.139,37,,,
2026-07-15 12:45:00+00:00,77.61,78.2,77.61,78.2,78.2,47.502,23,,,
2026-07-15 13:00:00+00:00,78.24,78.89,78.2,78.7,78.7,154.604,40,,,
2026-07-15 13:15:00+00:00,78.75,78.9,78.49,78.49,78.49,59.673,20,,,
2026-07-15 13:30:00+00:00,78.61,78.89,78.42,78.49,78.49,57.172,22,,,
2026-07-15 13:45:00+00:00,78.41,78.41,77.67,78.02,78.02,73.771,38,,,
2026-07-15 14:00:00+00:00,78.06,78.28,78.06,78.19,78.19,10.525,22,,,
2026-07-15 14:15:00+00:00,78.06,78.26,77.78,78.06,78.06,14.984,37,,,
2026-07-15 14:30:00+00:00,78.0,78.06,77.87,77.91,77.91,195.148,28,,,
2026-07-15 14:45:00+00:00,77.86,78.13,77.86,78.09,78.09,3.906,12,,,
2026-07-15 15:00:00+00:00,78.11,78.11,77.92,77.94,77.94,5.098,12,,,
2026-07-15 15:15:00+00:00,77.77,78.11,77.77,77.9,77.9,10.027,15,,,
2026-07-15 15:30:00+00:00,77.87,78.09,77.87,78.09,78.09,5.356,10,,,
2026-07-15 15:45:00+00:00,78.01,78.14,77.94,77.94,77.94,33.61,12,,,
2026-07-15 16:00:00+00:00,78.05,78.05,77.5,77.5,77.5,61.135,14,,,
2026-07-15 16:15:00+00:00,77.56,77.58,77.4,77.52,77.52,9.569,12,,,
2026-07-15 16:30:00+00:00,77.65,77.65,77.05,77.28,77.28,13.016,16,,,
2026-07-15 16:45:00+00:00,77.38,77.6,77.38,77.58,77.58,318.891,42,,,
2026-07-15 17:00:00+00:00,77.71,77.71,77.62,77.68,77.68,21.014,5,,,
2026-07-15 17:15:00+00:00,77.62,77.7,77.62,77.66,77.66,1.14,3,,,
2026-07-15 17:30:00+00:00,77.72,77.75,77.68,77.68,77.68,15.948,5,,,
2026-07-15 17:45:00+00:00,77.72,77.96,77.67,77.78,77.78,41.913,21,,,
2026-07-15 18:00:00+00:00,77.83,77.96,77.73,77.96,77.96,21.983,11,,,
2026-07-15 18:15:00+00:00,78.0,78.0,78.0,78.0,78.0,0.554,1,,,
2026-07-15 18:30:00+00:00,77.96,77.96,77.83,77.83,77.83,2.23,4,,,
2026-07-15 18:45:00+00:00,77.78,77.84,77.49,77.49,77.49,4.407,11,,,
2026-07-15 19:00:00+00:00,77.55,77.58,77.52,77.52,77.52,1.663,3,,,
2026-07-15 19:15:00+00:00,77.36,77.36,77.12,77.2,77.2,65.443,12,,,
2026-07-15 19:30:00+00:00,77.15,77.29,77.15,77.25,77.25,43.137,9,,,
2026-07-15 19:45:00+00:00,77.27,77.27,76.94,77.02,77.02,28.579,15,,,
2026-07-15 20:00:00+00:00,77.12,77.25,77.12,77.17,77.17,21.061,5,,,
2026-07-15 20:15:00+00:00,77.33,77.37,77.33,77.37,77.37,1.664,3,,,
2026-07-15 20:30:00+00:00,77.43,77.47,77.43,77.47,77.47,1.663,3,,,
2026-07-15 20:45:00+00:00,77.4,77.41,77.4,77.41,77.41,1.116,2,,,
2026-07-15 21:00:00+00:00,77.47,77.47,77.26,77.29,77.29,24.422,5,,,
2026-07-15 21:15:00+00:00,77.36,77.36,77.36,77.36,77.36,0.555,1,,,
2026-07-15 21:30:00+00:00,77.27,77.27,77.27,77.27,77.27,0.557,1,,,
2026-07-15 21:45:00+00:00,77.27,77.27,77.27,77.27,77.27,0.0,0,,,
2026-07-15 22:00:00+00:00,77.39,77.48,77.39,77.47,77.47,35.734,8,,,
2026-07-15 22:15:00+00:00,77.5,77.54,77.5,77.54,77.54,14.784,3,,,
2026-07-15 22:30:00+00:00,77.63,77.63,77.55,77.59,77.59,1.663,3,,,
2026-07-15 22:45:00+00:00,77.55,77.64,77.49,77.49,77.49,75.413,14,,,
2026-07-15 23:00:00+00:00,77.5,77.5,77.5,77.5,77.5,19.154,1,,,
2026-07-15 23:15:00+00:00,77.5,77.5,77.5,77.5,77.5,0.0,0,,,
2026-07-15 23:30:00+00:00,77.5,77.5,77.5,77.5,77.5,0.0,0,,,
2026-07-15 23:45:00+00:00,77.23,77.23,77.23,77.23,77.23,3.223,1,,,
2026-07-16 00:00:00+00:00,77.33,77.33,77.33,77.33,77.33,0.555,1,,,
2026-07-16 00:15:00+00:00,77.3,77.3,77.03,77.03,77.03,7.443,5,,,
2026-07-16 00:30:00+00:00,77.0,77.0,76.74,76.74,76.74,85.879,20,,,
2026-07-16 00:45:00+00:00,76.89,76.89,76.87,76.87,76.87,0.254,2,,,
2026-07-16 01:00:00+00:00,76.95,77.0,76.88,76.88,76.88,6.181,3,,,
2026-07-16 01:15:00+00:00,76.77,76.82,76.77,76.82,76.82,1.607,3,,,
2026-07-16 01:30:00+00:00,76.79,76.91,76.79,76.79,76.79,3.878,5,,,
2026-07-16 01:45:00+00:00,76.97,76.99,76.95,76.99,76.99,15.694,6,,,
2026-07-16 02:00:00+00:00,77.01,77.01,77.01,77.01,77.01,0.077,1,,,
2026-07-16 02:15:00+00:00,76.91,76.92,76.91,76.92,76.92,0.684,2,,,
2026-07-16 02:30:00+00:00,76.94,76.99,76.94,76.99,76.99,0.409,2,,,
2026-07-16 02:45:00+00:00,77.05,77.05,77.01,77.05,77.05,3.114,9,,,
2026-07-16 03:00:00+00:00,77.06,77.07,77.04,77.07,77.07,137.53,5,,,
2026-07-16 03:15:00+00:00,77.07,77.07,77.07,77.07,77.07,0.0,0,,,
2026-07-16 03:30:00+00:00,77.01,77.01,76.96,76.96,76.96,8.129,3,,,
2026-07-16 03:45:00+00:00,76.92,76.92,76.92,76.92,76.92,0.338,1,,,
2026-07-16 04:00:00+00:00,76.77,76.94,76.76,76.92,76.92,21.564,10,,,
2026-07-16 04:15:00+00:00,76.92,76.92,76.69,76.82,76.82,3.897,9,,,
2026-07-16 04:30:00+00:00,76.84,76.88,76.8,76.88,76.88,2.722,8,,,
2026-07-16 04:45:00+00:00,76.82,76.82,76.57,76.72,76.72,23.986,17,,,
2026-07-16 05:00:00+00:00,76.77,76.83,76.72,76.83,76.83,2.221,5,,,
2026-07-16 05:15:00+00:00,76.93,77.24,76.93,77.19,77.19,2.582,7,,,
2026-07-16 05:30:00+00:00,77.22,77.34,77.19,77.2,77.2,7.038,11,,,
2026-07-16 05:45:00+00:00,77.32,77.34,77.3,77.34,77.34,22.489,5,,,
2026-07-16 06:00:00+00:00,77.35,77.46,77.34,77.36,77.36,44.81,11,,,
2026-07-16 06:15:00+00:00,77.36,77.36,77.36,77.36,77.36,0.0,0,,,
2026-07-16 06:30:00+00:00,77.36,77.36,77.36,77.36,77.36,0.0,0,,,
2026-07-16 06:45:00+00:00,77.29,77.29,77.29,77.29,77.29,0.026,1,,,
2026-07-16 07:00:00+00:00,77.29,77.29,77.29,77.29,77.29,0.0,0,,,
2026-07-16 07:15:00+00:00,77.15,77.18,77.0,77.0,77.0,26.471,14,,,
2026-07-16 07:30:00+00:00,76.97,76.97,76.2,76.25,76.25,413.235,36,,,
2026-07-16 07:45:00+00:00,76.2,76.3,76.19,76.26,76.26,27.723,13,,,
2026-07-16 08:00:00+00:00,76.37,76.4,75.74,75.74,75.74,131.976,34,,,
2026-07-16 08:15:00+00:00,75.73,76.1,75.58,76.1,76.1,93.618,36,,,
2026-07-16 08:30:00+00:00,76.31,76.37,76.19,76.19,76.19,2.467,8,,,
2026-07-16 08:45:00+00:00,76.09,76.09,76.09,76.09,76.09,0.032,1,,,
2026-07-16 09:00:00+00:00,76.09,76.1,76.09,76.1,76.1,0.895,2,,,
2026-07-16 09:15:00+00:00,76.1,76.1,76.0,76.0,76.0,65.644,6,,,
2026-07-16 09:30:00+00:00,76.0,76.0,76.0,76.0,76.0,0.0,0,,,
2026-07-16 09:45:00+00:00,75.96,76.04,75.94,75.98,75.98,18.001,9,,,
2026-07-16 10:00:00+00:00,76.14,76.14,76.14,76.14,76.14,0.036,1,,,
2026-07-16 10:15:00+00:00,76.19,76.19,76.15,76.15,76.15,0.824,2,,,
2026-07-16 10:30:00+00:00,76.19,76.19,76.19,76.19,76.19,0.371,1,,,
2026-07-16 10:45:00+00:00,76.14,76.14,76.14,76.14,76.14,0.334,1,,,
2026-07-16 11:00:00+00:00,76.05,76.05,76.05,76.05,76.05,0.301,1,,,
2026-07-16 11:15:00+00:00,76.14,76.14,76.1,76.1,76.1,3.443,2,,,
2026-07-16 11:30:00+00:00,76.05,76.14,76.05,76.14,76.14,1.113,2,,,
2026-07-16 11:45:00+00:00,76.2,76.2,75.98,76.01,76.01,43.031,10,,,
2026-07-16 12:00:00+00:00,76.12,76.12,76.07,76.07,76.07,2.659,5,,,
2026-07-16 12:15:00+00:00,76.05,76.06,75.96,75.96,75.96,38.102,8,,,
2026-07-16 12:30:00+00:00,76.2,76.21,75.68,75.68,75.68,7.49,9,,,
2026-07-16 12:45:00+00:00,75.7,75.9,75.7,75.89,75.89,12.333,5,,,
2026-07-16 13:00:00+00:00,75.89,75.9,75.89,75.9,75.9,0.899,2,,,
2026-07-16 13:15:00+00:00,76.26,76.35,76.26,76.35,76.35,0.636,3,,,
2026-07-16 13:30:00+00:00,76.37,76.54,76.26,76.26,76.26,37.033,22,,,
2026-07-16 13:45:00+00:00,76.29,76.33,76.17,76.26,76.26,44.152,15,,,
2026-07-16 14:00:00+00:00,76.28,76.64,76.28,76.59,76.59,44.781,24,,,
2026-07-16 14:15:00+00:00,76.59,76.71,76.47,76.6,76.6,20.66,12,,,
2026-07-16 14:30:00+00:00,76.59,76.61,76.59,76.61,76.61,1.113,2,,,
2026-07-16 14:45:00+00:00,76.58,76.58,76.19,76.37,76.37,18.63,14,,,
2026-07-16 15:00:00+00:00,76.26,76.26,75.96,75.98,75.98,81.294,8,,,
2026-07-16 15:15:00+00:00,76.09,76.77,76.08,76.72,76.72,38.367,31,,,
2026-07-16 15:30:00+00:00,76.6,76.66,76.49,76.49,76.49,8.268,6,,,
2026-07-16 15:45:00+00:00,76.45,76.78,76.45,76.6,76.6,5.387,8,,,
2026-07-16 16:00:00+00:00,76.49,76.49,76.22,76.22,76.22,2.794,8,,,
2026-07-16 16:15:00+00:00,76.23,76.36,76.22,76.36,76.36,11.091,4,,,
2026-07-16 16:30:00+00:00,76.37,76.37,76.13,76.21,76.21,2.181,6,,,
2026-07-16 16:45:00+00:00,76.14,76.28,76.14,76.28,76.28,2.909,6,,,
2026-07-16 17:00:00+00:00,76.04,76.04,75.91,75.91,75.91,2.284,6,,,
2026-07-16 17:15:00+00:00,75.79,75.92,75.69,75.8,75.8,25.448,12,,,
2026-07-16 17:30:00+00:00,75.89,76.0,75.78,75.78,75.78,26.267,17,,,
2026-07-16 17:45:00+00:00,75.81,75.82,75.39,75.5,75.5,57.476,35,,,
2026-07-16 18:00:00+00:00,75.59,75.83,75.5,75.7,75.7,181.141,74,,,
2026-07-16 18:15:00+00:00,75.69,75.87,75.64,75.79,75.79,12.764,31,,,
2026-07-16 18:30:00+00:00,75.78,75.78,75.42,75.51,75.51,3.747,11,,,
2026-07-16 18:45:00+00:00,75.51,75.67,75.51,75.61,75.61,4.233,9,,,
2026-07-16 19:00:00+00:00,75.76,75.78,75.61,75.67,75.67,3.874,8,,,
2026-07-16 19:15:00+00:00,75.65,75.76,75.62,75.76,75.76,5.108,9,,,
2026-07-16 19:30:00+00:00,75.77,75.86,75.77,75.85,75.85,3.358,9,,,
2026-07-16 19:45:00+00:00,75.77,75.86,75.76,75.76,75.76,59.307,11,,,
2026-07-16 20:00:00+00:00,75.78,75.79,75.69,75.74,75.74,3.965,9,,,
2026-07-16 20:15:00+00:00,75.72,75.83,75.68,75.82,75.82,2.128,6,,,
2026-07-16 20:30:00+00:00,75.82,75.82,75.78,75.78,75.78,1.114,4,,,
2026-07-16 20:45:00+00:00,75.78,75.78,75.78,75.78,75.78,0.0,0,,,
2026-07-16 21:00:00+00:00,75.74,75.95,75.74,75.94,75.94,5.562,13,,,
2026-07-16 21:15:00+00:00,75.94,75.96,75.88,75.89,75.89,3.334,6,,,
2026-07-16 21:30:00+00:00,75.81,76.0,75.81,75.97,75.97,8.347,6,,,
2026-07-16 21:45:00+00:00,75.91,75.96,75.83,75.87,75.87,25.34,12,,,
2026-07-16 22:00:00+00:00,75.94,75.99,75.89,75.89,75.89,32.923,21,,,
2026-07-16 22:15:00+00:00,75.87,75.87,75.52,75.52,75.52,53.782,12,,,
2026-07-16 22:30:00+00:00,75.54,75.72,75.51,75.57,75.57,32.235,12,,,
2026-07-16 22:45:00+00:00,75.58,75.58,75.21,75.3,75.3,47.376,26,,,
2026-07-16 23:00:00+00:00,75.24,75.36,75.21,75.32,75.32,17.25,11,,,
2026-07-16 23:15:00+00:00,75.33,75.33,75.0,75.09,75.09,81.027,30,,,
2026-07-16 23:30:00+00:00,75.09,75.22,75.07,75.22,75.22,50.952,24,,,
2026-07-16 23:45:00+00:00,75.17,75.3,75.16,75.27,75.27,40.723,19,,,
2026-07-17 00:00:00+00:00,75.31,75.31,75.19,75.21,75.21,16.674,10,,,
2026-07-17 00:15:00+00:00,75.35,75.38,75.27,75.27,75.27,15.567,8,,,
2026-07-17 00:30:00+00:00,75.1,75.23,74.91,75.21,75.21,35.185,13,,,
2026-07-17 00:45:00+00:00,75.33,75.48,75.29,75.42,75.42,224.985,47,,,
2026-07-17 01:00:00+00:00,75.48,75.65,75.48,75.65,75.65,9.996,15,,,
2026-07-17 01:15:00+00:00,75.61,75.61,75.57,75.57,75.57,1.444,3,,,
2026-07-17 01:30:00+00:00,75.42,75.43,75.24,75.24,75.24,15.255,6,,,
2026-07-17 01:45:00+00:00,75.03,75.03,74.96,75.02,75.02,35.462,12,,,
2026-07-17 02:00:00+00:00,75.08,75.14,74.89,75.14,75.14,43.354,12,,,
2026-07-17 02:15:00+00:00,75.11,75.12,75.05,75.05,75.05,2.223,4,,,
2026-07-17 02:30:00+00:00,75.07,75.07,74.79,74.85,74.85,416.8,51,,,
2026-07-17 02:45:00+00:00,74.82,74.86,74.79,74.83,74.83,74.967,15,,,
2026-07-17 03:00:00+00:00,75.09,75.22,75.09,75.13,75.13,2.783,5,,,
2026-07-17 03:15:00+00:00,75.26,75.32,75.26,75.32,75.32,13.743,7,,,
2026-07-17 03:30:00+00:00,75.31,75.35,75.31,75.35,75.35,1.452,3,,,
2026-07-17 03:45:00+00:00,75.15,75.16,75.15,75.16,75.16,1.115,2,,,
2026-07-17 04:00:00+00:00,75.16,75.16,75.05,75.05,75.05,1.497,3,,,
2026-07-17 04:15:00+00:00,75.05,75.05,74.71,74.89,74.89,17.836,17,,,
2026-07-17 04:30:00+00:00,75.08,75.09,75.08,75.09,75.09,0.681,2,,,
2026-07-17 04:45:00+00:00,75.08,75.25,75.08,75.22,75.22,4.561,14,,,
2026-07-17 05:00:00+00:00,75.19,75.19,75.07,75.08,75.08,1.68,3,,,
2026-07-17 05:15:00+00:00,75.05,75.1,74.84,74.84,74.84,9.078,13,,,
2026-07-17 05:30:00+00:00,74.8,74.8,74.6,74.68,74.68,19.609,16,,,
2026-07-17 05:45:00+00:00,74.45,74.46,74.3,74.32,74.32,30.602,31,,,
2026-07-17 06:00:00+00:00,74.3,74.49,74.3,74.44,74.44,5.117,10,,,
2026-07-17 06:15:00+00:00,74.5,74.67,74.44,74.66,74.66,6.433,14,,,
2026-07-17 06:30:00+00:00,74.65,74.67,74.63,74.65,74.65,3.921,8,,,
2026-07-17 06:45:00+00:00,74.52,74.55,74.45,74.55,74.55,2.172,5,,,
2026-07-17 07:00:00+00:00,74.55,74.56,74.52,74.52,74.52,2.913,6,,,
2026-07-17 07:15:00+00:00,74.5,74.5,74.4,74.49,74.49,23.104,8,,,
2026-07-17 07:30:00+00:00,74.51,74.61,74.42,74.52,74.52,6.586,10,,,
2026-07-17 07:45:00+00:00,74.64,74.64,74.59,74.59,74.59,0.862,2,,,
2026-07-17 08:00:00+00:00,74.55,74.57,74.48,74.52,74.52,25.959,12,,,
2026-07-17 08:15:00+00:00,74.4,74.5,74.4,74.5,74.5,3.422,7,,,
2026-07-17 08:30:00+00:00,74.42,74.44,74.23,74.27,74.27,10.039,9,,,
2026-07-17 08:45:00+00:00,74.48,74.57,74.45,74.53,74.53,5.029,9,,,
2026-07-17 09:00:00+00:00,74.53,74.57,74.43,74.57,74.57,4.972,9,,,
2026-07-17 09:15:00+00:00,74.52,74.63,74.46,74.62,74.62,3.447,7,,,
2026-07-17 09:30:00+00:00,74.69,74.73,74.69,74.73,74.73,0.778,3,,,
2026-07-17 09:45:00+00:00,74.67,74.69,74.64,74.64,74.64,1.672,3,,,
2026-07-17 10:00:00+00:00,74.61,74.77,74.61,74.77,74.77,4.572,9,,,
2026-07-17 10:15:00+00:00,74.78,74.78,74.69,74.69,74.69,2.778,5,,,
2026-07-17 10:30:00+00:00,74.75,74.77,74.74,74.77,74.77,2.226,4,,,
2026-07-17 10:45:00+00:00,74.79,74.8,74.74,74.74,74.74,2.183,5,,,
2026-07-17 11:00:00+00:00,74.77,74.78,74.69,74.69,74.69,2.271,6,,,
2026-07-17 11:15:00+00:00,74.69,74.75,74.69,74.75,74.75,1.48,3,,,
2026-07-17 11:30:00+00:00,74.72,74.85,74.69,74.85,74.85,2.255,8,,,
2026-07-17 11:45:00+00:00,74.85,74.88,74.77,74.77,74.77,2.528,5,,,
2026-07-17 12:00:00+00:00,74.76,74.76,74.69,74.69,74.69,14.122,6,,,
2026-07-17 12:15:00+00:00,74.65,74.67,74.65,74.67,74.67,0.031,2,,,
2026-07-17 12:30:00+00:00,74.6,74.6,74.39,74.39,74.39,1.334,4,,,
2026-07-17 12:45:00+00:00,74.35,74.41,74.35,74.38,74.38,2.773,5,,,
2026-07-17 13:00:00+00:00,74.24,74.24,73.54,73.66,73.66,78.879,34,,,
2026-07-17 13:15:00+00:00,73.68,73.77,73.57,73.7,73.7,59.299,12,,,
2026-07-17 13:30:00+00:00,73.81,73.89,73.36,73.48,73.48,46.24,33,,,
2026-07-17 13:45:00+00:00,73.38,74.24,73.38,74.24,74.24,82.625,44,,,
2026-07-17 14:00:00+00:00,74.28,74.68,74.28,74.64,74.64,8.699,22,,,
2026-07-17 14:15:00+00:00,74.51,74.51,74.45,74.45,74.45,14.442,8,,,
2026-07-17 14:30:00+00:00,74.34,74.46,74.1,74.38,74.38,10.01,13,,,
2026-07-17 14:45:00+00:00,74.34,74.34,74.16,74.24,74.24,6.662,8,,,
2026-07-17 15:00:00+00:00,74.2,74.2,73.92,73.97,73.97,10.354,21,,,
2026-07-17 15:15:00+00:00,73.9,74.15,73.88,74.15,74.15,42.265,14,,,
2026-07-17 15:30:00+00:00,74.23,74.45,74.08,74.34,74.34,61.318,25,,,
2026-07-17 15:45:00+00:00,74.35,74.72,74.33,74.72,74.72,30.92,31,,,
2026-07-17 16:00:00+00:00,74.73,74.86,74.61,74.79,74.79,177.293,37,,,
2026-07-17 16:15:00+00:00,74.71,74.87,74.7,74.87,74.87,24.706,10,,,
2026-07-17 16:30:00+00:00,74.9,75.03,74.9,75.0,75.0,1.773,8,,,
2026-07-17 16:45:00+00:00,74.96,75.01,74.91,74.91,74.91,0.753,5,,,
2026-07-17 17:00:00+00:00,74.99,75.53,74.99,75.31,75.31,42.818,33,,,
2026-07-17 17:15:00+00:00,75.27,75.28,75.16,75.28,75.28,14.81,8,,,
2026-07-17 17:30:00+00:00,75.15,75.15,75.15,75.15,75.15,0.555,2,,,
2026-07-17 17:45:00+00:00,75.27,75.27,75.27,75.27,75.27,0.186,1,,,
2026-07-17 18:00:00+00:00,75.18,75.18,75.15,75.18,75.18,0.795,3,,,
2026-07-17 18:15:00+00:00,75.16,75.16,75.01,75.01,75.01,4.626,4,,,
2026-07-17 18:30:00+00:00,75.01,75.01,75.01,75.01,75.01,0.0,0,,,
2026-07-17 18:45:00+00:00,75.05,75.33,75.05,75.28,75.28,416.069,54,,,
2026-07-17 19:00:00+00:00,75.3,75.3,75.07,75.07,75.07,2.943,7,,,
2026-07-17 19:15:00+00:00,74.96,74.96,74.93,74.93,74.93,1.294,3,,,
2026-07-17 19:30:00+00:00,75.0,75.15,75.0,75.15,75.15,24.84,8,,,
2026-07-17 19:45:00+00:00,75.14,75.15,75.14,75.15,75.15,133.08,24,,,
2026-07-17 20:00:00+00:00,75.05,75.05,74.93,74.93,74.93,0.718,2,,,
2026-07-17 20:15:00+00:00,74.93,74.93,74.93,74.93,74.93,0.0,0,,,
2026-07-17 20:30:00+00:00,74.93,74.93,74.93,74.93,74.93,0.0,0,,,
2026-07-17 20:45:00+00:00,74.93,74.93,74.93,74.93,74.93,0.0,0,,,
2026-07-17 21:00:00+00:00,75.13,75.13,75.13,75.13,75.13,0.556,1,,,
2026-07-17 21:15:00+00:00,75.09,75.16,75.09,75.16,75.16,1.67,3,,,
2026-07-17 21:30:00+00:00,75.06,75.06,74.96,74.96,74.96,0.619,4,,,
2026-07-17 21:45:00+00:00,74.99,74.99,74.99,74.99,74.99,0.556,1,,,
2026-07-17 22:00:00+00:00,74.97,74.98,74.94,74.94,74.94,3.891,4,,,
2026-07-17 22:15:00+00:00,74.84,74.88,74.84,74.88,74.88,3.226,2,,,
2026-07-17 22:30:00+00:00,74.88,74.88,74.88,74.88,74.88,0.0,0,,,
2026-07-17 22:45:00+00:00,74.88,74.88,74.88,74.88,74.88,0.0,0,,,
2026-07-17 23:00:00+00:00,74.88,74.88,74.88,74.88,74.88,0.0,0,,,
2026-07-17 23:15:00+00:00,74.88,74.88,74.88,74.88,74.88,0.0,0,,,
2026-07-17 23:30:00+00:00,74.88,74.88,74.88,74.88,74.88,0.0,0,,,
2026-07-17 23:45:00+00:00,74.88,74.88,74.88,74.88,74.88,0.0,0,,,
2026-07-18 00:00:00+00:00,75.03,75.03,75.03,75.03,75.03,0.333,1,,,
2026-07-18 00:15:00+00:00,75.18,75.24,75.18,75.19,75.19,151.741,38,,,
2026-07-18 00:30:00+00:00,75.19,75.19,75.19,75.19,75.19,0.0,0,,,
2026-07-18 00:45:00+00:00,75.07,75.08,75.06,75.08,75.08,65.037,8,,,
2026-07-18 01:00:00+00:00,75.08,75.08,75.07,75.07,75.07,74.93,22,,,
2026-07-18 01:15:00+00:00,75.07,75.07,75.07,75.07,75.07,0.0,0,,,
2026-07-18 01:30:00+00:00,75.13,75.13,75.13,75.13,75.13,0.106,1,,,
2026-07-18 01:45:00+00:00,75.13,75.13,75.13,75.13,75.13,0.0,0,,,
2026-07-18 02:00:00+00:00,75.23,75.23,75.23,75.23,75.23,0.025,1,,,
2026-07-18 02:15:00+00:00,75.28,75.33,75.28,75.33,75.33,21.293,6,,,
2026-07-18 02:30:00+00:00,75.34,75.38,75.34,75.38,75.38,0.238,2,,,
2026-07-18 02:45:00+00:00,75.27,75.27,75.2,75.2,75.2,1.302,3,,,
2026-07-18 03:00:00+00:00,75.25,75.25,75.25,75.25,75.25,0.031,1,,,
2026-07-18 03:15:00+00:00,75.25,75.25,75.25,75.25,75.25,0.0,0,,,
2026-07-18 03:30:00+00:00,75.25,75.25,75.25,75.25,75.25,0.0,0,,,
2026-07-18 03:45:00+00:00,75.25,75.25,75.25,75.25,75.25,0.0,0,,,
2026-07-18 04:00:00+00:00,75.34,75.34,75.34,75.34,75.34,0.464,1,,,
2026-07-18 04:15:00+00:00,75.14,75.2,75.14,75.2,75.2,0.522,2,,,
2026-07-18 04:30:00+00:00,75.2,75.2,75.2,75.2,75.2,0.0,0,,,
2026-07-18 04:45:00+00:00,75.2,75.2,75.2,75.2,75.2,0.0,0,,,
2026-07-18 05:00:00+00:00,75.03,75.03,74.95,74.95,74.95,1.459,3,,,
2026-07-18 05:15:00+00:00,74.96,75.02,74.96,75.0,75.0,1.818,5,,,
2026-07-18 05:30:00+00:00,74.97,74.97,74.91,74.92,74.92,2.234,4,,,
2026-07-18 05:45:00+00:00,74.95,74.97,74.94,74.94,74.94,2.176,4,,,
2026-07-18 06:00:00+00:00,74.92,74.92,74.92,74.92,74.92,0.556,1,,,
2026-07-18 06:15:00+00:00,75.01,75.02,75.01,75.02,75.02,0.592,2,,,
2026-07-18 06:30:00+00:00,74.97,74.99,74.97,74.99,74.99,0.866,2,,,
2026-07-18 06:45:00+00:00,75.03,75.03,75.02,75.02,75.02,0.938,3,,,
2026-07-18 07:00:00+00:00,75.0,75.0,75.0,75.0,75.0,5.0,1,,,
2026-07-18 07:15:00+00:00,74.89,74.92,74.89,74.9,74.9,1.675,3,,,
2026-07-18 07:30:00+00:00,74.91,74.93,74.91,74.93,74.93,2.697,3,,,
2026-07-18 07:45:00+00:00,75.0,75.0,74.88,74.88,74.88,1.115,2,,,
2026-07-18 08:00:00+00:00,74.92,74.92,74.84,74.88,74.88,1.682,3,,,
2026-07-18 08:15:00+00:00,74.91,74.91,74.91,74.91,74.91,0.553,1,,,
2026-07-18 08:30:00+00:00,74.99,74.99,74.94,74.94,74.94,16.127,10,,,
2026-07-18 08:45:00+00:00,74.95,74.96,74.93,74.96,74.96,2.235,4,,,
2026-07-18 09:00:00+00:00,74.96,74.96,74.96,74.96,74.96,0.0,0,,,
2026-07-18 09:15:00+00:00,74.75,74.75,74.75,74.75,74.75,1.0,1,,,
2026-07-18 09:30:00+00:00,74.64,74.74,74.64,74.71,74.71,4.758,6,,,
2026-07-18 09:45:00+00:00,74.79,74.79,74.79,74.79,74.79,0.562,1,,,
2026-07-18 10:00:00+00:00,74.82,74.85,74.82,74.85,74.85,1.116,2,,,
2026-07-18 10:15:00+00:00,74.77,74.86,74.77,74.86,74.86,1.156,3,,,
2026-07-18 10:30:00+00:00,74.86,74.86,74.86,74.86,74.86,0.0,0,,,
2026-07-18 10:45:00+00:00,74.84,74.84,74.84,74.84,74.84,0.266,1,,,
2026-07-18 11:00:00+00:00,74.84,74.84,74.84,74.84,74.84,0.0,0,,,
2026-07-18 11:15:00+00:00,74.91,74.91,74.91,74.91,74.91,1.67,3,,,
2026-07-18 11:30:00+00:00,74.97,74.97,74.97,74.97,74.97,0.562,1,,,
2026-07-18 11:45:00+00:00,74.94,74.97,74.94,74.97,74.97,2.238,4,,,
2026-07-18 12:00:00+00:00,75.02,75.14,75.02,75.14,75.14,2.234,4,,,
2026-07-18 12:15:00+00:00,74.77,74.77,74.77,74.77,74.77,1.12,2,,,
2026-07-18 12:30:00+00:00,74.82,74.92,74.82,74.92,74.92,1.678,3,,,
2026-07-18 12:45:00+00:00,75.03,75.03,75.03,75.03,75.03,0.562,1,,,
2026-07-18 13:00:00+00:00,74.85,74.89,74.7,74.7,74.7,404.945,67,,,
2026-07-18 13:15:00+00:00,74.64,74.67,74.61,74.61,74.61,1.19,4,,,
2026-07-18 13:30:00+00:00,74.61,74.61,74.61,74.61,74.61,0.0,0,,,
2026-07-18 13:45:00+00:00,74.61,74.61,74.61,74.61,74.61,0.0,0,,,
2026-07-18 14:00:00+00:00,74.61,74.61,74.61,74.61,74.61,0.0,0,,,
2026-07-18 14:15:00+00:00,74.61,74.61,74.61,74.61,74.61,0.0,0,,,
2026-07-18 14:30:00+00:00,74.85,74.86,74.84,74.86,74.86,4.258,5,,,
2026-07-18 14:45:00+00:00,74.86,74.86,74.86,74.86,74.86,0.0,0,,,
2026-07-18 15:00:00+00:00,74.94,74.94,74.88,74.88,74.88,1.679,4,,,
2026-07-18 15:15:00+00:00,74.93,74.93,74.86,74.89,74.89,2.155,3,,,
2026-07-18 15:30:00+00:00,74.92,74.92,74.92,74.92,74.92,0.472,1,,,
2026-07-18 15:45:00+00:00,74.85,74.85,74.77,74.83,74.83,11.118,3,,,
2026-07-18 16:00:00+00:00,74.92,74.94,74.83,74.94,74.94,2.742,6,,,
2026-07-18 16:15:00+00:00,74.97,74.97,74.97,74.97,74.97,3.334,1,,,
2026-07-18 16:30:00+00:00,74.97,74.97,74.97,74.97,74.97,0.0,0,,,
2026-07-18 16:45:00+00:00,75.12,75.24,75.02,75.11,75.11,28.083,13,,,
2026-07-18 17:00:00+00:00,75.11,75.11,75.11,75.11,75.11,0.028,1,,,
2026-07-18 17:15:00+00:00,75.11,75.11,75.11,75.11,75.11,0.0,0,,,
2026-07-18 17:30:00+00:00,75.12,75.31,75.12,75.28,75.28,6.028,4,,,
2026-07-18 17:45:00+00:00,75.27,75.3,75.25,75.3,75.3,74.128,21,,,
2026-07-18 18:00:00+00:00,75.3,75.5,75.25,75.25,75.25,4.53,11,,,
2026-07-18 18:15:00+00:00,75.35,75.53,75.35,75.53,75.53,33.16,6,,,
2026-07-18 18:30:00+00:00,75.25,75.25,75.18,75.18,75.18,2.59,4,,,
2026-07-18 18:45:00+00:00,75.23,75.23,75.19,75.19,75.19,1.113,2,,,
2026-07-18 19:00:00+00:00,75.19,75.19,75.19,75.19,75.19,0.0,0,,,
2026-07-18 19:15:00+00:00,75.34,75.38,75.23,75.23,75.23,20.735,4,,,
2026-07-18 19:30:00+00:00,75.27,75.27,75.27,75.27,75.27,0.557,1,,,
2026-07-18 19:45:00+00:00,75.27,75.27,75.27,75.27,75.27,0.0,0,,,
2026-07-18 20:00:00+00:00,75.27,75.27,75.27,75.27,75.27,0.0,0,,,
2026-07-18 20:15:00+00:00,75.27,75.27,75.27,75.27,75.27,0.0,0,,,
2026-07-18 20:30:00+00:00,75.37,75.37,75.37,75.37,75.37,0.278,1,,,
2026-07-18 20:45:00+00:00,75.35,75.43,75.35,75.43,75.43,7.903,3,,,
2026-07-18 21:00:00+00:00,75.43,75.43,75.43,75.43,75.43,0.0,0,,,
2026-07-18 21:15:00+00:00,75.56,75.56,75.43,75.46,75.46,30.113,4,,,
2026-07-18 21:30:00+00:00,75.46,75.46,75.46,75.46,75.46,0.0,0,,,
2026-07-18 21:45:00+00:00,75.46,75.46,75.46,75.46,75.46,0.0,0,,,
2026-07-18 22:00:00+00:00,75.42,75.57,75.42,75.56,75.56,0.621,3,,,
2026-07-18 22:15:00+00:00,75.53,75.53,75.45,75.45,75.45,2.386,2,,,
2026-07-18 22:30:00+00:00,75.41,75.41,75.38,75.39,75.39,1.666,3,,,
2026-07-18 22:45:00+00:00,75.44,75.49,75.44,75.49,75.49,0.656,2,,,
2026-07-18 23:00:00+00:00,75.49,75.49,75.49,75.49,75.49,0.0,0,,,
2026-07-18 23:15:00+00:00,75.42,75.42,75.42,75.42,75.42,0.558,1,,,
2026-07-18 23:30:00+00:00,75.42,75.42,75.42,75.42,75.42,0.0,0,,,
2026-07-18 23:45:00+00:00,75.47,75.49,75.43,75.49,75.49,1.981,5,,,
2026-07-19 00:00:00+00:00,75.51,75.52,75.51,75.52,75.52,37.603,4,,,
2026-07-19 00:15:00+00:00,75.46,75.55,75.46,75.55,75.55,1.111,3,,,
2026-07-19 00:30:00+00:00,75.55,75.55,75.55,75.55,75.55,0.0,0,,,
2026-07-19 00:45:00+00:00,75.51,75.65,75.51,75.53,75.53,4.228,7,,,
2026-07-19 01:00:00+00:00,75.56,75.58,75.55,75.56,75.56,62.233,8,,,
2026-07-19 01:15:00+00:00,75.61,75.61,75.58,75.58,75.58,2.1,4,,,
2026-07-19 01:30:00+00:00,75.52,75.53,75.52,75.53,75.53,53.15,4,,,
2026-07-19 01:45:00+00:00,75.56,75.64,75.56,75.64,75.64,0.655,2,,,
2026-07-19 02:00:00+00:00,75.69,76.19,75.69,76.04,76.04,96.507,36,,,
2026-07-19 02:15:00+00:00,76.17,76.17,75.93,75.94,75.94,6.174,15,,,
2026-07-19 02:30:00+00:00,76.18,76.52,76.18,76.33,76.33,16.886,32,,,
2026-07-19 02:45:00+00:00,76.22,76.32,76.19,76.19,76.19,5.648,11,,,
2026-07-19 03:00:00+00:00,76.26,76.4,76.1,76.1,76.1,14.409,13,,,
2026-07-19 03:15:00+00:00,75.99,75.99,75.87,75.87,75.87,0.368,2,,,
2026-07-19 03:30:00+00:00,75.84,75.91,75.84,75.85,75.85,7.224,5,,,
2026-07-19 03:45:00+00:00,75.85,75.93,75.85,75.89,75.89,8.284,7,,,
2026-07-19 04:00:00+00:00,75.92,75.92,75.71,75.71,75.71,3.917,7,,,
2026-07-19 04:15:00+00:00,75.85,75.85,75.8,75.83,75.83,4.974,4,,,
2026-07-19 04:30:00+00:00,75.94,76.04,75.94,75.95,75.95,23.235,9,,,
2026-07-19 04:45:00+00:00,76.02,76.02,75.92,75.92,75.92,11.986,7,,,
2026-07-19 05:00:00+00:00,76.02,76.02,75.99,76.0,76.0,5.118,3,,,
2026-07-19 05:15:00+00:00,76.05,76.05,75.95,76.0,76.0,1.68,3,,,
2026-07-19 05:30:00+00:00,75.94,75.94,75.94,75.94,75.94,1.118,2,,,
2026-07-19 05:45:00+00:00,75.98,76.02,75.98,76.02,76.02,1.12,2,,,
2026-07-19 06:00:00+00:00,75.96,75.99,75.96,75.99,75.99,1.116,2,,,
2026-07-19 06:15:00+00:00,75.99,75.99,75.99,75.99,75.99,1.116,2,,,
2026-07-19 06:30:00+00:00,75.97,75.97,75.97,75.97,75.97,0.555,1,,,
2026-07-19 06:45:00+00:00,76.03,76.11,76.01,76.11,76.11,1.86,4,,,
2026-07-19 07:00:00+00:00,75.99,75.99,75.99,75.99,75.99,0.184,1,,,
2026-07-19 07:15:00+00:00,76.1,76.14,76.1,76.14,76.14,0.371,3,,,
2026-07-19 07:30:00+00:00,76.14,76.3,76.14,76.18,76.18,2.969,6,,,
2026-07-19 07:45:00+00:00,76.24,76.24,76.1,76.1,76.1,3.478,3,,,
2026-07-19 08:00:00+00:00,76.22,76.22,76.22,76.22,76.22,0.183,1,,,
2026-07-19 08:15:00+00:00,76.18,76.19,76.18,76.19,76.19,3.843,3,,,
2026-07-19 08:30:00+00:00,76.19,76.19,76.19,76.19,76.19,0.0,0,,,
2026-07-19 08:45:00+00:00,76.19,76.21,76.19,76.19,76.19,1.378,3,,,
2026-07-19 09:00:00+00:00,76.24,76.24,76.12,76.12,76.12,1.259,4,,,
2026-07-19 09:15:00+00:00,76.1,76.1,75.92,75.92,75.92,11.241,3,,,
2026-07-19 09:30:00+00:00,75.96,75.96,75.96,75.96,75.96,1.12,2,,,
2026-07-19 09:45:00+00:00,75.96,75.96,75.96,75.96,75.96,0.0,0,,,
2026-07-19 10:00:00+00:00,75.96,75.96,75.96,75.96,75.96,0.0,0,,,
2026-07-19 10:15:00+00:00,75.96,75.96,75.96,75.96,75.96,0.0,0,,,
2026-07-19 10:30:00+00:00,76.1,76.1,76.1,76.1,76.1,0.183,1,,,
2026-07-19 10:45:00+00:00,76.23,76.47,76.23,76.23,76.23,7.198,9,,,
2026-07-19 11:00:00+00:00,76.23,76.23,76.2,76.2,76.2,0.689,2,,,
2026-07-19 11:15:00+00:00,76.26,76.3,76.26,76.3,76.3,1.118,2,,,
2026-07-19 11:30:00+00:00,76.19,76.24,76.19,76.24,76.24,1.117,2,,,
2026-07-19 11:45:00+00:00,76.15,76.15,76.06,76.08,76.08,2.283,6,,,
2026-07-19 12:00:00+00:00,75.99,75.99,75.87,75.87,75.87,9.564,6,,,
2026-07-19 12:15:00+00:00,75.99,76.15,75.99,75.99,75.99,6.695,9,,,
2026-07-19 12:30:00+00:00,75.99,75.99,75.99,75.99,75.99,0.0,0,,,
2026-07-19 12:45:00+00:00,75.96,76.0,75.96,76.0,76.0,1.117,2,,,
2026-07-19 13:00:00+00:00,76.0,76.0,76.0,76.0,76.0,0.0,0,,,
2026-07-19 13:15:00+00:00,75.9,75.94,75.87,75.87,75.87,1.302,3,,,
2026-07-19 13:30:00+00:00,75.99,75.99,75.96,75.96,75.96,0.74,2,,,
2026-07-19 13:45:00+00:00,76.02,76.02,76.02,76.02,76.02,0.562,1,,,
2026-07-19 14:00:00+00:00,76.1,76.22,76.1,76.2,76.2,10.582,6,,,
2026-07-19 14:15:00+00:00,76.24,76.24,76.04,76.04,76.04,1.117,2,,,
2026-07-19 14:30:00+00:00,76.24,76.31,76.24,76.31,76.31,11.388,4,,,
2026-07-19 14:45:00+00:00,76.49,76.64,76.49,76.64,76.64,2.303,6,,,
2026-07-19 15:00:00+00:00,76.25,76.25,76.24,76.24,76.24,15.399,5,,,
2026-07-19 15:15:00+00:00,76.21,76.22,76.21,76.22,76.22,1.119,2,,,
2026-07-19 15:30:00+00:00,76.22,76.22,76.22,76.22,76.22,0.0,0,,,
2026-07-19 15:45:00+00:00,76.13,76.24,76.12,76.24,76.24,3.835,3,,,
2026-07-19 16:00:00+00:00,76.24,76.24,76.24,76.24,76.24,0.0,0,,,
2026-07-19 16:15:00+00:00,76.11,76.11,76.02,76.02,76.02,19.22,7,,,
2026-07-19 16:30:00+00:00,76.0,76.0,75.99,75.99,75.99,0.739,2,,,
2026-07-19 16:45:00+00:00,75.96,75.96,75.87,75.87,75.87,16.947,5,,,
2026-07-19 17:00:00+00:00,75.84,76.1,75.53,76.1,76.1,78.695,21,,,
2026-07-19 17:15:00+00:00,76.1,76.1,76.1,76.1,76.1,0.0,0,,,
2026-07-19 17:30:00+00:00,76.1,76.1,76.1,76.1,76.1,22.453,4,,,
2026-07-19 17:45:00+00:00,75.96,75.96,75.96,75.96,75.96,9.682,3,,,
2026-07-19 18:00:00+00:00,75.8,75.8,75.35,75.71,75.71,49.453,18,,,
2026-07-19 18:15:00+00:00,75.64,75.65,75.6,75.6,75.6,1.98,3,,,
2026-07-19 18:30:00+00:00,75.6,75.6,75.6,75.6,75.6,0.0,0,,,
2026-07-19 18:45:00+00:00,75.68,75.68,75.63,75.63,75.63,2.499,4,,,
2026-07-19 19:00:00+00:00,75.74,75.76,75.74,75.76,75.76,1.339,2,,,
2026-07-19 19:15:00+00:00,75.76,75.76,75.76,75.76,75.76,0.0,0,,,
2026-07-19 19:30:00+00:00,75.82,75.82,75.82,75.82,75.82,13.19,4,,,
2026-07-19 19:45:00+00:00,75.76,75.76,75.76,75.76,75.76,21.845,3,,,
2026-07-19 20:00:00+00:00,75.87,75.87,75.87,75.87,75.87,0.184,1,,,
2026-07-19 20:15:00+00:00,75.83,75.84,75.83,75.84,75.84,0.659,2,,,
2026-07-19 20:30:00+00:00,75.98,76.0,75.98,76.0,76.0,28.276,9,,,
2026-07-19 20:45:00+00:00,76.0,76.0,76.0,76.0,76.0,0.0,0,,,
2026-07-19 21:00:00+00:00,76.0,76.0,76.0,76.0,76.0,0.0,0,,,
2026-07-19 21:15:00+00:00,76.0,76.0,75.96,75.96,75.96,4.619,2,,,
2026-07-19 21:30:00+00:00,75.92,75.92,75.76,75.76,75.76,22.946,11,,,
2026-07-19 21:45:00+00:00,75.76,75.76,75.76,75.76,75.76,0.0,0,,,
2026-07-19 22:00:00+00:00,75.71,76.11,75.64,75.95,75.95,64.58,22,,,
2026-07-19 22:15:00+00:00,76.21,76.33,76.11,76.12,76.12,26.333,13,,,
2026-07-19 22:30:00+00:00,76.1,76.1,76.1,76.1,76.1,0.183,1,,,
2026-07-19 22:45:00+00:00,76.17,76.17,76.17,76.17,76.17,0.553,1,,,
2026-07-19 23:00:00+00:00,75.99,76.1,75.99,76.1,76.1,0.367,2,,,
2026-07-19 23:15:00+00:00,76.21,76.3,76.21,76.3,76.3,1.357,4,,,
2026-07-19 23:30:00+00:00,76.33,76.52,76.3,76.52,76.52,28.033,9,,,
2026-07-19 23:45:00+00:00,76.49,76.49,76.39,76.39,76.39,3.314,2,,,
2026-07-20 00:00:00+00:00,76.32,76.8,76.13,76.8,76.8,287.005,50,,,
2026-07-20 00:15:00+00:00,76.9,77.0,76.59,76.68,76.68,91.246,26,,,
2026-07-20 00:30:00+00:00,76.97,76.97,76.89,76.95,76.95,1.796,4,,,
2026-07-20 00:45:00+00:00,76.91,76.91,76.3,76.75,76.75,24.067,18,,,
2026-07-20 01:00:00+00:00,76.52,77.29,76.52,76.98,76.98,98.867,33,,,
2026-07-20 01:15:00+00:00,76.96,77.16,76.71,76.94,76.94,8.817,17,,,
2026-07-20 01:30:00+00:00,76.88,76.88,76.61,76.61,76.61,49.019,25,,,
2026-07-20 01:45:00+00:00,76.58,76.68,76.3,76.38,76.38,32.88,24,,,
2026-07-20 02:00:00+00:00,76.35,76.9,76.35,76.78,76.78,58.335,31,,,
2026-07-20 02:15:00+00:00,76.76,76.76,76.44,76.5,76.5,36.188,14,,,
2026-07-20 02:30:00+00:00,76.46,76.88,76.46,76.88,76.88,4.338,14,,,
2026-07-20 02:45:00+00:00,76.84,77.08,76.84,77.03,77.03,9.008,14,,,
2026-07-20 03:00:00+00:00,76.94,77.03,76.81,76.94,76.94,5.286,11,,,
2026-07-20 03:15:00+00:00,76.9,76.99,76.56,76.58,76.58,70.475,37,,,
2026-07-20 03:30:00+00:00,76.56,76.78,76.56,76.78,76.78,7.297,17,,,
2026-07-20 03:45:00+00:00,76.79,76.82,76.62,76.64,76.64,5.161,17,,,
2026-07-20 04:00:00+00:00,76.61,76.61,76.44,76.44,76.44,21.999,13,,,
2026-07-20 04:15:00+00:00,76.33,76.56,76.29,76.56,76.56,5.07,15,,,
2026-07-20 04:30:00+00:00,76.53,76.89,76.53,76.8,76.8,15.06,37,,,
2026-07-20 04:45:00+00:00,76.77,76.78,76.49,76.49,76.49,15.695,26,,,
2026-07-20 05:00:00+00:00,76.44,76.44,75.95,75.98,75.98,54.515,27,,,
2026-07-20 05:15:00+00:00,76.14,76.19,75.9,76.06,76.06,6.103,16,,,
2026-07-20 05:30:00+00:00,76.02,76.1,75.92,75.94,75.94,7.847,21,,,
2026-07-20 05:45:00+00:00,75.92,75.94,75.82,75.82,75.82,7.97,19,,,
2026-07-20 06:00:00+00:00,75.89,75.97,75.82,75.93,75.93,5.588,15,,,
2026-07-20 06:15:00+00:00,75.94,75.99,75.88,75.96,75.96,17.387,21,,,
2026-07-20 06:30:00+00:00,75.81,75.84,75.51,75.7,75.7,88.888,37,,,
2026-07-20 06:45:00+00:00,75.71,75.73,75.58,75.58,75.58,9.788,20,,,
2026-07-20 07:00:00+00:00,75.63,75.7,75.6,75.7,75.7,6.624,14,,,
2026-07-20 07:15:00+00:00,75.65,75.88,75.52,75.88,75.88,25.543,29,,,
2026-07-20 07:30:00+00:00,75.97,76.0,75.86,75.97,75.97,7.05,18,,,
2026-07-20 07:45:00+00:00,76.02,76.17,76.02,76.15,76.15,15.864,13,,,
2026-07-20 08:00:00+00:00,76.23,76.24,76.09,76.1,76.1,2.12,6,,,
2026-07-20 08:15:00+00:00,76.34,76.36,76.19,76.22,76.22,8.732,15,,,
2026-07-20 08:30:00+00:00,76.24,76.24,75.9,75.9,75.9,2.691,8,,,
2026-07-20 08:45:00+00:00,76.02,76.13,76.02,76.13,76.13,32.902,6,,,
2026-07-20 09:00:00+00:00,76.1,76.11,76.09,76.11,76.11,1.439,3,,,
2026-07-20 09:15:00+00:00,76.24,76.49,76.24,76.49,76.49,3.088,7,,,
2026-07-20 09:30:00+00:00,76.51,76.64,76.51,76.54,76.54,22.365,8,,,
2026-07-20 09:45:00+00:00,76.54,76.61,76.42,76.42,76.42,65.3,13,,,
2026-07-20 10:00:00+00:00,76.32,76.32,76.32,76.32,76.32,6.55,1,,,
2026-07-20 10:15:00+00:00,76.41,76.61,76.41,76.53,76.53,11.208,12,,,
2026-07-20 10:30:00+00:00,76.46,76.49,76.38,76.41,76.41,3.546,9,,,
2026-07-20 10:45:00+00:00,76.39,76.39,76.3,76.31,76.31,3.964,10,,,
2026-07-20 11:00:00+00:00,76.31,76.55,76.29,76.45,76.45,27.98,25,,,
2026-07-20 11:15:00+00:00,76.52,76.52,76.31,76.36,76.36,10.159,11,,,
2026-07-20 11:30:00+00:00,76.33,77.08,76.33,77.0,77.0,32.781,64,,,
2026-07-20 11:45:00+00:00,76.95,77.14,76.95,77.14,77.14,38.721,23,,,
2026-07-20 12:00:00+00:00,77.0,77.01,76.73,76.74,76.74,57.96,23,,,
2026-07-20 12:15:00+00:00,76.82,76.85,76.72,76.83,76.83,7.508,19,,,
2026-07-20 12:30:00+00:00,76.8,76.85,76.7,76.71,76.71,8.646,16,,,
2026-07-20 12:45:00+00:00,76.71,76.85,76.71,76.75,76.75,4.12,8,,,
2026-07-20 13:00:00+00:00,76.71,76.71,76.69,76.71,76.71,2.688,6,,,
2026-07-20 13:15:00+00:00,76.67,76.69,76.57,76.69,76.69,4.219,9,,,
2026-07-20 13:30:00+00:00,76.67,77.03,76.67,76.88,76.88,24.065,19,,,
2026-07-20 13:45:00+00:00,76.84,76.84,76.09,76.14,76.14,103.027,36,,,
2026-07-20 14:00:00+00:00,76.19,76.36,76.0,76.0,76.0,24.088,25,,,
2026-07-20 14:15:00+00:00,76.03,76.13,75.75,76.13,76.13,10.894,12,,,
2026-07-20 14:30:00+00:00,76.3,76.3,76.12,76.18,76.18,28.477,8,,,
2026-07-20 14:45:00+00:00,76.27,76.37,76.01,76.03,76.03,40.117,15,,,
2026-07-20 15:00:00+00:00,76.06,76.96,76.06,76.95,76.95,52.374,45,,,
2026-07-20 15:15:00+00:00,76.99,77.04,76.87,76.87,76.87,9.519,17,,,
2026-07-20 15:30:00+00:00,77.02,77.25,76.89,77.21,77.21,70.821,17,,,
2026-07-20 15:45:00+00:00,77.3,77.84,77.24,77.73,77.73,71.516,48,,,
2026-07-20 16:00:00+00:00,77.68,77.78,77.58,77.78,77.78,20.435,8,,,
2026-07-20 16:15:00+00:00,77.74,77.8,77.49,77.49,77.49,36.41,22,,,
2026-07-20 16:30:00+00:00,77.61,77.67,77.42,77.47,77.47,65.26,21,,,
2026-07-20 16:45:00+00:00,77.7,77.71,77.7,77.71,77.71,54.438,14,,,
2026-07-20 17:00:00+00:00,77.59,77.66,77.57,77.59,77.59,26.37,10,,,
2026-07-20 17:15:00+00:00,77.55,77.57,77.52,77.52,77.52,2.809,6,,,
2026-07-20 17:30:00+00:00,77.42,77.42,77.42,77.42,77.42,17.748,5,,,
2026-07-20 17:45:00+00:00,77.68,77.79,77.61,77.65,77.65,73.478,15,,,
2026-07-20 18:00:00+00:00,77.84,78.3,77.84,78.25,78.25,36.542,28,,,
2026-07-20 18:15:00+00:00,78.2,78.2,77.96,77.96,77.96,1.067,4,,,
2026-07-20 18:30:00+00:00,77.97,77.97,77.78,77.78,77.78,2.104,7,,,
2026-07-20 18:45:00+00:00,77.68,77.77,77.57,77.6,77.6,5.153,13,,,
2026-07-20 19:00:00+00:00,77.56,77.64,77.36,77.36,77.36,43.883,16,,,
2026-07-20 19:15:00+00:00,77.32,77.51,77.3,77.51,77.51,27.793,11,,,
2026-07-20 19:30:00+00:00,77.38,77.52,77.3,77.47,77.47,217.866,15,,,
2026-07-20 19:45:00+00:00,77.45,77.62,77.45,77.62,77.62,17.267,8,,,
2026-07-20 20:00:00+00:00,77.59,77.59,77.59,77.59,77.59,0.554,1,,,
2026-07-20 20:15:00+00:00,77.67,77.79,77.67,77.78,77.78,19.673,11,,,
2026-07-20 20:30:00+00:00,77.82,77.98,77.78,77.78,77.78,6.351,17,,,
2026-07-20 20:45:00+00:00,77.8,77.89,77.8,77.86,77.86,3.562,8,,,
2026-07-20 21:00:00+00:00,77.95,77.95,77.86,77.88,77.88,1.809,4,,,
2026-07-20 21:15:00+00:00,77.96,77.96,77.92,77.92,77.92,1.105,2,,,
2026-07-20 21:30:00+00:00,77.91,77.91,77.85,77.85,77.85,1.154,3,,,
2026-07-20 21:45:00+00:00,77.91,77.91,77.71,77.71,77.71,1.252,4,,,
2026-07-20 22:00:00+00:00,77.71,77.72,77.6,77.72,77.72,12.66,15,,,
2026-07-20 22:15:00+00:00,77.62,77.62,77.62,77.62,77.62,0.556,1,,,
2026-07-20 22:30:00+00:00,77.56,77.56,77.41,77.42,77.42,2.821,6,,,
2026-07-20 22:45:00+00:00,77.44,77.49,77.4,77.4,77.4,22.457,9,,,
2026-07-20 23:00:00+00:00,77.41,77.5,77.4,77.5,77.5,46.554,14,,,
2026-07-20 23:15:00+00:00,77.58,77.63,77.58,77.63,77.63,1.108,2,,,
2026-07-20 23:30:00+00:00,77.74,77.74,77.69,77.71,77.71,2.58,5,,,
2026-07-20 23:45:00+00:00,77.69,77.75,77.69,77.75,77.75,4.674,4,,,
2026-07-21 00:00:00+00:00,77.8,77.85,77.72,77.85,77.85,66.436,15,,,
2026-07-21 00:15:00+00:00,77.77,78.02,77.74,78.02,78.02,21.814,19,,,
2026-07-21 00:30:00+00:00,77.92,78.13,77.92,78.13,78.13,45.432,26,,,
2026-07-21 00:45:00+00:00,78.14,78.21,78.13,78.14,78.14,2.381,6,,,
2026-07-21 01:00:00+00:00,78.07,78.07,78.01,78.07,78.07,10.561,6,,,
2026-07-21 01:15:00+00:00,78.07,78.07,77.92,77.94,77.94,225.592,19,,,
2026-07-21 01:30:00+00:00,77.91,78.02,77.91,77.96,77.96,1.706,4,,,
2026-07-21 01:45:00+00:00,77.82,77.82,77.8,77.8,77.8,12.325,3,,,
2026-07-21 02:00:00+00:00,77.91,77.92,77.77,77.77,77.77,1.238,5,,,
2026-07-21 02:15:00+00:00,77.71,77.71,77.63,77.66,77.66,2.104,6,,,
2026-07-21 02:30:00+00:00,77.8,77.96,77.8,77.94,77.94,16.546,14,,,
2026-07-21 02:45:00+00:00,77.94,78.14,77.91,77.96,77.96,24.034,17,,,
2026-07-21 03:00:00+00:00,78.02,78.46,78.02,78.27,78.27,86.211,36,,,
2026-07-21 03:15:00+00:00,78.28,78.28,78.12,78.21,78.21,5.112,13,,,
2026-07-21 03:30:00+00:00,78.17,78.32,78.15,78.21,78.21,6.452,16,,,
2026-07-21 03:45:00+00:00,78.22,78.22,78.12,78.12,78.12,2.718,7,,,
2026-07-21 04:00:00+00:00,78.13,78.3,78.1,78.1,78.1,2.49,7,,,
2026-07-21 04:15:00+00:00,77.97,78.21,77.97,78.03,78.03,7.446,13,,,
2026-07-21 04:30:00+00:00,78.0,78.15,78.0,78.1,78.1,16.776,14,,,
2026-07-21 04:45:00+00:00,78.09,78.11,78.05,78.1,78.1,2.148,5,,,
2026-07-21 05:00:00+00:00,78.07,78.21,78.07,78.19,78.19,5.004,13,,,
2026-07-21 05:15:00+00:00,78.13,78.3,78.1,78.3,78.3,4.318,13,,,
2026-07-21 05:30:00+00:00,78.35,78.38,78.29,78.34,78.34,27.808,14,,,
2026-07-21 05:45:00+00:00,78.34,78.53,78.34,78.41,78.41,50.748,32,,,
2026-07-21 06:00:00+00:00,78.41,78.55,78.27,78.37,78.37,25.8,23,,,
2026-07-21 06:15:00+00:00,78.28,78.41,78.28,78.38,78.38,21.838,11,,,
2026-07-21 06:30:00+00:00,78.38,78.79,78.38,78.63,78.63,37.489,24,,,
2026-07-21 06:45:00+00:00,78.62,78.64,78.55,78.55,78.55,31.22,14,,,
2026-07-21 07:00:00+00:00,78.69,78.69,78.54,78.57,78.57,23.204,15,,,
2026-07-21 07:15:00+00:00,78.6,78.63,78.44,78.44,78.44,19.912,9,,,
2026-07-21 07:30:00+00:00,78.58,78.62,78.48,78.48,78.48,2.821,8,,,
2026-07-21 07:45:00+00:00,78.45,78.57,78.44,78.52,78.52,7.979,15,,,
2026-07-21 08:00:00+00:00,78.52,78.55,78.35,78.51,78.51,5.611,15,,,
2026-07-21 08:15:00+00:00,78.53,78.67,78.33,78.35,78.35,11.294,24,,,
2026-07-21 08:30:00+00:00,78.36,78.44,78.35,78.38,78.38,5.787,14,,,
2026-07-21 08:45:00+00:00,78.36,78.41,78.3,78.3,78.3,34.639,12,,,
2026-07-21 09:00:00+00:00,78.29,78.29,78.16,78.21,78.21,210.338,50,,,
2026-07-21 09:15:00+00:00,78.22,78.23,78.18,78.18,78.18,3.569,6,,,
2026-07-21 09:30:00+00:00,78.24,78.38,78.24,78.36,78.36,3.098,11,,,
2026-07-21 09:45:00+00:00,78.4,78.44,78.4,78.42,78.42,0.905,6,,,
2026-07-21 10:00:00+00:00,78.39,78.43,78.36,78.38,78.38,3.017,8,,,
2026-07-21 10:15:00+00:00,78.38,78.38,78.33,78.33,78.33,1.246,3,,,
2026-07-21 10:30:00+00:00,78.36,78.38,78.26,78.27,78.27,6.424,15,,,
2026-07-21 10:45:00+00:00,78.23,78.28,78.1,78.11,78.11,2.523,8,,,
2026-07-21 11:00:00+00:00,78.16,78.16,78.08,78.08,78.08,2.826,7,,,
2026-07-21 11:15:00+00:00,78.11,78.17,78.11,78.11,78.11,2.283,6,,,
2026-07-21 11:30:00+00:00,78.26,78.31,78.26,78.31,78.31,0.808,3,,,
2026-07-21 11:45:00+00:00,78.3,78.35,78.3,78.32,78.32,1.362,4,,,
2026-07-21 12:00:00+00:00,78.35,78.46,78.24,78.35,78.35,6.25,19,,,
2026-07-21 12:15:00+00:00,78.36,78.49,78.25,78.32,78.32,4.737,13,,,
2026-07-21 12:30:00+00:00,78.3,78.4,78.27,78.4,78.4,1.238,3,,,
2026-07-21 12:45:00+00:00,78.44,78.49,78.44,78.46,78.46,38.443,8,,,
2026-07-21 13:00:00+00:00,78.44,78.56,78.44,78.52,78.52,3.721,10,,,
2026-07-21 13:15:00+00:00,78.3,78.3,78.3,78.3,78.3,0.555,1,,,
2026-07-21 13:30:00+00:00,78.37,78.37,78.22,78.22,78.22,7.387,4,,,
2026-07-21 13:45:00+00:00,78.28,78.6,78.28,78.58,78.58,12.426,11,,,
2026-07-21 14:00:00+00:00,78.42,78.57,78.35,78.4,78.4,59.449,18,,,
2026-07-21 14:15:00+00:00,78.36,78.36,78.02,78.07,78.07,3.037,8,,,
2026-07-21 14:30:00+00:00,78.05,78.05,77.97,77.97,77.97,101.87,13,,,
2026-07-21 14:45:00+00:00,78.12,78.12,77.97,77.97,77.97,3.239,7,,,
2026-07-21 15:00:00+00:00,77.92,77.97,77.8,77.92,77.92,10.02,18,,,
2026-07-21 15:15:00+00:00,77.92,78.05,77.89,78.0,78.0,20.526,10,,,
2026-07-21 15:30:00+00:00,77.9,78.04,77.84,77.97,77.97,19.476,16,,,
2026-07-21 15:45:00+00:00,77.89,78.08,77.89,78.08,78.08,5.228,7,,,
2026-07-21 16:00:00+00:00,78.1,78.19,77.97,78.06,78.06,55.129,28,,,
2026-07-21 16:15:00+00:00,78.02,78.03,77.96,77.99,77.99,6.238,8,,,
2026-07-21 16:30:00+00:00,77.95,78.14,77.95,78.1,78.1,41.994,13,,,
2026-07-21 16:45:00+00:00,78.08,78.17,78.02,78.13,78.13,5.527,8,,,
2026-07-21 17:00:00+00:00,78.17,78.17,77.99,78.0,78.0,3.694,7,,,
2026-07-21 17:15:00+00:00,77.88,77.89,77.8,77.85,77.85,2.692,6,,,
2026-07-21 17:30:00+00:00,77.85,77.89,77.84,77.88,77.88,2.783,7,,,
2026-07-21 17:45:00+00:00,77.88,77.88,77.43,77.69,77.69,103.977,41,,,
2026-07-21 18:00:00+00:00,77.71,77.82,77.6,77.82,77.82,4.173,12,,,
2026-07-21 18:15:00+00:00,77.82,77.85,77.82,77.85,77.85,65.339,19,,,
2026-07-21 18:30:00+00:00,77.8,77.92,77.8,77.92,77.92,3.336,6,,,
2026-07-21 18:45:00+00:00,77.93,77.94,77.8,77.8,77.8,30.282,12,,,
2026-07-21 19:00:00+00:00,77.83,77.86,77.74,77.74,77.74,42.58,16,,,
2026-07-21 19:15:00+00:00,77.7,77.9,77.7,77.85,77.85,4.682,10,,,
2026-07-21 19:30:00+00:00,77.88,77.96,77.88,77.9,77.9,2.589,6,,,
2026-07-21 19:45:00+00:00,77.85,77.87,77.71,77.87,77.87,21.852,7,,,
2026-07-21 20:00:00+00:00,77.83,77.91,77.82,77.91,77.91,2.777,5,,,
2026-07-21 20:15:00+00:00,77.87,77.88,77.8,77.83,77.83,3.883,7,,,
2026-07-21 20:30:00+00:00,77.95,78.0,77.94,77.94,77.94,41.744,13,,,
2026-07-21 20:45:00+00:00,77.9,77.9,77.87,77.87,77.87,17.933,2,,,
2026-07-21 21:00:00+00:00,77.77,77.98,77.77,77.98,77.98,4.489,7,,,
2026-07-21 21:15:00+00:00,77.98,77.98,77.98,77.98,77.98,0.642,2,,,
2026-07-21 21:30:00+00:00,78.02,78.07,78.02,78.07,78.07,1.203,3,,,
2026-07-21 21:45:00+00:00,78.03,78.03,78.03,78.03,78.03,0.558,1,,,
2026-07-21 22:00:00+00:00,77.92,78.02,77.92,77.97,77.97,12.718,8,,,
2026-07-21 22:15:00+00:00,77.96,77.96,77.91,77.91,77.91,1.663,3,,,
2026-07-21 22:30:00+00:00,77.99,77.99,77.95,77.95,77.95,1.67,3,,,
2026-07-21 22:45:00+00:00,77.91,77.91,77.83,77.83,77.83,0.947,2,,,
2026-07-21 23:00:00+00:00,77.92,77.92,77.89,77.89,77.89,6.517,2,,,
2026-07-21 23:15:00+00:00,77.82,77.82,77.82,77.82,77.82,0.558,1,,,
2026-07-21 23:30:00+00:00,77.93,78.03,77.93,77.98,77.98,3.783,3,,,
2026-07-21 23:45:00+00:00,78.04,78.13,78.04,78.09,78.09,86.142,17,,,
2026-07-22 00:00:00+00:00,78.08,78.4,78.07,78.4,78.4,49.09,19,,,
2026-07-22 00:15:00+00:00,78.35,78.5,78.35,78.39,78.39,11.458,7,,,
2026-07-22 00:30:00+00:00,78.32,78.44,78.32,78.44,78.44,1.115,2,,,
2026-07-22 00:45:00+00:00,78.49,78.49,78.4,78.46,78.46,128.961,16,,,
2026-07-22 01:00:00+00:00,78.42,78.42,78.33,78.33,78.33,2.223,4,,,
2026-07-22 01:15:00+00:00,78.29,78.29,78.14,78.26,78.26,1.626,5,,,
2026-07-22 01:30:00+00:00,78.23,78.3,78.19,78.19,78.19,10.041,9,,,
2026-07-22 01:45:00+00:00,78.19,78.19,78.19,78.19,78.19,0.0,0,,,
2026-07-22 02:00:00+00:00,78.24,78.24,78.18,78.19,78.19,60.032,7,,,
2026-07-22 02:15:00+00:00,78.34,78.45,78.3,78.41,78.41,5.846,12,,,
2026-07-22 02:30:00+00:00,78.32,78.35,78.17,78.21,78.21,7.952,19,,,
2026-07-22 02:45:00+00:00,78.21,78.21,78.05,78.1,78.1,5.455,12,,,
2026-07-22 03:00:00+00:00,78.04,78.16,77.96,77.96,77.96,8.782,8,,,
2026-07-22 03:15:00+00:00,77.94,78.12,77.94,78.12,78.12,2.785,5,,,
2026-07-22 03:30:00+00:00,78.08,78.08,77.94,77.99,77.99,4.232,8,,,
2026-07-22 03:45:00+00:00,78.03,78.09,77.79,77.83,77.83,11.153,13,,,
2026-07-22 04:00:00+00:00,77.82,78.06,77.82,78.05,78.05,22.346,9,,,
2026-07-22 04:15:00+00:00,78.05,78.14,78.05,78.14,78.14,10.69,7,,,
2026-07-22 04:30:00+00:00,78.1,78.12,78.04,78.12,78.12,624.88,101,,,
2026-07-22 04:45:00+00:00,78.07,78.08,78.02,78.05,78.05,124.221,17,,,
2026-07-22 05:00:00+00:00,78.03,78.03,77.8,77.82,77.82,4.311,12,,,
2026-07-22 05:15:00+00:00,77.8,77.82,77.49,77.49,77.49,14.855,29,,,
2026-07-22 05:30:00+00:00,77.5,77.65,77.48,77.48,77.48,5.255,11,,,
2026-07-22 05:45:00+00:00,77.55,77.59,77.43,77.43,77.43,6.704,8,,,
2026-07-22 06:00:00+00:00,77.39,77.39,77.2,77.2,77.2,13.083,21,,,
2026-07-22 06:15:00+00:00,77.22,77.22,77.01,77.09,77.09,14.471,26,,,
2026-07-22 06:30:00+00:00,77.06,77.27,77.05,77.23,77.23,3.745,7,,,
2026-07-22 06:45:00+00:00,77.15,77.26,77.15,77.26,77.26,7.15,13,,,
2026-07-22 07:00:00+00:00,77.25,77.26,77.17,77.22,77.22,5.365,10,,,
2026-07-22 07:15:00+00:00,77.19,77.22,77.12,77.18,77.18,5.816,15,,,
2026-07-22 07:30:00+00:00,77.08,77.08,77.0,77.0,77.0,8.041,6,,,
2026-07-22 07:45:00+00:00,77.08,77.1,77.05,77.07,77.07,7.146,9,,,
2026-07-22 08:00:00+00:00,77.05,77.21,77.02,77.19,77.19,3.264,6,,,
2026-07-22 08:15:00+00:00,77.19,77.38,77.19,77.37,77.37,5.541,7,,,
2026-07-22 08:30:00+00:00,77.35,77.35,77.3,77.33,77.33,2.963,7,,,
2026-07-22 08:45:00+00:00,77.36,77.36,77.35,77.36,77.36,1.143,3,,,
2026-07-22 09:00:00+00:00,77.38,77.51,77.35,77.41,77.41,4.662,9,,,
2026-07-22 09:15:00+00:00,77.32,77.38,77.32,77.38,77.38,1.517,4,,,
2026-07-22 09:30:00+00:00,77.37,77.37,77.26,77.35,77.35,21.216,11,,,
2026-07-22 09:45:00+00:00,77.41,77.51,77.36,77.51,77.51,1.662,3,,,
2026-07-22 10:00:00+00:00,77.51,77.54,77.44,77.46,77.46,2.361,7,,,
2026-07-22 10:15:00+00:00,77.55,77.55,77.55,77.55,77.55,0.18,1,,,
2026-07-22 10:30:00+00:00,77.51,77.51,77.51,77.51,77.51,0.515,2,,,
2026-07-22 10:45:00+00:00,77.57,77.57,77.57,77.57,77.57,0.013,1,,,
2026-07-22 11:00:00+00:00,77.61,77.61,77.61,77.61,77.61,0.103,1,,,
2026-07-22 11:15:00+00:00,77.64,77.71,77.64,77.71,77.71,0.775,3,,,
2026-07-22 11:30:00+00:00,77.67,77.67,77.52,77.52,77.52,5.824,6,,,
2026-07-22 11:45:00+00:00,77.52,77.52,77.52,77.52,77.52,0.0,0,,,
2026-07-22 12:00:00+00:00,77.46,77.46,77.35,77.35,77.35,1.007,2,,,
2026-07-22 12:15:00+00:00,77.35,77.35,77.35,77.35,77.35,0.0,0,,,
2026-07-22 12:30:00+00:00,77.16,77.22,77.15,77.15,77.15,23.441,8,,,
2026-07-22 12:45:00+00:00,77.12,77.12,77.0,77.0,77.0,17.992,7,,,
2026-07-22 13:00:00+00:00,77.0,77.0,77.0,77.0,77.0,0.0,0,,,
2026-07-22 13:15:00+00:00,77.0,77.0,77.0,77.0,77.0,0.0,0,,,
2026-07-22 13:30:00+00:00,77.25,77.68,77.25,77.68,77.68,22.812,13,,,
2026-07-22 13:45:00+00:00,77.78,77.85,77.72,77.85,77.85,9.718,8,,,
2026-07-22 14:00:00+00:00,77.9,78.31,77.9,78.05,78.05,32.843,17,,,
2026-07-22 14:15:00+00:00,77.83,77.85,77.52,77.66,77.66,17.8,14,,,
2026-07-22 14:30:00+00:00,77.38,77.66,77.38,77.66,77.66,2.361,3,,,
2026-07-22 14:45:00+00:00,77.66,77.66,77.66,77.66,77.66,0.0,0,,,
2026-07-22 15:00:00+00:00,77.94,78.31,77.94,78.31,78.31,20.257,11,,,
2026-07-22 15:15:00+00:00,78.43,78.8,78.39,78.6,78.6,90.007,24,,,
2026-07-22 15:30:00+00:00,78.66,78.69,78.45,78.45,78.45,4.031,9,,,
2026-07-22 15:45:00+00:00,78.51,78.58,78.38,78.38,78.38,37.907,8,,,
2026-07-22 16:00:00+00:00,78.44,78.51,78.38,78.38,78.38,37.02,9,,,
2026-07-22 16:15:00+00:00,78.24,78.35,78.18,78.19,78.19,4.814,7,,,
2026-07-22 16:30:00+00:00,78.32,78.73,78.32,78.73,78.73,10.271,18,,,
2026-07-22 16:45:00+00:00,78.55,78.55,78.48,78.51,78.51,18.491,9,,,
2026-07-22 17:00:00+00:00,78.54,78.56,78.47,78.52,78.52,4.156,10,,,
2026-07-22 17:15:00+00:00,78.44,78.47,78.23,78.24,78.24,16.02,13,,,
2026-07-22 17:30:00+00:00,78.47,78.5,78.4,78.43,78.43,299.901,30,,,
2026-07-22 17:45:00+00:00,78.39,78.48,78.17,78.17,78.17,39.122,26,,,
2026-07-22 18:00:00+00:00,78.16,78.19,78.04,78.06,78.06,23.879,13,,,
2026-07-22 18:15:00+00:00,78.04,78.04,77.8,77.8,77.8,28.028,13,,,
2026-07-22 18:30:00+00:00,77.78,77.78,77.52,77.53,77.53,9.311,15,,,
2026-07-22 18:45:00+00:00,77.61,77.74,77.61,77.74,77.74,17.106,7,,,
2026-07-22 19:00:00+00:00,77.69,77.72,77.27,77.27,77.27,25.416,11,,,
2026-07-22 19:15:00+00:00,77.27,77.27,77.27,77.27,77.27,0.0,0,,,
2026-07-22 19:30:00+00:00,77.55,77.55,77.55,77.55,77.55,0.18,1,,,
2026-07-22 19:45:00+00:00,77.58,77.63,77.58,77.63,77.63,1.359,3,,,
2026-07-22 20:00:00+00:00,77.68,77.8,77.64,77.8,77.8,39.49,16,,,
2026-07-22 20:15:00+00:00,77.83,77.89,77.83,77.89,77.89,0.916,3,,,
2026-07-22 20:30:00+00:00,77.9,77.9,77.81,77.81,77.81,0.826,2,,,
2026-07-22 20:45:00+00:00,77.77,77.77,77.77,77.77,77.77,0.2,1,,,
2026-07-22 21:00:00+00:00,77.82,77.82,77.82,77.82,77.82,1.287,3,,,
2026-07-22 21:15:00+00:00,77.82,77.82,77.82,77.82,77.82,0.0,0,,,
2026-07-22 21:30:00+00:00,77.88,77.98,77.88,77.98,77.98,1.235,3,,,
2026-07-22 21:45:00+00:00,77.99,78.05,77.98,77.98,77.98,2.787,5,,,
2026-07-22 22:00:00+00:00,77.95,78.05,77.83,78.05,78.05,39.01,14,,,
2026-07-22 22:15:00+00:00,78.05,78.05,78.05,78.05,78.05,0.0,0,,,
2026-07-22 22:30:00+00:00,77.91,77.91,77.74,77.74,77.74,24.715,10,,,
2026-07-22 22:45:00+00:00,77.93,77.94,77.93,77.94,77.94,10.271,2,,,
2026-07-22 23:00:00+00:00,77.88,77.88,77.59,77.59,77.59,45.83,12,,,
2026-07-22 23:15:00+00:00,77.56,77.69,77.49,77.69,77.69,3.482,5,,,
2026-07-22 23:30:00+00:00,77.75,77.75,77.75,77.75,77.75,0.143,1,,,
2026-07-22 23:45:00+00:00,77.77,77.94,77.77,77.94,77.94,192.986,34,,,
2026-07-23 00:00:00+00:00,77.94,78.31,77.94,78.31,78.31,82.862,14,,,
2026-07-23 00:15:00+00:00,78.32,78.42,78.3,78.42,78.42,6.372,9,,,
2026-07-23 00:30:00+00:00,78.32,78.41,78.3,78.3,78.3,1.842,4,,,
2026-07-23 00:45:00+00:00,78.32,78.35,78.21,78.21,78.21,104.54,19,,,
2026-07-23 01:00:00+00:00,78.16,78.16,78.16,78.16,78.16,28.828,2,,,
2026-07-23 01:15:00+00:00,78.15,78.15,78.01,78.01,78.01,4.377,13,,,
2026-07-23 01:30:00+00:00,77.98,77.98,77.9,77.9,77.9,1.979,6,,,
2026-07-23 01:45:00+00:00,77.89,77.94,77.88,77.89,77.89,1.816,4,,,
2026-07-23 02:00:00+00:00,77.83,77.83,77.65,77.65,77.65,2.106,7,,,
2026-07-23 02:15:00+00:00,77.57,77.57,77.39,77.46,77.46,10.221,6,,,
2026-07-23 02:30:00+00:00,77.46,77.65,77.46,77.5,77.5,4.975,7,,,
2026-07-23 02:45:00+00:00,77.6,77.71,77.57,77.71,77.71,3.941,13,,,
2026-07-23 03:00:00+00:00,77.74,77.74,77.48,77.48,77.48,3.21,11,,,
2026-07-23 03:15:00+00:00,77.55,77.6,77.46,77.54,77.54,3.606,9,,,
2026-07-23 03:30:00+00:00,77.57,77.64,77.56,77.59,77.59,5.274,12,,,
2026-07-23 03:45:00+00:00,77.56,77.56,77.5,77.54,77.54,7.491,8,,,
2026-07-23 04:00:00+00:00,77.5,77.55,77.5,77.55,77.55,0.899,2,,,
2026-07-23 04:15:00+00:00,77.67,77.75,77.6,77.75,77.75,0.813,5,,,
2026-07-23 04:30:00+00:00,77.72,77.72,77.55,77.55,77.55,4.067,9,,,
2026-07-23 04:45:00+00:00,77.66,77.66,77.47,77.47,77.47,1.427,5,,,
2026-07-23 05:00:00+00:00,77.5,77.5,77.4,77.46,77.46,54.141,19,,,
2026-07-23 05:15:00+00:00,77.46,77.52,77.41,77.52,77.52,3.124,8,,,
2026-07-23 05:30:00+00:00,77.6,77.67,77.57,77.6,77.6,2.123,8,,,
2026-07-23 05:45:00+00:00,77.6,77.6,77.48,77.5,77.5,1.192,4,,,
2026-07-23 06:00:00+00:00,77.53,77.53,77.41,77.41,77.41,2.96,9,,,
2026-07-23 06:15:00+00:00,77.47,77.51,77.35,77.46,77.46,6.477,15,,,
2026-07-23 06:30:00+00:00,77.44,77.48,77.44,77.46,77.46,1.796,4,,,
2026-07-23 06:45:00+00:00,77.48,77.55,77.48,77.54,77.54,6.616,17,,,
2026-07-23 07:00:00+00:00,77.5,77.5,77.01,77.15,77.15,51.503,39,,,
2026-07-23 07:15:00+00:00,77.19,77.19,77.1,77.13,77.13,35.355,13,,,
2026-07-23 07:30:00+00:00,77.13,77.13,77.1,77.1,77.1,1.239,3,,,
2026-07-23 07:45:00+00:00,77.08,77.19,77.01,77.19,77.19,4.899,5,,,
2026-07-23 08:00:00+00:00,77.25,77.29,77.25,77.26,77.26,2.164,5,,,
2026-07-23 08:15:00+00:00,77.23,77.3,77.21,77.3,77.3,4.918,6,,,
2026-07-23 08:30:00+00:00,77.39,77.42,77.35,77.42,77.42,1.032,7,,,
2026-07-23 08:45:00+00:00,77.35,77.41,77.35,77.41,77.41,2.883,7,,,
2026-07-23 09:00:00+00:00,77.49,77.5,77.48,77.49,77.49,2.78,5,,,
2026-07-23 09:15:00+00:00,77.52,77.53,77.52,77.53,77.53,1.112,2,,,
2026-07-23 09:30:00+00:00,77.53,77.53,77.53,77.53,77.53,0.0,0,,,
2026-07-23 09:45:00+00:00,77.53,77.53,77.53,77.53,77.53,0.0,0,,,
2026-07-23 10:00:00+00:00,77.52,77.52,77.49,77.49,77.49,0.766,3,,,
2026-07-23 10:15:00+00:00,77.6,77.72,77.6,77.72,77.72,2.13,7,,,
2026-07-23 10:30:00+00:00,77.71,77.74,77.71,77.71,77.71,1.126,3,,,
2026-07-23 10:45:00+00:00,77.74,77.74,77.71,77.71,77.71,0.889,2,,,
2026-07-23 11:00:00+00:00,77.74,77.8,77.74,77.8,77.8,10.414,3,,,
2026-07-23 11:15:00+00:00,77.75,77.75,77.71,77.71,77.71,0.684,2,,,
2026-07-23 11:30:00+00:00,77.67,77.67,77.63,77.63,77.63,1.639,4,,,
2026-07-23 11:45:00+00:00,77.62,77.68,77.6,77.6,77.6,7.986,5,,,
2026-07-23 12:00:00+00:00,77.57,77.6,77.57,77.58,77.58,6.499,4,,,
2026-07-23 12:15:00+00:00,77.64,77.64,77.52,77.52,77.52,19.573,6,,,
2026-07-23 12:30:00+00:00,77.48,77.48,76.86,76.88,76.88,14.006,14,,,
2026-07-23 12:45:00+00:00,76.6,76.92,76.51,76.86,76.86,6.878,10,,,
2026-07-23 13:00:00+00:00,76.93,76.93,76.69,76.75,76.75,2.423,5,,,
2026-07-23 13:15:00+00:00,76.76,76.76,76.55,76.55,76.55,5.825,7,,,
2026-07-23 13:30:00+00:00,76.67,76.87,76.67,76.87,76.87,5.053,4,,,
2026-07-23 13:45:00+00:00,76.91,77.0,76.72,77.0,77.0,18.076,17,,,
2026-07-23 14:00:00+00:00,76.65,76.8,76.65,76.8,76.8,2.234,4,,,
2026-07-23 14:15:00+00:00,76.76,76.8,76.55,76.66,76.66,40.896,14,,,
2026-07-23 14:30:00+00:00,76.71,76.71,76.71,76.71,76.71,0.195,1,,,
2026-07-23 14:45:00+00:00,76.44,76.44,76.31,76.31,76.31,4.723,5,,,
2026-07-23 15:00:00+00:00,76.3,76.3,75.88,75.89,75.89,447.771,62,,,
2026-07-23 15:15:00+00:00,75.82,76.3,75.82,76.28,76.28,22.43,8,,,
2026-07-23 15:30:00+00:00,76.24,76.31,76.2,76.31,76.31,2.876,5,,,
2026-07-23 15:45:00+00:00,76.19,76.19,76.19,76.19,76.19,3.234,1,,,
2026-07-23 16:00:00+00:00,76.27,76.27,76.01,76.01,76.01,519.278,29,,,
2026-07-23 16:15:00+00:00,75.9,76.08,75.86,76.08,76.08,1167.703,82,,,
2026-07-23 16:30:00+00:00,76.04,76.04,75.97,76.02,76.02,23.762,11,,,
2026-07-23 16:45:00+00:00,76.01,76.04,75.97,75.97,75.97,2.486,10,,,
2026-07-23 17:00:00+00:00,76.01,76.02,75.83,75.94,75.94,3.684,24,,,
2026-07-23 17:15:00+00:00,76.0,76.02,75.89,76.02,76.02,1.022,5,,,
2026-07-23 17:30:00+00:00,76.03,76.05,75.94,75.95,75.95,2.47,6,,,
2026-07-23 17:45:00+00:00,75.94,75.97,75.46,75.53,75.53,38.268,20,,,
2026-07-23 18:00:00+00:00,75.66,75.69,75.53,75.68,75.68,18.594,7,,,
2026-07-23 18:15:00+00:00,75.69,75.69,75.6,75.6,75.6,5.78,5,,,
2026-07-23 18:30:00+00:00,75.6,75.6,75.6,75.6,75.6,0.0,0,,,
2026-07-23 18:45:00+00:00,75.71,75.71,75.71,75.71,75.71,0.64,2,,,
2026-07-23 19:00:00+00:00,75.77,75.77,75.64,75.64,75.64,6.72,6,,,
2026-07-23 19:15:00+00:00,75.59,75.69,75.59,75.69,75.69,1.525,9,,,
2026-07-23 19:30:00+00:00,75.7,75.73,75.58,75.58,75.58,0.688,4,,,
2026-07-23 19:45:00+00:00,75.49,75.66,75.37,75.66,75.66,40.248,16,,,
2026-07-23 20:00:00+00:00,75.83,75.98,75.83,75.98,75.98,106.805,8,,,
2026-07-23 20:15:00+00:00,76.03,76.07,76.03,76.05,76.05,10.361,3,,,
2026-07-23 20:30:00+00:00,76.08,76.08,76.08,76.08,76.08,3.417,1,,,
2026-07-23 20:45:00+00:00,76.03,76.07,76.03,76.07,76.07,4.529,3,,,
2026-07-23 21:00:00+00:00,76.12,76.12,76.01,76.01,76.01,0.367,2,,,
2026-07-23 21:15:00+00:00,75.95,76.03,75.95,76.03,76.03,9.781,2,,,
2026-07-23 21:30:00+00:00,76.0,76.0,76.0,76.0,76.0,14.418,4,,,
2026-07-23 21:45:00+00:00,75.99,75.99,75.99,75.99,75.99,3.421,1,,,
2026-07-23 22:00:00+00:00,75.99,75.99,75.99,75.99,75.99,0.0,0,,,
2026-07-23 22:15:00+00:00,75.86,76.12,75.84,76.12,76.12,2.856,6,,,
2026-07-23 22:30:00+00:00,76.12,76.12,76.12,76.12,76.12,0.0,0,,,
2026-07-23 22:45:00+00:00,76.12,76.12,76.12,76.12,76.12,0.0,0,,,
2026-07-23 23:00:00+00:00,76.14,76.14,76.14,76.14,76.14,0.555,1,,,
2026-07-23 23:15:00+00:00,76.14,76.14,76.14,76.14,76.14,0.0,0,,,
2026-07-23 23:30:00+00:00,76.14,76.14,76.14,76.14,76.14,0.0,0,,,
2026-07-23 23:45:00+00:00,76.01,76.01,75.84,75.84,75.84,35.44,10,,,
2026-07-24 00:00:00+00:00,75.82,75.82,75.64,75.64,75.64,1.071,3,,,
2026-07-24 00:15:00+00:00,75.64,75.64,75.64,75.64,75.64,0.0,0,,,
2026-07-24 00:30:00+00:00,75.61,75.7,75.54,75.7,75.7,60.617,9,,,
2026-07-24 00:45:00+00:00,75.69,75.79,75.69,75.79,75.79,2.556,5,,,
2026-07-24 01:00:00+00:00,75.75,75.93,75.75,75.93,75.93,21.854,10,,,
2026-07-24 01:15:00+00:00,75.87,76.0,75.87,76.0,76.0,2.63,3,,,
2026-07-24 01:30:00+00:00,75.91,75.91,75.91,75.91,75.91,0.556,1,,,
2026-07-24 01:45:00+00:00,75.81,75.81,75.64,75.64,75.64,15.085,14,,,
2026-07-24 02:00:00+00:00,75.64,75.64,75.64,75.64,75.64,0.0,0,,,
2026-07-24 02:15:00+00:00,75.73,75.8,75.71,75.71,75.71,1.672,3,,,
2026-07-24 02:30:00+00:00,75.72,75.72,75.41,75.48,75.48,4.944,12,,,
2026-07-24 02:45:00+00:00,75.35,75.35,75.26,75.35,75.35,6.588,7,,,
2026-07-24 03:00:00+00:00,75.64,75.73,75.64,75.73,75.73,20.357,8,,,
2026-07-24 03:15:00+00:00,75.78,75.86,75.78,75.84,75.84,19.002,7,,,
2026-07-24 03:30:00+00:00,75.84,75.84,75.84,75.84,75.84,0.34,1,,,
2026-07-24 03:45:00+00:00,75.84,75.84,75.84,75.84,75.84,0.0,0,,,
2026-07-24 04:00:00+00:00,75.77,75.77,75.69,75.69,75.69,5.937,5,,,
2026-07-24 04:15:00+00:00,75.64,75.64,75.64,75.64,75.64,0.5,1,,,
2026-07-24 04:30:00+00:00,75.59,75.64,75.59,75.64,75.64,0.034,2,,,
2026-07-24 04:45:00+00:00,75.64,75.64,75.64,75.64,75.64,0.0,0,,,
2026-07-24 05:00:00+00:00,75.59,75.74,75.59,75.72,75.72,2.204,4,,,
2026-07-24 05:15:00+00:00,75.75,75.81,75.75,75.81,75.81,1.902,2,,,
2026-07-24 05:30:00+00:00,75.69,75.69,75.69,75.69,75.69,2.005,1,,,
2026-07-24 05:45:00+00:00,75.8,75.8,75.75,75.75,75.75,1.113,2,,,
2026-07-24 06:00:00+00:00,75.74,75.8,75.73,75.8,75.8,2.222,4,,,
2026-07-24 06:15:00+00:00,75.86,75.92,75.86,75.92,75.92,0.909,3,,,
2026-07-24 06:30:00+00:00,75.81,75.84,75.8,75.84,75.84,28.547,5,,,
2026-07-24 06:45:00+00:00,75.78,75.78,75.74,75.74,75.74,0.42,2,,,
2026-07-24 07:00:00+00:00,75.81,76.35,75.81,76.35,76.35,35.142,15,,,
2026-07-24 07:15:00+00:00,76.24,76.24,76.07,76.07,76.07,0.866,3,,,
2026-07-24 07:30:00+00:00,76.16,76.16,75.86,75.86,75.86,1.79,4,,,
2026-07-24 07:45:00+00:00,75.79,75.84,75.79,75.84,75.84,1.458,2,,,
2026-07-24 08:00:00+00:00,75.94,75.94,75.94,75.94,75.94,0.553,1,,,
2026-07-24 08:15:00+00:00,75.86,75.86,75.72,75.72,75.72,34.762,6,,,
2026-07-24 08:30:00+00:00,75.84,75.84,75.84,75.84,75.84,0.052,1,,,
2026-07-24 08:45:00+00:00,75.72,75.72,75.72,75.72,75.72,0.267,1,,,
2026-07-24 09:00:00+00:00,75.78,75.78,75.43,75.43,75.43,36.945,12,,,
2026-07-24 09:15:00+00:00,75.39,75.54,75.35,75.54,75.54,18.387,4,,,
2026-07-24 09:30:00+00:00,75.47,75.47,75.41,75.45,75.45,7.739,3,,,
2026-07-24 09:45:00+00:00,75.45,75.45,75.45,75.45,75.45,0.0,0,,,
2026-07-24 10:00:00+00:00,75.45,75.45,75.45,75.45,75.45,0.0,0,,,
2026-07-24 10:15:00+00:00,75.36,75.36,75.36,75.36,75.36,0.036,1,,,
2026-07-24 10:30:00+00:00,75.55,75.55,75.48,75.48,75.48,20.433,4,,,
2026-07-24 10:45:00+00:00,75.48,75.5,75.39,75.39,75.39,115.478,7,,,
2026-07-24 11:00:00+00:00,75.35,75.4,75.35,75.4,75.4,22.971,3,,,
2026-07-24 11:15:00+00:00,75.4,75.44,75.22,75.24,75.24,28.643,8,,,
2026-07-24 11:30:00+00:00,75.21,75.21,75.09,75.12,75.12,23.97,10,,,
2026-07-24 11:45:00+00:00,75.03,75.1,74.98,75.1,75.1,47.685,12,,,
2026-07-24 12:00:00+00:00,75.1,75.1,75.1,75.1,75.1,0.0,0,,,
2026-07-24 12:15:00+00:00,75.18,75.21,75.15,75.15,75.15,146.363,12,,,
2026-07-24 12:30:00+00:00,75.1,75.12,75.0,75.0,75.0,8.724,3,,,
2026-07-24 12:45:00+00:00,74.9,74.9,74.79,74.86,74.86,3.387,6,,,
2026-07-24 13:00:00+00:00,74.77,74.77,74.22,74.44,74.44,62.962,29,,,
2026-07-24 13:15:00+00:00,74.6,74.6,74.6,74.6,74.6,0.032,1,,,
2026-07-24 13:30:00+00:00,74.46,74.46,74.27,74.38,74.38,6.626,5,,,
2026-07-24 13:45:00+00:00,74.47,74.49,74.01,74.01,74.01,58.805,15,,,
2026-07-24 14:00:00+00:00,74.01,74.01,73.99,73.99,73.99,12.111,5,,,
2026-07-24 14:15:00+00:00,73.86,73.86,73.66,73.8,73.8,60.721,16,,,
2026-07-24 14:30:00+00:00,73.82,73.82,73.74,73.74,73.74,1.233,2,,,
2026-07-24 14:45:00+00:00,73.66,73.92,73.56,73.92,73.92,179.101,31,,,
2026-07-24 15:00:00+00:00,73.93,73.93,73.8,73.89,73.89,77.134,26,,,
2026-07-24 15:15:00+00:00,74.08,74.1,74.04,74.1,74.1,6.534,6,,,
2026-07-24 15:30:00+00:00,74.07,74.17,74.05,74.16,74.16,35.817,17,,,
2026-07-24 15:45:00+00:00,74.16,74.16,74.16,74.16,74.16,0.0,0,,,
2026-07-24 16:00:00+00:00,73.92,74.11,73.92,74.06,74.06,62.792,11,,,
2026-07-24 16:15:00+00:00,74.11,74.11,74.06,74.06,74.06,13.986,3,,,
2026-07-24 16:30:00+00:00,73.89,73.95,73.89,73.92,73.92,3.298,4,,,
2026-07-24 16:45:00+00:00,73.7,73.7,73.7,73.7,73.7,1.254,1,,,
2026-07-24 17:00:00+00:00,73.86,73.91,73.86,73.88,73.88,34.222,5,,,
2026-07-24 17:15:00+00:00,73.88,73.88,73.88,73.88,73.88,0.0,0,,,
2026-07-24 17:30:00+00:00,73.88,73.88,73.88,73.88,73.88,0.0,0,,,
2026-07-24 17:45:00+00:00,74.02,74.02,74.02,74.02,74.02,3.281,1,,,
2026-07-24 18:00:00+00:00,73.92,73.97,73.92,73.97,73.97,80.777,9,,,
2026-07-24 18:15:00+00:00,73.97,73.97,73.97,73.97,73.97,125.453,9,,,
2026-07-24 18:30:00+00:00,73.89,73.89,73.89,73.89,73.89,0.554,1,,,
2026-07-24 18:45:00+00:00,73.89,73.89,73.89,73.89,73.89,0.0,0,,,
2026-07-24 19:00:00+00:00,73.91,73.91,73.77,73.77,73.77,103.468,14,,,
2026-07-24 19:15:00+00:00,73.77,73.77,73.77,73.77,73.77,0.0,0,,,
2026-07-24 19:30:00+00:00,73.92,73.92,73.92,73.92,73.92,0.557,1,,,
2026-07-24 19:45:00+00:00,73.91,73.95,73.91,73.91,73.91,31.899,6,,,
2026-07-24 20:00:00+00:00,73.87,73.87,73.79,73.79,73.79,8.256,4,,,
2026-07-24 20:15:00+00:00,73.79,73.79,73.79,73.79,73.79,0.0,0,,,
2026-07-24 20:30:00+00:00,73.82,73.82,73.73,73.79,73.79,64.548,12,,,
2026-07-24 20:45:00+00:00,73.79,73.79,73.79,73.79,73.79,0.0,0,,,
2026-07-24 21:00:00+00:00,73.56,73.56,73.5,73.5,73.5,8.324,6,,,
2026-07-24 21:15:00+00:00,73.46,73.46,73.46,73.46,73.46,0.556,1,,,
2026-07-24 21:30:00+00:00,73.67,73.67,73.65,73.65,73.65,43.07,13,,,
2026-07-24 21:45:00+00:00,73.67,73.67,73.59,73.59,73.59,1.113,2,,,
2026-07-24 22:00:00+00:00,73.59,73.59,73.59,73.59,73.59,0.0,0,,,
2026-07-24 22:15:00+00:00,73.59,73.59,73.59,73.59,73.59,0.0,0,,,
2026-07-24 22:30:00+00:00,73.88,73.89,73.88,73.89,73.89,0.825,2,,,
2026-07-24 22:45:00+00:00,73.87,73.89,73.85,73.89,73.89,1.77,4,,,
2026-07-24 23:00:00+00:00,73.9,73.91,73.89,73.89,73.89,0.667,3,,,
2026-07-24 23:15:00+00:00,73.85,73.85,73.82,73.82,73.82,5.634,3,,,
2026-07-24 23:30:00+00:00,73.82,73.82,73.82,73.82,73.82,0.0,0,,,
2026-07-24 23:45:00+00:00,73.82,73.82,73.82,73.82,73.82,0.0,0,,,
2026-07-25 00:00:00+00:00,73.82,73.82,73.82,73.82,73.82,0.0,0,,,
2026-07-25 00:15:00+00:00,73.82,73.82,73.82,73.82,73.82,0.0,0,,,
2026-07-25 00:30:00+00:00,74.0,74.1,73.97,73.98,73.98,25.668,9,,,
2026-07-25 00:45:00+00:00,73.95,73.95,73.94,73.94,73.94,2.11,3,,,
2026-07-25 01:00:00+00:00,74.13,74.13,74.04,74.04,74.04,0.706,2,,,
2026-07-25 01:15:00+00:00,74.03,74.03,74.03,74.03,74.03,0.03,1,,,
2026-07-25 01:30:00+00:00,74.03,74.03,74.03,74.03,74.03,0.0,0,,,
2026-07-25 01:45:00+00:00,74.03,74.03,74.03,74.03,74.03,0.0,0,,,
2026-07-25 02:00:00+00:00,74.08,74.08,74.08,74.08,74.08,32.0,5,,,
2026-07-25 02:15:00+00:00,74.08,74.08,74.08,74.08,74.08,0.0,0,,,
2026-07-25 02:30:00+00:00,74.08,74.08,74.08,74.08,74.08,0.0,0,,,
2026-07-25 02:45:00+00:00,74.08,74.08,74.08,74.08,74.08,0.0,0,,,
2026-07-25 03:00:00+00:00,74.08,74.08,74.08,74.08,74.08,0.0,0,,,
2026-07-25 03:15:00+00:00,74.07,74.2,74.07,74.2,74.2,11.114,2,,,
2026-07-25 03:30:00+00:00,74.15,74.15,74.15,74.15,74.15,10.0,3,,,
2026-07-25 03:45:00+00:00,74.12,74.12,74.12,74.12,74.12,1.124,1,,,
2026-07-25 04:00:00+00:00,74.08,74.08,74.08,74.08,74.08,0.557,1,,,
2026-07-25 04:15:00+00:00,74.25,74.25,74.25,74.25,74.25,0.014,1,,,
2026-07-25 04:30:00+00:00,74.18,74.22,74.18,74.22,74.22,1.106,2,,,
2026-07-25 04:45:00+00:00,74.22,74.22,74.22,74.22,74.22,0.0,0,,,
2026-07-25 05:00:00+00:00,74.23,74.23,74.19,74.19,74.19,1.108,2,,,
2026-07-25 05:15:00+00:00,74.19,74.19,74.19,74.19,74.19,0.0,0,,,
2026-07-25 05:30:00+00:00,74.04,74.04,74.03,74.03,74.03,32.042,5,,,
2026-07-25 05:45:00+00:00,74.0,74.0,73.93,73.93,73.93,10.203,5,,,
2026-07-25 06:00:00+00:00,73.93,73.93,73.93,73.93,73.93,0.03,1,,,
2026-07-25 06:15:00+00:00,73.85,73.85,73.82,73.82,73.82,1.13,3,,,
2026-07-25 06:30:00+00:00,73.8,73.82,73.8,73.82,73.82,5.57,3,,,
2026-07-25 06:45:00+00:00,73.83,73.91,73.83,73.91,73.91,1.119,2,,,
2026-07-25 07:00:00+00:00,73.96,74.0,73.96,74.0,74.0,0.576,2,,,
2026-07-25 07:15:00+00:00,74.0,74.0,74.0,74.0,74.0,0.0,0,,,
2026-07-25 07:30:00+00:00,73.83,73.83,73.82,73.82,73.82,0.135,2,,,
2026-07-25 07:45:00+00:00,73.82,73.82,73.82,73.82,73.82,0.0,0,,,
2026-07-25 08:00:00+00:00,73.69,73.69,73.66,73.66,73.66,1.144,2,,,
2026-07-25 08:15:00+00:00,73.66,73.66,73.66,73.66,73.66,0.0,0,,,
2026-07-25 08:30:00+00:00,73.74,73.74,73.74,73.74,73.74,0.683,1,,,
2026-07-25 08:45:00+00:00,73.73,73.73,73.73,73.73,73.73,0.556,1,,,
2026-07-25 09:00:00+00:00,73.73,73.73,73.73,73.73,73.73,0.0,0,,,
2026-07-25 09:15:00+00:00,73.73,73.73,73.73,73.73,73.73,0.0,0,,,
2026-07-25 09:30:00+00:00,73.89,73.89,73.89,73.89,73.89,0.556,1,,,
2026-07-25 09:45:00+00:00,73.89,73.89,73.89,73.89,73.89,0.0,0,,,
2026-07-25 10:00:00+00:00,73.89,73.89,73.89,73.89,73.89,0.0,0,,,
2026-07-25 10:15:00+00:00,73.89,73.89,73.89,73.89,73.89,0.0,0,,,
2026-07-25 10:30:00+00:00,73.89,73.89,73.89,73.89,73.89,0.0,0,,,
2026-07-25 10:45:00+00:00,73.89,73.89,73.89,73.89,73.89,0.0,0,,,
2026-07-25 11:00:00+00:00,73.89,73.89,73.89,73.89,73.89,0.0,0,,,
2026-07-25 11:15:00+00:00,73.87,73.87,73.87,73.87,73.87,0.027,1,,,
2026-07-25 11:30:00+00:00,73.89,73.89,73.89,73.89,73.89,0.015,1,,,
2026-07-25 11:45:00+00:00,73.85,73.85,73.85,73.85,73.85,0.812,1,,,
2026-07-25 12:00:00+00:00,73.85,73.85,73.85,73.85,73.85,0.0,0,,,
2026-07-25 12:15:00+00:00,73.85,73.85,73.85,73.85,73.85,0.0,0,,,
2026-07-25 12:30:00+00:00,73.85,73.85,73.85,73.85,73.85,0.0,0,,,
2026-07-25 12:45:00+00:00,73.85,73.85,73.85,73.85,73.85,0.0,0,,,
2026-07-25 13:00:00+00:00,73.85,73.85,73.85,73.85,73.85,0.0,0,,,
2026-07-25 13:15:00+00:00,73.95,73.95,73.95,73.95,73.95,3.515,1,,,
2026-07-25 13:30:00+00:00,73.98,73.98,73.98,73.98,73.98,0.555,1,,,
2026-07-25 13:45:00+00:00,74.04,74.04,74.04,74.04,74.04,2.041,2,,,
2026-07-25 14:00:00+00:00,73.82,73.82,73.76,73.76,73.76,1.93,2,,,
2026-07-25 14:15:00+00:00,73.79,73.79,73.79,73.79,73.79,1.145,3,,,
2026-07-25 14:30:00+00:00,73.79,73.79,73.79,73.79,73.79,0.0,0,,,
2026-07-25 14:45:00+00:00,73.97,73.97,73.97,73.97,73.97,0.043,2,,,
2026-07-25 15:00:00+00:00,73.97,74.12,73.97,74.12,74.12,1.742,5,,,
2026-07-25 15:15:00+00:00,74.17,74.17,74.17,74.17,74.17,20.21,2,,,
2026-07-25 15:30:00+00:00,74.14,74.2,74.14,74.2,74.2,0.57,2,,,
2026-07-25 15:45:00+00:00,74.2,74.2,74.2,74.2,74.2,0.0,0,,,
2026-07-25 16:00:00+00:00,74.2,74.2,74.2,74.2,74.2,0.0,0,,,
2026-07-25 16:15:00+00:00,74.2,74.2,74.2,74.2,74.2,0.0,0,,,
2026-07-25 16:30:00+00:00,74.2,74.2,74.2,74.2,74.2,0.0,0,,,
2026-07-25 16:45:00+00:00,74.32,74.34,74.29,74.29,74.29,1.137,3,,,
2026-07-25 17:00:00+00:00,74.29,74.29,74.29,74.29,74.29,0.0,0,,,
2026-07-25 17:15:00+00:00,74.35,74.49,74.35,74.49,74.49,1.845,6,,,
2026-07-25 17:30:00+00:00,74.4,74.52,74.4,74.52,74.52,1.568,3,,,
2026-07-25 17:45:00+00:00,74.54,74.55,74.48,74.48,74.48,1.189,4,,,
2026-07-25 18:00:00+00:00,74.49,74.49,74.49,74.49,74.49,0.047,1,,,
2026-07-25 18:15:00+00:00,74.49,74.49,74.49,74.49,74.49,0.0,0,,,
2026-07-25 18:30:00+00:00,74.52,74.52,74.52,74.52,74.52,0.557,1,,,
2026-07-25 18:45:00+00:00,74.6,74.6,74.6,74.6,74.6,0.187,1,,,
2026-07-25 19:00:00+00:00,74.59,74.67,74.58,74.66,74.66,1.142,6,,,
2026-07-25 19:15:00+00:00,74.66,74.66,74.66,74.66,74.66,0.0,0,,,
2026-07-25 19:30:00+00:00,74.66,74.66,74.66,74.66,74.66,0.0,0,,,
2026-07-25 19:45:00+00:00,74.66,74.66,74.66,74.66,74.66,0.0,0,,,
2026-07-25 20:00:00+00:00,74.49,74.49,74.39,74.39,74.39,0.768,7,,,
2026-07-25 20:15:00+00:00,74.4,74.4,74.4,74.4,74.4,0.815,2,,,
2026-07-25 20:30:00+00:00,74.4,74.4,74.4,74.4,74.4,0.0,0,,,
2026-07-25 20:45:00+00:00,74.38,74.38,74.38,74.38,74.38,0.188,1,,,
2026-07-25 21:00:00+00:00,74.27,74.28,74.24,74.28,74.28,0.219,3,,,
2026-07-25 21:15:00+00:00,74.28,74.28,74.28,74.28,74.28,0.0,0,,,
2026-07-25 21:30:00+00:00,74.38,74.43,74.38,74.43,74.43,0.204,2,,,
2026-07-25 21:45:00+00:00,74.45,74.49,74.42,74.42,74.42,4.774,5,,,
2026-07-25 22:00:00+00:00,74.43,74.43,74.43,74.43,74.43,0.037,2,,,
2026-07-25 22:15:00+00:00,74.38,74.38,74.34,74.34,74.34,0.21,2,,,
2026-07-25 22:30:00+00:00,74.28,74.32,74.27,74.32,74.32,0.061,3,,,
2026-07-25 22:45:00+00:00,74.32,74.32,74.32,74.32,74.32,0.0,0,,,
2026-07-25 23:00:00+00:00,74.32,74.32,74.32,74.32,74.32,0.0,0,,,
2026-07-25 23:15:00+00:00,74.4,74.4,74.36,74.36,74.36,1.626,3,,,
2026-07-25 23:30:00+00:00,74.46,74.46,74.42,74.42,74.42,0.071,2,,,
2026-07-25 23:45:00+00:00,74.42,74.42,74.42,74.42,74.42,0.0,0,,,
2026-07-26 00:00:00+00:00,74.47,74.49,74.47,74.49,74.49,0.203,3,,,
2026-07-26 00:15:00+00:00,74.6,74.84,74.6,74.84,74.84,1.071,9,,,
2026-07-26 00:30:00+00:00,74.84,74.84,74.84,74.84,74.84,0.0,0,,,
2026-07-26 00:45:00+00:00,74.84,74.84,74.84,74.84,74.84,0.0,0,,,
2026-07-26 01:00:00+00:00,74.74,74.74,74.71,74.71,74.71,1.116,2,,,
2026-07-26 01:15:00+00:00,74.71,74.71,74.71,74.71,74.71,0.0,0,,,
2026-07-26 01:30:00+00:00,74.71,74.71,74.71,74.71,74.71,0.0,0,,,
2026-07-26 01:45:00+00:00,74.71,74.71,74.71,74.71,74.71,0.0,0,,,
2026-07-26 02:00:00+00:00,74.76,74.76,74.73,74.73,74.73,0.599,2,,,
2026-07-26 02:15:00+00:00,74.73,74.73,74.73,74.73,74.73,0.0,0,,,
2026-07-26 02:30:00+00:00,74.76,74.76,74.76,74.76,74.76,0.014,1,,,
2026-07-26 02:45:00+00:00,74.79,74.79,74.79,74.79,74.79,0.555,1,,,
2026-07-26 03:00:00+00:00,74.85,74.92,74.78,74.8,74.8,1.913,7,,,
2026-07-26 03:15:00+00:00,74.93,74.93,74.87,74.87,74.87,1.3,2,,,
2026-07-26 03:30:00+00:00,74.85,74.86,74.85,74.86,74.86,3.353,2,,,
2026-07-26 03:45:00+00:00,74.86,74.86,74.86,74.86,74.86,0.0,0,,,
2026-07-26 04:00:00+00:00,74.96,75.05,74.95,74.95,74.95,5.749,7,,,
2026-07-26 04:15:00+00:00,74.95,74.95,74.95,74.95,74.95,0.0,0,,,
2026-07-26 04:30:00+00:00,75.1,75.1,75.09,75.09,75.09,7.306,3,,,
2026-07-26 04:45:00+00:00,75.12,75.15,74.99,74.99,74.99,1.076,4,,,
2026-07-26 05:00:00+00:00,74.99,75.1,74.95,75.1,75.1,42.324,7,,,
2026-07-26 05:15:00+00:00,75.02,75.02,75.02,75.02,75.02,6.665,1,,,
2026-07-26 05:30:00+00:00,74.99,74.99,74.9,74.9,74.9,0.259,2,,,
2026-07-26 05:45:00+00:00,74.98,74.98,74.98,74.98,74.98,6.72,3,,,
2026-07-26 06:00:00+00:00,74.88,74.88,74.88,74.88,74.88,0.186,1,,,
2026-07-26 06:15:00+00:00,74.76,74.76,74.71,74.71,74.71,0.234,2,,,
2026-07-26 06:30:00+00:00,74.86,74.86,74.85,74.86,74.86,4.453,3,,,
2026-07-26 06:45:00+00:00,74.87,74.99,74.87,74.99,74.99,0.419,3,,,
2026-07-26 07:00:00+00:00,75.09,75.09,75.09,75.09,75.09,0.466,1,,,
2026-07-26 07:15:00+00:00,74.89,74.89,74.89,74.89,74.89,0.466,1,,,
2026-07-26 07:30:00+00:00,74.88,74.88,74.88,74.88,74.88,0.186,1,,,
2026-07-26 07:45:00+00:00,74.88,74.88,74.88,74.88,74.88,0.0,0,,,
2026-07-26 08:00:00+00:00,74.88,74.88,74.88,74.88,74.88,0.0,0,,,
2026-07-26 08:15:00+00:00,74.88,74.88,74.88,74.88,74.88,0.0,0,,,
2026-07-26 08:30:00+00:00,74.88,74.88,74.88,74.88,74.88,0.0,0,,,
2026-07-26 08:45:00+00:00,74.88,74.98,74.88,74.98,74.98,1014.258,91,,,
2026-07-26 09:00:00+00:00,74.99,74.99,74.99,74.99,74.99,0.186,1,,,
2026-07-26 09:15:00+00:00,74.99,74.99,74.99,74.99,74.99,0.0,0,,,
2026-07-26 09:30:00+00:00,75.02,75.15,75.02,75.09,75.09,13.836,9,,,
2026-07-26 09:45:00+00:00,75.09,75.09,75.09,75.09,75.09,0.0,0,,,
2026-07-26 10:00:00+00:00,75.09,75.09,75.09,75.09,75.09,0.0,0,,,
2026-07-26 10:15:00+00:00,75.09,75.09,75.09,75.09,75.09,0.0,0,,,
2026-07-26 10:30:00+00:00,75.09,75.09,75.09,75.09,75.09,0.0,0,,,
2026-07-26 10:45:00+00:00,75.09,75.09,75.09,75.09,75.09,0.0,0,,,
2026-07-26 11:00:00+00:00,75.09,75.09,75.09,75.09,75.09,0.0,0,,,
2026-07-26 11:15:00+00:00,75.01,75.01,75.01,75.01,75.01,0.092,1,,,
2026-07-26 11:30:00+00:00,74.99,75.02,74.88,74.88,74.88,2.611,8,,,
2026-07-26 11:45:00+00:00,74.87,74.87,74.87,74.87,74.87,0.133,1,,,
2026-07-26 12:00:00+00:00,75.0,75.0,75.0,75.0,75.0,0.554,1,,,
2026-07-26 12:15:00+00:00,75.0,75.0,75.0,75.0,75.0,0.0,0,,,
2026-07-26 12:30:00+00:00,75.0,75.0,75.0,75.0,75.0,0.0,0,,,
2026-07-26 12:45:00+00:00,75.0,75.0,75.0,75.0,75.0,0.0,0,,,
2026-07-26 13:00:00+00:00,74.76,74.76,74.76,74.76,74.76,0.242,2,,,
2026-07-26 13:15:00+00:00,74.76,74.76,74.76,74.76,74.76,0.0,0,,,
2026-07-26 13:30:00+00:00,74.74,74.89,74.74,74.89,74.89,0.215,2,,,
2026-07-26 13:45:00+00:00,74.89,74.89,74.89,74.89,74.89,0.0,0,,,
2026-07-26 14:00:00+00:00,74.95,75.16,74.95,75.09,75.09,25.271,8,,,
2026-07-26 14:15:00+00:00,74.93,74.93,74.92,74.92,74.92,8.751,3,,,
2026-07-26 14:30:00+00:00,74.92,74.92,74.92,74.92,74.92,0.0,0,,,
2026-07-26 14:45:00+00:00,74.96,75.0,74.92,75.0,75.0,1.334,4,,,
2026-07-26 15:00:00+00:00,75.05,75.05,75.05,75.05,75.05,0.555,1,,,
2026-07-26 15:15:00+00:00,75.11,75.27,75.11,75.16,75.16,3.442,6,,,
2026-07-26 15:30:00+00:00,75.13,75.23,75.13,75.23,75.23,9.518,4,,,
2026-07-26 15:45:00+00:00,75.33,75.36,75.32,75.36,75.36,7.22,3,,,
2026-07-26 16:00:00+00:00,75.42,75.42,75.34,75.34,75.34,0.785,2,,,
2026-07-26 16:15:00+00:00,75.43,75.61,75.43,75.61,75.61,101.754,40,,,
2026-07-26 16:30:00+00:00,75.68,75.88,75.68,75.88,75.88,44.219,8,,,
2026-07-26 16:45:00+00:00,75.65,75.65,75.48,75.48,75.48,13.177,10,,,
2026-07-26 17:00:00+00:00,75.36,75.4,75.36,75.4,75.4,1.116,2,,,
2026-07-26 17:15:00+00:00,75.48,75.48,75.27,75.27,75.27,2.55,4,,,
2026-07-26 17:30:00+00:00,75.29,75.29,75.29,75.29,75.29,0.028,1,,,
2026-07-26 17:45:00+00:00,75.36,75.36,75.36,75.36,75.36,6.634,1,,,
2026-07-26 18:00:00+00:00,75.23,75.23,75.23,75.23,75.23,0.332,1,,,
2026-07-26 18:15:00+00:00,75.3,75.3,75.27,75.27,75.27,27.917,5,,,
2026-07-26 18:30:00+00:00,75.27,75.27,75.25,75.25,75.25,34.93,2,,,
2026-07-26 18:45:00+00:00,75.25,75.25,75.25,75.25,75.25,0.0,0,,,
2026-07-26 19:00:00+00:00,75.37,75.39,75.29,75.29,75.29,725.924,23,,,
2026-07-26 19:15:00+00:00,75.29,75.29,75.29,75.29,75.29,0.0,0,,,
2026-07-26 19:30:00+00:00,75.29,75.29,75.29,75.29,75.29,0.0,0,,,
2026-07-26 19:45:00+00:00,75.26,75.26,75.26,75.26,75.26,0.014,1,,,
2026-07-26 20:00:00+00:00,75.3,75.33,75.3,75.33,75.33,0.62,2,,,
2026-07-26 20:15:00+00:00,75.3,75.31,75.3,75.31,75.31,193.928,10,,,
2026-07-26 20:30:00+00:00,75.31,75.32,75.31,75.32,75.32,46.495,5,,,
2026-07-26 20:45:00+00:00,75.32,75.32,75.32,75.32,75.32,0.0,0,,,
2026-07-26 21:00:00+00:00,75.32,75.35,75.32,75.35,75.35,6.787,2,,,
2026-07-26 21:15:00+00:00,75.43,75.63,75.43,75.63,75.63,11.335,7,,,
2026-07-26 21:30:00+00:00,75.54,75.54,75.54,75.54,75.54,0.396,1,,,
2026-07-26 21:45:00+00:00,75.63,75.69,75.63,75.68,75.68,23.819,7,,,
2026-07-26 22:00:00+00:00,75.61,76.06,75.61,76.06,76.06,72.293,20,,,
2026-07-26 22:15:00+00:00,76.13,76.31,76.13,76.31,76.31,2.702,8,,,
2026-07-26 22:30:00+00:00,76.34,76.73,76.34,76.73,76.73,27.198,12,,,
2026-07-26 22:45:00+00:00,76.53,76.66,76.51,76.62,76.62,15.83,10,,,
2026-07-26 23:00:00+00:00,76.7,76.98,76.6,76.79,76.79,33.927,27,,,
2026-07-26 23:15:00+00:00,76.83,76.87,76.62,76.62,76.62,178.463,27,,,
2026-07-26 23:30:00+00:00,76.55,76.62,76.51,76.62,76.62,2.758,11,,,
2026-07-26 23:45:00+00:00,76.62,76.69,76.6,76.69,76.69,6.945,5,,,
2026-07-27 00:00:00+00:00,76.64,76.64,76.48,76.57,76.57,2.687,7,,,
2026-07-27 00:15:00+00:00,76.44,76.46,76.39,76.46,76.46,5.256,6,,,
2026-07-27 00:30:00+00:00,76.44,76.44,76.44,76.44,76.44,0.554,1,,,
2026-07-27 00:45:00+00:00,76.44,76.44,76.44,76.44,76.44,0.0,0,,,
2026-07-27 01:00:00+00:00,76.27,76.28,76.27,76.28,76.28,0.435,2,,,
2026-07-27 01:15:00+00:00,76.17,76.17,76.12,76.15,76.15,1.71,5,,,
2026-07-27 01:30:00+00:00,76.24,76.24,76.04,76.15,76.15,2.305,5,,,
2026-07-27 01:45:00+00:00,76.27,76.44,76.27,76.44,76.44,14.007,10,,,
2026-07-27 02:00:00+00:00,76.45,76.5,76.38,76.43,76.43,8.296,8,,,
2026-07-27 02:15:00+00:00,76.41,76.52,76.39,76.52,76.52,10.708,6,,,
2026-07-27 02:30:00+00:00,76.43,76.59,76.4,76.59,76.59,10.743,11,,,
2026-07-27 02:45:00+00:00,76.48,76.48,76.33,76.36,76.36,2.265,8,,,
2026-07-27 03:00:00+00:00,76.4,76.45,76.33,76.33,76.33,15.155,7,,,
2026-07-27 03:15:00+00:00,76.39,76.41,76.39,76.41,76.41,16.835,4,,,
2026-07-27 03:30:00+00:00,76.34,76.35,76.34,76.35,76.35,0.445,2,,,
2026-07-27 03:45:00+00:00,76.3,76.3,76.29,76.29,76.29,0.028,2,,,
2026-07-27 04:00:00+00:00,76.35,76.38,76.33,76.38,76.38,2.036,6,,,
2026-07-27 04:15:00+00:00,76.49,76.54,76.3,76.3,76.3,0.856,8,,,
2026-07-27 04:30:00+00:00,76.31,76.36,76.2,76.32,76.32,12.088,19,,,
2026-07-27 04:45:00+00:00,76.3,76.3,76.28,76.28,76.28,1.58,3,,,
2026-07-27 05:00:00+00:00,76.25,76.38,76.25,76.38,76.38,0.799,5,,,
2026-07-27 05:15:00+00:00,76.35,76.35,76.35,76.35,76.35,0.554,1,,,
2026-07-27 05:30:00+00:00,76.34,76.34,76.34,76.34,76.34,6.55,1,,,
2026-07-27 05:45:00+00:00,76.27,76.53,76.27,76.53,76.53,1.502,8,,,
2026-07-27 06:00:00+00:00,76.49,76.84,76.49,76.81,76.81,26.424,16,,,
2026-07-27 06:15:00+00:00,76.78,76.78,76.71,76.71,76.71,0.96,2,,,
2026-07-27 06:30:00+00:00,76.71,76.71,76.71,76.71,76.71,0.0,0,,,
2026-07-27 06:45:00+00:00,76.67,76.67,76.58,76.65,76.65,2.6,7,,,
2026-07-27 07:00:00+00:00,76.66,76.66,76.51,76.63,76.63,4.281,10,,,
2026-07-27 07:15:00+00:00,76.63,76.63,76.57,76.62,76.62,3.983,10,,,
2026-07-27 07:30:00+00:00,76.51,76.51,76.38,76.38,76.38,1.211,4,,,
2026-07-27 07:45:00+00:00,76.46,76.56,76.46,76.56,76.56,3.163,3,,,
2026-07-27 08:00:00+00:00,76.38,76.38,76.27,76.33,76.33,1.087,4,,,
2026-07-27 08:15:00+00:00,76.35,76.35,76.3,76.3,76.3,4.263,2,,,
2026-07-27 08:30:00+00:00,76.3,76.3,76.3,76.3,76.3,0.0,0,,,
2026-07-27 08:45:00+00:00,76.28,76.28,76.19,76.19,76.19,1.324,2,,,
2026-07-27 09:00:00+00:00,76.18,76.18,76.11,76.11,76.11,1.86,5,,,
2026-07-27 09:15:00+00:00,76.24,76.28,76.24,76.28,76.28,1.108,2,,,
2026-07-27 09:30:00+00:00,76.37,76.38,76.37,76.38,76.38,1.492,2,,,
2026-07-27 09:45:00+00:00,76.38,76.38,76.38,76.38,76.38,0.0,0,,,
2026-07-27 10:00:00+00:00,76.38,76.38,76.38,76.38,76.38,0.0,0,,,
2026-07-27 10:15:00+00:00,76.5,76.52,76.5,76.52,76.52,0.349,2,,,
2026-07-27 10:30:00+00:00,76.55,76.55,76.55,76.55,76.55,1.094,1,,,
2026-07-27 10:45:00+00:00,76.58,76.58,76.58,76.58,76.58,0.014,1,,,
2026-07-27 11:00:00+00:00,76.53,76.53,76.44,76.5,76.5,34.46,5,,,
2026-07-27 11:15:00+00:00,76.5,76.5,76.5,76.5,76.5,1.11,2,,,
2026-07-27 11:30:00+00:00,76.56,76.56,76.56,76.56,76.56,0.558,1,,,
2026-07-27 11:45:00+00:00,76.56,76.56,76.56,76.56,76.56,0.0,0,,,
2026-07-27 12:00:00+00:00,76.7,76.7,76.5,76.5,76.5,1.24,13,,,
2026-07-27 12:15:00+00:00,76.55,76.55,76.38,76.38,76.38,1.907,7,,,
2026-07-27 12:30:00+00:00,76.27,76.77,76.27,76.77,76.77,2.54,11,,,
2026-07-27 12:45:00+00:00,76.79,76.97,76.79,76.8,76.8,125.347,23,,,
2026-07-27 13:00:00+00:00,76.74,76.84,76.61,76.61,76.61,75.14,10,,,
2026-07-27 13:15:00+00:00,76.55,76.55,76.45,76.47,76.47,4.381,7,,,
2026-07-27 13:30:00+00:00,76.48,77.36,76.47,77.25,77.25,46.833,37,,,
2026-07-27 13:45:00+00:00,77.2,77.2,76.77,76.77,76.77,13.067,13,,,
2026-07-27 14:00:00+00:00,76.85,76.9,76.66,76.68,76.68,14.922,12,,,
2026-07-27 14:15:00+00:00,76.81,76.81,75.84,75.84,75.84,55.457,35,,,
2026-07-27 14:30:00+00:00,75.73,75.73,75.03,75.04,75.04,110.47,46,,,
2026-07-27 14:45:00+00:00,75.03,75.48,75.0,75.4,75.4,24.68,22,,,
2026-07-27 15:00:00+00:00,75.44,75.48,75.29,75.48,75.48,17.582,11,,,
2026-07-27 15:15:00+00:00,75.37,75.5,75.26,75.26,75.26,1.464,10,,,
2026-07-27 15:30:00+00:00,75.37,75.37,75.1,75.37,75.37,3.006,10,,,
2026-07-27 15:45:00+00:00,75.35,75.35,75.23,75.23,75.23,5.281,6,,,
2026-07-27 16:00:00+00:00,75.22,75.22,75.17,75.22,75.22,41.98,9,,,
2026-07-27 16:15:00+00:00,75.2,75.62,75.14,75.62,75.62,27.34,20,,,
2026-07-27 16:30:00+00:00,75.67,75.78,75.67,75.78,75.78,3.191,5,,,
2026-07-27 16:45:00+00:00,75.81,75.84,75.73,75.84,75.84,2.518,7,,,
2026-07-27 17:00:00+00:00,75.93,75.93,75.8,75.8,75.8,0.028,2,,,
2026-07-27 17:15:00+00:00,75.89,76.11,75.89,76.08,76.08,4.364,7,,,
2026-07-27 17:30:00+00:00,75.98,75.98,75.98,75.98,75.98,0.555,1,,,
2026-07-27 17:45:00+00:00,75.78,75.86,75.78,75.86,75.86,0.688,3,,,
2026-07-27 18:00:00+00:00,75.87,75.87,75.74,75.74,75.74,2.345,5,,,
2026-07-27 18:15:00+00:00,75.73,75.73,75.59,75.59,75.59,4.129,16,,,
2026-07-27 18:30:00+00:00,75.5,75.5,75.27,75.31,75.31,30.086,18,,,
2026-07-27 18:45:00+00:00,75.42,75.5,75.42,75.5,75.5,9.546,5,,,
2026-07-27 19:00:00+00:00,75.56,75.9,75.56,75.8,75.8,3.244,18,,,
2026-07-27 19:15:00+00:00,75.86,75.86,75.69,75.69,75.69,0.582,2,,,
2026-07-27 19:30:00+00:00,75.73,75.9,75.73,75.9,75.9,6.156,9,,,
2026-07-27 19:45:00+00:00,75.75,75.93,75.71,75.93,75.93,2.295,6,,,
2026-07-27 20:00:00+00:00,76.0,76.0,75.81,75.81,75.81,83.146,13,,,
2026-07-27 20:15:00+00:00,75.83,76.02,75.75,76.02,76.02,53.595,11,,,
2026-07-27 20:30:00+00:00,76.02,76.02,76.02,76.02,76.02,0.0,0,,,
2026-07-27 20:45:00+00:00,75.77,75.86,75.77,75.86,75.86,21.103,2,,,
2026-07-27 21:00:00+00:00,75.85,75.91,75.83,75.84,75.84,35.898,6,,,
2026-07-27 21:15:00+00:00,75.82,75.82,75.55,75.55,75.55,12.728,10,,,
2026-07-27 21:30:00+00:00,75.58,75.58,75.51,75.51,75.51,6.98,2,,,
2026-07-27 21:45:00+00:00,75.51,75.51,75.51,75.51,75.51,0.0,0,,,
2026-07-27 22:00:00+00:00,75.4,75.4,75.29,75.4,75.4,3.218,4,,,
2026-07-27 22:15:00+00:00,75.36,75.36,75.11,75.16,75.16,16.2,12,,,
2026-07-27 22:30:00+00:00,75.18,75.29,74.66,74.66,74.66,341.581,33,,,
2026-07-27 22:45:00+00:00,74.63,74.63,74.0,74.06,74.06,90.91,29,,,
2026-07-27 23:00:00+00:00,73.96,74.06,73.71,73.89,73.89,235.268,46,,,
2026-07-27 23:15:00+00:00,73.93,74.26,73.93,74.2,74.2,4.572,5,,,
2026-07-27 23:30:00+00:00,74.24,74.31,74.0,74.0,74.0,3.611,10,,,
2026-07-27 23:45:00+00:00,73.95,74.15,73.95,74.15,74.15,5.81,3,,,
2026-07-28 00:00:00+00:00,74.04,74.04,73.9,73.9,73.9,0.289,2,,,
2026-07-28 00:15:00+00:00,74.0,74.0,73.79,73.87,73.87,59.815,11,,,
2026-07-28 00:30:00+00:00,73.93,74.0,73.93,74.0,74.0,0.037,3,,,
2026-07-28 00:45:00+00:00,73.85,73.88,73.66,73.72,73.72,12.912,11,,,
2026-07-28 01:00:00+00:00,73.66,73.66,72.82,73.22,73.22,115.073,50,,,
2026-07-28 01:15:00+00:00,73.0,73.32,72.96,73.32,73.32,464.886,27,,,
2026-07-28 01:30:00+00:00,73.31,73.36,73.13,73.14,73.14,2.247,7,,,
2026-07-28 01:45:00+00:00,73.3,73.33,73.16,73.16,73.16,67.464,15,,,
2026-07-28 02:00:00+00:00,73.1,73.24,73.04,73.24,73.24,24.235,8,,,
2026-07-28 02:15:00+00:00,73.27,73.35,73.19,73.35,73.35,28.664,12,,,
2026-07-28 02:30:00+00:00,73.33,73.33,73.2,73.2,73.2,17.706,6,,,
2026-07-28 02:45:00+00:00,73.23,73.32,73.13,73.32,73.32,3.575,10,,,
2026-07-28 03:00:00+00:00,73.28,73.28,73.16,73.16,73.16,21.585,4,,,
2026-07-28 03:15:00+00:00,73.27,73.3,73.19,73.19,73.19,5.726,13,,,
2026-07-28 03:30:00+00:00,73.21,73.3,73.12,73.3,73.3,27.598,15,,,
2026-07-28 03:45:00+00:00,73.24,73.3,73.17,73.19,73.19,23.046,7,,,
2026-07-28 04:00:00+00:00,73.17,73.17,73.1,73.1,73.1,2.809,6,,,
2026-07-28 04:15:00+00:00,73.09,73.16,73.09,73.16,73.16,1.613,8,,,
2026-07-28 04:30:00+00:00,73.02,73.08,72.93,73.08,73.08,3.163,10,,,
2026-07-28 04:45:00+00:00,73.09,73.19,73.09,73.19,73.19,2.044,9,,,
2026-07-28 05:00:00+00:00,73.14,73.28,73.14,73.28,73.28,5.176,12,,,
2026-07-28 05:15:00+00:00,73.28,73.43,73.28,73.36,73.36,35.777,22,,,
2026-07-28 05:30:00+00:00,73.35,73.35,73.21,73.32,73.32,3.106,9,,,
2026-07-28 05:45:00+00:00,73.4,73.4,73.25,73.25,73.25,59.278,24,,,
2026-07-28 06:00:00+00:00,73.22,73.22,73.06,73.06,73.06,2.671,7,,,
2026-07-28 06:15:00+00:00,73.19,73.27,73.17,73.27,73.27,7.727,12,,,
2026-07-28 06:30:00+00:00,73.28,73.4,73.28,73.4,73.4,2.231,7,,,
2026-07-28 06:45:00+00:00,73.36,73.41,73.34,73.38,73.38,2.149,7,,,
2026-07-28 07:00:00+00:00,73.41,73.41,73.32,73.32,73.32,1.688,5,,,
2026-07-28 07:15:00+00:00,73.41,73.41,73.36,73.39,73.39,1.599,4,,,
2026-07-28 07:30:00+00:00,73.23,73.23,73.19,73.19,73.19,1.078,4,,,
2026-07-28 07:45:00+00:00,73.16,73.24,73.11,73.24,73.24,3.254,9,,,
2026-07-28 08:00:00+00:00,73.24,73.3,73.24,73.3,73.3,0.373,2,,,
2026-07-28 08:15:00+00:00,73.13,73.21,73.12,73.21,73.21,16.98,4,,,
2026-07-28 08:30:00+00:00,73.21,73.21,73.21,73.21,73.21,0.0,0,,,
2026-07-28 08:45:00+00:00,73.32,73.32,73.25,73.27,73.27,0.871,3,,,
2026-07-28 09:00:00+00:00,73.27,73.27,73.27,73.27,73.27,0.0,0,,,
2026-07-28 09:15:00+00:00,73.35,73.35,73.35,73.35,73.35,0.682,2,,,
2026-07-28 09:30:00+00:00,73.35,73.35,73.35,73.35,73.35,0.0,0,,,
2026-07-28 09:45:00+00:00,73.32,73.32,73.21,73.21,73.21,1.301,3,,,
2026-07-28 10:00:00+00:00,73.22,73.22,73.12,73.12,73.12,9.28,5,,,
2026-07-28 10:15:00+00:00,73.21,73.21,73.15,73.15,73.15,11.616,5,,,
2026-07-28 10:30:00+00:00,73.17,73.19,73.15,73.18,73.18,1.389,4,,,
2026-07-28 10:45:00+00:00,73.19,73.19,73.16,73.16,73.16,0.899,2,,,
2026-07-28 11:00:00+00:00,73.08,73.1,72.88,72.92,72.92,11.262,14,,,
2026-07-28 11:15:00+00:00,72.88,73.14,72.88,73.14,73.14,3.803,9,,,
2026-07-28 11:30:00+00:00,73.02,73.26,72.99,73.06,73.06,2.954,8,,,
2026-07-28 11:45:00+00:00,73.1,73.13,73.1,73.13,73.13,0.68,2,,,
2026-07-28 12:00:00+00:00,73.1,73.18,73.1,73.17,73.17,2.131,5,,,
2026-07-28 12:15:00+00:00,73.18,73.18,73.17,73.18,73.18,0.859,3,,,
2026-07-28 12:30:00+00:00,73.12,73.12,73.12,73.12,73.12,0.557,2,,,
2026-07-28 12:45:00+00:00,73.24,73.34,73.24,73.34,73.34,5.445,6,,,
2026-07-28 13:00:00+00:00,73.31,73.31,73.21,73.21,73.21,0.748,2,,,
2026-07-28 13:15:00+00:00,73.21,73.21,73.15,73.15,73.15,0.691,3,,,
2026-07-28 13:30:00+00:00,72.91,73.05,72.37,72.58,72.58,99.809,47,,,
2026-07-28 13:45:00+00:00,72.6,72.7,72.36,72.59,72.59,238.753,30,,,
2026-07-28 14:00:00+00:00,72.63,72.86,72.63,72.7,72.7,37.55,13,,,
2026-07-28 14:15:00+00:00,72.68,72.89,72.52,72.89,72.89,19.534,19,,,
2026-07-28 14:30:00+00:00,72.91,73.08,72.84,73.03,73.03,41.69,15,,,
2026-07-28 14:45:00+00:00,73.04,73.38,73.04,73.35,73.35,5.287,12,,,
2026-07-28 15:00:00+00:00,73.42,73.62,73.28,73.62,73.62,59.674,21,,,
2026-07-28 15:15:00+00:00,73.5,74.41,73.49,74.24,74.24,48.532,28,,,
2026-07-28 15:30:00+00:00,74.33,74.47,74.33,74.41,74.41,0.593,4,,,
2026-07-28 15:45:00+00:00,74.46,74.46,74.11,74.11,74.11,15.819,8,,,
2026-07-28 16:00:00+00:00,74.23,74.27,74.11,74.11,74.11,2.371,6,,,
2026-07-28 16:15:00+00:00,74.2,74.27,74.12,74.12,74.12,0.912,3,,,
2026-07-28 16:30:00+00:00,74.09,74.18,74.05,74.18,74.18,4.091,4,,,
2026-07-28 16:45:00+00:00,74.3,74.36,74.3,74.36,74.36,0.625,3,,,
2026-07-28 17:00:00+00:00,74.19,74.19,73.96,73.96,73.96,1.709,4,,,
2026-07-28 17:15:00+00:00,73.94,73.94,73.75,73.81,73.81,4.46,27,,,
2026-07-28 17:30:00+00:00,73.78,73.78,73.52,73.6,73.6,6.299,87,,,
2026-07-28 17:45:00+00:00,73.61,73.76,73.59,73.74,73.74,1.938,62,,,
2026-07-28 18:00:00+00:00,73.74,73.99,73.74,73.8,73.8,30.351,153,,,
2026-07-28 18:15:00+00:00,73.82,73.89,73.75,73.79,73.79,7.365,140,,,
2026-07-28 18:30:00+00:00,73.79,73.87,73.74,73.82,73.82,79.983,120,,,
2026-07-28 18:45:00+00:00,73.78,73.9,73.78,73.82,73.82,113.559,30,,,
2026-07-28 19:00:00+00:00,73.89,73.89,73.85,73.85,73.85,81.528,13,,,
2026-07-28 19:15:00+00:00,73.78,73.93,73.78,73.93,73.93,20.077,9,,,
2026-07-28 19:30:00+00:00,74.0,74.14,74.0,74.14,74.14,1.034,7,,,
2026-07-28 19:45:00+00:00,74.19,74.3,74.15,74.2,74.2,3.48,8,,,
2026-07-28 20:00:00+00:00,74.16,74.16,74.12,74.12,74.12,8.195,5,,,
2026-07-28 20:15:00+00:00,74.16,74.23,74.06,74.06,74.06,83.32,16,,,
2026-07-28 20:30:00+00:00,74.02,74.08,73.99,73.99,73.99,73.147,11,,,
2026-07-28 20:45:00+00:00,73.95,73.95,73.95,73.95,73.95,11.93,3,,,
2026-07-28 21:00:00+00:00,73.98,74.04,73.95,74.0,74.0,17.217,15,,,
2026-07-28 21:15:00+00:00,74.0,74.06,73.97,74.03,74.03,44.142,11,,,
2026-07-28 21:30:00+00:00,74.08,74.2,74.08,74.2,74.2,7.264,5,,,
2026-07-28 21:45:00+00:00,74.26,74.29,74.07,74.07,74.07,30.047,19,,,
2026-07-28 22:00:00+00:00,74.08,74.14,73.96,74.03,74.03,77.674,32,,,
2026-07-28 22:15:00+00:00,74.06,74.07,73.91,73.91,73.91,19.34,12,,,
2026-07-28 22:30:00+00:00,73.88,73.88,73.71,73.76,73.76,21.57,12,,,
2026-07-28 22:45:00+00:00,73.68,73.68,73.38,73.38,73.38,3.897,8,,,
2026-07-28 23:00:00+00:00,73.39,73.39,73.23,73.32,73.32,1.683,4,,,
2026-07-28 23:15:00+00:00,73.31,73.39,73.13,73.26,73.26,91.442,42,,,
2026-07-28 23:30:00+00:00,73.25,73.55,73.25,73.55,73.55,24.655,49,,,
2026-07-28 23:45:00+00:00,73.53,73.74,73.53,73.74,73.74,8.566,16,,,
2026-07-29 00:00:00+00:00,73.75,74.03,73.75,73.96,73.96,24.142,16,,,
2026-07-29 00:15:00+00:00,73.98,74.04,73.85,73.85,73.85,631.598,50,,,
2026-07-29 00:30:00+00:00,73.74,73.92,73.74,73.92,73.92,4.002,4,,,
2026-07-29 00:45:00+00:00,73.96,74.04,73.74,73.74,73.74,46.801,24,,,
2026-07-29 01:00:00+00:00,73.7,73.7,73.52,73.52,73.52,67.882,10,,,
2026-07-29 01:15:00+00:00,73.47,73.69,73.47,73.66,73.66,2.708,9,,,
2026-07-29 01:30:00+00:00,73.56,73.64,73.44,73.44,73.44,2.651,9,,,
2026-07-29 01:45:00+00:00,73.3,73.35,73.2,73.2,73.2,1.649,4,,,
2026-07-29 02:00:00+00:00,73.09,73.3,73.09,73.3,73.3,61.337,18,,,
2026-07-29 02:15:00+00:00,73.15,73.54,73.15,73.54,73.54,99.646,22,,,
2026-07-29 02:30:00+00:00,73.71,73.87,73.64,73.77,73.77,6.097,15,,,
2026-07-29 02:45:00+00:00,73.76,73.77,73.56,73.63,73.63,4.317,19,,,
2026-07-29 03:00:00+00:00,73.6,73.64,73.39,73.49,73.49,593.444,51,,,
2026-07-29 03:15:00+00:00,73.49,73.49,73.18,73.18,73.18,65.467,22,,,
2026-07-29 03:30:00+00:00,73.13,73.24,73.01,73.08,73.08,77.061,50,,,
2026-07-29 03:45:00+00:00,73.14,73.18,72.93,73.0,73.0,20.396,31,,,
2026-07-29 04:00:00+00:00,72.99,73.16,72.68,72.99,72.99,12.883,34,,,
2026-07-29 04:15:00+00:00,72.97,73.1,72.8,73.06,73.06,9.374,28,,,
2026-07-29 04:30:00+00:00,73.03,73.3,73.02,73.16,73.16,67.355,25,,,
2026-07-29 04:45:00+00:00,73.16,73.32,73.16,73.32,73.32,6.917,5,,,
2026-07-29 05:00:00+00:00,73.35,73.49,73.35,73.49,73.49,4.931,16,,,
2026-07-29 05:15:00+00:00,73.38,73.47,73.27,73.44,73.44,4.554,14,,,
2026-07-29 05:30:00+00:00,73.49,73.69,73.49,73.63,73.63,3.147,9,,,
2026-07-29 05:45:00+00:00,73.66,73.66,73.63,73.64,73.64,1.923,5,,,
2026-07-29 06:00:00+00:00,73.58,73.6,73.58,73.6,73.6,1.372,3,,,
2026-07-29 06:15:00+00:00,73.62,73.87,73.62,73.87,73.87,1.891,7,,,
2026-07-29 06:30:00+00:00,73.91,73.96,73.88,73.96,73.96,29.33,9,,,
2026-07-29 06:45:00+00:00,73.96,73.98,73.91,73.97,73.97,3.821,9,,,
2026-07-29 07:00:00+00:00,73.96,74.01,73.96,74.01,74.01,1.365,4,,,
2026-07-29 07:15:00+00:00,73.94,74.07,73.91,74.07,74.07,3.828,42,,,
2026-07-29 07:30:00+00:00,74.06,74.06,73.93,73.97,73.97,0.935,31,,,
2026-07-29 07:45:00+00:00,73.96,74.17,73.93,74.17,74.17,1.929,36,,,
2026-07-29 08:00:00+00:00,74.2,74.24,73.89,73.9,73.9,20.648,54,,,
2026-07-29 08:15:00+00:00,73.89,73.92,73.63,73.69,73.69,8.198,47,,,
2026-07-29 08:30:00+00:00,73.68,74.02,73.68,74.02,74.02,4.439,45,,,
2026-07-29 08:45:00+00:00,74.04,74.04,74.04,74.04,74.04,1.35,1,,,
2026-07-29 09:00:00+00:00,73.87,73.9,73.86,73.88,73.88,1.629,4,,,
2026-07-29 09:15:00+00:00,73.98,73.98,73.98,73.98,73.98,0.341,1,,,
2026-07-29 09:30:00+00:00,74.06,74.11,74.06,74.1,74.1,11.435,6,,,
2026-07-29 09:45:00+00:00,74.07,74.07,74.07,74.07,74.07,4.408,3,,,
2026-07-29 10:00:00+00:00,73.96,73.96,73.96,73.96,73.96,0.343,1,,,
2026-07-29 10:15:00+00:00,73.96,73.96,73.96,73.96,73.96,0.0,0,,,
2026-07-29 10:30:00+00:00,73.91,73.91,73.91,73.91,73.91,0.34,1,,,
2026-07-29 10:45:00+00:00,73.75,73.75,73.75,73.75,73.75,0.189,1,,,
2026-07-29 11:00:00+00:00,73.84,73.86,73.84,73.86,73.86,0.529,2,,,
2026-07-29 11:15:00+00:00,73.86,73.86,73.86,73.86,73.86,0.0,0,,,
2026-07-29 11:30:00+00:00,73.79,73.82,73.79,73.79,73.79,1.034,4,,,
2026-07-29 11:45:00+00:00,73.89,73.89,73.88,73.88,73.88,0.058,2,,,
2026-07-29 12:00:00+00:00,73.78,73.78,73.74,73.74,73.74,3.597,3,,,
2026-07-29 12:15:00+00:00,73.68,73.68,73.42,73.5,73.5,9.705,16,,,
2026-07-29 12:30:00+00:00,73.42,73.47,73.38,73.44,73.44,2.11,4,,,
2026-07-29 12:45:00+00:00,73.51,73.53,73.42,73.42,73.42,3.259,11,,,
2026-07-29 13:00:00+00:00,73.45,73.5,73.41,73.5,73.5,3.134,11,,,
2026-07-29 13:15:00+00:00,73.41,73.41,73.41,73.41,73.41,0.342,1,,,
2026-07-29 13:30:00+00:00,73.45,73.66,73.39,73.56,73.56,45.046,32,,,
2026-07-29 13:45:00+00:00,73.55,73.55,73.33,73.53,73.53,2.214,9,,,
2026-07-29 14:00:00+00:00,73.64,73.78,73.42,73.42,73.42,41.799,23,,,
2026-07-29 14:15:00+00:00,73.44,73.5,73.15,73.15,73.15,24.949,15,,,
2026-07-29 14:30:00+00:00,73.24,73.24,73.07,73.07,73.07,5.939,7,,,
2026-07-29 14:45:00+00:00,73.13,73.35,73.13,73.21,73.21,1.789,9,,,
2026-07-29 15:00:00+00:00,73.18,73.29,73.18,73.27,73.27,1.691,7,,,
2026-07-29 15:15:00+00:00,73.18,73.21,73.11,73.21,73.21,0.219,3,,,
2026-07-29 15:30:00+00:00,73.29,73.32,73.1,73.1,73.1,0.424,5,,,
2026-07-29 15:45:00+00:00,73.08,73.11,72.95,72.96,72.96,41.684,14,,,
2026-07-29 16:00:00+00:00,73.02,73.02,72.89,72.99,72.99,20.857,9,,,
2026-07-29 16:15:00+00:00,72.99,73.21,72.99,73.17,73.17,22.284,17,,,
2026-07-29 16:30:00+00:00,73.07,73.1,72.87,72.89,72.89,4.358,33,,,
2026-07-29 16:45:00+00:00,72.91,73.21,72.89,73.21,73.21,26.186,62,,,
2026-07-29 17:00:00+00:00,73.22,73.47,73.19,73.45,73.45,4.085,58,,,
2026-07-29 17:15:00+00:00,73.42,73.42,73.2,73.21,73.21,3.461,54,,,
2026-07-29 17:30:00+00:00,73.21,73.29,73.11,73.28,73.28,1.607,46,,,
2026-07-29 17:45:00+00:00,73.29,73.82,73.27,73.82,73.82,84.953,70,,,
2026-07-29 18:00:00+00:00,73.85,74.24,73.85,74.16,74.16,106.947,38,,,
2026-07-29 18:15:00+00:00,73.94,73.96,73.8,73.86,73.86,22.072,21,,,
2026-07-29 18:30:00+00:00,73.91,74.1,73.38,74.1,74.1,51.355,37,,,
2026-07-29 18:45:00+00:00,74.15,74.42,74.09,74.16,74.16,20.014,21,,,
2026-07-29 19:00:00+00:00,74.26,74.26,73.82,73.92,73.92,2.794,10,,,
2026-07-29 19:15:00+00:00,73.86,74.03,73.46,73.46,73.46,20.617,16,,,
2026-07-29 19:30:00+00:00,73.51,73.51,73.24,73.24,73.24,24.819,12,,,
2026-07-29 19:45:00+00:00,73.13,73.13,72.75,72.75,72.75,86.938,37,,,
2026-07-29 20:00:00+00:00,72.63,72.87,72.42,72.87,72.87,19.693,25,,,
2026-07-29 20:15:00+00:00,72.9,72.98,72.55,72.65,72.65,0.454,7,,,
2026-07-29 20:30:00+00:00,72.75,73.01,72.75,72.96,72.96,53.352,9,,,
2026-07-29 20:45:00+00:00,72.95,72.95,72.55,72.58,72.58,148.102,26,,,
2026-07-29 21:00:00+00:00,72.53,72.68,72.25,72.68,72.68,131.422,41,,,
2026-07-29 21:15:00+00:00,72.58,72.85,72.53,72.85,72.85,16.123,11,,,
2026-07-29 21:30:00+00:00,72.88,73.0,72.82,72.96,72.96,136.399,28,,,
2026-07-29 21:45:00+00:00,72.89,73.01,72.83,73.01,73.01,3.516,7,,,
2026-07-29 22:00:00+00:00,73.12,73.62,73.12,73.55,73.55,70.684,30,,,
2026-07-29 22:15:00+00:00,73.65,73.73,73.59,73.67,73.67,39.508,10,,,
2026-07-29 22:30:00+00:00,73.45,73.56,73.45,73.56,73.56,0.38,2,,,
2026-07-29 22:45:00+00:00,73.5,73.5,73.5,73.5,73.5,0.014,1,,,
2026-07-29 23:00:00+00:00,73.56,73.56,73.4,73.4,73.4,1.086,3,,,
2026-07-29 23:15:00+00:00,73.38,73.57,73.38,73.56,73.56,1.828,6,,,
2026-07-29 23:30:00+00:00,73.59,73.59,73.45,73.45,73.45,0.461,2,,,
2026-07-29 23:45:00+00:00,73.56,73.6,73.56,73.6,73.6,0.532,2,,,
2026-07-30 00:00:00+00:00,73.62,73.75,73.62,73.75,73.75,1.49,5,,,
2026-07-30 00:15:00+00:00,73.71,73.73,73.71,73.73,73.73,18.217,2,,,
2026-07-30 00:30:00+00:00,73.45,73.45,73.2,73.2,73.2,13.336,10,,,
2026-07-30 00:45:00+00:00,73.21,73.21,73.1,73.1,73.1,16.134,5,,,
2026-07-30 01:00:00+00:00,73.23,73.62,73.23,73.43,73.43,1.991,12,,,
2026-07-30 01:15:00+00:00,73.56,73.56,73.56,73.56,73.56,0.19,1,,,
2026-07-30 01:30:00+00:00,73.57,73.91,73.57,73.87,73.87,3.543,13,,,
2026-07-30 01:45:00+00:00,73.96,74.12,73.96,74.07,74.07,39.106,22,,,
2026-07-30 02:00:00+00:00,73.98,73.98,73.95,73.96,73.96,184.009,10,,,
2026-07-30 02:15:00+00:00,73.91,73.99,73.91,73.96,73.96,1.579,4,,,
2026-07-30 02:30:00+00:00,73.84,73.91,73.82,73.85,73.85,1.162,4,,,
2026-07-30 02:45:00+00:00,73.87,73.87,73.74,73.74,73.74,3.492,10,,,
2026-07-30 03:00:00+00:00,73.76,73.84,73.66,73.7,73.7,2.061,7,,,
2026-07-30 03:15:00+00:00,73.75,73.9,73.75,73.85,73.85,5.466,16,,,
2026-07-30 03:30:00+00:00,73.76,73.77,73.63,73.63,73.63,1.252,4,,,
2026-07-30 03:45:00+00:00,73.65,73.69,73.62,73.62,73.62,1.596,5,,,
2026-07-30 04:00:00+00:00,73.61,73.61,73.54,73.54,73.54,15.691,9,,,
2026-07-30 04:15:00+00:00,73.51,73.51,73.46,73.48,73.48,1.391,6,,,
2026-07-30 04:30:00+00:00,73.48,73.61,73.47,73.47,73.47,54.491,16,,,
2026-07-30 04:45:00+00:00,73.49,73.52,73.41,73.41,73.41,3.93,11,,,
2026-07-30 05:00:00+00:00,73.44,73.46,73.39,73.46,73.46,3.318,11,,,
2026-07-30 05:15:00+00:00,73.48,73.49,73.43,73.49,73.49,2.121,7,,,
2026-07-30 05:30:00+00:00,73.56,73.72,73.56,73.69,73.69,4.313,16,,,
2026-07-30 05:45:00+00:00,73.7,73.73,73.57,73.58,73.58,4.81,15,,,
2026-07-30 06:00:00+00:00,73.6,73.61,73.55,73.6,73.6,2.725,8,,,
2026-07-30 06:15:00+00:00,73.57,73.57,73.46,73.56,73.56,38.172,17,,,
2026-07-30 06:30:00+00:00,73.58,73.58,73.53,73.55,73.55,28.878,9,,,
2026-07-30 06:45:00+00:00,73.52,73.53,73.45,73.46,73.46,3.602,9,,,
2026-07-30 07:00:00+00:00,73.53,73.67,73.53,73.66,73.66,3.613,13,,,
2026-07-30 07:15:00+00:00,73.66,73.71,73.57,73.64,73.64,19.661,15,,,
2026-07-30 07:30:00+00:00,73.52,73.55,73.44,73.52,73.52,2.125,7,,,
2026-07-30 07:45:00+00:00,73.42,73.42,73.34,73.34,73.34,2.141,8,,,
2026-07-30 08:00:00+00:00,73.35,73.37,73.27,73.34,73.34,4.217,12,,,
2026-07-30 08:15:00+00:00,73.37,73.62,73.37,73.62,73.62,0.776,7,,,
2026-07-30 08:30:00+00:00,73.66,73.68,73.6,73.68,73.68,2.942,8,,,
2026-07-30 08:45:00+00:00,73.69,73.71,73.65,73.71,73.71,20.987,6,,,
2026-07-30 09:00:00+00:00,73.73,73.9,73.73,73.9,73.9,77.402,16,,,
2026-07-30 09:15:00+00:00,73.88,73.99,73.87,73.96,73.96,22.339,10,,,
2026-07-30 09:30:00+00:00,74.0,74.09,73.99,74.0,74.0,63.642,25,,,
2026-07-30 09:45:00+00:00,74.0,74.02,74.0,74.01,74.01,39.003,12,,,
2026-07-30 10:00:00+00:00,73.97,74.07,73.97,74.02,74.02,3.069,9,,,
2026-07-30 10:15:00+00:00,74.02,74.02,74.0,74.02,74.02,1.141,4,,,
2026-07-30 10:30:00+00:00,74.02,74.02,74.02,74.02,74.02,0.0,0,,,
2026-07-30 10:45:00+00:00,73.97,73.97,73.75,73.82,73.82,22.409,14,,,
2026-07-30 11:00:00+00:00,73.82,73.95,73.82,73.95,73.95,2.238,6,,,
2026-07-30 11:15:00+00:00,73.95,73.95,73.95,73.95,73.95,0.0,0,,,
2026-07-30 11:30:00+00:00,73.97,74.09,73.97,74.07,74.07,1.363,4,,,
2026-07-30 11:45:00+00:00,74.05,74.23,74.02,74.16,74.16,23.738,16,,,
2026-07-30 12:00:00+00:00,74.16,74.24,74.13,74.22,74.22,4.705,12,,,
2026-07-30 12:15:00+00:00,74.19,74.19,74.05,74.07,74.07,1.974,7,,,
2026-07-30 12:30:00+00:00,74.11,74.23,74.03,74.16,74.16,15.452,19,,,
2026-07-30 12:45:00+00:00,74.18,74.38,74.18,74.38,74.38,24.794,11,,,
2026-07-30 13:00:00+00:00,74.3,74.37,74.24,74.24,74.24,2.229,8,,,
2026-07-30 13:15:00+00:00,74.27,74.27,74.19,74.19,74.19,0.297,23,,,
2026-07-30 13:30:00+00:00,74.16,74.29,74.09,74.29,74.29,4.865,11,,,
2026-07-30 13:45:00+00:00,74.38,74.79,74.38,74.67,74.67,41.183,29,,,
2026-07-30 14:00:00+00:00,74.67,74.67,74.33,74.37,74.37,17.917,14,,,
2026-07-30 14:15:00+00:00,74.39,74.53,74.24,74.53,74.53,12.26,21,,,
2026-07-30 14:30:00+00:00,74.59,74.66,74.59,74.66,74.66,32.607,13,,,
2026-07-30 14:45:00+00:00,74.64,74.67,74.49,74.49,74.49,460.59,33,,,
2026-07-30 15:00:00+00:00,74.57,74.75,74.56,74.71,74.71,4.92,11,,,
2026-07-30 15:15:00+00:00,74.52,74.61,74.49,74.49,74.49,39.904,9,,,
2026-07-30 15:30:00+00:00,74.41,74.5,74.41,74.5,74.5,0.684,2,,,
2026-07-30 15:45:00+00:00,74.52,74.57,74.45,74.57,74.57,6.908,9,,,
2026-07-30 16:00:00+00:00,74.6,74.74,74.6,74.69,74.69,4.386,6,,,
2026-07-30 16:15:00+00:00,74.64,74.67,74.63,74.64,74.64,2.601,7,,,
2026-07-30 16:30:00+00:00,74.61,74.61,74.41,74.44,74.44,2.507,6,,,
2026-07-30 16:45:00+00:00,74.41,74.52,74.41,74.52,74.52,1.705,5,,,
2026-07-30 17:00:00+00:00,74.52,74.54,74.52,74.54,74.54,0.681,2,,,
2026-07-30 17:15:00+00:00,74.41,74.55,74.41,74.5,74.5,1.283,5,,,
2026-07-30 17:30:00+00:00,74.47,74.53,74.47,74.53,74.53,1.238,3,,,
2026-07-30 17:45:00+00:00,74.73,74.81,74.67,74.69,74.69,6.988,11,,,
2026-07-30 18:00:00+00:00,74.72,74.85,74.72,74.72,74.72,1.935,6,,,
2026-07-30 18:15:00+00:00,74.63,74.71,74.63,74.69,74.69,1.365,4,,,
2026-07-30 18:30:00+00:00,74.66,74.66,74.52,74.52,74.52,2.94,8,,,
2026-07-30 18:45:00+00:00,74.53,74.53,74.42,74.42,74.42,3.334,4,,,
2026-07-30 19:00:00+00:00,74.55,74.66,74.55,74.66,74.66,0.028,2,,,
2026-07-30 19:15:00+00:00,74.6,74.64,74.57,74.64,74.64,2.046,6,,,
2026-07-30 19:30:00+00:00,74.61,74.61,74.51,74.57,74.57,0.402,4,,,
2026-07-30 19:45:00+00:00,74.53,74.71,74.51,74.71,74.71,4.546,12,,,
2026-07-30 20:00:00+00:00,74.66,74.8,74.66,74.77,74.77,21.165,9,,,
2026-07-30 20:15:00+00:00,74.49,74.63,74.49,74.6,74.6,4.104,5,,,
2026-07-30 20:30:00+00:00,74.54,74.54,74.42,74.49,74.49,2.319,9,,,
2026-07-30 20:45:00+00:00,74.5,74.5,74.42,74.45,74.45,1.768,4,,,
2026-07-30 21:00:00+00:00,74.49,74.52,74.45,74.47,74.47,3.439,9,,,
2026-07-30 21:15:00+00:00,74.49,74.51,74.39,74.39,74.39,4.97,9,,,
2026-07-30 21:30:00+00:00,74.42,74.49,74.42,74.49,74.49,1.462,3,,,
2026-07-30 21:45:00+00:00,74.45,74.46,74.39,74.39,74.39,2.79,6,,,
2026-07-30 22:00:00+00:00,74.46,74.69,74.41,74.59,74.59,37.254,22,,,
2026-07-30 22:15:00+00:00,74.71,74.82,74.63,74.8,74.8,2.248,6,,,
2026-07-30 22:30:00+00:00,74.82,74.82,74.72,74.74,74.74,3.2,8,,,
2026-07-30 22:45:00+00:00,74.77,74.77,74.72,74.73,74.73,1.92,5,,,
2026-07-30 23:00:00+00:00,74.69,74.69,74.63,74.68,74.68,6.799,10,,,
2026-07-30 23:15:00+00:00,74.64,74.66,74.62,74.66,74.66,14.535,5,,,
2026-07-30 23:30:00+00:00,74.66,74.89,74.66,74.67,74.67,7.131,17,,,
2026-07-30 23:45:00+00:00,74.61,74.61,74.54,74.54,74.54,0.896,2,,,
2026-07-31 00:00:00+00:00,74.55,74.55,74.55,74.55,74.55,0.161,1,,,
2026-07-31 00:15:00+00:00,74.47,74.47,74.47,74.47,74.47,0.34,1,,,
2026-07-31 00:30:00+00:00,74.47,74.47,74.47,74.47,74.47,0.0,0,,,
2026-07-31 00:45:00+00:00,74.43,74.43,74.43,74.43,74.43,0.014,1,,,
2026-07-31 01:00:00+00:00,74.61,75.22,74.61,75.18,75.18,37.175,25,,,
2026-07-31 01:15:00+00:00,75.15,75.15,74.84,75.0,75.0,33.978,15,,,
2026-07-31 01:30:00+00:00,74.87,74.87,74.76,74.76,74.76,0.405,4,,,
2026-07-31 01:45:00+00:00,74.66,74.66,74.31,74.34,74.34,3.288,9,,,
2026-07-31 02:00:00+00:00,74.37,74.37,74.37,74.37,74.37,0.342,1,,,
2026-07-31 02:15:00+00:00,74.27,74.27,74.21,74.21,74.21,0.028,2,,,
2026-07-31 02:30:00+00:00,74.17,74.2,74.06,74.06,74.06,17.013,11,,,
2026-07-31 02:45:00+00:00,74.08,74.08,74.08,74.08,74.08,0.339,1,,,
2026-07-31 03:00:00+00:00,74.05,74.05,73.85,73.85,73.85,6.437,10,,,
2026-07-31 03:15:00+00:00,73.91,74.2,73.91,74.2,74.2,2.615,8,,,
2026-07-31 03:30:00+00:00,74.2,74.2,74.2,74.2,74.2,0.0,0,,,
2026-07-31 03:45:00+00:00,74.08,74.18,74.08,74.18,74.18,0.028,2,,,
2026-07-31 04:00:00+00:00,73.98,73.98,73.97,73.97,73.97,0.028,2,,,
2026-07-31 04:15:00+00:00,73.96,73.96,73.71,73.75,73.75,0.657,6,,,
2026-07-31 04:30:00+00:00,73.75,73.8,73.68,73.68,73.68,1262.975,94,,,
2026-07-31 04:45:00+00:00,73.68,73.73,73.67,73.73,73.73,4.789,10,,,
2026-07-31 05:00:00+00:00,73.78,74.04,73.78,74.02,74.02,8.37,15,,,
2026-07-31 05:15:00+00:00,74.07,74.25,74.04,74.11,74.11,2.756,10,,,
2026-07-31 05:30:00+00:00,74.12,74.12,74.0,74.0,74.0,2.263,6,,,
2026-07-31 05:45:00+00:00,74.03,74.13,74.03,74.13,74.13,3.893,10,,,
2026-07-31 06:00:00+00:00,74.23,74.34,74.23,74.34,74.34,7.824,6,,,
2026-07-31 06:15:00+00:00,74.28,74.34,74.28,74.34,74.34,0.682,2,,,
2026-07-31 06:30:00+00:00,74.34,74.45,74.2,74.2,74.2,6.567,15,,,
2026-07-31 06:45:00+00:00,74.02,74.11,73.97,74.08,74.08,2.711,7,,,
2026-07-31 07:00:00+00:00,73.96,73.96,73.66,73.7,73.7,7.104,11,,,
2026-07-31 07:15:00+00:00,73.68,73.69,73.53,73.53,73.53,7.283,10,,,
2026-07-31 07:30:00+00:00,73.46,73.62,73.46,73.58,73.58,2.031,6,,,
2026-07-31 07:45:00+00:00,73.62,73.69,73.62,73.62,73.62,2.342,6,,,
2026-07-31 08:00:00+00:00,73.59,73.59,73.59,73.59,73.59,0.556,1,,,
2026-07-31 08:15:00+00:00,73.7,73.7,73.61,73.61,73.61,0.528,2,,,
2026-07-31 08:30:00+00:00,73.59,73.59,73.47,73.47,73.47,2.222,4,,,
2026-07-31 08:45:00+00:00,73.59,73.7,73.59,73.59,73.59,37.773,10,,,
2026-07-31 09:00:00+00:00,73.59,73.59,73.59,73.59,73.59,0.0,0,,,
2026-07-31 09:15:00+00:00,73.59,73.59,73.59,73.59,73.59,0.0,0,,,
2026-07-31 09:30:00+00:00,73.42,73.42,73.37,73.37,73.37,1.322,4,,,
2026-07-31 09:45:00+00:00,73.37,73.37,73.37,73.37,73.37,0.0,0,,,
2026-07-31 10:00:00+00:00,73.37,73.37,73.37,73.37,73.37,0.0,0,,,
2026-07-31 10:15:00+00:00,73.37,73.37,73.37,73.37,73.37,0.0,0,,,
2026-07-31 10:30:00+00:00,73.37,73.37,73.37,73.37,73.37,0.0,0,,,
2026-07-31 10:45:00+00:00,73.54,73.54,73.54,73.54,73.54,0.557,1,,,
2026-07-31 11:00:00+00:00,73.54,73.54,73.54,73.54,73.54,0.815,2,,,
2026-07-31 11:15:00+00:00,73.5,73.5,73.5,73.5,73.5,0.554,1,,,
2026-07-31 11:30:00+00:00,73.5,73.5,73.5,73.5,73.5,0.0,0,,,
2026-07-31 11:45:00+00:00,73.42,73.44,73.42,73.44,73.44,42.122,5,,,
2026-07-31 12:00:00+00:00,73.44,73.44,73.44,73.44,73.44,0.0,0,,,
2026-07-31 12:15:00+00:00,73.43,73.47,73.43,73.47,73.47,3.362,3,,,
2026-07-31 12:30:00+00:00,73.47,73.47,73.47,73.47,73.47,0.0,0,,,
2026-07-31 12:45:00+00:00,73.47,73.47,73.47,73.47,73.47,0.0,0,,,
2026-07-31 13:00:00+00:00,73.57,73.62,73.57,73.62,73.62,19.993,7,,,
2026-07-31 13:15:00+00:00,73.67,73.7,73.64,73.7,73.7,0.544,3,,,
2026-07-31 13:30:00+00:00,73.59,73.72,73.34,73.36,73.36,5.005,60,,,
2026-07-31 13:45:00+00:00,73.31,73.38,73.11,73.24,73.24,109.736,75,,,
2026-07-31 14:00:00+00:00,73.23,73.42,72.73,73.37,73.37,975.445,139,,,
2026-07-31 14:15:00+00:00,73.38,73.57,73.23,73.23,73.23,184.318,64,,,
2026-07-31 14:30:00+00:00,73.24,73.24,72.88,72.88,72.88,44.52,25,,,
2026-07-31 14:45:00+00:00,72.88,73.12,72.79,72.93,72.93,124.144,27,,,
2026-07-31 15:00:00+00:00,72.9,72.95,72.82,72.85,72.85,20.988,10,,,
2026-07-31 15:15:00+00:00,72.93,72.94,72.82,72.84,72.84,20.415,7,,,
2026-07-31 15:30:00+00:00,72.86,73.05,72.86,73.05,73.05,7.981,7,,,
2026-07-31 15:45:00+00:00,72.94,73.01,72.93,73.01,73.01,19.582,8,,,
2026-07-31 16:00:00+00:00,73.04,73.19,73.04,73.19,73.19,39.278,10,,,
2026-07-31 16:15:00+00:00,73.04,73.04,72.98,72.98,72.98,20.088,9,,,
2026-07-31 16:30:00+00:00,73.01,73.01,73.01,73.01,73.01,18.853,5,,,
2026-07-31 16:45:00+00:00,73.15,73.2,73.15,73.2,73.2,0.291,2,,,
2026-07-31 17:00:00+00:00,73.25,73.26,73.25,73.26,73.26,0.136,2,,,
2026-07-31 17:15:00+00:00,73.26,73.26,73.26,73.26,73.26,0.069,1,,,
2026-07-31 17:30:00+00:00,73.26,73.26,73.26,73.26,73.26,0.0,0,,,
2026-07-31 17:45:00+00:00,73.26,73.26,73.26,73.26,73.26,0.0,0,,,
2026-07-31 18:00:00+00:00,73.26,73.26,73.26,73.26,73.26,0.0,0,,,
2026-07-31 18:15:00+00:00,73.26,73.37,73.26,73.37,73.37,22.178,6,,,
2026-07-31 18:30:00+00:00,73.16,73.16,72.91,72.91,72.91,1.747,9,,,
2026-07-31 18:45:00+00:00,73.12,73.12,73.12,73.12,73.12,0.014,1,,,
2026-07-31 19:00:00+00:00,73.0,73.02,73.0,73.02,73.02,18.986,7,,,
2026-07-31 19:15:00+00:00,73.02,73.02,72.93,72.93,72.93,40.327,13,,,
2026-07-31 19:30:00+00:00,72.89,72.89,72.87,72.87,72.87,20.234,5,,,
2026-07-31 19:45:00+00:00,72.99,73.18,72.99,73.04,73.04,23.98,11,,,
2026-07-31 20:00:00+00:00,73.08,73.08,73.08,73.08,73.08,1.136,2,,,
2026-07-31 20:15:00+00:00,73.04,73.04,73.04,73.04,73.04,20.261,3,,,
2026-07-31 20:30:00+00:00,72.99,72.99,72.93,72.93,72.93,20.018,5,,,
2026-07-31 20:45:00+00:00,72.92,72.95,72.92,72.93,72.93,26.862,9,,,
2026-07-31 21:00:00+00:00,72.86,72.97,72.86,72.97,72.97,0.161,2,,,
2026-07-31 21:15:00+00:00,72.97,72.97,72.97,72.97,72.97,0.0,0,,,
2026-07-31 21:30:00+00:00,72.94,72.96,72.94,72.96,72.96,4.359,2,,,
2026-07-31 21:45:00+00:00,72.95,72.95,72.52,72.52,72.52,41.163,22,,,
2026-07-31 22:00:00+00:00,72.81,72.82,72.81,72.82,72.82,4.572,2,,,
2026-07-31 22:15:00+00:00,72.8,72.8,72.8,72.8,72.8,8.516,4,,,
2026-07-31 22:30:00+00:00,72.86,72.86,72.86,72.86,72.86,18.706,6,,,
2026-07-31 22:45:00+00:00,72.87,72.87,72.83,72.83,72.83,0.06,3,,,
2026-07-31 23:00:00+00:00,72.81,72.81,72.81,72.81,72.81,0.339,1,,,
2026-07-31 23:15:00+00:00,72.81,72.81,72.81,72.81,72.81,0.0,0,,,
2026-07-31 23:30:00+00:00,72.85,72.85,72.85,72.85,72.85,0.558,1,,,
2026-07-31 23:45:00+00:00,72.82,72.82,72.78,72.8,72.8,125.315,31,,,
2026-08-01 00:00:00+00:00,72.86,72.89,72.86,72.89,72.89,1.125,3,,,
2026-08-01 00:15:00+00:00,72.87,72.94,72.87,72.94,72.94,19.479,3,,,
2026-08-01 00:30:00+00:00,72.91,72.97,72.91,72.97,72.97,19.283,3,,,
2026-08-01 00:45:00+00:00,73.0,73.0,72.92,72.92,72.92,21.43,11,,,
2026-08-01 01:00:00+00:00,72.92,72.92,72.92,72.92,72.92,0.0,0,,,
2026-08-01 01:15:00+00:00,73.05,73.05,73.04,73.04,73.04,0.64,4,,,
2026-08-01 01:30:00+00:00,72.99,72.99,72.99,72.99,72.99,5.0,1,,,
2026-08-01 01:45:00+00:00,72.99,72.99,72.99,72.99,72.99,0.0,0,,,
2026-08-01 02:00:00+00:00,72.97,73.03,72.95,73.01,73.01,91.125,16,,,
2026-08-01 02:15:00+00:00,73.01,73.01,73.01,73.01,73.01,0.0,0,,,
2026-08-01 02:30:00+00:00,73.01,73.01,73.01,73.01,73.01,0.0,0,,,
2026-08-01 02:45:00+00:00,73.0,73.0,73.0,73.0,73.0,20.828,3,,,
2026-08-01 03:00:00+00:00,73.0,73.0,73.0,73.0,73.0,6.25,3,,,
2026-08-01 03:15:00+00:00,72.9,72.9,72.89,72.89,72.89,19.55,2,,,
2026-08-01 03:30:00+00:00,72.86,72.86,72.86,72.86,72.86,19.123,2,,,
2026-08-01 03:45:00+00:00,72.86,72.86,72.86,72.86,72.86,0.0,0,,,
2026-08-01 04:00:00+00:00,73.0,73.0,73.0,73.0,73.0,0.014,1,,,
2026-08-01 04:15:00+00:00,73.06,73.06,73.06,73.06,73.06,0.273,1,,,
2026-08-01 04:30:00+00:00,73.06,73.06,73.06,73.06,73.06,0.0,0,,,
2026-08-01 04:45:00+00:00,73.07,73.14,73.07,73.13,73.13,185.9,15,,,
2026-08-01 05:00:00+00:00,73.09,73.11,73.09,73.11,73.11,0.705,2,,,
2026-08-01 05:15:00+00:00,73.1,73.1,72.97,72.97,72.97,42.718,6,,,
2026-08-01 05:30:00+00:00,72.97,72.97,72.97,72.97,72.97,0.0,0,,,
2026-08-01 05:45:00+00:00,72.89,72.89,72.83,72.84,72.84,10.141,4,,,
2026-08-01 06:00:00+00:00,72.84,72.84,72.84,72.84,72.84,0.0,0,,,
2026-08-01 06:15:00+00:00,72.84,72.84,72.84,72.84,72.84,0.0,0,,,
2026-08-01 06:30:00+00:00,72.84,72.84,72.84,72.84,72.84,0.0,0,,,
2026-08-01 06:45:00+00:00,72.9,72.94,72.9,72.94,72.94,18.994,3,,,
2026-08-01 07:00:00+00:00,72.99,72.99,72.99,72.99,72.99,0.014,1,,,
2026-08-01 07:15:00+00:00,72.97,72.97,72.97,72.97,72.97,18.522,6,,,
2026-08-01 07:30:00+00:00,72.86,72.86,72.86,72.86,72.86,0.553,1,,,
2026-08-01 07:45:00+00:00,72.86,72.86,72.86,72.86,72.86,0.0,0,,,
2026-08-01 08:00:00+00:00,72.92,72.92,72.89,72.89,72.89,19.554,3,,,
2026-08-01 08:15:00+00:00,72.89,72.89,72.89,72.89,72.89,0.0,0,,,
2026-08-01 08:30:00+00:00,72.93,72.93,72.93,72.93,72.93,0.398,1,,,
2026-08-01 08:45:00+00:00,72.93,72.93,72.93,72.93,72.93,0.0,0,,,
2026-08-01 09:00:00+00:00,72.93,72.93,72.93,72.93,72.93,0.0,0,,,
2026-08-01 09:15:00+00:00,72.93,72.93,72.93,72.93,72.93,0.0,0,,,
2026-08-01 09:30:00+00:00,72.93,72.93,72.93,72.93,72.93,0.0,0,,,
2026-08-01 09:45:00+00:00,72.82,72.82,72.82,72.82,72.82,0.192,1,,,
2026-08-01 10:00:00+00:00,72.79,72.79,72.68,72.68,72.68,31.581,14,,,
2026-08-01 10:15:00+00:00,72.82,72.82,72.82,72.82,72.82,6.865,1,,,
2026-08-01 10:30:00+00:00,72.82,72.82,72.82,72.82,72.82,0.0,0,,,
2026-08-01 10:45:00+00:00,72.82,72.82,72.82,72.82,72.82,0.0,0,,,
2026-08-01 11:00:00+00:00,72.78,72.78,72.74,72.75,72.75,0.14,4,,,
2026-08-01 11:15:00+00:00,72.75,72.75,72.75,72.75,72.75,0.0,0,,,
2026-08-01 11:30:00+00:00,72.75,72.75,72.75,72.75,72.75,0.0,0,,,
2026-08-01 11:45:00+00:00,72.75,72.75,72.75,72.75,72.75,0.0,0,,,
2026-08-01 12:00:00+00:00,72.75,72.75,72.75,72.75,72.75,0.0,0,,,
2026-08-01 12:15:00+00:00,72.75,72.75,72.75,72.75,72.75,0.0,0,,,
2026-08-01 12:30:00+00:00,72.75,72.75,72.75,72.75,72.75,0.0,0,,,
2026-08-01 12:45:00+00:00,72.75,72.75,72.75,72.75,72.75,0.0,0,,,
2026-08-01 13:00:00+00:00,72.75,72.75,72.75,72.75,72.75,0.0,0,,,
2026-08-01 13:15:00+00:00,72.75,72.75,72.75,72.75,72.75,0.0,0,,,
2026-08-01 13:30:00+00:00,72.9,72.91,72.89,72.89,72.89,0.586,3,,,
2026-08-01 13:45:00+00:00,72.88,72.9,72.88,72.9,72.9,1.824,6,,,
2026-08-01 14:00:00+00:00,72.9,72.96,72.9,72.96,72.96,0.991,8,,,
2026-08-01 14:15:00+00:00,72.83,72.88,72.83,72.88,72.88,39.006,8,,,
2026-08-01 14:30:00+00:00,72.89,72.89,72.89,72.89,72.89,18.993,6,,,
2026-08-01 14:45:00+00:00,72.89,72.89,72.89,72.89,72.89,0.0,0,,,
2026-08-01 15:00:00+00:00,72.94,72.94,72.94,72.94,72.94,0.137,1,,,
2026-08-01 15:15:00+00:00,72.82,72.82,72.82,72.82,72.82,0.192,1,,,
2026-08-01 15:30:00+00:00,72.79,72.79,72.74,72.76,72.76,34.362,17,,,
2026-08-01 15:45:00+00:00,72.76,72.76,72.76,72.76,72.76,0.1,1,,,
2026-08-01 16:00:00+00:00,72.78,72.78,72.75,72.75,72.75,1.474,3,,,
2026-08-01 16:15:00+00:00,72.75,72.75,72.75,72.75,72.75,0.0,0,,,
2026-08-01 16:30:00+00:00,72.8,72.8,72.8,72.8,72.8,1.357,1,,,
2026-08-01 16:45:00+00:00,72.69,72.69,72.44,72.49,72.49,50.46,21,,,
2026-08-01 17:00:00+00:00,72.66,72.66,72.38,72.42,72.42,21.355,8,,,
2026-08-01 17:15:00+00:00,72.41,72.43,72.07,72.11,72.11,139.914,30,,,
2026-08-01 17:30:00+00:00,72.09,72.09,71.62,71.83,71.83,174.196,46,,,
2026-08-01 17:45:00+00:00,71.85,71.85,71.68,71.78,71.78,20.659,5,,,
2026-08-01 18:00:00+00:00,71.74,71.88,71.74,71.88,71.88,39.193,10,,,
2026-08-01 18:15:00+00:00,71.8,71.8,71.41,71.53,71.53,67.121,30,,,
2026-08-01 18:30:00+00:00,71.4,71.4,70.96,71.28,71.28,162.113,54,,,
2026-08-01 18:45:00+00:00,71.1,71.1,70.55,71.01,71.01,172.954,40,,,
2026-08-01 19:00:00+00:00,71.12,71.23,71.12,71.21,71.21,8.624,7,,,
2026-08-01 19:15:00+00:00,71.23,71.23,71.12,71.12,71.12,0.256,3,,,
2026-08-01 19:30:00+00:00,71.22,71.22,71.19,71.19,71.19,20.244,5,,,
2026-08-01 19:45:00+00:00,71.19,71.23,71.19,71.23,71.23,24.208,9,,,
2026-08-01 20:00:00+00:00,71.19,71.39,71.19,71.39,71.39,45.461,20,,,
2026-08-01 20:15:00+00:00,71.43,71.45,71.35,71.35,71.35,20.7,5,,,
2026-08-01 20:30:00+00:00,71.33,71.47,71.33,71.4,71.4,1.602,7,,,
2026-08-01 20:45:00+00:00,71.43,71.46,71.43,71.46,71.46,39.577,4,,,
2026-08-01 21:00:00+00:00,71.52,71.72,71.52,71.59,71.59,68.786,32,,,
2026-08-01 21:15:00+00:00,71.7,71.7,71.58,71.58,71.58,0.03,2,,,
2026-08-01 21:30:00+00:00,71.68,71.74,71.68,71.72,71.72,1.679,4,,,
2026-08-01 21:45:00+00:00,71.75,71.78,71.75,71.77,71.77,1.361,3,,,
2026-08-01 22:00:00+00:00,71.8,71.95,71.8,71.89,71.89,29.563,12,,,
2026-08-01 22:15:00+00:00,71.86,71.93,71.86,71.93,71.93,1.11,2,,,
2026-08-01 22:30:00+00:00,71.92,71.92,71.92,71.92,71.92,0.553,1,,,
2026-08-01 22:45:00+00:00,71.92,71.92,71.92,71.92,71.92,0.556,1,,,
2026-08-01 23:00:00+00:00,71.91,72.0,71.91,71.94,71.94,22.716,9,,,
2026-08-01 23:15:00+00:00,71.88,71.88,71.82,71.82,71.82,19.342,2,,,
2026-08-01 23:30:00+00:00,71.82,71.82,71.82,71.82,71.82,20.178,6,,,
2026-08-01 23:45:00+00:00,71.82,71.82,71.82,71.82,71.82,0.0,0,,,
2026-08-02 00:00:00+00:00,71.98,72.04,71.98,72.04,72.04,0.054,2,,,
2026-08-02 00:15:00+00:00,72.01,72.01,71.98,71.98,71.98,21.762,8,,,
2026-08-02 00:30:00+00:00,71.98,71.98,71.98,71.98,71.98,0.0,0,,,
2026-08-02 00:45:00+00:00,71.98,71.98,71.98,71.98,71.98,0.0,0,,,
2026-08-02 01:00:00+00:00,72.07,72.41,72.07,72.41,72.41,28.795,16,,,
2026-08-02 01:15:00+00:00,72.42,72.52,72.37,72.4,72.4,1.698,6,,,
2026-08-02 01:30:00+00:00,72.47,72.67,72.47,72.64,72.64,19.468,13,,,
2026-08-02 01:45:00+00:00,72.61,72.61,72.61,72.61,72.61,0.559,1,,,
2026-08-02 02:00:00+00:00,72.69,73.27,72.69,73.15,73.15,82.708,49,,,
2026-08-02 02:15:00+00:00,73.19,73.24,73.07,73.07,73.07,85.328,26,,,
2026-08-02 02:30:00+00:00,73.0,73.0,72.96,72.96,72.96,39.459,14,,,
2026-08-02 02:45:00+00:00,72.97,73.06,72.97,73.06,73.06,37.127,5,,,
2026-08-02 03:00:00+00:00,73.07,73.14,73.07,73.1,73.1,0.344,3,,,
2026-08-02 03:15:00+00:00,73.11,73.11,73.09,73.09,73.09,8.332,3,,,
2026-08-02 03:30:00+00:00,73.14,73.14,73.14,73.14,73.14,0.2,2,,,
2026-08-02 03:45:00+00:00,73.14,73.14,73.14,73.14,73.14,0.0,0,,,
2026-08-02 04:00:00+00:00,73.14,73.2,73.14,73.19,73.19,41.378,7,,,
2026-08-02 04:15:00+00:00,73.18,73.27,73.18,73.27,73.27,21.067,8,,,
2026-08-02 04:30:00+00:00,73.32,73.32,73.25,73.25,73.25,20.699,7,,,
2026-08-02 04:45:00+00:00,73.24,73.46,73.24,73.46,73.46,5.508,9,,,
2026-08-02 05:00:00+00:00,73.48,73.58,73.48,73.57,73.57,20.146,7,,,
2026-08-02 05:15:00+00:00,73.57,73.57,73.57,73.57,73.57,0.0,0,,,
2026-08-02 05:30:00+00:00,73.45,73.45,73.44,73.44,73.44,2.628,2,,,
2026-08-02 05:45:00+00:00,73.49,73.55,73.49,73.54,73.54,0.33,3,,,
2026-08-02 06:00:00+00:00,73.56,73.56,73.46,73.46,73.46,6.243,3,,,
2026-08-02 06:15:00+00:00,73.5,73.51,73.5,73.51,73.51,9.82,2,,,
2026-08-02 06:30:00+00:00,73.51,73.51,73.47,73.5,73.5,22.081,7,,,
2026-08-02 06:45:00+00:00,73.46,73.46,73.4,73.4,73.4,17.966,8,,,
2026-08-02 07:00:00+00:00,73.4,73.4,73.4,73.4,73.4,0.0,0,,,
2026-08-02 07:15:00+00:00,73.4,73.4,73.4,73.4,73.4,0.0,0,,,
2026-08-02 07:30:00+00:00,73.4,73.4,73.4,73.4,73.4,0.0,0,,,
2026-08-02 07:45:00+00:00,73.4,73.4,73.4,73.4,73.4,0.0,0,,,
2026-08-02 08:00:00+00:00,73.4,73.4,73.4,73.4,73.4,0.0,0,,,
2026-08-02 08:15:00+00:00,73.37,73.37,73.36,73.36,73.36,1.132,2,,,
2026-08-02 08:30:00+00:00,73.29,73.29,73.24,73.24,73.24,38.775,4,,,
2026-08-02 08:45:00+00:00,73.13,73.13,73.1,73.1,73.1,0.461,2,,,
2026-08-02 09:00:00+00:00,73.08,73.24,72.96,73.24,73.24,32.478,18,,,
2026-08-02 09:15:00+00:00,73.27,73.27,73.26,73.26,73.26,34.439,10,,,
2026-08-02 09:30:00+00:00,73.26,73.26,73.26,73.26,73.26,0.0,0,,,
2026-08-02 09:45:00+00:00,73.26,73.26,73.26,73.26,73.26,0.0,0,,,
2026-08-02 10:00:00+00:00,73.26,73.26,73.26,73.26,73.26,0.0,0,,,
2026-08-02 10:15:00+00:00,73.29,73.29,73.1,73.1,73.1,20.21,5,,,
2026-08-02 10:30:00+00:00,73.19,73.19,73.19,73.19,73.19,0.555,1,,,
2026-08-02 10:45:00+00:00,73.19,73.19,73.19,73.19,73.19,0.0,0,,,
2026-08-02 11:00:00+00:00,73.24,73.24,73.2,73.2,73.2,0.231,2,,,
2026-08-02 11:15:00+00:00,73.17,73.17,73.15,73.15,73.15,22.508,4,,,
2026-08-02 11:30:00+00:00,73.14,73.14,73.02,73.02,73.02,20.419,3,,,
2026-08-02 11:45:00+00:00,73.08,73.1,72.93,72.93,72.93,47.958,16,,,
2026-08-02 12:00:00+00:00,73.0,73.08,73.0,73.08,73.08,42.754,5,,,
2026-08-02 12:15:00+00:00,73.13,73.13,73.12,73.12,73.12,26.72,3,,,
2026-08-02 12:30:00+00:00,73.09,73.09,73.02,73.02,73.02,19.24,4,,,
2026-08-02 12:45:00+00:00,72.94,72.94,72.91,72.91,72.91,0.206,2,,,
2026-08-02 13:00:00+00:00,72.85,72.89,72.85,72.89,72.89,1.124,3,,,
2026-08-02 13:15:00+00:00,72.9,72.9,72.86,72.86,72.86,20.166,3,,,
2026-08-02 13:30:00+00:00,72.84,72.84,72.66,72.66,72.66,21.293,5,,,
2026-08-02 13:45:00+00:00,72.85,72.89,72.85,72.88,72.88,1.669,3,,,
2026-08-02 14:00:00+00:00,72.9,72.92,72.89,72.92,72.92,20.532,3,,,
2026-08-02 14:15:00+00:00,73.02,73.1,73.02,73.04,73.04,1.322,3,,,
2026-08-02 14:30:00+00:00,73.06,73.13,73.06,73.13,73.13,28.299,4,,,
2026-08-02 14:45:00+00:00,73.13,73.13,73.13,73.13,73.13,0.0,0,,,
2026-08-02 15:00:00+00:00,73.02,73.13,73.02,73.13,73.13,39.374,5,,,
2026-08-02 15:15:00+00:00,73.08,73.08,73.08,73.08,73.08,0.558,1,,,
2026-08-02 15:30:00+00:00,73.09,73.09,73.09,73.09,73.09,6.84,1,,,
2026-08-02 15:45:00+00:00,73.01,73.02,72.98,73.02,73.02,19.315,5,,,
2026-08-02 16:00:00+00:00,72.94,72.94,72.91,72.91,72.91,0.751,3,,,
2026-08-02 16:15:00+00:00,72.91,72.91,72.91,72.91,72.91,0.0,0,,,
2026-08-02 16:30:00+00:00,73.02,73.19,73.02,73.19,73.19,19.715,5,,,
2026-08-02 16:45:00+00:00,73.19,73.19,73.19,73.19,73.19,0.0,0,,,
2026-08-02 17:00:00+00:00,73.11,73.14,73.11,73.14,73.14,19.326,7,,,
2026-08-02 17:15:00+00:00,73.19,73.28,73.19,73.24,73.24,2.223,4,,,
2026-08-02 17:30:00+00:00,73.24,73.24,73.24,73.24,73.24,0.0,0,,,
2026-08-02 17:45:00+00:00,73.32,73.32,73.32,73.32,73.32,0.114,2,,,
2026-08-02 18:00:00+00:00,73.3,73.3,73.25,73.25,73.25,20.63,3,,,
2026-08-02 18:15:00+00:00,73.25,73.28,73.25,73.28,73.28,0.895,2,,,
2026-08-02 18:30:00+00:00,73.34,73.75,73.34,73.63,73.63,61.592,30,,,
2026-08-02 18:45:00+00:00,73.65,73.68,73.52,73.52,73.52,59.543,11,,,
2026-08-02 19:00:00+00:00,73.52,73.52,73.52,73.52,73.52,0.0,0,,,
2026-08-02 19:15:00+00:00,73.55,73.57,73.55,73.57,73.57,26.177,8,,,
2026-08-02 19:30:00+00:00,73.57,73.63,73.57,73.63,73.63,37.263,14,,,
2026-08-02 19:45:00+00:00,73.63,73.72,73.63,73.65,73.65,8.965,7,,,
2026-08-02 20:00:00+00:00,73.55,73.55,73.53,73.53,73.53,20.03,9,,,
2026-08-02 20:15:00+00:00,73.61,73.61,73.55,73.55,73.55,0.896,2,,,
2026-08-02 20:30:00+00:00,73.57,73.57,73.57,73.57,73.57,0.046,1,,,
2026-08-02 20:45:00+00:00,73.58,73.64,73.58,73.64,73.64,4.429,3,,,
2026-08-02 21:00:00+00:00,73.67,73.72,73.67,73.67,73.67,20.748,11,,,
2026-08-02 21:15:00+00:00,73.63,73.72,73.63,73.72,73.72,1.121,4,,,
2026-08-02 21:30:00+00:00,73.74,74.02,73.73,73.99,73.99,164.368,43,,,
2026-08-02 21:45:00+00:00,74.01,74.22,73.89,73.89,73.89,1198.956,124,,,
2026-08-02 22:00:00+00:00,74.0,74.11,74.0,74.09,74.09,22.212,14,,,
2026-08-02 22:15:00+00:00,74.08,74.08,73.89,73.89,73.89,13.893,4,,,
2026-08-02 22:30:00+00:00,73.88,73.88,73.65,73.65,73.65,47.219,21,,,
2026-08-02 22:45:00+00:00,73.72,73.72,73.6,73.6,73.6,3.111,6,,,
2026-08-02 23:00:00+00:00,73.58,73.58,73.45,73.53,73.53,5.799,7,,,
2026-08-02 23:15:00+00:00,73.46,73.55,73.44,73.55,73.55,40.558,17,,,
2026-08-02 23:30:00+00:00,73.5,73.5,73.5,73.5,73.5,20.171,3,,,
2026-08-02 23:45:00+00:00,73.5,73.5,73.44,73.44,73.44,20.243,5,,,
2026-08-03 00:00:00+00:00,73.55,73.55,73.42,73.42,73.42,23.683,7,,,
2026-08-03 00:15:00+00:00,73.41,73.41,73.31,73.31,73.31,77.699,12,,,
2026-08-03 00:30:00+00:00,73.25,73.25,73.25,73.25,73.25,19.366,2,,,
2026-08-03 00:45:00+00:00,73.17,73.17,73.13,73.13,73.13,32.47,9,,,
2026-08-03 01:00:00+00:00,73.1,73.1,73.0,73.0,73.0,28.407,5,,,
2026-08-03 01:15:00+00:00,73.07,73.07,72.97,72.97,72.97,5.502,5,,,
2026-08-03 01:30:00+00:00,72.97,73.02,72.96,72.96,72.96,846.035,66,,,
2026-08-03 01:45:00+00:00,72.9,72.93,72.9,72.93,72.93,6.6,3,,,
2026-08-03 02:00:00+00:00,72.96,72.96,72.86,72.89,72.89,12.552,5,,,
2026-08-03 02:15:00+00:00,72.94,73.07,72.88,72.91,72.91,32.981,10,,,
2026-08-03 02:30:00+00:00,72.93,73.04,72.93,73.03,73.03,38.974,11,,,
2026-08-03 02:45:00+00:00,73.0,73.0,73.0,73.0,73.0,0.558,1,,,
2026-08-03 03:00:00+00:00,73.01,73.01,73.01,73.01,73.01,5.0,2,,,
2026-08-03 03:15:00+00:00,73.01,73.01,73.01,73.01,73.01,0.0,0,,,
2026-08-03 03:30:00+00:00,73.01,73.01,73.01,73.01,73.01,0.0,0,,,
2026-08-03 03:45:00+00:00,72.85,72.85,72.69,72.84,72.84,13.514,9,,,
2026-08-03 04:00:00+00:00,72.84,72.84,72.84,72.84,72.84,0.0,0,,,
2026-08-03 04:15:00+00:00,72.95,72.95,72.95,72.95,72.95,0.014,1,,,
2026-08-03 04:30:00+00:00,72.95,72.95,72.95,72.95,72.95,0.0,0,,,
2026-08-03 04:45:00+00:00,72.84,72.84,72.84,72.84,72.84,0.014,1,,,
2026-08-03 05:00:00+00:00,72.84,72.84,72.84,72.84,72.84,0.0,0,,,
2026-08-03 05:15:00+00:00,72.92,72.92,72.84,72.84,72.84,0.898,2,,,
2026-08-03 05:30:00+00:00,72.84,72.84,72.84,72.84,72.84,0.0,0,,,
2026-08-03 05:45:00+00:00,72.75,72.76,72.75,72.76,72.76,54.923,6,,,
2026-08-03 06:00:00+00:00,72.83,72.83,72.83,72.83,72.83,4.528,1,,,
2026-08-03 06:15:00+00:00,72.83,72.83,72.83,72.83,72.83,0.0,0,,,
2026-08-03 06:30:00+00:00,72.74,72.74,72.5,72.5,72.5,17.806,11,,,
2026-08-03 06:45:00+00:00,72.48,72.52,72.48,72.52,72.52,5.869,4,,,
2026-08-03 07:00:00+00:00,72.52,72.52,72.52,72.52,72.52,0.0,0,,,
2026-08-03 07:15:00+00:00,72.44,72.48,72.37,72.48,72.48,13.015,9,,,
2026-08-03 07:30:00+00:00,72.48,72.48,72.48,72.48,72.48,0.0,0,,,
2026-08-03 07:45:00+00:00,72.5,72.5,72.47,72.47,72.47,0.814,2,,,
2026-08-03 08:00:00+00:00,72.45,72.45,72.43,72.43,72.43,1.225,3,,,
2026-08-03 08:15:00+00:00,72.32,72.35,72.0,72.0,72.0,68.048,22,,,
2026-08-03 08:30:00+00:00,71.93,72.09,71.93,72.09,72.09,29.441,10,,,
2026-08-03 08:45:00+00:00,72.13,72.2,72.13,72.2,72.2,7.617,6,,,
2026-08-03 09:00:00+00:00,72.27,72.28,72.27,72.28,72.28,7.103,2,,,
2026-08-03 09:15:00+00:00,72.28,72.28,72.28,72.28,72.28,0.0,0,,,
2026-08-03 09:30:00+00:00,72.42,72.42,72.42,72.42,72.42,0.557,1,,,
2026-08-03 09:45:00+00:00,72.45,72.52,72.45,72.52,72.52,0.576,2,,,
2026-08-03 10:00:00+00:00,72.62,72.62,72.58,72.58,72.58,5.886,2,,,
2026-08-03 10:15:00+00:00,72.55,72.64,72.55,72.64,72.64,21.123,4,,,
2026-08-03 10:30:00+00:00,72.64,72.64,72.64,72.64,72.64,0.0,0,,,
2026-08-03 10:45:00+00:00,72.64,72.64,72.64,72.64,72.64,0.0,0,,,
2026-08-03 11:00:00+00:00,72.64,72.64,72.64,72.64,72.64,0.0,0,,,
2026-08-03 11:15:00+00:00,72.35,72.35,72.35,72.35,72.35,150.798,7,,,
2026-08-03 11:30:00+00:00,72.35,72.35,72.35,72.35,72.35,0.0,0,,,
2026-08-03 11:45:00+00:00,72.35,72.35,72.35,72.35,72.35,0.0,0,,,
2026-08-03 12:00:00+00:00,72.35,72.35,72.35,72.35,72.35,0.0,0,,,
2026-08-03 12:15:00+00:00,72.35,72.35,72.35,72.35,72.35,0.0,0,,,
2026-08-03 12:30:00+00:00,72.39,72.39,72.38,72.38,72.38,0.606,2,,,
2026-08-03 12:45:00+00:00,72.38,72.38,72.38,72.38,72.38,0.0,0,,,
2026-08-03 13:00:00+00:00,72.33,72.33,72.33,72.33,72.33,5.568,2,,,
2026-08-03 13:15:00+00:00,72.48,72.62,72.48,72.59,72.59,1.049,8,,,
2026-08-03 13:30:00+00:00,72.58,72.8,72.58,72.75,72.75,2.004,12,,,
2026-08-03 13:45:00+00:00,72.6,73.17,72.6,73.17,73.17,25.771,25,,,
2026-08-03 14:00:00+00:00,73.25,73.25,73.06,73.06,73.06,1.862,3,,,
2026-08-03 14:15:00+00:00,73.1,73.56,73.0,73.56,73.56,30.219,22,,,
2026-08-03 14:30:00+00:00,73.5,73.65,73.42,73.53,73.53,7.131,11,,,
2026-08-03 14:45:00+00:00,73.43,73.6,73.41,73.6,73.6,3.335,6,,,
2026-08-03 15:00:00+00:00,73.72,73.73,73.43,73.43,73.43,34.356,9,,,
2026-08-03 15:15:00+00:00,73.57,73.57,73.57,73.57,73.57,0.558,1,,,
2026-08-03 15:30:00+00:00,73.57,73.57,73.57,73.57,73.57,0.554,1,,,
2026-08-03 15:45:00+00:00,73.45,73.45,73.45,73.45,73.45,0.555,1,,,
2026-08-03 16:00:00+00:00,73.52,73.69,73.52,73.57,73.57,4.206,3,,,
2026-08-03 16:15:00+00:00,73.57,73.57,73.57,73.57,73.57,0.0,0,,,
2026-08-03 16:30:00+00:00,73.42,73.42,73.21,73.21,73.21,28.389,7,,,
2026-08-03 16:45:00+00:00,73.32,73.34,73.32,73.34,73.34,0.745,2,,,
2026-08-03 17:00:00+00:00,73.31,73.5,73.31,73.5,73.5,2.05,4,,,
2026-08-03 17:15:00+00:00,73.55,73.77,73.55,73.57,73.57,46.028,10,,,
2026-08-03 17:30:00+00:00,73.57,73.57,73.57,73.57,73.57,0.0,0,,,
2026-08-03 17:45:00+00:00,73.69,73.69,73.57,73.61,73.61,1.283,3,,,
2026-08-03 18:00:00+00:00,73.79,74.02,73.79,74.02,74.02,282.963,28,,,
2026-08-03 18:15:00+00:00,74.1,74.17,74.08,74.08,74.08,2.846,7,,,
2026-08-03 18:30:00+00:00,73.97,73.97,73.9,73.94,73.94,3.34,3,,,
2026-08-03 18:45:00+00:00,73.84,73.99,73.84,73.99,73.99,0.582,2,,,
2026-08-03 19:00:00+00:00,73.99,73.99,73.93,73.93,73.93,1.113,2,,,
2026-08-03 19:15:00+00:00,73.97,74.04,73.97,74.04,74.04,5.879,2,,,
2026-08-03 19:30:00+00:00,74.1,74.1,74.1,74.1,74.1,0.394,1,,,
2026-08-03 19:45:00+00:00,74.03,74.04,73.97,74.0,74.0,2.448,6,,,
2026-08-03 20:00:00+00:00,73.93,73.97,73.93,73.97,73.97,0.419,2,,,
2026-08-03 20:15:00+00:00,73.95,74.04,73.95,74.0,74.0,1.949,5,,,
2026-08-03 20:30:00+00:00,73.96,73.96,73.91,73.91,73.91,19.218,4,,,
2026-08-03 20:45:00+00:00,73.82,73.82,73.77,73.79,73.79,14.975,3,,,
2026-08-03 21:00:00+00:00,73.7,73.7,73.7,73.7,73.7,1.0,1,,,
2026-08-03 21:15:00+00:00,73.72,73.72,73.72,73.72,73.72,0.341,1,,,
2026-08-03 21:30:00+00:00,73.72,73.72,73.72,73.72,73.72,0.0,0,,,
2026-08-03 21:45:00+00:00,73.62,73.62,73.62,73.62,73.62,0.014,1,,,
2026-08-03 22:00:00+00:00,73.62,73.62,73.34,73.51,73.51,31.485,13,,,
2026-08-03 22:15:00+00:00,73.5,73.5,73.5,73.5,73.5,0.028,1,,,
2026-08-03 22:30:00+00:00,73.49,73.49,73.38,73.41,73.41,0.297,3,,,
2026-08-03 22:45:00+00:00,73.47,73.47,73.47,73.47,73.47,5.572,2,,,
2026-08-03 23:00:00+00:00,73.47,73.47,73.47,73.47,73.47,0.0,0,,,
2026-08-03 23:15:00+00:00,73.47,73.47,73.47,73.47,73.47,0.0,0,,,
2026-08-03 23:30:00+00:00,73.39,73.41,73.39,73.41,73.41,2.005,3,,,
2026-08-03 23:45:00+00:00,73.48,73.5,73.48,73.5,73.5,0.382,3,,,
2026-08-04 00:00:00+00:00,73.47,73.52,73.39,73.39,73.39,7.48,3,,,
2026-08-04 00:15:00+00:00,73.46,73.49,73.45,73.45,73.45,14.198,4,,,
2026-08-04 00:30:00+00:00,73.37,73.37,73.02,73.14,73.14,38.198,16,,,
2026-08-04 00:45:00+00:00,73.08,73.08,73.01,73.01,73.01,7.342,3,,,
2026-08-04 01:00:00+00:00,73.01,73.12,73.01,73.12,73.12,1.559,3,,,
2026-08-04 01:15:00+00:00,73.12,73.12,73.12,73.12,73.12,0.28,1,,,
2026-08-04 01:30:00+00:00,73.21,73.67,73.21,73.62,73.62,16.663,18,,,
2026-08-04 01:45:00+00:00,73.62,73.72,73.55,73.72,73.72,47.282,13,,,
2026-08-04 02:00:00+00:00,73.72,73.76,73.69,73.7,73.7,232.012,26,,,
2026-08-04 02:15:00+00:00,73.7,73.75,73.7,73.75,73.75,10.922,4,,,
2026-08-04 02:30:00+00:00,73.81,74.02,73.81,73.87,73.87,208.509,37,,,
2026-08-04 02:45:00+00:00,73.89,73.89,73.81,73.81,73.81,7.174,3,,,
2026-08-04 03:00:00+00:00,73.79,73.79,73.57,73.57,73.57,8.178,8,,,
2026-08-04 03:15:00+00:00,73.51,73.54,73.46,73.5,73.5,29.172,8,,,
2026-08-04 03:30:00+00:00,73.5,73.5,73.5,73.5,73.5,0.0,0,,,
2026-08-04 03:45:00+00:00,73.62,73.67,73.62,73.65,73.65,1.366,4,,,
2026-08-04 04:00:00+00:00,73.63,73.63,73.56,73.59,73.59,1.033,3,,,
2026-08-04 04:15:00+00:00,73.58,73.68,73.58,73.68,73.68,0.684,2,,,
2026-08-04 04:30:00+00:00,73.77,73.83,73.77,73.81,73.81,2.545,7,,,
2026-08-04 04:45:00+00:00,73.89,73.99,73.76,73.76,73.76,4.355,13,,,
2026-08-04 05:00:00+00:00,73.76,73.76,73.76,73.76,73.76,0.0,0,,,
2026-08-04 05:15:00+00:00,73.73,73.73,73.73,73.73,73.73,0.194,1,,,
2026-08-04 05:30:00+00:00,73.73,73.73,73.73,73.73,73.73,0.0,0,,,
2026-08-04 05:45:00+00:00,73.7,73.7,73.7,73.7,73.7,0.341,1,,,
2026-08-04 06:00:00+00:00,73.67,73.67,73.67,73.67,73.67,0.534,1,,,
2026-08-04 06:15:00+00:00,73.78,73.78,73.78,73.78,73.78,0.342,1,,,
2026-08-04 06:30:00+00:00,73.56,73.56,73.42,73.42,73.42,13.612,2,,,
2026-08-04 06:45:00+00:00,73.42,73.42,73.42,73.42,73.42,0.0,0,,,
2026-08-04 07:00:00+00:00,73.34,73.34,73.34,73.34,73.34,0.19,1,,,
2026-08-04 07:15:00+00:00,73.3,73.3,73.23,73.23,73.23,2.851,5,,,
2026-08-04 07:30:00+00:00,73.34,73.45,73.34,73.45,73.45,0.38,2,,,
2026-08-04 07:45:00+00:00,73.45,73.45,73.45,73.45,73.45,0.0,0,,,
2026-08-04 08:00:00+00:00,73.45,73.45,73.45,73.45,73.45,0.0,0,,,
2026-08-04 08:15:00+00:00,73.34,73.34,73.34,73.34,73.34,0.19,1,,,
2026-08-04 08:30:00+00:00,73.24,73.3,73.24,73.3,73.3,1.035,3,,,
2026-08-04 08:45:00+00:00,73.3,73.34,73.3,73.34,73.34,0.976,3,,,
2026-08-04 09:00:00+00:00,73.3,73.3,73.21,73.21,73.21,15.212,7,,,
2026-08-04 09:15:00+00:00,73.12,73.12,73.12,73.12,73.12,0.191,1,,,
2026-08-04 09:30:00+00:00,73.12,73.12,73.12,73.12,73.12,0.0,0,,,
2026-08-04 09:45:00+00:00,73.12,73.12,73.12,73.12,73.12,0.0,0,,,
2026-08-04 10:00:00+00:00,73.12,73.12,73.12,73.12,73.12,0.0,0,,,
2026-08-04 10:15:00+00:00,73.17,73.17,73.1,73.1,73.1,2.048,4,,,
2026-08-04 10:30:00+00:00,73.1,73.23,73.1,73.23,73.23,0.463,2,,,
2026-08-04 10:45:00+00:00,73.34,73.49,73.34,73.49,73.49,1.015,4,,,
2026-08-04 11:00:00+00:00,73.49,73.49,73.49,73.49,73.49,0.0,0,,,
2026-08-04 11:15:00+00:00,73.59,73.59,73.58,73.58,73.58,17.074,2,,,
2026-08-04 11:30:00+00:00,73.63,73.7,73.63,73.7,73.7,668.567,53,,,
2026-08-04 11:45:00+00:00,73.84,73.9,73.84,73.86,73.86,1.778,4,,,
2026-08-04 12:00:00+00:00,73.86,73.86,73.86,73.86,73.86,0.0,0,,,
2026-08-04 12:15:00+00:00,73.79,73.79,73.79,73.79,73.79,0.336,1,,,
2026-08-04 12:30:00+00:00,73.82,73.99,73.82,73.95,73.95,35.742,8,,,
2026-08-04 12:45:00+00:00,73.77,73.77,73.77,73.77,73.77,0.811,1,,,
2026-08-04 13:00:00+00:00,73.74,73.75,73.74,73.75,73.75,0.719,3,,,
2026-08-04 13:15:00+00:00,73.8,73.8,73.8,73.8,73.8,0.614,2,,,
2026-08-04 13:30:00+00:00,73.89,73.95,73.89,73.95,73.95,70.42,12,,,
2026-08-04 13:45:00+00:00,73.74,73.74,73.74,73.74,73.74,1.111,2,,,
2026-08-04 14:00:00+00:00,73.48,73.61,73.42,73.53,73.53,1.169,4,,,
2026-08-04 14:15:00+00:00,73.55,73.55,73.3,73.45,73.45,2.636,10,,,
2026-08-04 14:30:00+00:00,73.52,73.84,73.52,73.8,73.8,341.887,39,,,
2026-08-04 14:45:00+00:00,73.79,73.81,73.71,73.73,73.73,99.944,10,,,
2026-08-04 15:00:00+00:00,73.84,73.92,73.7,73.7,73.7,1.049,6,,,
2026-08-04 15:15:00+00:00,73.77,73.77,73.72,73.72,73.72,17.753,6,,,
2026-08-04 15:30:00+00:00,73.43,73.72,73.42,73.72,73.72,2.032,3,,,
2026-08-04 15:45:00+00:00,73.86,74.11,73.86,73.99,73.99,19.723,14,,,
2026-08-04 16:00:00+00:00,73.9,73.9,73.78,73.8,73.8,24.138,9,,,
2026-08-04 16:15:00+00:00,73.89,73.89,73.87,73.87,73.87,38.808,4,,,
2026-08-04 16:30:00+00:00,73.84,73.84,73.66,73.7,73.7,3.725,5,,,
2026-08-04 16:45:00+00:00,73.7,73.7,73.7,73.7,73.7,0.0,0,,,
2026-08-04 17:00:00+00:00,73.7,74.16,73.7,73.98,73.98,38.611,17,,,
2026-08-04 17:15:00+00:00,73.98,73.98,73.98,73.98,73.98,3.0,1,,,
2026-08-04 17:30:00+00:00,74.04,74.04,74.04,74.04,74.04,3.382,2,,,
2026-08-04 17:45:00+00:00,73.87,73.87,73.71,73.71,73.71,0.198,3,,,
2026-08-04 18:00:00+00:00,73.86,74.01,73.86,73.98,73.98,1.103,6,,,
2026-08-04 18:15:00+00:00,74.08,74.31,74.08,74.23,74.23,10.131,15,,,
2026-08-04 18:30:00+00:00,74.23,74.23,74.02,74.05,74.05,24.271,10,,,
2026-08-04 18:45:00+00:00,74.13,74.15,74.07,74.07,74.07,4.53,4,,,
2026-08-04 19:00:00+00:00,74.11,74.29,74.11,74.29,74.29,29.885,9,,,
2026-08-04 19:15:00+00:00,74.28,74.28,74.13,74.13,74.13,19.853,5,,,
2026-08-04 19:30:00+00:00,74.13,74.24,74.13,74.24,74.24,19.568,6,,,
2026-08-04 19:45:00+00:00,74.13,74.2,74.08,74.2,74.2,23.811,9,,,
2026-08-04 20:00:00+00:00,74.14,74.16,74.1,74.16,74.16,146.172,20,,,
2026-08-04 20:15:00+00:00,74.16,74.16,73.86,74.0,74.0,1.513,14,,,
2026-08-04 20:30:00+00:00,74.09,74.36,74.09,74.36,74.36,0.719,11,,,
2026-08-04 20:45:00+00:00,74.25,74.25,74.19,74.19,74.19,26.983,6,,,
2026-08-04 21:00:00+00:00,74.21,74.21,74.0,74.0,74.0,1.075,8,,,
2026-08-04 21:15:00+00:00,74.0,74.0,74.0,74.0,74.0,0.0,0,,,
2026-08-04 21:30:00+00:00,74.0,74.0,74.0,74.0,74.0,0.0,0,,,
2026-08-04 21:45:00+00:00,74.07,74.07,74.05,74.05,74.05,1.277,2,,,
2026-08-04 22:00:00+00:00,74.09,74.09,74.09,74.09,74.09,0.04,1,,,
2026-08-04 22:15:00+00:00,74.1,74.1,74.1,74.1,74.1,0.014,1,,,
2026-08-04 22:30:00+00:00,74.13,74.13,74.1,74.1,74.1,4.102,3,,,
2026-08-04 22:45:00+00:00,74.02,74.02,74.02,74.02,74.02,0.203,2,,,
2026-08-04 23:00:00+00:00,73.99,74.19,73.99,74.19,74.19,0.302,3,,,
2026-08-04 23:15:00+00:00,74.21,74.21,73.89,73.89,73.89,0.434,6,,,
2026-08-04 23:30:00+00:00,73.86,73.86,73.8,73.84,73.84,51.022,21,,,
2026-08-04 23:45:00+00:00,73.75,73.75,73.75,73.75,73.75,3.878,2,,,
2026-08-05 00:00:00+00:00,73.72,73.72,73.57,73.6,73.6,21.95,12,,,
2026-08-05 00:15:00+00:00,73.54,73.54,73.54,73.54,73.54,0.341,1,,,
2026-08-05 00:30:00+00:00,73.65,73.71,73.53,73.53,73.53,2.122,6,,,
2026-08-05 00:45:00+00:00,73.5,73.5,73.48,73.48,73.48,16.686,5,,,
2026-08-05 01:00:00+00:00,73.44,73.51,73.42,73.51,73.51,1.002,5,,,
2026-08-05 01:15:00+00:00,73.51,73.64,73.51,73.62,73.62,0.844,6,,,
2026-08-05 01:30:00+00:00,73.66,74.01,73.66,74.01,74.01,1.496,15,,,
2026-08-05 01:45:00+00:00,73.87,73.87,73.87,73.87,73.87,0.203,1,,,
2026-08-05 02:00:00+00:00,74.07,74.31,74.07,74.31,74.31,2.78,8,,,
2026-08-05 02:15:00+00:00,74.13,74.14,74.08,74.14,74.14,14.161,5,,,
2026-08-05 02:30:00+00:00,74.18,74.31,74.18,74.31,74.31,1.092,5,,,
2026-08-05 02:45:00+00:00,74.35,74.42,74.17,74.18,74.18,4.25,14,,,
2026-08-05 03:00:00+00:00,74.13,74.13,74.04,74.04,74.04,2.214,6,,,
2026-08-05 03:15:00+00:00,74.02,74.02,73.74,73.74,73.74,4.715,10,,,
2026-08-05 03:30:00+00:00,73.7,73.76,73.7,73.76,73.76,2.356,2,,,
2026-08-05 03:45:00+00:00,73.76,73.76,73.76,73.76,73.76,1.419,3,,,
2026-08-05 04:00:00+00:00,73.72,73.72,73.72,73.72,73.72,0.419,1,,,
2026-08-05 04:15:00+00:00,73.63,73.63,73.63,73.63,73.63,0.014,1,,,
2026-08-05 04:30:00+00:00,73.73,73.73,73.73,73.73,73.73,0.014,1,,,
2026-08-05 04:45:00+00:00,73.72,73.74,73.72,73.74,73.74,0.45,2,,,
2026-08-05 05:00:00+00:00,73.84,73.91,73.84,73.9,73.9,1.327,5,,,
2026-08-05 05:15:00+00:00,73.97,74.19,73.97,74.19,74.19,2.378,9,,,
2026-08-05 05:30:00+00:00,74.08,74.08,74.08,74.08,74.08,0.199,1,,,
2026-08-05 05:45:00+00:00,74.11,74.11,74.06,74.11,74.11,0.221,3,,,
2026-08-05 06:00:00+00:00,74.05,74.05,74.05,74.05,74.05,0.42,1,,,
2026-08-05 06:15:00+00:00,74.04,74.04,74.04,74.04,74.04,0.342,1,,,
2026-08-05 06:30:00+00:00,74.16,74.16,74.16,74.16,74.16,0.014,1,,,
2026-08-05 06:45:00+00:00,74.02,74.02,74.02,74.02,74.02,0.189,1,,,
2026-08-05 07:00:00+00:00,73.95,73.95,73.81,73.81,73.81,1.661,7,,,
2026-08-05 07:15:00+00:00,73.8,73.8,73.66,73.67,73.67,1.84,5,,,
2026-08-05 07:30:00+00:00,73.67,73.67,73.67,73.67,73.67,0.0,0,,,
2026-08-05 07:45:00+00:00,73.85,73.85,73.85,73.85,73.85,0.11,1,,,
2026-08-05 08:00:00+00:00,73.91,74.02,73.91,74.02,74.02,0.378,2,,,
2026-08-05 08:15:00+00:00,73.95,73.95,73.95,73.95,73.95,0.191,1,,,
2026-08-05 08:30:00+00:00,74.08,74.08,74.02,74.03,74.03,1.554,5,,,
2026-08-05 08:45:00+00:00,74.03,74.03,74.03,74.03,74.03,0.0,0,,,
2026-08-05 09:00:00+00:00,74.02,74.02,74.02,74.02,74.02,0.192,1,,,
2026-08-05 09:15:00+00:00,74.1,74.1,74.1,74.1,74.1,1.107,2,,,
2026-08-05 09:30:00+00:00,74.13,74.13,74.13,74.13,74.13,0.188,1,,,
2026-08-05 09:45:00+00:00,74.06,74.06,74.02,74.02,74.02,0.429,3,,,
2026-08-05 10:00:00+00:00,74.02,74.02,74.02,74.02,74.02,0.0,0,,,
2026-08-05 10:15:00+00:00,73.91,73.91,73.87,73.87,73.87,0.346,2,,,
2026-08-05 10:30:00+00:00,74.02,74.02,74.02,74.02,74.02,0.189,1,,,
2026-08-05 10:45:00+00:00,73.91,73.91,73.8,73.8,73.8,0.476,3,,,
2026-08-05 11:00:00+00:00,73.91,73.91,73.91,73.91,73.91,0.189,1,,,
2026-08-05 11:15:00+00:00,73.8,73.8,73.8,73.8,73.8,0.189,1,,,
2026-08-05 11:30:00+00:00,73.8,73.8,73.8,73.8,73.8,0.0,0,,,
2026-08-05 11:45:00+00:00,73.71,73.71,73.71,73.71,73.71,18.377,2,,,
2026-08-05 12:00:00+00:00,73.71,73.77,73.7,73.77,73.77,6.962,3,,,
2026-08-05 12:15:00+00:00,73.91,74.29,73.91,74.28,74.28,63.548,21,,,
2026-08-05 12:30:00+00:00,74.25,74.25,74.1,74.1,74.1,1.613,4,,,
2026-08-05 12:45:00+00:00,74.05,74.05,74.02,74.02,74.02,0.203,2,,,
2026-08-05 13:00:00+00:00,74.0,74.0,73.72,73.72,73.72,14.682,10,,,
2026-08-05 13:15:00+00:00,73.72,73.72,73.72,73.72,73.72,0.0,0,,,
2026-08-05 13:30:00+00:00,73.7,73.73,73.25,73.61,73.61,259.152,47,,,
2026-08-05 13:45:00+00:00,73.65,73.87,73.51,73.87,73.87,115.131,27,,,
2026-08-05 14:00:00+00:00,73.91,74.07,73.88,73.98,73.98,8.411,10,,,
2026-08-05 14:15:00+00:00,73.98,73.98,73.98,73.98,73.98,0.0,0,,,
2026-08-05 14:30:00+00:00,73.73,73.83,73.62,73.62,73.62,1.07,4,,,
2026-08-05 14:45:00+00:00,73.73,73.9,73.69,73.9,73.9,1.37,8,,,
2026-08-05 15:00:00+00:00,73.87,74.14,73.87,74.04,74.04,7.068,17,,,
2026-08-05 15:15:00+00:00,73.89,73.99,73.81,73.99,73.99,0.368,3,,,
2026-08-05 15:30:00+00:00,74.11,74.23,74.11,74.19,74.19,29.779,10,,,
2026-08-05 15:45:00+00:00,74.09,74.13,73.94,73.94,73.94,13.135,8,,,
2026-08-05 16:00:00+00:00,73.91,74.11,73.91,74.11,74.11,6.31,7,,,
2026-08-05 16:15:00+00:00,74.13,74.31,74.13,74.31,74.31,3.949,9,,,
2026-08-05 16:30:00+00:00,74.35,74.35,74.29,74.29,74.29,33.815,6,,,
2026-08-05 16:45:00+00:00,74.19,74.19,74.19,74.19,74.19,10.68,2,,,
2026-08-05 17:00:00+00:00,74.24,74.29,74.24,74.27,74.27,0.284,3,,,
2026-08-05 17:15:00+00:00,74.11,74.13,74.08,74.12,74.12,9.97,6,,,
2026-08-05 17:30:00+00:00,74.18,74.54,74.18,74.54,74.54,1030.701,50,,,
2026-08-05 17:45:00+00:00,74.53,74.54,74.43,74.43,74.43,738.678,65,,,
2026-08-05 18:00:00+00:00,74.43,74.43,74.43,74.43,74.43,0.0,0,,,
2026-08-05 18:15:00+00:00,74.6,74.72,74.49,74.49,74.49,1.345,7,,,
2026-08-05 18:30:00+00:00,74.49,74.49,74.49,74.49,74.49,84.92,8,,,
2026-08-05 18:45:00+00:00,74.49,74.49,74.49,74.49,74.49,0.0,0,,,
2026-08-05 19:00:00+00:00,74.43,74.46,74.43,74.46,74.46,6.862,2,,,
2026-08-05 19:15:00+00:00,74.49,74.49,74.42,74.47,74.47,1.776,5,,,
2026-08-05 19:30:00+00:00,74.47,74.47,74.47,74.47,74.47,0.0,0,,,
2026-08-05 19:45:00+00:00,74.42,74.47,74.42,74.47,74.47,1.432,4,,,
2026-08-05 20:00:00+00:00,74.47,74.47,74.47,74.47,74.47,0.0,0,,,
2026-08-05 20:15:00+00:00,74.36,74.49,74.35,74.35,74.35,3.248,8,,,
2026-08-05 20:30:00+00:00,74.35,74.35,74.35,74.35,74.35,1.072,1,,,
2026-08-05 20:45:00+00:00,74.35,74.35,74.35,74.35,74.35,0.0,0,,,
2026-08-05 21:00:00+00:00,74.31,74.31,74.2,74.2,74.2,3.15,6,,,
2026-08-05 21:15:00+00:00,74.09,74.09,74.04,74.04,74.04,1.716,3,,,
2026-08-05 21:30:00+00:00,74.04,74.04,74.04,74.04,74.04,0.0,0,,,
2026-08-05 21:45:00+00:00,74.1,74.1,74.1,74.1,74.1,0.1,1,,,
2026-08-05 22:00:00+00:00,74.05,74.08,74.04,74.08,74.08,1.821,4,,,
2026-08-05 22:15:00+00:00,74.05,74.05,73.98,73.98,73.98,0.978,4,,,
2026-08-05 22:30:00+00:00,74.0,74.0,74.0,74.0,74.0,2.309,2,,,
2026-08-05 22:45:00+00:00,74.03,74.03,74.0,74.0,74.0,0.028,2,,,
2026-08-05 23:00:00+00:00,73.95,73.95,73.83,73.93,73.93,5.535,12,,,
2026-08-05 23:15:00+00:00,73.9,74.0,73.87,74.0,74.0,3.632,19,,,
2026-08-05 23:30:00+00:00,74.03,74.04,74.03,74.04,74.04,1.35,2,,,
2026-08-05 23:45:00+00:00,74.0,74.0,73.94,73.96,73.96,17.429,6,,,
2026-08-06 00:00:00+00:00,74.08,74.08,74.08,74.08,74.08,0.08,1,,,
2026-08-06 00:15:00+00:00,74.08,74.16,74.08,74.16,74.16,3.318,4,,,
2026-08-06 00:30:00+00:00,74.16,74.16,74.16,74.16,74.16,0.0,0,,,
2026-08-06 00:45:00+00:00,74.02,74.06,74.02,74.06,74.06,0.857,2,,,
2026-08-06 01:00:00+00:00,74.0,74.0,73.96,73.97,73.97,9.575,4,,,
2026-08-06 01:15:00+00:00,73.97,73.97,73.73,73.73,73.73,42.58,12,,,
2026-08-06 01:30:00+00:00,73.73,73.73,73.73,73.73,73.73,0.0,0,,,
2026-08-06 01:45:00+00:00,73.73,73.73,73.72,73.72,73.72,1.714,3,,,
2026-08-06 02:00:00+00:00,73.66,73.66,73.6,73.6,73.6,2.472,4,,,
2026-08-06 02:15:00+00:00,73.45,73.45,73.39,73.39,73.39,4.174,5,,,
2026-08-06 02:30:00+00:00,73.39,73.42,73.39,73.42,73.42,1.079,3,,,
2026-08-06 02:45:00+00:00,73.47,73.47,73.47,73.47,73.47,0.339,1,,,
2026-08-06 03:00:00+00:00,73.45,73.45,73.44,73.44,73.44,66.37,11,,,
2026-08-06 03:15:00+00:00,73.45,73.45,73.45,73.45,73.45,0.341,1,,,
2026-08-06 03:30:00+00:00,73.5,73.5,73.44,73.44,73.44,22.077,7,,,
2026-08-06 03:45:00+00:00,73.43,73.49,73.39,73.39,73.39,1.919,6,,,
2026-08-06 04:00:00+00:00,73.34,73.52,73.33,73.52,73.52,8.72,10,,,
2026-08-06 04:15:00+00:00,73.53,73.72,73.53,73.72,73.72,189.736,25,,,
2026-08-06 04:30:00+00:00,73.75,73.76,73.7,73.7,73.7,1.45,7,,,
2026-08-06 04:45:00+00:00,73.68,73.76,73.67,73.76,73.76,21.22,6,,,
2026-08-06 05:00:00+00:00,73.8,74.24,73.8,74.11,74.11,31.759,21,,,
2026-08-06 05:15:00+00:00,74.16,74.16,74.1,74.1,74.1,1.515,6,,,
2026-08-06 05:30:00+00:00,74.09,74.09,74.03,74.07,74.07,1.251,4,,,
2026-08-06 05:45:00+00:00,74.09,74.1,74.09,74.1,74.1,7.159,3,,,
2026-08-06 06:00:00+00:00,74.12,74.15,74.01,74.01,74.01,3.282,9,,,
2026-08-06 06:15:00+00:00,73.98,74.0,73.93,74.0,74.0,3.189,7,,,
2026-08-06 06:30:00+00:00,73.98,73.98,73.98,73.98,73.98,1.579,4,,,
2026-08-06 06:45:00+00:00,74.04,74.04,74.0,74.0,74.0,1.716,5,,,
2026-08-06 07:00:00+00:00,73.99,73.99,73.99,73.99,73.99,0.461,1,,,
2026-08-06 07:15:00+00:00,73.99,73.99,73.99,73.99,73.99,0.0,0,,,
2026-08-06 07:30:00+00:00,73.99,73.99,73.99,73.99,73.99,0.0,0,,,
2026-08-06 07:45:00+00:00,73.87,73.87,73.87,73.87,73.87,0.189,2,,,
2026-08-06 08:00:00+00:00,73.79,73.79,73.76,73.76,73.76,11.724,3,,,
2026-08-06 08:15:00+00:00,73.72,73.72,73.66,73.66,73.66,1.667,3,,,
2026-08-06 08:30:00+00:00,73.75,73.76,73.73,73.76,73.76,20.516,5,,,
2026-08-06 08:45:00+00:00,73.84,73.98,73.84,73.98,73.98,21.401,7,,,
2026-08-06 09:00:00+00:00,73.9,73.95,73.67,73.67,73.67,155.625,17,,,
2026-08-06 09:15:00+00:00,73.56,73.56,73.47,73.47,73.47,19.827,4,,,
2026-08-06 09:30:00+00:00,73.42,73.42,73.33,73.33,73.33,3.572,5,,,
2026-08-06 09:45:00+00:00,73.15,73.22,73.15,73.22,73.22,1.442,4,,,
2026-08-06 10:00:00+00:00,73.12,73.14,73.12,73.14,73.14,21.563,3,,,
2026-08-06 10:15:00+00:00,73.22,73.32,73.22,73.32,73.32,7.235,3,,,
2026-08-06 10:30:00+00:00,73.34,73.34,73.34,73.34,73.34,0.055,1,,,
2026-08-06 10:45:00+00:00,73.23,73.23,73.23,73.23,73.23,0.556,1,,,
2026-08-06 11:00:00+00:00,73.19,73.23,73.19,73.23,73.23,0.633,2,,,
2026-08-06 11:15:00+00:00,73.23,73.23,73.23,73.23,73.23,0.0,0,,,
2026-08-06 11:30:00+00:00,73.42,73.42,73.42,73.42,73.42,0.405,2,,,
2026-08-06 11:45:00+00:00,73.39,73.39,73.39,73.39,73.39,0.683,2,,,
2026-08-06 12:00:00+00:00,73.38,73.38,73.35,73.35,73.35,19.522,6,,,
2026-08-06 12:15:00+00:00,73.3,73.3,73.3,73.3,73.3,4.582,1,,,
2026-08-06 12:30:00+00:00,73.3,73.3,73.3,73.3,73.3,0.0,0,,,
2026-08-06 12:45:00+00:00,73.27,73.27,73.18,73.18,73.18,8.125,3,,,
2026-08-06 13:00:00+00:00,73.09,73.09,72.89,72.9,72.9,188.357,32,,,
2026-08-06 13:15:00+00:00,72.9,72.9,72.9,72.9,72.9,68.58,10,,,
2026-08-06 13:30:00+00:00,72.9,72.9,72.9,72.9,72.9,145.976,10,,,
2026-08-06 13:45:00+00:00,73.14,73.25,73.14,73.18,73.18,48.072,47,,,
2026-08-06 14:00:00+00:00,73.18,73.21,73.08,73.15,73.15,37.01,51,,,
2026-08-06 14:15:00+00:00,73.15,73.3,73.1,73.11,73.11,112.185,59,,,
2026-08-06 14:30:00+00:00,73.06,73.48,73.03,73.47,73.47,94.591,65,,,
2026-08-06 14:45:00+00:00,73.48,73.48,73.39,73.39,73.39,21.467,6,,,
2026-08-06 15:00:00+00:00,73.41,73.54,73.41,73.54,73.54,20.651,6,,,
2026-08-06 15:15:00+00:00,73.45,73.45,73.38,73.38,73.38,5.531,5,,,
2026-08-06 15:30:00+00:00,73.49,73.53,73.38,73.38,73.38,1.494,5,,,
2026-08-06 15:45:00+00:00,73.33,73.34,73.33,73.34,73.34,1.0,2,,,
2026-08-06 16:00:00+00:00,73.23,73.23,73.05,73.08,73.08,4.684,8,,,
2026-08-06 16:15:00+00:00,73.2,73.23,73.19,73.19,73.19,20.707,7,,,
2026-08-06 16:30:00+00:00,73.29,73.29,73.29,73.29,73.29,19.352,1,,,
2026-08-06 16:45:00+00:00,73.34,73.37,73.34,73.37,73.37,20.111,9,,,
2026-08-06 17:00:00+00:00,73.46,73.46,73.46,73.46,73.46,18.912,5,,,
2026-08-06 17:15:00+00:00,73.46,73.46,73.46,73.46,73.46,0.0,0,,,
2026-08-06 17:30:00+00:00,73.46,73.46,73.46,73.46,73.46,0.0,0,,,
2026-08-06 17:45:00+00:00,73.46,73.46,73.46,73.46,73.46,0.0,0,,,
2026-08-06 18:00:00+00:00,73.06,73.06,72.94,72.94,72.94,42.488,12,,,
2026-08-06 18:15:00+00:00,72.94,72.94,72.94,72.94,72.94,0.0,0,,,
2026-08-06 18:30:00+00:00,72.94,72.94,72.85,72.86,72.86,55.96,10,,,
2026-08-06 18:45:00+00:00,72.8,72.8,72.66,72.72,72.72,35.17,8,,,
2026-08-06 19:00:00+00:00,72.77,72.79,72.72,72.76,72.76,42.457,6,,,
2026-08-06 19:15:00+00:00,72.67,72.67,72.52,72.52,72.52,93.873,19,,,
2026-08-06 19:30:00+00:00,72.68,72.68,72.68,72.68,72.68,0.192,1,,,
2026-08-06 19:45:00+00:00,72.79,72.79,72.79,72.79,72.79,0.192,1,,,
2026-08-06 20:00:00+00:00,72.87,72.9,72.87,72.9,72.9,0.532,2,,,
2026-08-06 20:15:00+00:00,72.85,72.85,72.82,72.82,72.82,32.088,3,,,
2026-08-06 20:30:00+00:00,72.83,72.86,72.83,72.86,72.86,10.991,2,,,
2026-08-06 20:45:00+00:00,72.82,72.87,72.82,72.83,72.83,7.409,3,,,
2026-08-06 21:00:00+00:00,72.79,72.9,72.79,72.9,72.9,35.523,7,,,
2026-08-06 21:15:00+00:00,72.93,72.93,72.92,72.92,72.92,1.236,2,,,
2026-08-06 21:30:00+00:00,72.79,72.91,72.76,72.91,72.91,24.686,13,,,
2026-08-06 21:45:00+00:00,72.86,72.86,72.85,72.85,72.85,1.124,2,,,
2026-08-06 22:00:00+00:00,72.79,72.79,72.76,72.76,72.76,16.049,3,,,
2026-08-06 22:15:00+00:00,72.77,72.77,72.6,72.6,72.6,19.98,4,,,
2026-08-06 22:30:00+00:00,72.67,72.72,72.66,72.66,72.66,7.082,10,,,
2026-08-06 22:45:00+00:00,72.64,72.64,72.64,72.64,72.64,6.882,1,,,
2026-08-06 23:00:00+00:00,72.64,72.66,72.64,72.66,72.66,24.775,3,,,
2026-08-06 23:15:00+00:00,72.57,72.57,72.29,72.29,72.29,56.908,18,,,
2026-08-06 23:30:00+00:00,72.34,72.38,72.29,72.33,72.33,22.782,10,,,
2026-08-06 23:45:00+00:00,72.54,72.62,72.51,72.62,72.62,2.663,4,,,
2026-08-07 00:00:00+00:00,72.68,72.68,72.68,72.68,72.68,0.192,1,,,
2026-08-07 00:15:00+00:00,72.57,72.57,72.57,72.57,72.57,0.192,1,,,
2026-08-07 00:30:00+00:00,72.57,72.57,72.57,72.57,72.57,0.0,0,,,
2026-08-07 00:45:00+00:00,72.56,72.56,72.56,72.56,72.56,13.78,2,,,
2026-08-07 01:00:00+00:00,72.68,72.73,72.67,72.67,72.67,4.239,4,,,
2026-08-07 01:15:00+00:00,72.67,72.67,72.67,72.67,72.67,0.0,0,,,
2026-08-07 01:30:00+00:00,72.79,72.81,72.56,72.56,72.56,4.536,6,,,
2026-08-07 01:45:00+00:00,72.56,72.56,72.56,72.56,72.56,0.0,0,,,
2026-08-07 02:00:00+00:00,72.67,72.68,72.51,72.68,72.68,4.837,6,,,
2026-08-07 02:15:00+00:00,72.76,72.83,72.57,72.57,72.57,103.051,18,,,
2026-08-07 02:30:00+00:00,72.58,72.58,72.58,72.58,72.58,0.341,1,,,
2026-08-07 02:45:00+00:00,72.68,72.7,72.65,72.65,72.65,0.874,3,,,
2026-08-07 03:00:00+00:00,72.61,72.61,72.61,72.61,72.61,0.441,2,,,
2026-08-07 03:15:00+00:00,72.58,72.66,72.54,72.66,72.66,24.895,13,,,
2026-08-07 03:30:00+00:00,72.64,72.68,72.63,72.63,72.63,20.698,6,,,
2026-08-07 03:45:00+00:00,72.59,72.59,72.57,72.57,72.57,20.284,8,,,
2026-08-07 04:00:00+00:00,72.57,72.57,72.57,72.57,72.57,0.0,0,,,
2026-08-07 04:15:00+00:00,72.68,72.68,72.68,72.68,72.68,0.192,1,,,
2026-08-07 04:30:00+00:00,72.67,72.7,72.62,72.64,72.64,27.847,10,,,
2026-08-07 04:45:00+00:00,72.64,72.64,72.56,72.61,72.61,2.612,7,,,
2026-08-07 05:00:00+00:00,72.61,72.61,72.61,72.61,72.61,0.555,1,,,
2026-08-07 05:15:00+00:00,72.61,72.61,72.53,72.53,72.53,1.02,3,,,
2026-08-07 05:30:00+00:00,72.5,72.5,72.5,72.5,72.5,0.558,1,,,
2026-08-07 05:45:00+00:00,72.68,72.83,72.68,72.83,72.83,2.743,4,,,
2026-08-07 06:00:00+00:00,72.83,72.83,72.83,72.83,72.83,0.0,0,,,
2026-08-07 06:15:00+00:00,72.9,72.97,72.9,72.97,72.97,0.59,4,,,
2026-08-07 06:30:00+00:00,72.97,72.97,72.97,72.97,72.97,0.0,0,,,
2026-08-07 06:45:00+00:00,72.79,72.79,72.78,72.78,72.78,27.672,5,,,
2026-08-07 07:00:00+00:00,72.83,72.9,72.83,72.9,72.9,1.562,2,,,
2026-08-07 07:15:00+00:00,72.86,72.9,72.86,72.9,72.9,1.022,3,,,
2026-08-07 07:30:00+00:00,72.9,72.92,72.9,72.9,72.9,0.779,3,,,
2026-08-07 07:45:00+00:00,72.89,72.91,72.89,72.91,72.91,0.418,2,,,
2026-08-07 08:00:00+00:00,72.87,72.92,72.87,72.92,72.92,20.221,4,,,
2026-08-07 08:15:00+00:00,72.9,72.9,72.9,72.9,72.9,0.339,1,,,
2026-08-07 08:30:00+00:00,73.01,73.25,72.95,73.25,73.25,53.056,10,,,
2026-08-07 08:45:00+00:00,73.2,73.2,73.2,73.2,73.2,0.864,1,,,
2026-08-07 09:00:00+00:00,73.19,73.34,73.19,73.34,73.34,3.478,4,,,
2026-08-07 09:15:00+00:00,73.42,73.57,73.42,73.47,73.47,42.501,9,,,
2026-08-07 09:30:00+00:00,73.61,73.63,73.58,73.58,73.58,0.62,4,,,
2026-08-07 09:45:00+00:00,73.58,73.58,73.58,73.58,73.58,0.228,1,,,
2026-08-07 10:00:00+00:00,73.58,73.58,73.58,73.58,73.58,0.0,0,,,
2026-08-07 10:15:00+00:00,73.58,73.58,73.58,73.58,73.58,0.0,0,,,
2026-08-07 10:30:00+00:00,73.58,73.58,73.58,73.58,73.58,0.0,0,,,
2026-08-07 10:45:00+00:00,73.58,73.58,73.58,73.58,73.58,0.0,0,,,
2026-08-07 11:00:00+00:00,73.58,73.58,73.58,73.58,73.58,1.189,1,,,
2026-08-07 11:15:00+00:00,73.58,73.58,73.58,73.58,73.58,0.0,0,,,
2026-08-07 11:30:00+00:00,73.58,73.58,73.58,73.58,73.58,0.0,0,,,
2026-08-07 11:45:00+00:00,73.58,73.58,73.58,73.58,73.58,0.0,0,,,
2026-08-07 12:00:00+00:00,73.74,74.03,73.74,74.03,74.03,40.963,13,,,
2026-08-07 12:15:00+00:00,73.92,73.92,73.92,73.92,73.92,1.113,2,,,
2026-08-07 12:30:00+00:00,74.0,74.23,73.62,73.67,73.67,45.093,15,,,
2026-08-07 12:45:00+00:00,73.9,73.94,73.88,73.88,73.88,8.32,4,,,
2026-08-07 13:00:00+00:00,73.85,73.85,73.79,73.82,73.82,2.415,4,,,
2026-08-07 13:15:00+00:00,73.79,73.79,73.79,73.79,73.79,0.028,1,,,
2026-08-07 13:30:00+00:00,73.9,74.18,73.9,74.12,74.12,76.402,17,,,
2026-08-07 13:45:00+00:00,74.11,74.29,74.11,74.15,74.15,86.525,18,,,
2026-08-07 14:00:00+00:00,74.06,74.09,73.66,73.68,73.68,73.145,21,,,
2026-08-07 14:15:00+00:00,73.62,74.03,73.59,74.03,74.03,59.928,13,,,
2026-08-07 14:30:00+00:00,74.09,74.16,73.95,73.95,73.95,0.531,12,,,
2026-08-07 14:45:00+00:00,73.9,73.9,73.54,73.66,73.66,4.412,13,,,
2026-08-07 15:00:00+00:00,73.66,73.88,73.66,73.8,73.8,11.927,13,,,
2026-08-07 15:15:00+00:00,73.71,73.74,73.71,73.74,73.74,0.361,2,,,
2026-08-07 15:30:00+00:00,73.9,73.9,73.84,73.84,73.84,19.01,2,,,
2026-08-07 15:45:00+00:00,73.89,73.91,73.89,73.91,73.91,0.441,2,,,
2026-08-07 16:00:00+00:00,73.94,74.04,73.94,74.04,74.04,1.745,7,,,
2026-08-07 16:15:00+00:00,73.95,74.0,73.82,73.82,73.82,37.316,13,,,
2026-08-07 16:30:00+00:00,73.8,73.82,73.72,73.74,73.74,27.12,11,,,
2026-08-07 16:45:00+00:00,73.71,73.77,73.57,73.57,73.57,8.079,13,,,
2026-08-07 17:00:00+00:00,73.51,73.51,73.28,73.28,73.28,23.846,21,,,
2026-08-07 17:15:00+00:00,73.34,73.34,73.2,73.2,73.2,12.253,6,,,
2026-08-07 17:30:00+00:00,73.2,73.37,73.2,73.35,73.35,142.931,20,,,
2026-08-07 17:45:00+00:00,73.27,73.37,73.21,73.37,73.37,47.925,12,,,
2026-08-07 18:00:00+00:00,73.43,73.5,73.43,73.5,73.5,0.028,2,,,
2026-08-07 18:15:00+00:00,73.48,73.48,73.48,73.48,73.48,19.648,3,,,
2026-08-07 18:30:00+00:00,73.43,73.43,73.3,73.3,73.3,0.042,3,,,
2026-08-07 18:45:00+00:00,73.3,73.3,73.3,73.3,73.3,0.0,0,,,
2026-08-07 19:00:00+00:00,73.36,73.57,73.36,73.57,73.57,3.053,7,,,
2026-08-07 19:15:00+00:00,73.64,73.77,73.64,73.76,73.76,3.777,8,,,
2026-08-07 19:30:00+00:00,73.79,73.79,73.79,73.79,73.79,6.115,1,,,
2026-08-07 19:45:00+00:00,73.85,73.93,73.85,73.93,73.93,2.441,6,,,
2026-08-07 20:00:00+00:00,73.98,74.04,73.98,74.04,74.04,4.121,4,,,
2026-08-07 20:15:00+00:00,74.02,74.04,74.0,74.0,74.0,213.679,32,,,
2026-08-07 20:30:00+00:00,73.94,73.94,73.86,73.86,73.86,1.363,4,,,
2026-08-07 20:45:00+00:00,73.79,73.79,73.79,73.79,73.79,0.285,2,,,
2026-08-07 21:00:00+00:00,73.79,73.79,73.75,73.75,73.75,8.072,3,,,
2026-08-07 21:15:00+00:00,73.83,73.83,73.61,73.61,73.61,4.757,7,,,
2026-08-07 21:30:00+00:00,73.74,73.78,73.69,73.69,73.69,1.666,5,,,
2026-08-07 21:45:00+00:00,73.65,73.65,73.6,73.61,73.61,5.654,7,,,
2026-08-07 22:00:00+00:00,73.62,73.62,73.6,73.6,73.6,5.838,3,,,
2026-08-07 22:15:00+00:00,73.6,73.6,73.6,73.6,73.6,0.0,0,,,
2026-08-07 22:30:00+00:00,73.57,73.57,73.57,73.57,73.57,0.34,1,,,
2026-08-07 22:45:00+00:00,73.59,73.59,73.59,73.59,73.59,0.107,1,,,
2026-08-07 23:00:00+00:00,73.68,73.7,73.68,73.7,73.7,1.83,3,,,
2026-08-07 23:15:00+00:00,73.7,73.7,73.64,73.64,73.64,0.705,2,,,
2026-08-07 23:30:00+00:00,73.61,73.61,73.61,73.61,73.61,5.53,3,,,
2026-08-07 23:45:00+00:00,73.61,73.61,73.61,73.61,73.61,0.0,0,,,
2026-08-08 00:00:00+00:00,73.59,73.67,73.59,73.61,73.61,16.951,6,,,
2026-08-08 00:15:00+00:00,73.62,73.62,73.54,73.54,73.54,11.511,9,,,
2026-08-08 00:30:00+00:00,73.65,73.66,73.65,73.66,73.66,1.014,3,,,
2026-08-08 00:45:00+00:00,73.67,73.67,73.67,73.67,73.67,0.014,1,,,
2026-08-08 01:00:00+00:00,73.69,73.74,73.69,73.74,73.74,0.517,5,,,
2026-08-08 01:15:00+00:00,73.75,73.75,73.75,73.75,73.75,0.203,2,,,
2026-08-08 01:30:00+00:00,73.85,73.9,73.85,73.9,73.9,0.249,3,,,
2026-08-08 01:45:00+00:00,73.87,73.88,73.87,73.88,73.88,10.015,3,,,
2026-08-08 02:00:00+00:00,73.92,73.92,73.91,73.91,73.91,9.303,3,,,
2026-08-08 02:15:00+00:00,73.91,73.91,73.91,73.91,73.91,0.0,0,,,
2026-08-08 02:30:00+00:00,73.91,73.91,73.91,73.91,73.91,0.0,0,,,
2026-08-08 02:45:00+00:00,73.91,73.91,73.91,73.91,73.91,0.0,0,,,
2026-08-08 03:00:00+00:00,73.91,73.91,73.91,73.91,73.91,0.0,0,,,
2026-08-08 03:15:00+00:00,73.98,74.09,73.98,74.09,74.09,25.098,10,,,
2026-08-08 03:30:00+00:00,74.15,74.48,74.15,74.39,74.39,45.402,17,,,
2026-08-08 03:45:00+00:00,74.46,74.81,74.46,74.81,74.81,52.893,21,,,
2026-08-08 04:00:00+00:00,74.92,75.03,74.67,74.67,74.67,61.388,25,,,
2026-08-08 04:15:00+00:00,74.66,74.71,74.66,74.7,74.7,16.55,3,,,
2026-08-08 04:30:00+00:00,74.58,74.59,74.54,74.59,74.59,20.132,6,,,
2026-08-08 04:45:00+00:00,74.64,74.64,74.64,74.64,74.64,13.805,1,,,
2026-08-08 05:00:00+00:00,74.56,74.56,74.56,74.56,74.56,0.281,1,,,
2026-08-08 05:15:00+00:00,74.56,74.59,74.56,74.59,74.59,2.831,2,,,
2026-08-08 05:30:00+00:00,74.64,74.69,74.64,74.69,74.69,3.946,4,,,
2026-08-08 05:45:00+00:00,74.58,74.58,74.48,74.48,74.48,1.299,2,,,
2026-08-08 06:00:00+00:00,74.48,74.48,74.48,74.48,74.48,0.0,0,,,
2026-08-08 06:15:00+00:00,74.48,74.48,74.48,74.48,74.48,0.0,0,,,
2026-08-08 06:30:00+00:00,74.69,74.69,74.65,74.68,74.68,2.092,4,,,
2026-08-08 06:45:00+00:00,74.68,74.68,74.68,74.68,74.68,0.0,0,,,
2026-08-08 07:00:00+00:00,74.76,74.76,74.68,74.68,74.68,7.825,3,,,
2026-08-08 07:15:00+00:00,74.68,74.68,74.68,74.68,74.68,0.0,0,,,
2026-08-08 07:30:00+00:00,74.68,74.68,74.68,74.68,74.68,0.0,0,,,
2026-08-08 07:45:00+00:00,74.68,74.68,74.68,74.68,74.68,0.0,0,,,
2026-08-08 08:00:00+00:00,74.68,74.68,74.68,74.68,74.68,0.0,0,,,
2026-08-08 08:15:00+00:00,74.74,74.74,74.74,74.74,74.74,1.11,1,,,
2026-08-08 08:30:00+00:00,74.81,74.87,74.78,74.78,74.78,25.207,9,,,
2026-08-08 08:45:00+00:00,74.71,74.77,74.7,74.77,74.77,19.903,4,,,
2026-08-08 09:00:00+00:00,74.8,74.8,74.77,74.78,74.78,1.448,3,,,
2026-08-08 09:15:00+00:00,74.87,74.88,74.87,74.88,74.88,8.836,4,,,
2026-08-08 09:30:00+00:00,74.92,74.95,74.92,74.95,74.95,1.302,2,,,
2026-08-08 09:45:00+00:00,74.81,74.81,74.81,74.81,74.81,0.187,1,,,
2026-08-08 10:00:00+00:00,74.9,74.93,74.9,74.93,74.93,19.86,6,,,
2026-08-08 10:15:00+00:00,74.89,74.95,74.89,74.93,74.93,44.945,5,,,
2026-08-08 10:30:00+00:00,74.94,74.96,74.94,74.96,74.96,19.484,2,,,
2026-08-08 10:45:00+00:00,75.03,75.13,75.03,75.12,75.12,5.789,9,,,
2026-08-08 11:00:00+00:00,75.06,75.57,75.05,75.35,75.35,214.771,48,,,
2026-08-08 11:15:00+00:00,75.27,75.28,75.21,75.21,75.21,4.088,3,,,
2026-08-08 11:30:00+00:00,75.18,75.22,75.18,75.19,75.19,11.568,4,,,
2026-08-08 11:45:00+00:00,75.19,75.63,75.18,75.57,75.57,115.806,16,,,
2026-08-08 12:00:00+00:00,75.57,75.59,75.49,75.49,75.49,84.857,8,,,
2026-08-08 12:15:00+00:00,75.39,75.4,75.32,75.32,75.32,29.952,6,,,
2026-08-08 12:30:00+00:00,75.37,75.42,75.36,75.42,75.42,22.677,8,,,
2026-08-08 12:45:00+00:00,75.46,75.54,75.42,75.42,75.42,59.427,8,,,
2026-08-08 13:00:00+00:00,75.42,75.42,75.42,75.42,75.42,0.0,0,,,
2026-08-08 13:15:00+00:00,75.46,75.46,75.46,75.46,75.46,0.02,1,,,
2026-08-08 13:30:00+00:00,75.45,75.45,75.43,75.43,75.43,0.07,3,,,
2026-08-08 13:45:00+00:00,75.43,75.43,75.43,75.43,75.43,0.0,0,,,
2026-08-08 14:00:00+00:00,75.55,75.69,75.55,75.58,75.58,79.335,14,,,
2026-08-08 14:15:00+00:00,75.61,75.79,75.61,75.75,75.75,22.895,18,,,
2026-08-08 14:30:00+00:00,75.82,76.03,75.82,75.91,75.91,78.435,12,,,
2026-08-08 14:45:00+00:00,76.03,76.53,76.02,76.51,76.51,77.608,33,,,
2026-08-08 15:00:00+00:00,76.51,76.61,76.42,76.46,76.46,63.548,17,,,
2026-08-08 15:15:00+00:00,76.66,76.66,76.46,76.5,76.5,52.622,10,,,
2026-08-08 15:30:00+00:00,76.45,76.45,76.28,76.3,76.3,468.785,49,,,
2026-08-08 15:45:00+00:00,76.29,76.41,76.22,76.34,76.34,94.998,13,,,
2026-08-08 16:00:00+00:00,76.38,76.39,76.31,76.35,76.35,78.928,11,,,
2026-08-08 16:15:00+00:00,76.29,76.29,76.21,76.21,76.21,3.66,2,,,
2026-08-08 16:30:00+00:00,76.2,76.2,76.16,76.16,76.16,50.098,7,,,
2026-08-08 16:45:00+00:00,76.2,76.32,76.2,76.32,76.32,1.574,3,,,
2026-08-08 17:00:00+00:00,76.33,76.33,76.29,76.29,76.29,19.772,2,,,
2026-08-08 17:15:00+00:00,76.3,76.3,76.3,76.3,76.3,1.111,1,,,
2026-08-08 17:30:00+00:00,76.41,76.41,76.34,76.38,76.38,39.356,4,,,
2026-08-08 17:45:00+00:00,76.35,76.35,76.35,76.35,76.35,19.291,2,,,
2026-08-08 18:00:00+00:00,76.26,76.26,76.23,76.23,76.23,21.699,4,,,
2026-08-08 18:15:00+00:00,76.2,76.2,76.03,76.03,76.03,3.529,4,,,
2026-08-08 18:30:00+00:00,76.1,76.1,76.1,76.1,76.1,18.328,1,,,
2026-08-08 18:45:00+00:00,76.06,76.06,76.06,76.06,76.06,17.44,1,,,
2026-08-08 19:00:00+00:00,76.06,76.06,76.06,76.06,76.06,0.0,0,,,
2026-08-08 19:15:00+00:00,76.0,76.0,76.0,76.0,76.0,2.0,1,,,
2026-08-08 19:30:00+00:00,75.94,76.0,75.94,76.0,76.0,277.572,23,,,
2026-08-08 19:45:00+00:00,76.05,76.17,76.05,76.14,76.14,10.383,6,,,
2026-08-08 20:00:00+00:00,76.1,76.1,76.1,76.1,76.1,6.569,1,,,
2026-08-08 20:15:00+00:00,76.22,76.22,76.13,76.13,76.13,10.724,3,,,
2026-08-08 20:30:00+00:00,76.15,76.17,76.15,76.17,76.17,19.578,2,,,
2026-08-08 20:45:00+00:00,76.19,76.19,76.19,76.19,76.19,1.113,1,,,
2026-08-08 21:00:00+00:00,76.21,76.28,76.21,76.28,76.28,1.358,4,,,
2026-08-08 21:15:00+00:00,76.25,76.28,76.25,76.28,76.28,3.407,2,,,
2026-08-08 21:30:00+00:00,76.17,76.19,76.17,76.19,76.19,7.678,2,,,
2026-08-08 21:45:00+00:00,76.14,76.14,76.11,76.11,76.11,3.997,3,,,
2026-08-08 22:00:00+00:00,76.15,76.2,76.15,76.17,76.17,3.466,4,,,
2026-08-08 22:15:00+00:00,76.14,76.22,76.14,76.22,76.22,20.045,3,,,
2026-08-08 22:30:00+00:00,76.16,76.17,76.13,76.13,76.13,3.846,3,,,
2026-08-08 22:45:00+00:00,76.03,76.03,75.81,75.81,75.81,85.966,18,,,
2026-08-08 23:00:00+00:00,75.84,75.84,75.8,75.8,75.8,2.318,2,,,
2026-08-08 23:15:00+00:00,75.8,75.8,75.8,75.8,75.8,0.0,0,,,
2026-08-08 23:30:00+00:00,75.95,75.95,75.95,75.95,75.95,0.184,1,,,
2026-08-08 23:45:00+00:00,75.95,75.95,75.95,75.95,75.95,0.0,0,,,
2026-08-09 00:00:00+00:00,75.98,75.98,75.95,75.95,75.95,37.842,2,,,
2026-08-09 00:15:00+00:00,75.94,75.94,75.91,75.91,75.91,6.688,2,,,
2026-08-09 00:30:00+00:00,75.91,75.91,75.91,75.91,75.91,0.0,0,,,
2026-08-09 00:45:00+00:00,75.84,75.84,75.84,75.84,75.84,5.454,2,,,
2026-08-09 01:00:00+00:00,75.95,76.03,75.95,75.98,75.98,37.757,10,,,
2026-08-09 01:15:00+00:00,75.84,75.84,75.76,75.76,75.76,44.27,8,,,
2026-08-09 01:30:00+00:00,75.7,75.77,75.7,75.77,75.77,8.266,5,,,
2026-08-09 01:45:00+00:00,75.81,75.81,75.81,75.81,75.81,2.214,2,,,
2026-08-09 02:00:00+00:00,75.81,75.81,75.81,75.81,75.81,0.0,0,,,
2026-08-09 02:15:00+00:00,75.81,75.81,75.81,75.81,75.81,0.0,0,,,
2026-08-09 02:30:00+00:00,75.87,75.91,75.87,75.91,75.91,25.943,3,,,
2026-08-09 02:45:00+00:00,75.8,75.8,75.77,75.77,75.77,1.137,2,,,
2026-08-09 03:00:00+00:00,75.75,75.75,75.75,75.75,75.75,19.511,1,,,
2026-08-09 03:15:00+00:00,75.78,75.84,75.78,75.84,75.84,6.908,2,,,
2026-08-09 03:30:00+00:00,75.95,75.98,75.95,75.98,75.98,1.301,2,,,
2026-08-09 03:45:00+00:00,75.98,75.98,75.98,75.98,75.98,0.0,0,,,
2026-08-09 04:00:00+00:00,75.97,76.01,75.97,76.01,76.01,9.177,2,,,
2026-08-09 04:15:00+00:00,76.01,76.01,76.01,76.01,76.01,0.0,0,,,
2026-08-09 04:30:00+00:00,75.96,75.97,75.92,75.97,75.97,20.15,5,,,
2026-08-09 04:45:00+00:00,75.98,75.98,75.98,75.98,75.98,0.022,1,,,
2026-08-09 05:00:00+00:00,75.98,75.98,75.98,75.98,75.98,0.0,0,,,
2026-08-09 05:15:00+00:00,75.98,75.98,75.98,75.98,75.98,0.0,0,,,
2026-08-09 05:30:00+00:00,75.98,75.98,75.98,75.98,75.98,0.0,0,,,
2026-08-09 05:45:00+00:00,75.95,75.96,75.95,75.96,75.96,0.292,2,,,
2026-08-09 06:00:00+00:00,75.95,75.95,75.95,75.95,75.95,0.1,1,,,
2026-08-09 06:15:00+00:00,75.97,76.21,75.97,76.17,76.17,34.989,12,,,
2026-08-09 06:30:00+00:00,76.19,76.29,76.19,76.24,76.24,19.506,4,,,
2026-08-09 06:45:00+00:00,76.28,76.4,76.28,76.36,76.36,21.511,5,,,
2026-08-09 07:00:00+00:00,76.3,76.3,76.3,76.3,76.3,0.068,1,,,
2026-08-09 07:15:00+00:00,76.39,76.39,76.32,76.32,76.32,2.221,2,,,
2026-08-09 07:30:00+00:00,76.26,76.26,76.26,76.26,76.26,19.58,2,,,
2026-08-09 07:45:00+00:00,76.24,76.24,76.24,76.24,76.24,9.89,3,,,
2026-08-09 08:00:00+00:00,76.32,76.44,76.32,76.44,76.44,20.554,3,,,
2026-08-09 08:15:00+00:00,76.44,76.44,76.44,76.44,76.44,0.0,0,,,
2026-08-09 08:30:00+00:00,76.22,76.22,76.1,76.1,76.1,19.05,5,,,
2026-08-09 08:45:00+00:00,76.09,76.24,76.07,76.24,76.24,42.195,10,,,
2026-08-09 09:00:00+00:00,76.26,76.33,76.26,76.33,76.33,20.298,4,,,
2026-08-09 09:15:00+00:00,76.33,76.33,76.33,76.33,76.33,1.108,1,,,
2026-08-09 09:30:00+00:00,76.34,76.41,76.34,76.41,76.41,4.4,4,,,
2026-08-09 09:45:00+00:00,76.41,76.41,76.41,76.41,76.41,0.0,0,,,
2026-08-09 10:00:00+00:00,76.39,76.43,76.39,76.43,76.43,21.0,3,,,
2026-08-09 10:15:00+00:00,76.56,76.56,76.48,76.48,76.48,36.277,2,,,
2026-08-09 10:30:00+00:00,76.41,76.41,76.38,76.38,76.38,1.139,2,,,
2026-08-09 10:45:00+00:00,76.38,76.38,76.38,76.38,76.38,0.0,0,,,
2026-08-09 11:00:00+00:00,76.38,76.38,76.38,76.38,76.38,0.0,0,,,
2026-08-09 11:15:00+00:00,76.39,76.39,76.36,76.37,76.37,18.053,3,,,
2026-08-09 11:30:00+00:00,76.43,76.46,76.38,76.4,76.4,22.163,4,,,
2026-08-09 11:45:00+00:00,76.4,76.4,76.4,76.4,76.4,0.0,0,,,
2026-08-09 12:00:00+00:00,76.41,76.51,76.38,76.49,76.49,35.996,6,,,
2026-08-09 12:15:00+00:00,76.39,76.39,76.39,76.39,76.39,2.914,1,,,
2026-08-09 12:30:00+00:00,76.39,76.39,76.39,76.39,76.39,0.0,0,,,
2026-08-09 12:45:00+00:00,76.39,76.39,76.39,76.39,76.39,0.0,0,,,
2026-08-09 13:00:00+00:00,76.39,76.39,76.39,76.39,76.39,0.0,0,,,
2026-08-09 13:15:00+00:00,76.59,76.77,76.59,76.67,76.67,45.279,16,,,
2026-08-09 13:30:00+00:00,76.67,76.67,76.62,76.62,76.62,20.431,4,,,
2026-08-09 13:45:00+00:00,76.62,76.62,76.58,76.58,76.58,3.38,3,,,
2026-08-09 14:00:00+00:00,76.61,76.64,76.61,76.64,76.64,36.639,3,,,
2026-08-09 14:15:00+00:00,76.64,76.64,76.64,76.64,76.64,0.0,0,,,
2026-08-09 14:30:00+00:00,76.68,76.85,76.68,76.72,76.72,39.436,11,,,
2026-08-09 14:45:00+00:00,76.69,76.98,76.69,76.98,76.98,70.096,10,,,
2026-08-09 15:00:00+00:00,76.99,76.99,76.88,76.88,76.88,50.791,10,,,
2026-08-09 15:15:00+00:00,76.88,76.88,76.88,76.88,76.88,0.0,0,,,
2026-08-09 15:30:00+00:00,77.0,77.22,77.0,77.22,77.22,37.709,15,,,
2026-08-09 15:45:00+00:00,77.21,77.37,77.09,77.37,77.37,53.764,22,,,
2026-08-09 16:00:00+00:00,77.35,77.49,77.28,77.28,77.28,96.79,36,,,
2026-08-09 16:15:00+00:00,77.16,77.16,77.09,77.11,77.11,6.988,5,,,
2026-08-09 16:30:00+00:00,77.11,77.11,77.11,77.11,77.11,0.0,0,,,
2026-08-09 16:45:00+00:00,77.27,77.27,77.25,77.25,77.25,3.032,2,,,
2026-08-09 17:00:00+00:00,77.19,77.19,77.17,77.17,77.17,20.648,3,,,
2026-08-09 17:15:00+00:00,77.24,77.24,77.21,77.24,77.24,40.348,9,,,
2026-08-09 17:30:00+00:00,77.19,77.25,77.19,77.25,77.25,2.863,5,,,
2026-08-09 17:45:00+00:00,77.25,77.25,77.25,77.25,77.25,0.0,0,,,
2026-08-09 18:00:00+00:00,77.17,77.17,77.17,77.17,77.17,1.108,1,,,
2026-08-09 18:15:00+00:00,77.09,77.13,77.09,77.13,77.13,19.797,3,,,
2026-08-09 18:30:00+00:00,77.1,77.1,77.1,77.1,77.1,0.022,1,,,
2026-08-09 18:45:00+00:00,77.1,77.1,77.1,77.1,77.1,0.0,0,,,
2026-08-09 19:00:00+00:00,77.18,77.18,77.18,77.18,77.18,1.111,1,,,
2026-08-09 19:15:00+00:00,77.09,77.09,77.09,77.09,77.09,0.583,1,,,
2026-08-09 19:30:00+00:00,77.25,77.25,77.25,77.25,77.25,0.093,1,,,
2026-08-09 19:45:00+00:00,77.28,77.28,77.28,77.28,77.28,1.115,1,,,
2026-08-09 20:00:00+00:00,77.18,77.18,77.07,77.07,77.07,6.318,7,,,
2026-08-09 20:15:00+00:00,77.07,77.07,77.07,77.07,77.07,0.0,0,,,
2026-08-09 20:30:00+00:00,77.18,77.18,77.18,77.18,77.18,0.323,1,,,
2026-08-09 20:45:00+00:00,77.18,77.18,77.18,77.18,77.18,0.0,0,,,
2026-08-09 21:00:00+00:00,77.2,77.2,77.2,77.2,77.2,1.109,1,,,
2026-08-09 21:15:00+00:00,77.31,77.31,77.29,77.29,77.29,5.308,4,,,
2026-08-09 21:30:00+00:00,77.33,77.35,77.33,77.35,77.35,18.91,4,,,
2026-08-09 21:45:00+00:00,77.35,77.35,77.27,77.27,77.27,13.912,5,,,
2026-08-09 22:00:00+00:00,77.35,77.73,77.35,77.65,77.65,204.785,45,,,
2026-08-09 22:15:00+00:00,77.61,77.61,77.38,77.38,77.38,9.23,7,,,
2026-08-09 22:30:00+00:00,77.42,77.42,76.97,76.97,76.97,26.314,9,,,
2026-08-09 22:45:00+00:00,76.98,76.98,76.62,76.62,76.62,119.594,25,,,
2026-08-09 23:00:00+00:00,76.79,76.79,76.79,76.79,76.79,0.682,1,,,
2026-08-09 23:15:00+00:00,76.6,76.6,76.45,76.45,76.45,5.452,4,,,
2026-08-09 23:30:00+00:00,76.34,76.45,76.23,76.31,76.31,65.51,24,,,
2026-08-09 23:45:00+00:00,76.31,76.31,76.21,76.21,76.21,23.147,4,,,
2026-08-10 00:00:00+00:00,76.17,76.9,76.17,76.9,76.9,46.926,15,,,
2026-08-10 00:15:00+00:00,76.62,76.67,76.6,76.62,76.62,20.423,5,,,
2026-08-10 00:30:00+00:00,76.4,76.4,76.3,76.36,76.36,38.723,7,,,
2026-08-10 00:45:00+00:00,76.34,76.54,76.34,76.5,76.5,45.304,6,,,
2026-08-10 01:00:00+00:00,76.6,76.6,76.6,76.6,76.6,1.0,1,,,
2026-08-10 01:15:00+00:00,76.76,76.76,76.67,76.67,76.67,58.205,7,,,
2026-08-10 01:30:00+00:00,76.58,76.58,76.36,76.53,76.53,2.958,3,,,
2026-08-10 01:45:00+00:00,76.78,77.05,76.78,76.9,76.9,7.787,12,,,
2026-08-10 02:00:00+00:00,76.82,76.82,76.75,76.75,76.75,19.695,4,,,
2026-08-10 02:15:00+00:00,76.71,76.71,76.49,76.49,76.49,5.082,6,,,
2026-08-10 02:30:00+00:00,76.56,76.56,76.56,76.56,76.56,0.259,1,,,
2026-08-10 02:45:00+00:00,76.56,76.56,76.56,76.56,76.56,0.0,0,,,
2026-08-10 03:00:00+00:00,76.66,76.66,76.66,76.66,76.66,18.866,3,,,
2026-08-10 03:15:00+00:00,76.36,76.83,76.36,76.82,76.82,2.566,6,,,
2026-08-10 03:30:00+00:00,76.82,76.82,76.82,76.82,76.82,0.0,0,,,
2026-08-10 03:45:00+00:00,76.82,76.82,76.82,76.82,76.82,0.0,0,,,
2026-08-10 04:00:00+00:00,76.64,76.64,76.63,76.64,76.64,19.921,4,,,
2026-08-10 04:15:00+00:00,76.68,76.7,76.64,76.64,76.64,12.965,5,,,
2026-08-10 04:30:00+00:00,76.64,76.64,76.64,76.64,76.64,0.0,0,,,
2026-08-10 04:45:00+00:00,76.64,76.64,76.64,76.64,76.64,0.0,0,,,
2026-08-10 05:00:00+00:00,76.53,76.53,76.53,76.53,76.53,4.569,2,,,
2026-08-10 05:15:00+00:00,76.53,76.53,76.53,76.53,76.53,0.0,0,,,
2026-08-10 05:30:00+00:00,76.7,76.77,76.7,76.77,76.77,44.206,9,,,
2026-08-10 05:45:00+00:00,76.9,76.9,76.9,76.9,76.9,0.069,1,,,
2026-08-10 06:00:00+00:00,76.86,76.98,76.86,76.98,76.98,12.039,5,,,
2026-08-10 06:15:00+00:00,76.83,76.83,76.83,76.83,76.83,18.036,2,,,
2026-08-10 06:30:00+00:00,76.89,76.9,76.89,76.9,76.9,3.119,2,,,
2026-08-10 06:45:00+00:00,76.9,76.9,76.9,76.9,76.9,0.0,0,,,
2026-08-10 07:00:00+00:00,76.89,76.89,76.89,76.89,76.89,0.26,1,,,
2026-08-10 07:15:00+00:00,76.89,76.89,76.89,76.89,76.89,0.0,0,,,
2026-08-10 07:30:00+00:00,76.98,77.02,76.98,76.99,76.99,2.506,4,,,
2026-08-10 07:45:00+00:00,76.9,76.9,76.9,76.9,76.9,0.182,1,,,
2026-08-10 08:00:00+00:00,76.98,77.02,76.93,76.93,76.93,19.71,5,,,
2026-08-10 08:15:00+00:00,76.9,77.05,76.85,76.94,76.94,8.939,11,,,
2026-08-10 08:30:00+00:00,76.9,76.9,76.64,76.72,76.72,7.469,10,,,
2026-08-10 08:45:00+00:00,76.83,76.83,76.81,76.82,76.82,2.131,3,,,
2026-08-10 09:00:00+00:00,76.82,76.82,76.82,76.82,76.82,0.0,0,,,
2026-08-10 09:15:00+00:00,76.89,76.89,76.79,76.79,76.79,2.155,4,,,
2026-08-10 09:30:00+00:00,76.67,76.67,76.67,76.67,76.67,16.074,5,,,
2026-08-10 09:45:00+00:00,76.58,76.61,76.56,76.56,76.56,4.763,3,,,
2026-08-10 10:00:00+00:00,76.52,76.52,76.5,76.5,76.5,5.0,3,,,
2026-08-10 10:15:00+00:00,76.5,76.5,76.5,76.5,76.5,0.0,0,,,
2026-08-10 10:30:00+00:00,76.56,76.82,76.56,76.82,76.82,3.843,5,,,
2026-08-10 10:45:00+00:00,76.71,76.76,76.71,76.76,76.76,0.741,2,,,
2026-08-10 11:00:00+00:00,76.66,76.66,76.66,76.66,76.66,4.727,4,,,
2026-08-10 11:15:00+00:00,76.75,76.75,76.75,76.75,76.75,1.118,1,,,
2026-08-10 11:30:00+00:00,76.75,76.75,76.75,76.75,76.75,0.0,0,,,
2026-08-10 11:45:00+00:00,76.84,76.92,76.84,76.92,76.92,0.743,2,,,
2026-08-10 12:00:00+00:00,77.02,77.04,76.92,76.97,76.97,25.969,14,,,
2026-08-10 12:15:00+00:00,76.9,76.9,76.89,76.89,76.89,14.762,3,,,
2026-08-10 12:30:00+00:00,76.89,76.89,76.89,76.89,76.89,0.0,0,,,
2026-08-10 12:45:00+00:00,76.72,76.72,76.68,76.68,76.68,0.665,2,,,
2026-08-10 13:00:00+00:00,76.61,76.61,76.61,76.61,76.61,1.112,1,,,
2026-08-10 13:15:00+00:00,76.58,76.58,76.58,76.58,76.58,0.683,1,,,
2026-08-10 13:30:00+00:00,76.57,76.57,76.3,76.3,76.3,52.597,9,,,
2026-08-10 13:45:00+00:00,76.26,76.26,76.14,76.15,76.15,28.077,13,,,
2026-08-10 14:00:00+00:00,76.53,76.58,76.47,76.58,76.58,21.535,7,,,
2026-08-10 14:15:00+00:00,76.49,76.59,76.49,76.59,76.59,20.397,3,,,
2026-08-10 14:30:00+00:00,76.54,76.61,76.44,76.61,76.61,271.045,43,,,
2026-08-10 14:45:00+00:00,76.29,76.29,76.28,76.28,76.28,2.236,3,,,
2026-08-10 15:00:00+00:00,76.21,76.26,76.07,76.07,76.07,5.546,5,,,
2026-08-10 15:15:00+00:00,76.2,76.2,75.81,75.96,75.96,12.82,15,,,
2026-08-10 15:30:00+00:00,76.03,76.03,75.92,75.92,75.92,19.388,3,,,
2026-08-10 15:45:00+00:00,75.92,75.93,75.92,75.93,75.93,18.692,3,,,
2026-08-10 16:00:00+00:00,75.91,75.91,75.91,75.91,75.91,17.943,3,,,
2026-08-10 16:15:00+00:00,75.91,75.91,75.57,75.82,75.82,58.195,15,,,
2026-08-10 16:30:00+00:00,75.73,75.89,75.72,75.89,75.89,27.352,6,,,
2026-08-10 16:45:00+00:00,75.63,75.65,75.57,75.65,75.65,7.572,6,,,
2026-08-10 17:00:00+00:00,75.58,75.95,75.58,75.95,75.95,22.321,7,,,
2026-08-10 17:15:00+00:00,75.95,75.95,75.95,75.95,75.95,0.0,0,,,
2026-08-10 17:30:00+00:00,76.0,76.0,76.0,76.0,76.0,0.75,1,,,
2026-08-10 17:45:00+00:00,76.0,76.0,76.0,76.0,76.0,0.0,0,,,
2026-08-10 18:00:00+00:00,76.0,76.0,76.0,76.0,76.0,0.0,0,,,
2026-08-10 18:15:00+00:00,76.0,76.0,76.0,76.0,76.0,0.0,0,,,
2026-08-10 18:30:00+00:00,75.92,75.92,75.68,75.75,75.75,3.626,5,,,
2026-08-10 18:45:00+00:00,75.74,75.8,75.74,75.8,75.8,19.934,3,,,
2026-08-10 19:00:00+00:00,75.8,75.8,75.8,75.8,75.8,0.0,0,,,
2026-08-10 19:15:00+00:00,75.8,75.8,75.8,75.8,75.8,0.0,0,,,
2026-08-10 19:30:00+00:00,76.04,76.13,76.04,76.13,76.13,18.06,5,,,
2026-08-10 19:45:00+00:00,76.09,76.12,76.09,76.12,76.12,1.98,6,,,
2026-08-10 20:00:00+00:00,76.11,76.28,76.11,76.21,76.21,83.002,59,,,
2026-08-10 20:15:00+00:00,76.19,76.27,76.19,76.22,76.22,2.48,13,,,
2026-08-10 20:30:00+00:00,76.28,76.43,76.27,76.39,76.39,24.902,33,,,
2026-08-10 20:45:00+00:00,76.4,76.4,76.36,76.36,76.36,1.317,3,,,
2026-08-10 21:00:00+00:00,76.39,76.39,76.32,76.32,76.32,3.458,6,,,
2026-08-10 21:15:00+00:00,76.33,76.33,76.29,76.29,76.29,0.942,2,,,
2026-08-10 21:30:00+00:00,76.4,76.43,76.39,76.42,76.42,5.752,20,,,
2026-08-10 21:45:00+00:00,76.33,76.33,76.32,76.32,76.32,1.106,2,,,
2026-08-10 22:00:00+00:00,76.26,76.26,76.09,76.19,76.19,7.226,9,,,
2026-08-10 22:15:00+00:00,76.19,76.19,76.19,76.19,76.19,0.0,0,,,
2026-08-10 22:30:00+00:00,76.16,76.16,76.0,76.08,76.08,98.811,23,,,
2026-08-10 22:45:00+00:00,76.12,76.16,76.12,76.14,76.14,2.892,3,,,
2026-08-10 23:00:00+00:00,76.14,76.14,76.08,76.11,76.11,25.975,10,,,
2026-08-10 23:15:00+00:00,76.09,76.09,76.0,76.05,76.05,3.977,9,,,
2026-08-10 23:30:00+00:00,76.02,76.02,76.02,76.02,76.02,0.683,1,,,
2026-08-10 23:45:00+00:00,76.05,76.05,75.95,75.95,75.95,24.21,7,,,
2026-08-11 00:00:00+00:00,75.82,75.82,75.8,75.81,75.81,21.779,6,,,
2026-08-11 00:15:00+00:00,75.81,75.81,75.81,75.81,75.81,0.0,0,,,
2026-08-11 00:30:00+00:00,75.81,75.81,75.81,75.81,75.81,0.0,0,,,
2026-08-11 00:45:00+00:00,75.81,75.81,75.81,75.81,75.81,0.0,0,,,
2026-08-11 01:00:00+00:00,75.8,75.89,75.75,75.89,75.89,7.493,5,,,
2026-08-11 01:15:00+00:00,75.85,75.85,75.83,75.84,75.84,21.612,5,,,
2026-08-11 01:30:00+00:00,75.83,75.84,75.78,75.78,75.78,32.578,6,,,
2026-08-11 01:45:00+00:00,75.98,76.03,75.98,76.03,76.03,7.993,5,,,
2026-08-11 02:00:00+00:00,76.03,76.06,76.03,76.06,76.06,8.894,5,,,
2026-08-11 02:15:00+00:00,76.06,76.06,76.06,76.06,76.06,0.0,0,,,
2026-08-11 02:30:00+00:00,76.06,76.06,76.06,76.06,76.06,0.0,0,,,
2026-08-11 02:45:00+00:00,76.06,76.06,76.06,76.06,76.06,0.0,0,,,
2026-08-11 03:00:00+00:00,76.06,76.06,76.06,76.06,76.06,6.999,4,,,
2026-08-11 03:15:00+00:00,76.13,76.16,76.11,76.16,76.16,19.852,9,,,
2026-08-11 03:30:00+00:00,76.16,76.16,76.16,76.16,76.16,0.0,0,,,
2026-08-11 03:45:00+00:00,76.06,76.06,76.06,76.06,76.06,1.313,1,,,
2026-08-11 04:00:00+00:00,76.01,76.01,76.01,76.01,76.01,0.683,1,,,
2026-08-11 04:15:00+00:00,76.01,76.01,76.01,76.01,76.01,0.0,0,,,
2026-08-11 04:30:00+00:00,76.13,76.13,76.13,76.13,76.13,0.184,1,,,
2026-08-11 04:45:00+00:00,76.13,76.13,76.13,76.13,76.13,0.0,0,,,
2026-08-11 05:00:00+00:00,75.98,75.98,75.98,75.98,75.98,0.68,1,,,
2026-08-11 05:15:00+00:00,75.76,75.76,75.76,75.76,75.76,6.0,1,,,
2026-08-11 05:30:00+00:00,75.76,75.87,75.76,75.87,75.87,5.953,2,,,
2026-08-11 05:45:00+00:00,75.83,75.83,75.83,75.83,75.83,0.683,1,,,
2026-08-11 06:00:00+00:00,75.84,75.93,75.84,75.91,75.91,7.482,3,,,
2026-08-11 06:15:00+00:00,75.89,75.89,75.84,75.89,75.89,15.781,5,,,
2026-08-11 06:30:00+00:00,75.74,75.82,75.74,75.82,75.82,1.235,3,,,
2026-08-11 06:45:00+00:00,75.73,75.75,75.63,75.71,75.71,31.63,8,,,
2026-08-11 07:00:00+00:00,75.76,75.76,75.67,75.67,75.67,36.528,10,,,
2026-08-11 07:15:00+00:00,75.65,75.65,75.42,75.42,75.42,195.121,27,,,
2026-08-11 07:30:00+00:00,75.44,75.55,75.44,75.55,75.55,40.964,9,,,
2026-08-11 07:45:00+00:00,75.65,75.65,75.6,75.6,75.6,38.708,6,,,
2026-08-11 08:00:00+00:00,75.67,75.67,75.58,75.58,75.58,38.506,7,,,
2026-08-11 08:15:00+00:00,75.65,75.65,75.64,75.64,75.64,0.712,2,,,
2026-08-11 08:30:00+00:00,75.7,75.84,75.7,75.83,75.83,3.975,8,,,
2026-08-11 08:45:00+00:00,75.82,75.87,75.82,75.87,75.87,1.721,4,,,
2026-08-11 09:00:00+00:00,75.83,75.86,75.79,75.79,75.79,2.002,5,,,
2026-08-11 09:15:00+00:00,75.8,75.8,75.8,75.8,75.8,0.057,1,,,
2026-08-11 09:30:00+00:00,75.8,75.8,75.8,75.8,75.8,0.0,0,,,
2026-08-11 09:45:00+00:00,75.75,75.75,75.74,75.74,75.74,21.056,4,,,
2026-08-11 10:00:00+00:00,75.86,75.86,75.86,75.86,75.86,0.1,1,,,
2026-08-11 10:15:00+00:00,75.86,75.86,75.86,75.86,75.86,0.0,0,,,
2026-08-11 10:30:00+00:00,75.86,75.86,75.86,75.86,75.86,0.0,0,,,
2026-08-11 10:45:00+00:00,75.96,75.96,75.85,75.85,75.85,0.74,2,,,
2026-08-11 11:00:00+00:00,76.0,76.28,76.0,76.21,76.21,22.842,13,,,
2026-08-11 11:15:00+00:00,76.09,76.09,76.04,76.04,76.04,1.651,3,,,
2026-08-11 11:30:00+00:00,76.04,76.04,76.04,76.04,76.04,0.0,0,,,
2026-08-11 11:45:00+00:00,76.1,76.13,76.08,76.13,76.13,1.637,4,,,
2026-08-11 12:00:00+00:00,76.13,76.13,76.13,76.13,76.13,0.131,1,,,
2026-08-11 12:15:00+00:00,76.01,76.01,75.81,75.81,75.81,1.118,2,,,
2026-08-11 12:30:00+00:00,75.85,75.85,75.85,75.85,75.85,1.112,1,,,
2026-08-11 12:45:00+00:00,75.85,75.85,75.85,75.85,75.85,0.0,0,,,
2026-08-11 13:00:00+00:00,75.75,75.75,75.75,75.75,75.75,1.111,1,,,
2026-08-11 13:15:00+00:00,75.75,75.75,75.75,75.75,75.75,0.0,0,,,
2026-08-11 13:30:00+00:00,75.85,75.97,75.7,75.97,75.97,8.933,3,,,
2026-08-11 13:45:00+00:00,75.94,75.94,75.85,75.85,75.85,1.749,3,,,
2026-08-11 14:00:00+00:00,75.95,75.98,75.95,75.98,75.98,10.156,3,,,
2026-08-11 14:15:00+00:00,75.99,76.0,75.58,75.59,75.59,3.99,6,,,
2026-08-11 14:30:00+00:00,75.38,75.38,75.38,75.38,75.38,1.105,1,,,
2026-08-11 14:45:00+00:00,75.33,75.34,75.11,75.11,75.11,446.794,64,,,
2026-08-11 15:00:00+00:00,75.19,75.19,75.19,75.19,75.19,19.084,4,,,
2026-08-11 15:15:00+00:00,75.27,75.3,75.27,75.3,75.3,6.827,2,,,
2026-08-11 15:30:00+00:00,75.3,75.3,74.64,74.7,74.7,67.815,29,,,
2026-08-11 15:45:00+00:00,74.83,74.83,74.72,74.73,74.73,47.112,7,,,
2026-08-11 16:00:00+00:00,74.91,74.91,74.91,74.91,74.91,1.109,1,,,
2026-08-11 16:15:00+00:00,74.93,74.93,74.93,74.93,74.93,1.115,1,,,
2026-08-11 16:30:00+00:00,74.93,74.93,74.92,74.92,74.92,63.729,7,,,
2026-08-11 16:45:00+00:00,74.88,74.88,74.88,74.88,74.88,17.63,2,,,
2026-08-11 17:00:00+00:00,74.9,74.9,74.89,74.89,74.89,2.259,3,,,
2026-08-11 17:15:00+00:00,74.89,74.89,74.89,74.89,74.89,0.0,0,,,
2026-08-11 17:30:00+00:00,75.01,75.04,75.0,75.03,75.03,0.633,6,,,
2026-08-11 17:45:00+00:00,74.97,75.14,74.97,75.12,75.12,28.25,9,,,
2026-08-11 18:00:00+00:00,75.12,75.18,75.12,75.18,75.18,0.697,2,,,
2026-08-11 18:15:00+00:00,75.2,75.24,75.2,75.24,75.24,0.628,2,,,
2026-08-11 18:30:00+00:00,75.15,75.15,75.15,75.15,75.15,0.022,1,,,
2026-08-11 18:45:00+00:00,75.21,75.21,75.15,75.15,75.15,18.9,4,,,
2026-08-11 19:00:00+00:00,75.15,75.15,75.15,75.15,75.15,0.0,0,,,
2026-08-11 19:15:00+00:00,75.21,75.21,75.21,75.21,75.21,114.601,14,,,
2026-08-11 19:30:00+00:00,75.3,75.42,75.3,75.42,75.42,136.727,20,,,
2026-08-11 19:45:00+00:00,75.5,75.61,75.5,75.61,75.61,7.392,10,,,
2026-08-11 20:00:00+00:00,75.64,76.18,75.64,76.16,76.16,139.375,34,,,
2026-08-11 20:15:00+00:00,75.98,76.0,75.85,76.0,76.0,4.301,6,,,
2026-08-11 20:30:00+00:00,76.01,76.03,75.9,75.9,75.9,148.841,17,,,
2026-08-11 20:45:00+00:00,75.89,76.02,75.86,76.02,76.02,3.702,5,,,
2026-08-11 21:00:00+00:00,76.03,76.06,76.03,76.06,76.06,13.018,2,,,
2026-08-11 21:15:00+00:00,76.04,76.04,76.02,76.02,76.02,35.888,7,,,
2026-08-11 21:30:00+00:00,76.04,76.12,75.96,76.12,76.12,25.93,10,,,
2026-08-11 21:45:00+00:00,76.15,76.37,76.15,76.37,76.37,3.054,5,,,
2026-08-11 22:00:00+00:00,76.4,76.52,76.34,76.36,76.36,81.547,21,,,
2026-08-11 22:15:00+00:00,76.34,76.34,76.34,76.34,76.34,1.112,1,,,
2026-08-11 22:30:00+00:00,76.34,76.34,76.34,76.34,76.34,0.0,0,,,
2026-08-11 22:45:00+00:00,76.22,76.32,76.22,76.32,76.32,15.71,3,,,
2026-08-11 23:00:00+00:00,76.31,76.31,76.31,76.31,76.31,1.107,1,,,
2026-08-11 23:15:00+00:00,76.16,76.28,76.16,76.28,76.28,1.211,2,,,
2026-08-11 23:30:00+00:00,76.24,76.24,76.24,76.24,76.24,6.558,1,,,
2026-08-11 23:45:00+00:00,76.24,76.24,76.24,76.24,76.24,0.0,0,,,
2026-08-12 00:00:00+00:00,76.22,76.22,76.21,76.21,76.21,6.574,2,,,
2026-08-12 00:15:00+00:00,76.24,76.24,76.24,76.24,76.24,3.034,1,,,
2026-08-12 00:30:00+00:00,76.24,76.24,76.24,76.24,76.24,0.0,0,,,
2026-08-12 00:45:00+00:00,76.27,76.27,76.27,76.27,76.27,0.149,1,,,
2026-08-12 01:00:00+00:00,76.31,76.45,76.31,76.45,76.45,7.674,5,,,
2026-08-12 01:15:00+00:00,76.33,76.33,76.33,76.33,76.33,0.524,1,,,
2026-08-12 01:30:00+00:00,76.28,76.28,76.28,76.28,76.28,0.684,1,,,
2026-08-12 01:45:00+00:00,76.46,76.47,76.34,76.34,76.34,23.424,6,,,
2026-08-12 02:00:00+00:00,76.43,76.45,76.43,76.45,76.45,19.58,3,,,
2026-08-12 02:15:00+00:00,76.45,76.45,76.45,76.45,76.45,0.0,0,,,
2026-08-12 02:30:00+00:00,76.45,76.45,76.45,76.45,76.45,0.0,0,,,
2026-08-12 02:45:00+00:00,76.53,76.53,76.41,76.41,76.41,3.177,2,,,
2026-08-12 03:00:00+00:00,76.34,76.34,76.34,76.34,76.34,0.314,1,,,
2026-08-12 03:15:00+00:00,76.34,76.34,76.25,76.25,76.25,1.22,2,,,
2026-08-12 03:30:00+00:00,76.36,76.36,76.36,76.36,76.36,0.588,1,,,
2026-08-12 03:45:00+00:00,76.33,76.33,76.33,76.33,76.33,1.369,2,,,
2026-08-12 04:00:00+00:00,76.36,76.4,76.36,76.36,76.36,22.188,8,,,
2026-08-12 04:15:00+00:00,76.36,76.36,76.36,76.36,76.36,0.685,1,,,
2026-08-12 04:30:00+00:00,76.36,76.36,76.36,76.36,76.36,0.0,0,,,
2026-08-12 04:45:00+00:00,76.36,76.36,76.36,76.36,76.36,0.0,0,,,
2026-08-12 05:00:00+00:00,76.36,76.36,76.36,76.36,76.36,0.0,0,,,
2026-08-12 05:15:00+00:00,76.23,76.26,76.23,76.24,76.24,19.958,5,,,
2026-08-12 05:30:00+00:00,76.24,76.24,76.24,76.24,76.24,0.0,0,,,
2026-08-12 05:45:00+00:00,76.22,76.25,76.22,76.25,76.25,7.236,6,,,
2026-08-12 06:00:00+00:00,76.25,76.25,76.25,76.25,76.25,0.0,0,,,
2026-08-12 06:15:00+00:00,76.25,76.25,76.25,76.25,76.25,0.0,0,,,
2026-08-12 06:30:00+00:00,76.03,76.05,76.03,76.05,76.05,15.86,4,,,
2026-08-12 06:45:00+00:00,76.02,76.02,75.95,75.95,75.95,2.294,4,,,
2026-08-12 07:00:00+00:00,75.95,75.95,75.95,75.95,75.95,0.0,0,,,
2026-08-12 07:15:00+00:00,75.95,75.95,75.95,75.95,75.95,0.0,0,,,
2026-08-12 07:30:00+00:00,76.0,76.0,76.0,76.0,76.0,6.579,2,,,
2026-08-12 07:45:00+00:00,75.9,76.19,75.9,76.19,76.19,8.994,7,,,
2026-08-12 08:00:00+00:00,76.19,76.36,76.18,76.33,76.33,28.259,11,,,
2026-08-12 08:15:00+00:00,76.23,76.34,76.23,76.34,76.34,5.939,4,,,
2026-08-12 08:30:00+00:00,76.34,76.34,76.34,76.34,76.34,0.0,0,,,
2026-08-12 08:45:00+00:00,76.14,76.14,76.14,76.14,76.14,0.682,1,,,
2026-08-12 09:00:00+00:00,76.1,76.1,76.1,76.1,76.1,0.839,2,,,
2026-08-12 09:15:00+00:00,76.48,76.63,76.48,76.58,76.58,21.686,13,,,
2026-08-12 09:30:00+00:00,76.69,76.79,76.63,76.68,76.68,6.844,10,,,
2026-08-12 09:45:00+00:00,76.68,76.68,76.68,76.68,76.68,0.682,1,,,
2026-08-12 10:00:00+00:00,76.71,76.72,76.61,76.7,76.7,3.943,6,,,
2026-08-12 10:15:00+00:00,76.7,76.7,76.7,76.7,76.7,0.0,0,,,
2026-08-12 10:30:00+00:00,76.7,76.7,76.7,76.7,76.7,0.0,0,,,
2026-08-12 10:45:00+00:00,76.72,76.72,76.72,76.72,76.72,1.115,1,,,
2026-08-12 11:00:00+00:00,76.71,76.72,76.71,76.72,76.72,26.068,3,,,
2026-08-12 11:15:00+00:00,76.67,76.78,76.67,76.75,76.75,5.281,4,,,
2026-08-12 11:30:00+00:00,76.72,76.72,76.67,76.67,76.67,3.346,3,,,
2026-08-12 11:45:00+00:00,76.67,76.67,76.67,76.67,76.67,1.112,1,,,
2026-08-12 12:00:00+00:00,76.8,76.95,76.8,76.95,76.95,16.147,7,,,
2026-08-12 12:15:00+00:00,77.0,77.15,77.0,77.15,77.15,23.327,11,,,
2026-08-12 12:30:00+00:00,77.11,77.19,76.48,76.48,76.48,76.171,35,,,
2026-08-12 12:45:00+00:00,76.45,76.63,76.34,76.6,76.6,16.589,11,,,
2026-08-12 13:00:00+00:00,76.6,76.6,76.37,76.37,76.37,75.676,20,,,
2026-08-12 13:15:00+00:00,76.42,76.5,76.42,76.46,76.46,5.985,6,,,
2026-08-12 13:30:00+00:00,76.4,76.4,76.11,76.28,76.28,35.63,19,,,
2026-08-12 13:45:00+00:00,76.3,76.3,76.3,76.3,76.3,0.032,1,,,
2026-08-12 14:00:00+00:00,76.02,76.11,75.73,76.11,76.11,62.056,22,,,
2026-08-12 14:15:00+00:00,76.0,76.0,75.93,75.93,75.93,0.854,2,,,
2026-08-12 14:30:00+00:00,75.67,75.72,75.47,75.47,75.47,198.348,28,,,
2026-08-12 14:45:00+00:00,75.47,75.47,75.47,75.47,75.47,0.0,0,,,
2026-08-12 15:00:00+00:00,75.38,75.61,75.38,75.61,75.61,2.96,3,,,
2026-08-12 15:15:00+00:00,75.75,75.8,75.72,75.8,75.8,0.323,3,,,
2026-08-12 15:30:00+00:00,75.78,75.78,75.72,75.75,75.75,7.595,5,,,
2026-08-12 15:45:00+00:00,75.74,75.74,75.65,75.66,75.66,20.671,4,,,
2026-08-12 16:00:00+00:00,75.62,75.69,75.62,75.69,75.69,23.258,5,,,
2026-08-12 16:15:00+00:00,75.7,75.75,75.65,75.71,75.71,54.828,8,,,
2026-08-12 16:30:00+00:00,75.7,75.7,75.6,75.62,75.62,14.489,4,,,
2026-08-12 16:45:00+00:00,75.52,75.63,75.52,75.6,75.6,38.193,7,,,
2026-08-12 17:00:00+00:00,75.67,75.69,75.66,75.66,75.66,40.823,8,,,
2026-08-12 17:15:00+00:00,75.62,75.69,75.62,75.69,75.69,8.551,3,,,
2026-08-12 17:30:00+00:00,75.81,75.97,75.81,75.89,75.89,28.323,8,,,
2026-08-12 17:45:00+00:00,75.91,75.91,75.86,75.86,75.86,39.695,4,,,
2026-08-12 18:00:00+00:00,75.83,75.92,75.83,75.92,75.92,20.602,6,,,
2026-08-12 18:15:00+00:00,75.92,75.92,75.88,75.88,75.88,194.472,15,,,
2026-08-12 18:30:00+00:00,75.9,75.99,75.9,75.99,75.99,0.851,2,,,
2026-08-12 18:45:00+00:00,75.83,75.83,75.83,75.83,75.83,0.927,1,,,
2026-08-12 19:00:00+00:00,75.83,75.84,75.83,75.83,75.83,3.753,3,,,
2026-08-12 19:15:00+00:00,75.71,75.75,75.71,75.75,75.75,2.225,2,,,
2026-08-12 19:30:00+00:00,75.78,75.78,75.56,75.56,75.56,22.819,4,,,
2026-08-12 19:45:00+00:00,75.54,75.65,75.54,75.65,75.65,71.069,5,,,
2026-08-12 20:00:00+00:00,75.77,75.77,75.77,75.77,75.77,14.335,1,,,
2026-08-12 20:15:00+00:00,75.71,75.81,75.71,75.81,75.81,2.838,3,,,
2026-08-12 20:30:00+00:00,75.82,75.95,75.82,75.95,75.95,20.395,7,,,
2026-08-12 20:45:00+00:00,75.9,75.9,75.85,75.85,75.85,10.592,6,,,
2026-08-12 21:00:00+00:00,75.89,75.89,75.8,75.8,75.8,1.456,3,,,
2026-08-12 21:15:00+00:00,75.81,75.81,75.52,75.52,75.52,33.281,6,,,
2026-08-12 21:30:00+00:00,75.58,75.58,75.58,75.58,75.58,1.107,1,,,
2026-08-12 21:45:00+00:00,75.6,75.6,75.55,75.55,75.55,1.959,2,,,
2026-08-12 22:00:00+00:00,75.38,75.38,75.38,75.38,75.38,1.105,1,,,
2026-08-12 22:15:00+00:00,75.53,75.53,75.53,75.53,75.53,0.519,1,,,
2026-08-12 22:30:00+00:00,75.42,75.42,75.42,75.42,75.42,139.762,22,,,
2026-08-12 22:45:00+00:00,75.47,75.47,75.43,75.43,75.43,138.704,11,,,
2026-08-12 23:00:00+00:00,75.43,75.43,75.43,75.43,75.43,0.0,0,,,
2026-08-12 23:15:00+00:00,75.35,75.42,75.35,75.42,75.42,20.963,6,,,
2026-08-12 23:30:00+00:00,75.48,75.5,75.48,75.5,75.5,60.157,12,,,
2026-08-12 23:45:00+00:00,75.48,75.56,75.48,75.56,75.56,29.321,11,,,
2026-08-13 00:00:00+00:00,75.53,75.53,75.53,75.53,75.53,0.453,1,,,
2026-08-13 00:15:00+00:00,75.78,75.79,75.69,75.73,75.73,25.827,7,,,
2026-08-13 00:30:00+00:00,75.69,75.69,75.56,75.58,75.58,5.997,6,,,
2026-08-13 00:45:00+00:00,75.53,75.62,75.53,75.62,75.62,13.993,5,,,
2026-08-13 01:00:00+00:00,75.5,75.68,75.5,75.68,75.68,5.584,6,,,
2026-08-13 01:15:00+00:00,75.66,75.66,75.42,75.44,75.44,4.074,4,,,
2026-08-13 01:30:00+00:00,75.52,75.72,75.52,75.72,75.72,33.756,8,,,
2026-08-13 01:45:00+00:00,75.5,75.64,75.5,75.64,75.64,20.411,8,,,
2026-08-13 02:00:00+00:00,75.57,75.57,75.52,75.52,75.52,2.15,2,,,
2026-08-13 02:15:00+00:00,75.52,75.52,75.52,75.52,75.52,0.0,0,,,
2026-08-13 02:30:00+00:00,75.52,75.52,75.52,75.52,75.52,0.0,0,,,
2026-08-13 02:45:00+00:00,75.62,75.86,75.62,75.86,75.86,32.053,15,,,
2026-08-13 03:00:00+00:00,75.89,76.06,75.89,76.06,76.06,102.846,10,,,
2026-08-13 03:15:00+00:00,76.08,76.15,76.08,76.15,76.15,39.924,10,,,
2026-08-13 03:30:00+00:00,76.17,76.2,76.11,76.18,76.18,67.867,11,,,
2026-08-13 03:45:00+00:00,76.14,76.21,76.14,76.19,76.19,8.809,5,,,
2026-08-13 04:00:00+00:00,76.17,76.17,76.11,76.11,76.11,8.429,2,,,
2026-08-13 04:15:00+00:00,76.1,76.1,76.0,76.0,76.0,19.468,4,,,
2026-08-13 04:30:00+00:00,76.08,76.08,76.08,76.08,76.08,0.105,1,,,
2026-08-13 04:45:00+00:00,76.04,76.07,76.04,76.07,76.07,0.819,2,,,
2026-08-13 05:00:00+00:00,76.03,76.17,76.03,76.17,76.17,40.66,5,,,
2026-08-13 05:15:00+00:00,76.19,76.3,76.19,76.3,76.3,41.632,7,,,
2026-08-13 05:30:00+00:00,76.26,76.5,76.26,76.5,76.5,24.469,15,,,
2026-08-13 05:45:00+00:00,76.5,76.5,76.46,76.46,76.46,11.153,2,,,
2026-08-13 06:00:00+00:00,76.39,76.39,76.39,76.39,76.39,0.685,1,,,
2026-08-13 06:15:00+00:00,76.39,76.39,76.39,76.39,76.39,0.0,0,,,
2026-08-13 06:30:00+00:00,76.34,76.34,76.34,76.34,76.34,0.183,1,,,
2026-08-13 06:45:00+00:00,76.34,76.34,76.34,76.34,76.34,0.0,0,,,
2026-08-13 07:00:00+00:00,76.35,76.36,76.35,76.36,76.36,19.447,2,,,
2026-08-13 07:15:00+00:00,76.36,76.36,76.36,76.36,76.36,0.0,0,,,
2026-08-13 07:30:00+00:00,76.4,76.4,76.4,76.4,76.4,0.115,1,,,
2026-08-13 07:45:00+00:00,76.37,76.37,76.37,76.37,76.37,3.059,1,,,
2026-08-13 08:00:00+00:00,76.31,76.31,76.31,76.31,76.31,0.11,1,,,
2026-08-13 08:15:00+00:00,76.23,76.23,76.21,76.22,76.22,23.842,6,,,
2026-08-13 08:30:00+00:00,76.17,76.17,76.17,76.17,76.17,1.047,2,,,
2026-08-13 08:45:00+00:00,76.17,76.17,76.1,76.1,76.1,9.022,3,,,
2026-08-13 09:00:00+00:00,76.09,76.09,76.0,76.0,76.0,6.054,5,,,
2026-08-13 09:15:00+00:00,75.84,75.97,75.84,75.97,75.97,135.547,15,,,
2026-08-13 09:30:00+00:00,75.97,75.97,75.97,75.97,75.97,0.0,0,,,
2026-08-13 09:45:00+00:00,76.0,76.0,76.0,76.0,76.0,1.11,1,,,
2026-08-13 10:00:00+00:00,75.94,75.97,75.81,75.81,75.81,95.687,16,,,
2026-08-13 10:15:00+00:00,75.78,75.78,75.78,75.78,75.78,1.319,1,,,
2026-08-13 10:30:00+00:00,75.72,75.72,75.65,75.66,75.66,2.013,3,,,
2026-08-13 10:45:00+00:00,75.66,75.66,75.66,75.66,75.66,0.0,0,,,
2026-08-13 11:00:00+00:00,75.63,75.63,75.59,75.6,75.6,6.89,3,,,
2026-08-13 11:15:00+00:00,75.58,75.58,75.52,75.52,75.52,7.284,5,,,
2026-08-13 11:30:00+00:00,75.52,75.59,75.52,75.57,75.57,1.411,4,,,
2026-08-13 11:45:00+00:00,75.57,75.57,75.57,75.57,75.57,4.378,1,,,
2026-08-13 12:00:00+00:00,75.76,75.76,75.76,75.76,75.76,0.063,1,,,
2026-08-13 12:15:00+00:00,75.8,75.82,75.8,75.82,75.82,1.737,3,,,
2026-08-13 12:30:00+00:00,75.81,75.88,75.81,75.88,75.88,2.227,2,,,
2026-08-13 12:45:00+00:00,75.89,75.89,75.89,75.89,75.89,10.541,1,,,
2026-08-13 13:00:00+00:00,76.11,76.11,76.11,76.11,76.11,0.183,1,,,
2026-08-13 13:15:00+00:00,76.0,76.0,75.99,76.0,76.0,23.926,4,,,
2026-08-13 13:30:00+00:00,76.11,76.25,76.11,76.25,76.25,33.895,10,,,
2026-08-13 13:45:00+00:00,76.22,76.22,76.11,76.11,76.11,9.395,4,,,
2026-08-13 14:00:00+00:00,76.1,76.36,76.1,76.36,76.36,21.316,7,,,
2026-08-13 14:15:00+00:00,76.23,76.23,76.2,76.2,76.2,0.368,2,,,
2026-08-13 14:30:00+00:00,76.34,76.47,76.34,76.44,76.44,1.77,5,,,
2026-08-13 14:45:00+00:00,76.48,76.48,76.48,76.48,76.48,0.346,1,,,
2026-08-13 15:00:00+00:00,76.34,76.34,76.32,76.32,76.32,0.244,2,,,
2026-08-13 15:15:00+00:00,76.28,76.29,76.0,76.0,76.0,110.277,19,,,
2026-08-13 15:30:00+00:00,75.98,76.04,75.98,76.03,76.03,46.261,6,,,
2026-08-13 15:45:00+00:00,76.01,76.01,75.59,75.59,75.59,6.288,6,,,
2026-08-13 16:00:00+00:00,75.63,75.63,75.55,75.55,75.55,0.268,3,,,
2026-08-13 16:15:00+00:00,75.74,75.74,75.74,75.74,75.74,3.145,1,,,
2026-08-13 16:30:00+00:00,75.53,75.53,75.09,75.28,75.28,55.633,27,,,
2026-08-13 16:45:00+00:00,75.36,75.58,75.36,75.47,75.47,27.476,12,,,
2026-08-13 17:00:00+00:00,75.5,75.58,75.5,75.58,75.58,0.869,2,,,
2026-08-13 17:15:00+00:00,75.79,75.79,75.79,75.79,75.79,0.79,2,,,
2026-08-13 17:30:00+00:00,75.75,75.85,75.71,75.71,75.71,2.812,4,,,
2026-08-13 17:45:00+00:00,75.71,75.71,75.71,75.71,75.71,0.0,0,,,
2026-08-13 18:00:00+00:00,75.83,75.83,75.82,75.82,75.82,49.964,5,,,
2026-08-13 18:15:00+00:00,75.82,75.82,75.75,75.75,75.75,15.46,4,,,
2026-08-13 18:30:00+00:00,75.7,75.7,75.7,75.7,75.7,0.684,1,,,
2026-08-13 18:45:00+00:00,75.76,76.01,75.76,75.96,75.96,2.6,5,,,
2026-08-13 19:00:00+00:00,76.13,76.13,76.13,76.13,76.13,0.014,1,,,
2026-08-13 19:15:00+00:00,76.13,76.13,76.13,76.13,76.13,0.0,0,,,
2026-08-13 19:30:00+00:00,76.13,76.13,76.13,76.13,76.13,0.0,0,,,
2026-08-13 19:45:00+00:00,76.09,76.09,76.09,76.09,76.09,0.683,1,,,
2026-08-13 20:00:00+00:00,76.18,76.21,76.08,76.08,76.08,2.736,4,,,
2026-08-13 20:15:00+00:00,76.08,76.08,76.08,76.08,76.08,0.0,0,,,
2026-08-13 20:30:00+00:00,76.08,76.08,76.08,76.08,76.08,0.0,0,,,
2026-08-13 20:45:00+00:00,76.08,76.08,76.08,76.08,76.08,0.0,0,,,
2026-08-13 21:00:00+00:00,76.16,76.22,76.16,76.22,76.22,4.135,2,,,
2026-08-13 21:15:00+00:00,76.22,76.22,76.22,76.22,76.22,0.0,0,,,
2026-08-13 21:30:00+00:00,76.22,76.22,76.22,76.22,76.22,0.0,0,,,
2026-08-13 21:45:00+00:00,76.22,76.22,76.22,76.22,76.22,0.0,0,,,
2026-08-13 22:00:00+00:00,76.25,76.34,76.25,76.34,76.34,55.128,9,,,
2026-08-13 22:15:00+00:00,76.3,76.3,76.3,76.3,76.3,19.66,2,,,
2026-08-13 22:30:00+00:00,76.3,76.3,76.3,76.3,76.3,0.0,0,,,
2026-08-13 22:45:00+00:00,76.3,76.3,76.3,76.3,76.3,0.0,0,,,
2026-08-13 23:00:00+00:00,76.3,76.3,76.3,76.3,76.3,0.0,0,,,
2026-08-13 23:15:00+00:00,76.17,76.18,76.16,76.18,76.18,1.048,3,,,
2026-08-13 23:30:00+00:00,76.17,76.17,76.17,76.17,76.17,0.683,1,,,
2026-08-13 23:45:00+00:00,76.21,76.21,76.21,76.21,76.21,3.145,1,,,
2026-08-14 00:00:00+00:00,76.21,76.21,76.21,76.21,76.21,0.0,0,,,
2026-08-14 00:15:00+00:00,76.09,76.15,76.09,76.09,76.09,4.679,8,,,
2026-08-14 00:30:00+00:00,76.0,76.02,75.96,76.02,76.02,17.256,4,,,
2026-08-14 00:45:00+00:00,76.02,76.02,76.02,76.02,76.02,0.0,0,,,
2026-08-14 01:00:00+00:00,75.89,75.89,75.89,75.89,75.89,0.184,1,,,
2026-08-14 01:15:00+00:00,75.88,76.0,75.88,76.0,76.0,10.143,2,,,
2026-08-14 01:30:00+00:00,76.0,76.0,76.0,76.0,76.0,0.0,0,,,
2026-08-14 01:45:00+00:00,76.0,76.0,76.0,76.0,76.0,0.0,0,,,
2026-08-14 02:00:00+00:00,76.0,76.0,76.0,76.0,76.0,0.0,0,,,
2026-08-14 02:15:00+00:00,76.0,76.0,75.95,75.95,75.95,0.912,2,,,
2026-08-14 02:30:00+00:00,75.95,75.95,75.95,75.95,75.95,0.0,0,,,
2026-08-14 02:45:00+00:00,76.07,76.07,76.07,76.07,76.07,0.036,1,,,
2026-08-14 03:00:00+00:00,75.89,75.89,75.77,75.77,75.77,1.467,3,,,
2026-08-14 03:15:00+00:00,75.89,75.89,75.89,75.89,75.89,0.184,1,,,
2026-08-14 03:30:00+00:00,75.77,75.77,75.77,75.77,75.77,0.184,1,,,
2026-08-14 03:45:00+00:00,75.77,75.77,75.77,75.77,75.77,0.0,0,,,
2026-08-14 04:00:00+00:00,75.77,75.77,75.77,75.77,75.77,0.0,0,,,
2026-08-14 04:15:00+00:00,75.89,75.9,75.86,75.86,75.86,1.544,3,,,
2026-08-14 04:30:00+00:00,75.84,75.86,75.84,75.86,75.86,8.234,3,,,
2026-08-14 04:45:00+00:00,75.86,75.86,75.86,75.86,75.86,0.0,0,,,
2026-08-14 05:00:00+00:00,75.86,75.86,75.86,75.86,75.86,0.0,0,,,
2026-08-14 05:15:00+00:00,75.77,75.81,75.77,75.81,75.81,0.216,2,,,
2026-08-14 05:30:00+00:00,75.83,75.89,75.83,75.89,75.89,6.777,3,,,
2026-08-14 05:45:00+00:00,75.81,75.81,75.81,75.81,75.81,0.461,1,,,
2026-08-14 06:00:00+00:00,75.8,75.8,75.7,75.72,75.72,13.516,8,,,
2026-08-14 06:15:00+00:00,75.69,75.69,75.58,75.58,75.58,11.018,8,,,
2026-08-14 06:30:00+00:00,75.58,75.58,75.58,75.58,75.58,0.0,0,,,
2026-08-14 06:45:00+00:00,75.6,75.6,75.52,75.52,75.52,7.143,4,,,
2026-08-14 07:00:00+00:00,75.52,75.52,75.52,75.52,75.52,0.0,0,,,
2026-08-14 07:15:00+00:00,75.52,75.52,75.52,75.52,75.52,0.0,0,,,
2026-08-14 07:30:00+00:00,75.52,75.52,75.52,75.52,75.52,0.0,0,,,
2026-08-14 07:45:00+00:00,75.54,75.54,75.54,75.54,75.54,3.456,2,,,
2026-08-14 08:00:00+00:00,75.54,75.54,75.54,75.54,75.54,0.0,0,,,
2026-08-14 08:15:00+00:00,75.51,75.53,75.51,75.53,75.53,3.207,2,,,
2026-08-14 08:30:00+00:00,75.58,75.77,75.58,75.66,75.66,39.735,7,,,
2026-08-14 08:45:00+00:00,75.77,75.77,75.77,75.77,75.77,19.527,2,,,
2026-08-14 09:00:00+00:00,75.78,75.78,75.78,75.78,75.78,0.045,1,,,
2026-08-14 09:15:00+00:00,75.72,75.72,75.66,75.66,75.66,7.898,3,,,
2026-08-14 09:30:00+00:00,75.59,75.59,75.38,75.38,75.38,1.498,3,,,
2026-08-14 09:45:00+00:00,75.38,75.38,75.38,75.38,75.38,0.0,0,,,
2026-08-14 10:00:00+00:00,75.42,75.5,75.42,75.5,75.5,40.894,3,,,
2026-08-14 10:15:00+00:00,75.54,75.54,75.54,75.54,75.54,1.114,1,,,
2026-08-14 10:30:00+00:00,75.47,75.47,75.44,75.44,75.44,19.676,2,,,
2026-08-14 10:45:00+00:00,75.42,75.44,75.32,75.32,75.32,7.158,7,,,
2026-08-14 11:00:00+00:00,75.37,75.43,75.37,75.43,75.43,35.29,3,,,
2026-08-14 11:15:00+00:00,75.43,75.43,75.43,75.43,75.43,0.0,0,,,
2026-08-14 11:30:00+00:00,75.47,75.48,75.47,75.48,75.48,1.774,2,,,
2026-08-14 11:45:00+00:00,75.45,75.45,75.45,75.45,75.45,5.218,2,,,
2026-08-14 12:00:00+00:00,75.32,75.35,75.32,75.35,75.35,2.229,2,,,
2026-08-14 12:15:00+00:00,75.37,75.39,75.34,75.39,75.39,46.81,10,,,
2026-08-14 12:30:00+00:00,75.47,75.47,75.46,75.46,75.46,38.686,3,,,
2026-08-14 12:45:00+00:00,75.42,75.42,75.36,75.41,75.41,26.883,4,,,
2026-08-14 13:00:00+00:00,75.33,75.33,75.29,75.33,75.33,4.444,4,,,
2026-08-14 13:15:00+00:00,75.35,75.35,75.27,75.27,75.27,2.224,3,,,
2026-08-14 13:30:00+00:00,75.25,75.32,75.22,75.32,75.32,133.748,26,,,
2026-08-14 13:45:00+00:00,75.3,75.31,75.25,75.29,75.29,2.366,7,,,
2026-08-14 14:00:00+00:00,75.31,75.31,75.2,75.2,75.2,1.1,2,,,
2026-08-14 14:15:00+00:00,75.2,75.2,75.2,75.2,75.2,0.0,0,,,
2026-08-14 14:30:00+00:00,75.2,75.2,75.2,75.2,75.2,0.0,0,,,
2026-08-14 14:45:00+00:00,75.21,75.21,75.2,75.2,75.2,2.915,2,,,
2026-08-14 15:00:00+00:00,75.18,75.18,75.18,75.18,75.18,0.682,1,,,
2026-08-14 15:15:00+00:00,75.31,75.43,75.31,75.43,75.43,0.47,3,,,
2026-08-14 15:30:00+00:00,75.43,75.61,75.43,75.61,75.61,0.862,3,,,
2026-08-14 15:45:00+00:00,75.62,75.65,75.62,75.63,75.63,10.131,5,,,
2026-08-14 16:00:00+00:00,75.54,75.54,75.54,75.54,75.54,0.185,1,,,
2026-08-14 16:15:00+00:00,75.61,75.61,75.5,75.5,75.5,9.95,3,,,
2026-08-14 16:30:00+00:00,75.5,75.5,75.5,75.5,75.5,0.0,0,,,
2026-08-14 16:45:00+00:00,75.5,75.5,75.41,75.42,75.42,1.324,4,,,
2026-08-14 17:00:00+00:00,75.42,75.45,75.42,75.45,75.45,15.036,2,,,
2026-08-14 17:15:00+00:00,75.54,75.59,75.54,75.59,75.59,13.221,2,,,
2026-08-14 17:30:00+00:00,75.52,75.58,75.43,75.43,75.43,20.551,5,,,
2026-08-14 17:45:00+00:00,75.31,75.31,75.18,75.18,75.18,2.481,4,,,
2026-08-14 18:00:00+00:00,75.19,75.19,75.0,75.0,75.0,2.574,3,,,
2026-08-14 18:15:00+00:00,75.14,75.2,75.12,75.12,75.12,1.427,3,,,
2026-08-14 18:30:00+00:00,75.09,75.11,75.06,75.06,75.06,0.263,3,,,
2026-08-14 18:45:00+00:00,75.08,75.08,74.89,74.93,74.93,3.315,9,,,
2026-08-14 19:00:00+00:00,74.81,74.81,74.7,74.7,74.7,109.935,11,,,
2026-08-14 19:15:00+00:00,74.7,74.7,74.7,74.7,74.7,27.283,2,,,
2026-08-14 19:30:00+00:00,74.7,74.7,74.7,74.7,74.7,0.0,0,,,
2026-08-14 19:45:00+00:00,75.0,75.01,75.0,75.01,75.01,1.223,2,,,
2026-08-14 20:00:00+00:00,75.01,75.01,75.01,75.01,75.01,0.0,0,,,
2026-08-14 20:15:00+00:00,75.13,75.13,75.13,75.13,75.13,0.106,1,,,
2026-08-14 20:30:00+00:00,75.13,75.13,75.13,75.13,75.13,0.0,0,,,
2026-08-14 20:45:00+00:00,75.13,75.13,75.13,75.13,75.13,0.0,0,,,
2026-08-14 21:00:00+00:00,75.1,75.1,75.05,75.05,75.05,2.221,2,,,
2026-08-14 21:15:00+00:00,75.11,75.11,75.11,75.11,75.11,1.383,1,,,
2026-08-14 21:30:00+00:00,75.11,75.11,75.11,75.11,75.11,0.0,0,,,
2026-08-14 21:45:00+00:00,75.13,75.17,75.13,75.17,75.17,132.978,12,,,
2026-08-14 22:00:00+00:00,75.2,75.2,75.2,75.2,75.2,0.09,1,,,
2026-08-14 22:15:00+00:00,75.01,75.01,75.01,75.01,75.01,1.072,1,,,
2026-08-14 22:30:00+00:00,75.01,75.04,75.01,75.04,75.04,6.017,2,,,
2026-08-14 22:45:00+00:00,75.04,75.04,75.04,75.04,75.04,0.0,0,,,
2026-08-14 23:00:00+00:00,75.04,75.04,75.04,75.04,75.04,0.0,0,,,
2026-08-14 23:15:00+00:00,75.2,75.24,75.2,75.24,75.24,1.374,2,,,
2026-08-14 23:30:00+00:00,75.2,75.31,75.2,75.31,75.31,1.299,2,,,
2026-08-14 23:45:00+00:00,75.31,75.31,75.31,75.31,75.31,3.31,1,,,
2026-08-15 00:00:00+00:00,75.31,75.31,75.31,75.31,75.31,0.0,0,,,
2026-08-15 00:15:00+00:00,75.32,75.32,75.32,75.32,75.32,3.319,1,,,
2026-08-15 00:30:00+00:00,75.32,75.32,75.32,75.32,75.32,0.0,0,,,
2026-08-15 00:45:00+00:00,75.29,75.29,75.29,75.29,75.29,0.077,1,,,
2026-08-15 01:00:00+00:00,75.29,75.29,75.29,75.29,75.29,1.0,1,,,
2026-08-15 01:15:00+00:00,75.3,75.38,75.3,75.38,75.38,20.948,4,,,
2026-08-15 01:30:00+00:00,75.35,75.35,75.35,75.35,75.35,13.269,2,,,
2026-08-15 01:45:00+00:00,75.35,75.35,75.35,75.35,75.35,0.066,1,,,
2026-08-15 02:00:00+00:00,75.35,75.35,75.35,75.35,75.35,0.0,0,,,
2026-08-15 02:15:00+00:00,75.43,75.5,75.43,75.5,75.5,1.298,2,,,
2026-08-15 02:30:00+00:00,75.51,75.57,75.51,75.57,75.57,20.021,4,,,
2026-08-15 02:45:00+00:00,75.57,75.57,75.57,75.57,75.57,0.0,0,,,
2026-08-15 03:00:00+00:00,75.61,75.61,75.61,75.61,75.61,1.6,1,,,
2026-08-15 03:15:00+00:00,75.61,75.61,75.61,75.61,75.61,0.0,0,,,
2026-08-15 03:30:00+00:00,75.61,75.61,75.61,75.61,75.61,0.0,0,,,
2026-08-15 03:45:00+00:00,75.43,75.43,75.39,75.39,75.39,0.649,2,,,
2026-08-15 04:00:00+00:00,75.37,75.37,75.37,75.37,75.37,1.117,2,,,
2026-08-15 04:15:00+00:00,75.37,75.37,75.37,75.37,75.37,0.0,0,,,
2026-08-15 04:30:00+00:00,75.51,75.51,75.51,75.51,75.51,0.017,1,,,
2026-08-15 04:45:00+00:00,75.51,75.51,75.51,75.51,75.51,0.005,1,,,
2026-08-15 05:00:00+00:00,75.47,75.47,75.47,75.47,75.47,0.463,1,,,
2026-08-15 05:15:00+00:00,75.47,75.47,75.47,75.47,75.47,0.0,0,,,
2026-08-15 05:30:00+00:00,75.34,75.34,75.27,75.27,75.27,1.458,3,,,
2026-08-15 05:45:00+00:00,75.27,75.27,75.27,75.27,75.27,0.0,0,,,
2026-08-15 06:00:00+00:00,75.27,75.27,75.27,75.27,75.27,0.0,0,,,
2026-08-15 06:15:00+00:00,75.25,75.25,75.25,75.25,75.25,0.123,1,,,
2026-08-15 06:30:00+00:00,75.25,75.3,75.25,75.3,75.3,32.007,2,,,
2026-08-15 06:45:00+00:00,75.41,75.41,75.41,75.41,75.41,19.752,1,,,
2026-08-15 07:00:00+00:00,75.34,75.36,75.33,75.33,75.33,134.088,10,,,
2026-08-15 07:15:00+00:00,75.3,75.3,75.3,75.3,75.3,1.014,1,,,
2026-08-15 07:30:00+00:00,75.3,75.3,75.3,75.3,75.3,0.0,0,,,
2026-08-15 07:45:00+00:00,75.22,75.22,75.2,75.2,75.2,3.504,2,,,
2026-08-15 08:00:00+00:00,75.2,75.2,75.2,75.2,75.2,0.0,0,,,
2026-08-15 08:15:00+00:00,75.24,75.24,75.24,75.24,75.24,3.322,2,,,
2026-08-15 08:30:00+00:00,75.24,75.24,75.24,75.24,75.24,0.0,0,,,
2026-08-15 08:45:00+00:00,75.24,75.24,75.24,75.24,75.24,0.0,0,,,
2026-08-15 09:00:00+00:00,75.24,75.24,75.24,75.24,75.24,0.0,0,,,
2026-08-15 09:15:00+00:00,75.24,75.24,75.24,75.24,75.24,0.0,0,,,
2026-08-15 09:30:00+00:00,75.11,75.12,75.11,75.12,75.12,18.994,3,,,
2026-08-15 09:45:00+00:00,75.16,75.16,75.16,75.16,75.16,13.036,1,,,
2026-08-15 10:00:00+00:00,75.16,75.16,75.16,75.16,75.16,0.0,0,,,
2026-08-15 10:15:00+00:00,75.16,75.16,75.16,75.16,75.16,0.0,0,,,
2026-08-15 10:30:00+00:00,75.23,75.23,75.23,75.23,75.23,1.108,1,,,
2026-08-15 10:45:00+00:00,75.23,75.23,75.23,75.23,75.23,0.0,0,,,
2026-08-15 11:00:00+00:00,75.23,75.23,75.23,75.23,75.23,0.0,0,,,
2026-08-15 11:15:00+00:00,75.23,75.23,75.23,75.23,75.23,0.0,0,,,
2026-08-15 11:30:00+00:00,75.23,75.23,75.23,75.23,75.23,0.0,0,,,
2026-08-15 11:45:00+00:00,75.23,75.23,75.23,75.23,75.23,0.0,0,,,
2026-08-15 12:00:00+00:00,75.14,75.14,75.14,75.14,75.14,18.729,3,,,
2026-08-15 12:15:00+00:00,75.17,75.17,75.17,75.17,75.17,18.729,1,,,
2026-08-15 12:30:00+00:00,75.16,75.16,75.16,75.16,75.16,2.991,1,,,
2026-08-15 12:45:00+00:00,75.19,75.31,75.19,75.31,75.31,1.535,8,,,
2026-08-15 13:00:00+00:00,75.35,75.4,75.35,75.39,75.39,20.389,3,,,
2026-08-15 13:15:00+00:00,75.39,75.39,75.39,75.39,75.39,1.326,1,,,
2026-08-15 13:30:00+00:00,75.43,75.43,75.43,75.43,75.43,0.185,1,,,
2026-08-15 13:45:00+00:00,75.49,75.49,75.49,75.49,75.49,0.9,1,,,
2026-08-15 14:00:00+00:00,75.49,75.5,75.47,75.47,75.47,10.609,5,,,
2026-08-15 14:15:00+00:00,75.49,75.49,75.42,75.42,75.42,2.913,4,,,
2026-08-15 14:30:00+00:00,75.5,75.5,75.5,75.5,75.5,1.111,1,,,
2026-08-15 14:45:00+00:00,75.5,75.5,75.5,75.5,75.5,0.0,0,,,
2026-08-15 15:00:00+00:00,75.5,75.5,75.5,75.5,75.5,0.0,0,,,
2026-08-15 15:15:00+00:00,75.5,75.5,75.5,75.5,75.5,0.0,0,,,
2026-08-15 15:30:00+00:00,75.42,75.42,75.42,75.42,75.42,0.72,1,,,
2026-08-15 15:45:00+00:00,75.44,75.44,75.44,75.44,75.44,13.321,2,,,
2026-08-15 16:00:00+00:00,75.44,75.44,75.41,75.41,75.41,24.86,6,,,
2026-08-15 16:15:00+00:00,75.36,75.43,75.36,75.43,75.43,13.339,3,,,
2026-08-15 16:30:00+00:00,75.43,75.43,75.43,75.43,75.43,0.0,0,,,
2026-08-15 16:45:00+00:00,75.42,75.42,75.42,75.42,75.42,3.977,1,,,
2026-08-15 17:00:00+00:00,75.5,75.5,75.5,75.5,75.5,0.1,1,,,
2026-08-15 17:15:00+00:00,75.53,75.55,75.5,75.5,75.5,1.343,6,,,
2026-08-15 17:30:00+00:00,75.54,75.57,75.54,75.55,75.55,4.006,4,,,
2026-08-15 17:45:00+00:00,75.56,75.59,75.56,75.59,75.59,1.989,3,,,
2026-08-15 18:00:00+00:00,75.6,75.6,75.6,75.6,75.6,0.1,1,,,
2026-08-15 18:15:00+00:00,75.6,75.6,75.6,75.6,75.6,0.0,0,,,
2026-08-15 18:30:00+00:00,75.6,75.6,75.6,75.6,75.6,0.0,0,,,
2026-08-15 18:45:00+00:00,75.51,75.51,75.51,75.51,75.51,1.157,1,,,
2026-08-15 19:00:00+00:00,75.51,75.51,75.51,75.51,75.51,0.0,0,,,
2026-08-15 19:15:00+00:00,75.51,75.51,75.51,75.51,75.51,0.0,0,,,
2026-08-15 19:30:00+00:00,75.49,75.49,75.49,75.49,75.49,0.662,1,,,
2026-08-15 19:45:00+00:00,75.49,75.49,75.49,75.49,75.49,0.0,0,,,
2026-08-15 20:00:00+00:00,75.5,75.5,75.5,75.5,75.5,0.263,1,,,
2026-08-15 20:15:00+00:00,75.43,75.43,75.43,75.43,75.43,0.185,1,,,
2026-08-15 20:30:00+00:00,75.43,75.43,75.43,75.43,75.43,0.0,0,,,
2026-08-15 20:45:00+00:00,75.43,75.43,75.43,75.43,75.43,0.0,0,,,
2026-08-15 21:00:00+00:00,75.43,75.43,75.43,75.43,75.43,0.0,0,,,
2026-08-15 21:15:00+00:00,75.54,75.54,75.54,75.54,75.54,0.185,1,,,
2026-08-15 21:30:00+00:00,75.6,75.63,75.6,75.63,75.63,34.135,4,,,
2026-08-15 21:45:00+00:00,75.63,75.63,75.63,75.63,75.63,0.1,1,,,
2026-08-15 22:00:00+00:00,75.58,75.58,75.58,75.58,75.58,1.108,1,,,
2026-08-15 22:15:00+00:00,75.58,75.58,75.58,75.58,75.58,0.0,0,,,
2026-08-15 22:30:00+00:00,75.58,75.58,75.58,75.58,75.58,0.0,0,,,
2026-08-15 22:45:00+00:00,75.58,75.58,75.58,75.58,75.58,0.0,0,,,
2026-08-15 23:00:00+00:00,75.51,75.51,75.31,75.39,75.39,6.845,7,,,
2026-08-15 23:15:00+00:00,75.38,75.38,75.38,75.38,75.38,1.11,1,,,
2026-08-15 23:30:00+00:00,75.38,75.38,75.38,75.38,75.38,0.0,0,,,
2026-08-15 23:45:00+00:00,75.27,75.27,75.27,75.27,75.27,3.313,2,,,
2026-08-16 00:00:00+00:00,75.27,75.27,75.27,75.27,75.27,0.0,0,,,
2026-08-16 00:15:00+00:00,75.33,75.36,75.33,75.36,75.36,3.526,2,,,
2026-08-16 00:30:00+00:00,75.36,75.36,75.36,75.36,75.36,0.0,0,,,
2026-08-16 00:45:00+00:00,75.42,75.42,75.39,75.39,75.39,1.847,2,,,
2026-08-16 01:00:00+00:00,75.4,75.4,75.32,75.32,75.32,34.389,4,,,
2026-08-16 01:15:00+00:00,75.31,75.31,75.31,75.31,75.31,0.462,1,,,
2026-08-16 01:30:00+00:00,75.28,75.28,75.28,75.28,75.28,1.0,1,,,
2026-08-16 01:45:00+00:00,75.35,75.35,75.35,75.35,75.35,6.201,1,,,
2026-08-16 02:00:00+00:00,75.35,75.35,75.35,75.35,75.35,0.0,0,,,
2026-08-16 02:15:00+00:00,75.43,75.48,75.43,75.48,75.48,1.767,2,,,
2026-08-16 02:30:00+00:00,75.54,75.54,75.54,75.54,75.54,0.185,1,,,
2026-08-16 02:45:00+00:00,75.54,75.54,75.54,75.54,75.54,0.0,0,,,
2026-08-16 03:00:00+00:00,75.54,75.54,75.54,75.54,75.54,0.322,1,,,
2026-08-16 03:15:00+00:00,75.54,75.54,75.54,75.54,75.54,0.0,0,,,
2026-08-16 03:30:00+00:00,75.54,75.54,75.54,75.54,75.54,0.0,0,,,
2026-08-16 03:45:00+00:00,75.54,75.54,75.54,75.54,75.54,0.0,0,,,
2026-08-16 04:00:00+00:00,75.55,75.55,75.54,75.54,75.54,2.199,2,,,
2026-08-16 04:15:00+00:00,75.54,75.54,75.54,75.54,75.54,0.0,0,,,
2026-08-16 04:30:00+00:00,75.54,75.54,75.54,75.54,75.54,0.0,0,,,
2026-08-16 04:45:00+00:00,75.43,75.43,75.43,75.43,75.43,0.185,1,,,
2026-08-16 05:00:00+00:00,75.43,75.43,75.43,75.43,75.43,0.0,0,,,
2026-08-16 05:15:00+00:00,75.43,75.43,75.43,75.43,75.43,0.0,0,,,
2026-08-16 05:30:00+00:00,75.33,75.36,75.33,75.36,75.36,7.746,2,,,
2026-08-16 05:45:00+00:00,75.31,75.31,75.31,75.31,75.31,4.788,2,,,
2026-08-16 06:00:00+00:00,75.31,75.31,75.31,75.31,75.31,0.0,0,,,
2026-08-16 06:15:00+00:00,75.31,75.31,75.31,75.31,75.31,0.0,0,,,
2026-08-16 06:30:00+00:00,75.31,75.31,75.31,75.31,75.31,0.0,0,,,
2026-08-16 06:45:00+00:00,75.31,75.31,75.31,75.31,75.31,0.0,0,,,
2026-08-16 07:00:00+00:00,75.31,75.31,75.31,75.31,75.31,0.0,0,,,
2026-08-16 07:15:00+00:00,75.39,75.39,75.39,75.39,75.39,34.454,4,,,
2026-08-16 07:30:00+00:00,75.39,75.39,75.39,75.39,75.39,317.316,31,,,
2026-08-16 07:45:00+00:00,75.35,75.42,75.35,75.42,75.42,3.78,2,,,
2026-08-16 08:00:00+00:00,75.42,75.42,75.42,75.42,75.42,0.0,0,,,
2026-08-16 08:15:00+00:00,75.42,75.42,75.42,75.42,75.42,0.0,0,,,
2026-08-16 08:30:00+00:00,75.42,75.42,75.42,75.42,75.42,0.0,0,,,
2026-08-16 08:45:00+00:00,75.42,75.42,75.42,75.42,75.42,0.0,0,,,
2026-08-16 09:00:00+00:00,75.36,75.36,75.36,75.36,75.36,0.14,1,,,
2026-08-16 09:15:00+00:00,75.36,75.36,75.36,75.36,75.36,0.0,0,,,
2026-08-16 09:30:00+00:00,75.22,75.25,75.22,75.25,75.25,2.21,2,,,
2026-08-16 09:45:00+00:00,75.25,75.25,75.25,75.25,75.25,0.0,0,,,
2026-08-16 10:00:00+00:00,75.2,75.2,75.2,75.2,75.2,0.186,1,,,
2026-08-16 10:15:00+00:00,75.17,75.17,75.17,75.17,75.17,1.8,1,,,
2026-08-16 10:30:00+00:00,75.14,75.15,75.14,75.15,75.15,21.569,6,,,
2026-08-16 10:45:00+00:00,75.2,75.2,75.2,75.2,75.2,19.929,2,,,
2026-08-16 11:00:00+00:00,75.2,75.2,75.2,75.2,75.2,0.0,0,,,
2026-08-16 11:15:00+00:00,75.2,75.2,75.2,75.2,75.2,0.0,0,,,
2026-08-16 11:30:00+00:00,75.2,75.2,75.2,75.2,75.2,0.0,0,,,
2026-08-16 11:45:00+00:00,75.2,75.2,75.2,75.2,75.2,0.0,0,,,
2026-08-16 12:00:00+00:00,75.2,75.2,75.2,75.2,75.2,0.0,0,,,
2026-08-16 12:15:00+00:00,75.2,75.2,75.2,75.2,75.2,0.0,0,,,
2026-08-16 12:30:00+00:00,75.2,75.2,75.2,75.2,75.2,0.0,0,,,
2026-08-16 12:45:00+00:00,75.2,75.2,75.2,75.2,75.2,0.0,0,,,
2026-08-16 13:00:00+00:00,75.2,75.2,75.2,75.2,75.2,0.0,0,,,
2026-08-16 13:15:00+00:00,75.31,75.31,75.31,75.31,75.31,0.185,1,,,
2026-08-16 13:30:00+00:00,75.31,75.31,75.31,75.31,75.31,0.0,0,,,
2026-08-16 13:45:00+00:00,75.31,75.31,75.31,75.31,75.31,0.0,0,,,
2026-08-16 14:00:00+00:00,75.31,75.31,75.31,75.31,75.31,0.0,0,,,
2026-08-16 14:15:00+00:00,75.31,75.31,75.31,75.31,75.31,0.0,0,,,
2026-08-16 14:30:00+00:00,75.32,75.32,75.32,75.32,75.32,0.419,1,,,
2026-08-16 14:45:00+00:00,75.31,75.32,75.31,75.32,75.32,1.161,2,,,
2026-08-16 15:00:00+00:00,75.32,75.32,75.32,75.32,75.32,0.0,0,,,
2026-08-16 15:15:00+00:00,75.43,75.43,75.43,75.43,75.43,0.185,1,,,
2026-08-16 15:30:00+00:00,75.5,75.5,75.5,75.5,75.5,0.1,1,,,
2026-08-16 15:45:00+00:00,75.54,75.55,75.52,75.52,75.52,0.385,3,,,
2026-08-16 16:00:00+00:00,75.49,75.49,75.48,75.48,75.48,41.289,7,,,
2026-08-16 16:15:00+00:00,75.52,75.52,75.52,75.52,75.52,3.305,1,,,
2026-08-16 16:30:00+00:00,75.56,75.61,75.56,75.61,75.61,24.081,10,,,
2026-08-16 16:45:00+00:00,75.48,75.48,75.48,75.48,75.48,43.4,8,,,
2026-08-16 17:00:00+00:00,75.48,75.48,75.48,75.48,75.48,0.0,0,,,
2026-08-16 17:15:00+00:00,75.43,75.43,75.43,75.43,75.43,0.185,1,,,
2026-08-16 17:30:00+00:00,75.31,75.31,75.31,75.31,75.31,0.185,1,,,
2026-08-16 17:45:00+00:00,75.22,75.22,75.22,75.22,75.22,1.0,1,,,
2026-08-16 18:00:00+00:00,75.2,75.2,75.0,75.0,75.0,17.296,7,,,
2026-08-16 18:15:00+00:00,75.0,75.0,75.0,75.0,75.0,0.0,0,,,
2026-08-16 18:30:00+00:00,75.11,75.11,75.11,75.11,75.11,0.066,1,,,
2026-08-16 18:45:00+00:00,75.11,75.11,75.11,75.11,75.11,0.0,0,,,
2026-08-16 19:00:00+00:00,75.11,75.11,75.11,75.11,75.11,0.0,0,,,
2026-08-16 19:15:00+00:00,75.11,75.11,75.11,75.11,75.11,0.0,0,,,
2026-08-16 19:30:00+00:00,75.11,75.11,75.11,75.11,75.11,0.0,0,,,
2026-08-16 19:45:00+00:00,75.14,75.14,75.14,75.14,75.14,1.116,1,,,
2026-08-16 20:00:00+00:00,75.25,75.25,75.25,75.25,75.25,1.108,2,,,
2026-08-16 20:15:00+00:00,75.15,75.15,75.15,75.15,75.15,3.304,1,,,
2026-08-16 20:30:00+00:00,75.01,75.01,75.01,75.01,75.01,1.114,1,,,
2026-08-16 20:45:00+00:00,75.0,75.0,75.0,75.0,75.0,9.002,3,,,
2026-08-16 21:00:00+00:00,74.95,74.95,74.9,74.9,74.9,133.041,17,,,
2026-08-16 21:15:00+00:00,74.92,74.92,74.92,74.92,74.92,0.066,1,,,
2026-08-16 21:30:00+00:00,74.8,74.8,74.11,74.44,74.44,214.336,48,,,
2026-08-16 21:45:00+00:00,74.45,74.45,74.15,74.29,74.29,53.686,24,,,
2026-08-16 22:00:00+00:00,74.21,74.43,74.12,74.37,74.37,28.55,24,,,
2026-08-16 22:15:00+00:00,74.42,74.42,74.29,74.29,74.29,35.043,12,,,
2026-08-16 22:30:00+00:00,74.21,74.21,74.21,74.21,74.21,0.188,1,,,
2026-08-16 22:45:00+00:00,74.32,74.32,74.32,74.32,74.32,37.972,6,,,
2026-08-16 23:00:00+00:00,74.43,74.5,74.43,74.44,74.44,179.468,24,,,
2026-08-16 23:15:00+00:00,74.49,74.49,74.49,74.49,74.49,0.1,1,,,
2026-08-16 23:30:00+00:00,74.47,74.49,74.47,74.49,74.49,6.712,3,,,
2026-08-16 23:45:00+00:00,74.54,74.56,74.54,74.56,74.56,0.245,2,,,
2026-08-17 00:00:00+00:00,74.54,74.56,74.52,74.52,74.52,56.637,16,,,
2026-08-17 00:15:00+00:00,74.54,74.54,74.43,74.54,74.54,62.366,12,,,
2026-08-17 00:30:00+00:00,74.48,74.62,74.42,74.62,74.62,28.602,8,,,
2026-08-17 00:45:00+00:00,74.64,74.64,74.51,74.51,74.51,2.247,3,,,
2026-08-17 01:00:00+00:00,74.66,74.99,74.66,74.89,74.89,30.938,18,,,
2026-08-17 01:15:00+00:00,74.92,75.15,74.92,75.15,75.15,17.72,6,,,
2026-08-17 01:30:00+00:00,75.14,75.17,75.14,75.17,75.17,59.213,7,,,
2026-08-17 01:45:00+00:00,75.09,75.09,75.09,75.09,75.09,0.681,1,,,
2026-08-17 02:00:00+00:00,75.06,75.06,75.0,75.02,75.02,1.411,3,,,
2026-08-17 02:15:00+00:00,75.02,75.02,75.02,75.02,75.02,0.0,0,,,
2026-08-17 02:30:00+00:00,75.09,75.31,75.09,75.31,75.31,12.899,9,,,
2026-08-17 02:45:00+00:00,75.27,75.49,75.27,75.47,75.47,5.465,10,,,
2026-08-17 03:00:00+00:00,75.47,75.47,75.47,75.47,75.47,0.0,0,,,
2026-08-17 03:15:00+00:00,75.47,75.47,75.38,75.38,75.38,470.517,46,,,
2026-08-17 03:30:00+00:00,75.41,75.44,75.4,75.44,75.44,29.955,6,,,
2026-08-17 03:45:00+00:00,75.44,75.47,75.44,75.44,75.44,160.334,14,,,
2026-08-17 04:00:00+00:00,75.45,75.5,75.45,75.5,75.5,17.141,4,,,
2026-08-17 04:15:00+00:00,75.53,75.53,75.48,75.48,75.48,19.331,3,,,
2026-08-17 04:30:00+00:00,75.44,75.44,75.44,75.44,75.44,1.069,1,,,
2026-08-17 04:45:00+00:00,75.48,75.48,75.47,75.47,75.47,21.656,2,,,
2026-08-17 05:00:00+00:00,75.48,75.48,75.44,75.44,75.44,34.528,4,,,
2026-08-17 05:15:00+00:00,75.48,75.48,75.42,75.42,75.42,186.871,10,,,
2026-08-17 05:30:00+00:00,75.42,75.42,75.42,75.42,75.42,0.0,0,,,
2026-08-17 05:45:00+00:00,75.36,75.43,75.35,75.35,75.35,109.698,16,,,
2026-08-17 06:00:00+00:00,75.29,75.41,75.29,75.41,75.41,0.781,2,,,
2026-08-17 06:15:00+00:00,75.51,75.51,75.51,75.51,75.51,18.234,3,,,
2026-08-17 06:30:00+00:00,75.44,75.49,75.44,75.49,75.49,0.853,2,,,
2026-08-17 06:45:00+00:00,75.56,75.88,75.56,75.73,75.73,28.453,11,,,
2026-08-17 07:00:00+00:00,75.76,75.76,75.76,75.76,75.76,2.14,1,,,
2026-08-17 07:15:00+00:00,75.74,75.75,75.7,75.75,75.75,41.124,7,,,
2026-08-17 07:30:00+00:00,75.79,75.79,75.79,75.79,75.79,4.598,1,,,
2026-08-17 07:45:00+00:00,75.75,75.75,75.69,75.72,75.72,6.93,4,,,
2026-08-17 08:00:00+00:00,75.58,75.58,75.47,75.47,75.47,19.718,4,,,
2026-08-17 08:15:00+00:00,75.47,75.47,75.29,75.3,75.3,77.654,17,,,
2026-08-17 08:30:00+00:00,75.35,75.35,75.26,75.26,75.26,25.53,6,,,
2026-08-17 08:45:00+00:00,75.24,75.24,75.11,75.21,75.21,29.941,9,,,
2026-08-17 09:00:00+00:00,75.21,75.21,75.21,75.21,75.21,0.0,0,,,
2026-08-17 09:15:00+00:00,75.24,75.24,75.24,75.24,75.24,0.054,1,,,
2026-08-17 09:30:00+00:00,75.24,75.24,75.24,75.24,75.24,0.0,0,,,
2026-08-17 09:45:00+00:00,75.2,75.2,75.2,75.2,75.2,0.066,1,,,
2026-08-17 10:00:00+00:00,75.25,75.25,75.25,75.25,75.25,0.684,1,,,
2026-08-17 10:15:00+00:00,75.4,75.4,75.4,75.4,75.4,1.162,2,,,
2026-08-17 10:30:00+00:00,75.47,75.66,75.47,75.66,75.66,3.049,6,,,
2026-08-17 10:45:00+00:00,75.7,75.7,75.67,75.67,75.67,0.546,2,,,
2026-08-17 11:00:00+00:00,75.71,75.71,75.71,75.71,75.71,0.198,1,,,
2026-08-17 11:15:00+00:00,75.71,75.71,75.71,75.71,75.71,0.0,0,,,
2026-08-17 11:30:00+00:00,75.73,75.73,75.73,75.73,75.73,1.114,1,,,
2026-08-17 11:45:00+00:00,75.81,75.81,75.7,75.7,75.7,1.473,3,,,
2026-08-17 12:00:00+00:00,75.58,75.58,75.58,75.58,75.58,0.185,1,,,
2026-08-17 12:15:00+00:00,75.54,75.54,75.37,75.38,75.38,33.933,11,,,
2026-08-17 12:30:00+00:00,75.36,75.36,75.33,75.33,75.33,1.463,3,,,
2026-08-17 12:45:00+00:00,75.33,75.33,75.33,75.33,75.33,0.0,0,,,
2026-08-17 13:00:00+00:00,75.33,75.33,75.33,75.33,75.33,0.0,0,,,
2026-08-17 13:15:00+00:00,75.26,75.26,75.26,75.26,75.26,0.044,1,,,
2026-08-17 13:30:00+00:00,75.47,75.58,75.47,75.58,75.58,0.392,3,,,
2026-08-17 13:45:00+00:00,75.61,75.63,75.61,75.62,75.62,18.448,3,,,
2026-08-17 14:00:00+00:00,75.53,75.58,75.47,75.58,75.58,0.777,4,,,
2026-08-17 14:15:00+00:00,75.58,75.58,75.58,75.58,75.58,0.0,0,,,
2026-08-17 14:30:00+00:00,75.63,75.64,75.63,75.64,75.64,0.837,2,,,
2026-08-17 14:45:00+00:00,75.69,75.81,75.69,75.81,75.81,15.612,6,,,
2026-08-17 15:00:00+00:00,75.81,75.81,75.81,75.81,75.81,1.0,1,,,
2026-08-17 15:15:00+00:00,75.78,75.87,75.78,75.87,75.87,21.593,3,,,
2026-08-17 15:30:00+00:00,75.94,76.0,75.94,76.0,76.0,1.845,2,,,
2026-08-17 15:45:00+00:00,75.97,75.97,75.97,75.97,75.97,3.31,1,,,
2026-08-17 16:00:00+00:00,75.97,75.97,75.97,75.97,75.97,0.0,0,,,
2026-08-17 16:15:00+00:00,75.92,75.94,75.9,75.92,75.92,28.309,8,,,
2026-08-17 16:30:00+00:00,75.99,76.01,75.99,76.01,76.01,7.26,2,,,
2026-08-17 16:45:00+00:00,76.01,76.01,76.01,76.01,76.01,0.0,0,,,
2026-08-17 17:00:00+00:00,76.01,76.01,76.01,76.01,76.01,0.0,0,,,
2026-08-17 17:15:00+00:00,75.77,76.01,75.77,76.01,76.01,6.7,2,,,
2026-08-17 17:30:00+00:00,75.77,75.81,75.7,75.81,75.81,7.714,5,,,
2026-08-17 17:45:00+00:00,75.88,75.88,75.88,75.88,75.88,5.873,1,,,
2026-08-17 18:00:00+00:00,75.83,75.83,75.83,75.83,75.83,0.461,1,,,
2026-08-17 18:15:00+00:00,76.0,76.12,76.0,76.05,76.05,59.814,20,,,
2026-08-17 18:30:00+00:00,76.05,76.05,76.05,76.05,76.05,0.0,0,,,
2026-08-17 18:45:00+00:00,76.05,76.05,76.05,76.05,76.05,0.0,0,,,
2026-08-17 19:00:00+00:00,76.05,76.05,76.05,76.05,76.05,0.0,0,,,
2026-08-17 19:15:00+00:00,76.05,76.05,76.05,76.05,76.05,0.0,0,,,
2026-08-17 19:30:00+00:00,75.83,75.87,75.83,75.87,75.87,111.107,11,,,
2026-08-17 19:45:00+00:00,75.87,75.87,75.87,75.87,75.87,0.0,0,,,
2026-08-17 20:00:00+00:00,75.7,75.7,75.65,75.65,75.65,12.41,4,,,
2026-08-17 20:15:00+00:00,75.59,75.67,75.59,75.67,75.67,7.5,5,,,
2026-08-17 20:30:00+00:00,75.76,75.81,75.76,75.81,75.81,0.216,2,,,
2026-08-17 20:45:00+00:00,76.01,76.01,76.01,76.01,76.01,1.115,1,,,
2026-08-17 21:00:00+00:00,75.97,75.97,75.94,75.94,75.94,1.997,2,,,
2026-08-17 21:15:00+00:00,75.87,75.87,75.87,75.87,75.87,1.065,1,,,
2026-08-17 21:30:00+00:00,75.86,75.86,75.84,75.84,75.84,1.905,3,,,
2026-08-17 21:45:00+00:00,75.91,75.91,75.89,75.89,75.89,70.75,7,,,
2026-08-17 22:00:00+00:00,75.89,75.95,75.8,75.8,75.8,104.406,10,,,
2026-08-17 22:15:00+00:00,75.8,75.8,75.8,75.8,75.8,0.0,0,,,
2026-08-17 22:30:00+00:00,75.74,75.74,75.74,75.74,75.74,1.114,1,,,
2026-08-17 22:45:00+00:00,75.7,75.7,75.7,75.7,75.7,0.184,1,,,
2026-08-17 23:00:00+00:00,75.69,75.77,75.68,75.77,75.77,56.193,6,,,
2026-08-17 23:15:00+00:00,75.79,75.81,75.79,75.81,75.81,6.897,2,,,
2026-08-17 23:30:00+00:00,75.81,75.81,75.81,75.81,75.81,0.0,0,,,
2026-08-17 23:45:00+00:00,75.89,75.89,75.88,75.88,75.88,3.289,2,,,
2026-08-18 00:00:00+00:00,75.9,75.9,75.9,75.9,75.9,1.107,1,,,
2026-08-18 00:15:00+00:00,76.0,76.0,75.96,75.96,75.96,3.58,2,,,
2026-08-18 00:30:00+00:00,75.87,75.87,75.81,75.82,75.82,21.422,3,,,
2026-08-18 00:45:00+00:00,75.82,75.82,75.82,75.82,75.82,0.0,0,,,
2026-08-18 01:00:00+00:00,75.95,75.95,75.87,75.89,75.89,22.18,4,,,
2026-08-18 01:15:00+00:00,75.84,75.84,75.84,75.84,75.84,21.196,4,,,
2026-08-18 01:30:00+00:00,75.8,75.8,75.73,75.73,75.73,19.979,3,,,
2026-08-18 01:45:00+00:00,75.7,75.7,75.58,75.58,75.58,2.169,3,,,
2026-08-18 02:00:00+00:00,75.51,75.51,75.47,75.47,75.47,1.502,2,,,
2026-08-18 02:15:00+00:00,75.4,75.43,75.36,75.36,75.36,22.318,6,,,
2026-08-18 02:30:00+00:00,75.32,75.36,75.3,75.3,75.3,24.431,7,,,
2026-08-18 02:45:00+00:00,75.23,75.26,75.23,75.23,75.23,5.344,3,,,
2026-08-18 03:00:00+00:00,75.21,75.21,75.21,75.21,75.21,14.793,2,,,
2026-08-18 03:15:00+00:00,75.34,75.34,75.31,75.33,75.33,5.983,3,,,
2026-08-18 03:30:00+00:00,75.28,75.33,75.28,75.33,75.33,2.912,3,,,
2026-08-18 03:45:00+00:00,75.42,75.42,75.42,75.42,75.42,1.108,1,,,
2026-08-18 04:00:00+00:00,75.38,75.62,75.38,75.62,75.62,9.687,10,,,
2026-08-18 04:15:00+00:00,75.61,75.61,75.54,75.54,75.54,23.62,6,,,
2026-08-18 04:30:00+00:00,75.7,75.72,75.7,75.72,75.72,5.067,3,,,
2026-08-18 04:45:00+00:00,75.72,75.72,75.72,75.72,75.72,0.0,0,,,
2026-08-18 05:00:00+00:00,75.73,75.81,75.71,75.81,75.81,4.343,4,,,
2026-08-18 05:15:00+00:00,75.81,75.81,75.81,75.81,75.81,0.0,0,,,
2026-08-18 05:30:00+00:00,75.7,75.7,75.54,75.7,75.7,5.239,7,,,
2026-08-18 05:45:00+00:00,75.7,75.7,75.7,75.7,75.7,0.0,0,,,
2026-08-18 06:00:00+00:00,75.62,75.62,75.61,75.61,75.61,23.356,4,,,
2026-08-18 06:15:00+00:00,75.81,75.81,75.81,75.81,75.81,0.184,1,,,
2026-08-18 06:30:00+00:00,75.92,75.93,75.92,75.93,75.93,1.363,2,,,
2026-08-18 06:45:00+00:00,75.93,75.93,75.93,75.93,75.93,0.0,0,,,
2026-08-18 07:00:00+00:00,76.0,76.0,76.0,76.0,76.0,1.8,1,,,
2026-08-18 07:15:00+00:00,76.12,76.16,75.99,76.0,76.0,5.492,6,,,
2026-08-18 07:30:00+00:00,75.96,75.96,75.93,75.93,75.93,1.367,2,,,
2026-08-18 07:45:00+00:00,75.97,75.97,75.89,75.89,75.89,3.975,2,,,
2026-08-18 08:00:00+00:00,76.02,76.02,75.97,75.97,75.97,23.508,4,,,
2026-08-18 08:15:00+00:00,75.87,75.89,75.87,75.89,75.89,3.294,2,,,
2026-08-18 08:30:00+00:00,75.89,75.89,75.89,75.89,75.89,0.0,0,,,
2026-08-18 08:45:00+00:00,75.89,75.89,75.89,75.89,75.89,0.0,0,,,
2026-08-18 09:00:00+00:00,76.01,76.01,76.01,76.01,76.01,51.489,4,,,
2026-08-18 09:15:00+00:00,75.97,75.97,75.97,75.97,75.97,19.747,1,,,
2026-08-18 09:30:00+00:00,75.97,75.97,75.97,75.97,75.97,0.0,0,,,
2026-08-18 09:45:00+00:00,75.97,75.97,75.97,75.97,75.97,0.0,0,,,
2026-08-18 10:00:00+00:00,75.97,75.97,75.97,75.97,75.97,0.0,0,,,
2026-08-18 10:15:00+00:00,75.97,75.97,75.97,75.97,75.97,0.0,0,,,
2026-08-18 10:30:00+00:00,75.74,75.74,75.74,75.74,75.74,5.242,1,,,
2026-08-18 10:45:00+00:00,75.74,75.74,75.74,75.74,75.74,0.0,0,,,
2026-08-18 11:00:00+00:00,75.83,75.83,75.83,75.83,75.83,19.77,1,,,
2026-08-18 11:15:00+00:00,76.07,76.32,76.07,76.32,76.32,21.256,9,,,
2026-08-18 11:30:00+00:00,76.23,76.23,76.23,76.23,76.23,7.32,2,,,
2026-08-18 11:45:00+00:00,76.23,76.23,76.23,76.23,76.23,0.0,0,,,
2026-08-18 12:00:00+00:00,76.29,76.4,76.29,76.32,76.32,241.179,22,,,
2026-08-18 12:15:00+00:00,76.23,76.23,76.23,76.23,76.23,0.16,1,,,
2026-08-18 12:30:00+00:00,76.23,76.23,76.23,76.23,76.23,0.0,0,,,
2026-08-18 12:45:00+00:00,76.23,76.23,76.23,76.23,76.23,0.0,0,,,
2026-08-18 13:00:00+00:00,76.23,76.23,76.23,76.23,76.23,0.0,0,,,
2026-08-18 13:15:00+00:00,76.23,76.23,76.23,76.23,76.23,0.0,0,,,
2026-08-18 13:30:00+00:00,76.04,76.04,76.03,76.03,76.03,1.054,2,,,
2026-08-18 13:45:00+00:00,76.07,76.07,76.07,76.07,76.07,19.72,2,,,
2026-08-18 14:00:00+00:00,76.23,76.23,76.23,76.23,76.23,0.109,1,,,
2026-08-18 14:15:00+00:00,76.13,76.91,76.12,76.91,76.91,86.305,22,,,
2026-08-18 14:30:00+00:00,76.98,77.21,76.79,76.79,76.79,145.773,18,,,
2026-08-18 14:45:00+00:00,76.73,76.81,76.73,76.75,76.75,25.81,7,,,
2026-08-18 15:00:00+00:00,76.78,76.78,76.77,76.77,76.77,0.16,2,,,
2026-08-18 15:15:00+00:00,76.88,76.95,76.83,76.93,76.93,1040.301,60,,,
2026-08-18 15:30:00+00:00,77.02,77.02,77.02,77.02,77.02,60.895,4,,,
2026-08-18 15:45:00+00:00,77.01,77.15,77.01,77.12,77.12,63.057,8,,,
2026-08-18 16:00:00+00:00,77.15,77.15,77.15,77.15,77.15,45.671,3,,,
2026-08-18 16:15:00+00:00,76.89,76.89,76.88,76.88,76.88,3.433,2,,,
2026-08-18 16:30:00+00:00,76.98,76.98,76.98,76.98,76.98,0.194,1,,,
2026-08-18 16:45:00+00:00,77.06,77.08,77.06,77.08,77.08,0.329,2,,,
2026-08-18 17:00:00+00:00,76.98,76.98,76.91,76.91,76.91,3.409,2,,,
2026-08-18 17:15:00+00:00,76.87,76.87,76.86,76.86,76.86,7.153,2,,,
2026-08-18 17:30:00+00:00,76.88,76.88,76.86,76.86,76.86,14.601,2,,,
2026-08-18 17:45:00+00:00,76.86,76.86,76.86,76.86,76.86,0.16,1,,,
2026-08-18 18:00:00+00:00,77.0,77.0,77.0,77.0,77.0,19.47,1,,,
2026-08-18 18:15:00+00:00,77.08,77.2,77.08,77.19,77.19,7.079,4,,,
2026-08-18 18:30:00+00:00,77.16,77.19,77.16,77.19,77.19,20.169,3,,,
2026-08-18 18:45:00+00:00,77.19,77.19,77.19,77.19,77.19,1.0,1,,,
2026-08-18 19:00:00+00:00,77.19,77.19,77.19,77.19,77.19,0.0,0,,,
2026-08-18 19:15:00+00:00,77.25,77.3,77.24,77.3,77.3,39.69,7,,,
2026-08-18 19:30:00+00:00,77.3,77.3,77.21,77.21,77.21,25.826,3,,,
2026-08-18 19:45:00+00:00,77.21,77.21,77.21,77.21,77.21,0.0,0,,,
2026-08-18 20:00:00+00:00,77.21,77.21,77.21,77.21,77.21,0.0,0,,,
2026-08-18 20:15:00+00:00,76.92,76.92,76.92,76.92,76.92,20.146,2,,,
2026-08-18 20:30:00+00:00,76.98,77.05,76.98,76.98,76.98,41.809,6,,,
2026-08-18 20:45:00+00:00,76.79,76.79,76.71,76.79,76.79,159.432,7,,,
2026-08-18 21:00:00+00:00,77.02,77.02,76.98,76.98,76.98,29.857,3,,,
2026-08-18 21:15:00+00:00,76.94,76.94,76.93,76.93,76.93,59.951,5,,,
2026-08-18 21:30:00+00:00,76.93,76.93,76.93,76.93,76.93,0.325,1,,,
2026-08-18 21:45:00+00:00,76.93,76.93,76.93,76.93,76.93,0.0,0,,,
2026-08-18 22:00:00+00:00,77.09,77.09,77.06,77.06,77.06,34.172,4,,,
2026-08-18 22:15:00+00:00,76.95,77.03,76.95,77.03,77.03,20.599,3,,,
2026-08-18 22:30:00+00:00,77.14,77.14,77.11,77.11,77.11,20.683,5,,,
2026-08-18 22:45:00+00:00,76.85,76.85,76.85,76.85,76.85,20.146,2,,,
2026-08-18 23:00:00+00:00,77.07,77.07,77.0,77.0,77.0,23.664,4,,,
2026-08-18 23:15:00+00:00,77.06,77.06,77.06,77.06,77.06,19.45,1,,,
2026-08-18 23:30:00+00:00,77.11,77.18,77.11,77.13,77.13,25.28,5,,,
2026-08-18 23:45:00+00:00,77.1,77.1,77.09,77.09,77.09,3.249,2,,,
2026-08-19 00:00:00+00:00,77.0,77.0,76.85,76.85,76.85,21.182,3,,,
2026-08-19 00:15:00+00:00,76.79,76.94,76.79,76.94,76.94,6.803,3,,,
2026-08-19 00:30:00+00:00,76.94,76.94,76.94,76.94,76.94,0.0,0,,,
2026-08-19 00:45:00+00:00,76.97,76.97,76.97,76.97,76.97,0.033,1,,,
2026-08-19 01:00:00+00:00,76.86,76.99,76.86,76.96,76.96,53.833,4,,,
2026-08-19 01:15:00+00:00,76.88,76.88,76.69,76.76,76.76,49.656,10,,,
2026-08-19 01:30:00+00:00,76.69,76.69,76.69,76.69,76.69,0.15,2,,,
2026-08-19 01:45:00+00:00,76.69,76.69,76.69,76.69,76.69,20.146,2,,,
2026-08-19 02:00:00+00:00,76.74,76.74,76.74,76.74,76.74,0.426,1,,,
2026-08-19 02:15:00+00:00,76.69,76.83,76.67,76.83,76.83,13.594,5,,,
2026-08-19 02:30:00+00:00,76.85,76.85,76.8,76.8,76.8,19.666,2,,,
2026-08-19 02:45:00+00:00,76.76,76.76,76.76,76.76,76.76,0.198,1,,,
2026-08-19 03:00:00+00:00,76.7,76.8,76.7,76.8,76.8,26.608,5,,,
2026-08-19 03:15:00+00:00,76.95,77.0,76.95,76.98,76.98,20.798,4,,,
2026-08-19 03:30:00+00:00,76.94,76.94,76.94,76.94,76.94,6.499,1,,,
2026-08-19 03:45:00+00:00,76.94,76.94,76.94,76.94,76.94,0.0,0,,,
2026-08-19 04:00:00+00:00,76.95,76.95,76.91,76.91,76.91,29.055,5,,,
2026-08-19 04:15:00+00:00,76.91,76.91,76.91,76.91,76.91,0.0,0,,,
2026-08-19 04:30:00+00:00,76.92,76.92,76.85,76.85,76.85,20.276,3,,,
2026-08-19 04:45:00+00:00,76.86,76.86,76.78,76.84,76.84,1.939,7,,,
2026-08-19 05:00:00+00:00,76.88,77.0,76.86,76.98,76.98,52.228,7,,,
2026-08-19 05:15:00+00:00,76.84,76.84,76.84,76.84,76.84,13.593,1,,,
2026-08-19 05:30:00+00:00,76.85,76.85,76.85,76.85,76.85,19.52,1,,,
2026-08-19 05:45:00+00:00,76.85,76.85,76.85,76.85,76.85,0.0,0,,,
2026-08-19 06:00:00+00:00,76.72,76.72,76.57,76.6,76.6,1.494,5,,,
2026-08-19 06:15:00+00:00,76.73,76.88,76.73,76.87,76.87,1.444,4,,,
2026-08-19 06:30:00+00:00,76.7,76.81,76.7,76.81,76.81,53.308,8,,,
2026-08-19 06:45:00+00:00,77.0,77.07,76.97,76.97,76.97,7.428,6,,,
2026-08-19 07:00:00+00:00,76.89,76.98,76.89,76.98,76.98,2.48,3,,,
2026-08-19 07:15:00+00:00,76.94,76.94,76.89,76.89,76.89,1.362,2,,,
2026-08-19 07:30:00+00:00,76.89,76.89,76.89,76.89,76.89,0.0,0,,,
2026-08-19 07:45:00+00:00,76.91,76.94,76.91,76.92,76.92,24.795,5,,,
2026-08-19 08:00:00+00:00,76.89,76.92,76.89,76.92,76.92,1.796,2,,,
2026-08-19 08:15:00+00:00,76.97,77.14,76.97,77.14,77.14,19.546,15,,,
2026-08-19 08:30:00+00:00,77.12,77.5,77.12,77.37,77.37,161.009,21,,,
2026-08-19 08:45:00+00:00,77.39,77.39,77.39,77.39,77.39,11.671,1,,,
2026-08-19 09:00:00+00:00,77.34,77.34,77.34,77.34,77.34,8.188,1,,,
2026-08-19 09:15:00+00:00,77.33,77.33,77.29,77.29,77.29,32.501,4,,,
2026-08-19 09:30:00+00:00,77.22,77.22,77.22,77.22,77.22,0.103,1,,,
2026-08-19 09:45:00+00:00,77.22,77.22,77.22,77.22,77.22,0.0,0,,,
2026-08-19 10:00:00+00:00,77.22,77.22,77.22,77.22,77.22,0.0,0,,,
2026-08-19 10:15:00+00:00,77.21,77.21,77.21,77.21,77.21,0.684,1,,,
2026-08-19 10:30:00+00:00,77.21,77.21,77.21,77.21,77.21,0.0,0,,,
2026-08-19 10:45:00+00:00,77.21,77.21,77.21,77.21,77.21,0.0,0,,,
2026-08-19 11:00:00+00:00,77.43,77.5,77.43,77.5,77.5,1.518,3,,,
2026-08-19 11:15:00+00:00,77.46,77.53,77.45,77.53,77.53,73.324,7,,,
2026-08-19 11:30:00+00:00,77.49,77.49,77.49,77.49,77.49,1.117,1,,,
2026-08-19 11:45:00+00:00,77.47,77.47,77.47,77.47,77.47,0.684,1,,,
2026-08-19 12:00:00+00:00,77.46,77.46,77.4,77.4,77.4,52.493,7,,,
2026-08-19 12:15:00+00:00,77.39,77.42,77.39,77.42,77.42,1.368,2,,,
2026-08-19 12:30:00+00:00,77.47,77.97,77.47,77.97,77.97,251.181,38,,,
2026-08-19 12:45:00+00:00,78.0,78.77,77.98,78.34,78.34,392.506,51,,,
2026-08-19 13:00:00+00:00,78.34,78.34,78.14,78.28,78.28,4.844,9,,,
2026-08-19 13:15:00+00:00,78.37,78.45,78.37,78.45,78.45,31.597,6,,,
2026-08-19 13:30:00+00:00,78.45,78.61,78.29,78.49,78.49,8.416,12,,,
2026-08-19 13:45:00+00:00,78.51,78.51,78.36,78.36,78.36,143.533,11,,,
2026-08-19 14:00:00+00:00,78.42,78.61,78.42,78.55,78.55,55.351,10,,,
2026-08-19 14:15:00+00:00,78.61,78.69,78.49,78.49,78.49,45.695,14,,,
2026-08-19 14:30:00+00:00,78.47,79.01,78.47,79.01,79.01,89.509,25,,,
2026-08-19 14:45:00+00:00,79.04,80.93,79.03,80.82,80.82,863.064,144,,,
2026-08-19 15:00:00+00:00,80.86,82.04,80.67,81.22,81.22,1439.621,193,,,
2026-08-19 15:15:00+00:00,81.39,82.74,80.89,81.93,81.93,1040.187,176,,,
2026-08-19 15:30:00+00:00,81.9,82.49,81.55,82.23,82.23,645.918,176,,,
2026-08-19 15:45:00+00:00,82.26,82.26,81.57,81.83,81.83,353.697,86,,,
2026-08-19 16:00:00+00:00,81.83,82.27,81.65,81.88,81.88,61.106,43,,,
2026-08-19 16:15:00+00:00,81.87,82.06,81.81,82.06,82.06,108.312,56,,,
2026-08-19 16:30:00+00:00,81.94,81.97,81.82,81.87,81.87,19.394,5,,,
2026-08-19 16:45:00+00:00,81.81,81.81,81.56,81.56,81.56,2.4,6,,,
2026-08-19 17:00:00+00:00,81.47,81.55,81.46,81.55,81.55,25.187,6,,,
2026-08-19 17:15:00+00:00,81.34,81.34,81.11,81.11,81.11,34.684,12,,,
2026-08-19 17:30:00+00:00,81.28,81.28,81.28,81.28,81.28,0.684,1,,,
2026-08-19 17:45:00+00:00,81.46,81.65,81.46,81.65,81.65,8.394,7,,,
2026-08-19 18:00:00+00:00,81.65,81.65,81.27,81.28,81.28,8.804,4,,,
2026-08-19 18:15:00+00:00,81.64,81.93,81.64,81.87,81.87,61.199,15,,,
2026-08-19 18:30:00+00:00,81.94,82.16,81.94,82.16,82.16,48.393,21,,,
2026-08-19 18:45:00+00:00,82.16,82.23,82.12,82.2,82.2,41.568,11,,,
2026-08-19 19:00:00+00:00,82.2,82.34,82.07,82.07,82.07,22.412,10,,,
2026-08-19 19:15:00+00:00,82.4,82.42,82.39,82.39,82.39,1.852,3,,,
2026-08-19 19:30:00+00:00,82.19,82.3,82.17,82.27,82.27,128.288,63,,,
2026-08-19 19:45:00+00:00,82.29,82.44,82.22,82.3,82.3,36.728,55,,,
2026-08-19 20:00:00+00:00,82.33,82.46,82.28,82.4,82.4,26.118,54,,,
2026-08-19 20:15:00+00:00,82.41,82.52,82.33,82.45,82.45,109.774,67,,,
2026-08-19 20:30:00+00:00,82.56,82.56,82.56,82.56,82.56,0.058,1,,,
2026-08-19 20:45:00+00:00,82.68,84.25,82.68,83.76,83.76,530.186,117,,,
2026-08-19 21:00:00+00:00,83.83,87.01,83.83,86.04,86.04,264.448,198,,,
2026-08-19 21:15:00+00:00,86.06,87.13,85.92,87.13,87.13,84.877,61,,,
2026-08-19 21:30:00+00:00,86.9,87.14,86.28,86.45,86.45,34.372,41,,,
2026-08-19 21:45:00+00:00,86.47,87.09,86.47,86.54,86.54,78.118,37,,,
2026-08-19 22:00:00+00:00,86.64,86.8,85.59,85.82,85.82,205.602,73,,,
2026-08-19 22:15:00+00:00,85.88,86.01,85.4,85.4,85.4,72.182,18,,,
2026-08-19 22:30:00+00:00,85.01,85.73,84.93,85.64,85.64,19.219,20,,,
2026-08-19 22:45:00+00:00,85.6,85.6,85.08,85.44,85.44,11.492,13,,,
2026-08-19 23:00:00+00:00,85.41,85.5,85.4,85.42,85.42,4.333,6,,,
2026-08-19 23:15:00+00:00,85.42,85.44,85.29,85.44,85.44,3.657,8,,,
2026-08-19 23:30:00+00:00,85.31,85.67,85.12,85.61,85.61,22.072,16,,,
2026-08-19 23:45:00+00:00,85.51,85.51,85.06,85.35,85.35,3.979,8,,,
2026-08-20 00:00:00+00:00,85.44,85.57,85.31,85.31,85.31,20.639,8,,,
2026-08-20 00:15:00+00:00,85.44,85.67,85.44,85.51,85.51,16.207,9,,,
2026-08-20 00:30:00+00:00,85.52,85.63,85.46,85.46,85.46,26.247,9,,,
2026-08-20 00:45:00+00:00,85.5,85.59,84.88,84.88,84.88,296.351,30,,,
2026-08-20 01:00:00+00:00,84.99,84.99,84.67,84.75,84.75,7.675,10,,,
2026-08-20 01:15:00+00:00,84.64,84.82,84.64,84.82,84.82,2.899,3,,,
2026-08-20 01:30:00+00:00,84.7,84.9,84.7,84.9,84.9,2.051,3,,,
2026-08-20 01:45:00+00:00,85.02,85.31,85.02,85.29,85.29,11.043,20,,,
2026-08-20 02:00:00+00:00,85.26,85.36,85.11,85.23,85.23,3.641,14,,,
2026-08-20 02:15:00+00:00,85.25,85.25,85.06,85.06,85.06,3.524,6,,,
2026-08-20 02:30:00+00:00,85.0,85.0,84.9,84.9,84.9,0.664,3,,,
2026-08-20 02:45:00+00:00,84.78,84.78,84.7,84.73,84.73,2.041,6,,,
2026-08-20 03:00:00+00:00,84.7,84.7,84.01,84.22,84.22,83.401,39,,,
2026-08-20 03:15:00+00:00,84.26,84.52,84.26,84.26,84.26,3.308,8,,,
2026-08-20 03:30:00+00:00,84.31,84.39,84.31,84.39,84.39,0.402,2,,,
2026-08-20 03:45:00+00:00,84.52,84.52,84.52,84.52,84.52,0.165,1,,,
2026-08-20 04:00:00+00:00,84.5,84.61,84.5,84.57,84.57,4.859,6,,,
2026-08-20 04:15:00+00:00,84.6,84.6,84.5,84.55,84.55,2.357,5,,,
2026-08-20 04:30:00+00:00,84.45,84.49,84.45,84.49,84.49,18.424,2,,,
2026-08-20 04:45:00+00:00,84.7,84.81,84.7,84.81,84.81,12.867,6,,,
2026-08-20 05:00:00+00:00,84.81,84.88,84.81,84.88,84.88,1.819,3,,,
2026-08-20 05:15:00+00:00,84.88,85.01,84.86,84.87,84.87,3.542,36,,,
2026-08-20 05:30:00+00:00,84.87,84.96,84.85,84.94,84.94,0.564,32,,,
2026-08-20 05:45:00+00:00,84.92,84.92,84.77,84.88,84.88,0.541,31,,,
2026-08-20 06:00:00+00:00,84.85,84.86,84.65,84.76,84.76,63.361,51,,,
2026-08-20 06:15:00+00:00,84.73,85.37,84.71,85.32,85.32,44.808,71,,,
2026-08-20 06:30:00+00:00,85.36,85.74,85.21,85.68,85.68,17.703,64,,,
2026-08-20 06:45:00+00:00,85.7,85.84,85.64,85.84,85.84,34.263,73,,,
2026-08-20 07:00:00+00:00,85.78,85.92,85.74,85.85,85.85,25.653,62,,,
2026-08-20 07:15:00+00:00,85.87,85.99,85.71,85.98,85.98,8.499,56,,,
2026-08-20 07:30:00+00:00,85.87,86.06,85.72,85.8,85.8,8.602,63,,,
2026-08-20 07:45:00+00:00,85.77,86.08,85.77,86.08,86.08,9.943,56,,,
2026-08-20 08:00:00+00:00,86.04,87.39,86.01,87.36,87.36,150.324,122,,,
2026-08-20 08:15:00+00:00,87.33,87.53,86.98,87.43,87.43,116.005,85,,,
2026-08-20 08:30:00+00:00,87.34,87.77,87.3,87.77,87.77,126.561,55,,,
2026-08-20 08:45:00+00:00,87.74,87.84,87.46,87.46,87.46,76.147,33,,,
2026-08-20 09:00:00+00:00,87.45,87.53,87.3,87.46,87.46,58.497,22,,,
2026-08-20 09:15:00+00:00,87.55,87.7,87.54,87.67,87.67,45.572,11,,,
2026-08-20 09:30:00+00:00,87.46,87.59,87.33,87.55,87.55,63.313,14,,,
2026-08-20 09:45:00+00:00,87.46,87.46,87.11,87.11,87.11,3.663,6,,,
2026-08-20 10:00:00+00:00,87.21,87.46,87.21,87.46,87.46,19.706,5,,,
2026-08-20 10:15:00+00:00,87.52,87.66,87.33,87.33,87.33,37.321,9,,,
2026-08-20 10:30:00+00:00,87.32,87.32,87.16,87.17,87.17,2.904,4,,,
2026-08-20 10:45:00+00:00,87.08,87.33,87.03,87.33,87.33,39.588,9,,,
2026-08-20 11:00:00+00:00,87.3,87.35,87.2,87.2,87.2,34.972,10,,,
2026-08-20 11:15:00+00:00,87.1,87.19,87.1,87.19,87.19,3.291,4,,,
2026-08-20 11:30:00+00:00,87.14,87.99,87.14,87.7,87.7,198.794,36,,,
2026-08-20 11:45:00+00:00,87.73,87.73,87.2,87.2,87.2,18.076,15,,,
2026-08-20 12:00:00+00:00,87.2,87.21,86.66,86.82,86.82,47.02,17,,,
2026-08-20 12:15:00+00:00,86.78,86.91,86.75,86.91,86.91,19.835,6,,,
2026-08-20 12:30:00+00:00,86.93,86.93,86.71,86.71,86.71,16.407,6,,,
2026-08-20 12:45:00+00:00,86.91,87.04,86.91,87.04,87.04,0.321,2,,,
2026-08-20 13:00:00+00:00,87.16,87.27,87.16,87.27,87.27,1.623,3,,,
2026-08-20 13:15:00+00:00,87.3,87.34,86.96,86.97,86.97,70.598,13,,,
2026-08-20 13:30:00+00:00,86.91,86.91,86.22,86.49,86.49,117.1,28,,,
2026-08-20 13:45:00+00:00,86.64,86.69,86.35,86.58,86.58,48.168,12,,,
2026-08-20 14:00:00+00:00,86.44,86.58,86.43,86.58,86.58,20.653,4,,,
2026-08-20 14:15:00+00:00,86.51,86.51,86.33,86.5,86.5,26.728,7,,,
2026-08-20 14:30:00+00:00,86.38,86.51,86.24,86.37,86.37,917.604,76,,,
2026-08-20 14:45:00+00:00,86.17,86.44,86.13,86.42,86.42,36.983,19,,,
2026-08-20 15:00:00+00:00,86.64,87.22,86.64,86.91,86.91,129.708,29,,,
2026-08-20 15:15:00+00:00,86.89,87.05,86.64,86.93,86.93,125.933,72,,,
2026-08-20 15:30:00+00:00,86.98,87.25,86.66,86.82,86.82,113.235,71,,,
2026-08-20 15:45:00+00:00,86.83,87.39,86.83,87.31,87.31,66.802,23,,,
2026-08-20 16:00:00+00:00,87.22,87.3,87.08,87.09,87.09,44.543,15,,,
2026-08-20 16:15:00+00:00,87.11,87.17,86.91,87.04,87.04,18.689,11,,,
2026-08-20 16:30:00+00:00,87.17,87.53,87.17,87.43,87.43,139.088,18,,,
2026-08-20 16:45:00+00:00,87.36,87.71,87.36,87.71,87.71,63.19,10,,,
2026-08-20 17:00:00+00:00,87.65,87.67,87.43,87.43,87.43,476.066,39,,,
2026-08-20 17:15:00+00:00,87.32,87.58,87.32,87.58,87.58,190.125,40,,,
2026-08-20 17:30:00+00:00,87.71,87.71,87.58,87.58,87.58,17.418,5,,,
2026-08-20 17:45:00+00:00,87.53,87.74,87.52,87.58,87.58,463.866,28,,,
2026-08-20 18:00:00+00:00,87.45,87.45,86.9,87.0,87.0,78.834,22,,,
2026-08-20 18:15:00+00:00,86.98,87.28,86.87,87.17,87.17,57.979,11,,,
2026-08-20 18:30:00+00:00,87.03,87.06,86.67,86.84,86.84,55.441,30,,,
2026-08-20 18:45:00+00:00,86.87,87.06,86.87,87.06,87.06,24.878,7,,,
2026-08-20 19:00:00+00:00,86.9,87.33,86.9,87.21,87.21,107.447,14,,,
2026-08-20 19:15:00+00:00,87.16,87.39,87.14,87.23,87.23,36.858,13,,,
2026-08-20 19:30:00+00:00,87.26,87.46,87.13,87.46,87.46,72.939,12,,,
2026-08-20 19:45:00+00:00,87.38,87.38,87.14,87.21,87.21,60.546,17,,,
2026-08-20 20:00:00+00:00,87.27,87.39,87.27,87.37,87.37,56.702,8,,,
2026-08-20 20:15:00+00:00,87.35,87.41,87.31,87.36,87.36,22.947,8,,,
2026-08-20 20:30:00+00:00,87.49,87.59,87.43,87.51,87.51,10.536,12,,,
2026-08-20 20:45:00+00:00,87.49,87.53,87.42,87.49,87.49,265.926,16,,,
2026-08-20 21:00:00+00:00,87.55,87.81,87.55,87.74,87.74,117.894,19,,,
2026-08-20 21:15:00+00:00,87.71,87.75,87.43,87.45,87.45,46.009,11,,,
2026-08-20 21:30:00+00:00,87.51,87.65,87.45,87.5,87.5,32.456,10,,,
2026-08-20 21:45:00+00:00,87.44,87.46,87.44,87.45,87.45,19.092,4,,,
2026-08-20 22:00:00+00:00,87.42,87.42,87.26,87.39,87.39,47.315,17,,,
2026-08-20 22:15:00+00:00,87.25,87.54,87.25,87.54,87.54,12.802,4,,,
2026-08-20 22:30:00+00:00,87.34,87.34,87.29,87.29,87.29,12.333,4,,,
2026-08-20 22:45:00+00:00,87.29,87.29,87.29,87.29,87.29,0.0,0,,,
2026-08-20 23:00:00+00:00,87.3,87.38,87.28,87.38,87.38,92.645,12,,,
2026-08-20 23:15:00+00:00,87.42,87.83,87.42,87.83,87.83,115.924,38,,,
2026-08-20 23:30:00+00:00,87.91,87.92,87.6,87.6,87.6,19.625,7,,,
2026-08-20 23:45:00+00:00,87.57,87.59,87.57,87.58,87.58,2.67,4,,,
2026-08-21 00:00:00+00:00,87.58,87.86,87.58,87.86,87.86,21.516,7,,,
2026-08-21 00:15:00+00:00,87.9,88.72,87.76,88.35,88.35,124.072,76,,,
2026-08-21 00:30:00+00:00,88.34,88.53,87.76,87.93,87.93,489.432,51,,,
2026-08-21 00:45:00+00:00,87.96,88.34,87.78,88.21,88.21,28.566,21,,,
2026-08-21 01:00:00+00:00,88.18,88.36,88.18,88.36,88.36,156.754,18,,,
2026-08-21 01:15:00+00:00,88.37,88.96,88.22,88.36,88.36,223.818,74,,,
2026-08-21 01:30:00+00:00,88.48,88.63,88.25,88.44,88.44,151.357,24,,,
2026-08-21 01:45:00+00:00,88.48,89.43,88.48,88.94,88.94,559.241,125,,,
2026-08-21 02:00:00+00:00,88.95,89.71,88.49,89.13,89.13,426.435,93,,,
2026-08-21 02:15:00+00:00,89.19,89.38,88.89,89.38,89.38,351.084,34,,,
2026-08-21 02:30:00+00:00,89.36,90.13,88.96,89.6,89.6,453.036,75,,,
2026-08-21 02:45:00+00:00,89.62,89.62,89.13,89.17,89.17,120.507,25,,,
2026-08-21 03:00:00+00:00,89.2,89.2,88.87,89.19,89.19,38.481,10,,,
2026-08-21 03:15:00+00:00,89.08,89.32,89.05,89.32,89.32,54.966,13,,,
2026-08-21 03:30:00+00:00,89.33,89.38,89.17,89.25,89.25,56.419,14,,,
2026-08-21 03:45:00+00:00,89.32,89.46,89.19,89.19,89.19,397.508,36,,,
2026-08-21 04:00:00+00:00,89.09,89.4,89.03,89.03,89.03,77.738,18,,,
2026-08-21 04:15:00+00:00,89.15,89.24,88.87,88.89,88.89,16.072,10,,,
2026-08-21 04:30:00+00:00,88.86,89.15,88.86,89.05,89.05,29.464,10,,,
2026-08-21 04:45:00+00:00,89.07,89.43,89.07,89.42,89.42,120.646,21,,,
2026-08-21 05:00:00+00:00,89.36,89.59,89.19,89.59,89.59,106.01,19,,,
2026-08-21 05:15:00+00:00,89.56,89.89,89.54,89.61,89.61,69.457,18,,,
2026-08-21 05:30:00+00:00,89.52,89.99,89.52,89.98,89.98,65.175,13,,,
2026-08-21 05:45:00+00:00,90.1,90.72,90.1,90.28,90.28,445.933,46,,,
2026-08-21 06:00:00+00:00,90.38,91.19,90.34,91.12,91.12,131.087,32,,,
2026-08-21 06:15:00+00:00,90.75,90.75,90.05,90.07,90.07,191.988,28,,,
2026-08-21 06:30:00+00:00,90.08,90.36,90.02,90.04,90.04,173.123,49,,,
2026-08-21 06:45:00+00:00,90.01,90.35,89.72,90.11,90.11,256.438,77,,,
2026-08-21 07:00:00+00:00,90.18,90.69,90.18,90.69,90.69,75.449,37,,,
2026-08-21 07:15:00+00:00,90.73,91.11,90.15,90.19,90.19,551.218,134,,,
2026-08-21 07:30:00+00:00,90.2,90.69,89.91,90.52,90.52,161.273,83,,,
2026-08-21 07:45:00+00:00,90.52,90.65,90.31,90.34,90.34,104.959,43,,,
2026-08-21 08:00:00+00:00,90.37,90.98,90.37,90.72,90.72,184.289,56,,,
2026-08-21 08:15:00+00:00,90.68,91.46,90.68,91.26,91.26,181.027,60,,,
2026-08-21 08:30:00+00:00,91.32,92.11,91.32,91.98,91.98,126.074,62,,,
2026-08-21 08:45:00+00:00,92.14,93.3,92.14,93.19,93.19,434.6,191,,,
2026-08-21 09:00:00+00:00,93.24,93.26,90.37,91.37,91.37,404.988,164,,,
2026-08-21 09:15:00+00:00,91.26,91.48,90.83,91.12,91.12,252.492,140,,,
2026-08-21 09:30:00+00:00,91.09,91.86,91.0,91.86,91.86,78.96,28,,,
2026-08-21 09:45:00+00:00,91.94,92.1,91.29,91.58,91.58,87.965,35,,,
2026-08-21 10:00:00+00:00,91.67,91.67,91.15,91.26,91.26,103.038,69,,,
2026-08-21 10:15:00+00:00,91.28,91.65,90.84,91.22,91.22,125.778,89,,,
2026-08-21 10:30:00+00:00,91.26,91.31,90.91,91.31,91.31,89.635,48,,,
2026-08-21 10:45:00+00:00,91.38,91.61,91.38,91.43,91.43,19.626,29,,,
2026-08-21 11:00:00+00:00,91.46,91.54,90.52,91.06,91.06,169.641,62,,,
2026-08-21 11:15:00+00:00,91.08,91.08,90.67,90.89,90.89,120.049,65,,,
2026-08-21 11:30:00+00:00,90.97,90.97,89.96,90.44,90.44,180.364,75,,,
2026-08-21 11:45:00+00:00,90.43,90.54,90.08,90.2,90.2,33.502,25,,,
2026-08-21 12:00:00+00:00,90.26,90.45,89.98,90.43,90.43,87.315,34,,,
2026-08-21 12:15:00+00:00,90.39,90.39,90.2,90.31,90.31,39.629,20,,,
2026-08-21 12:30:00+00:00,90.21,91.06,90.21,91.05,91.05,57.403,27,,,
2026-08-21 12:45:00+00:00,91.03,91.08,90.81,90.81,90.81,25.684,14,,,
2026-08-21 13:00:00+00:00,90.79,90.93,90.67,90.76,90.76,9.345,12,,,
2026-08-21 13:15:00+00:00,90.77,90.79,90.46,90.73,90.73,81.607,16,,,
2026-08-21 13:30:00+00:00,90.67,90.93,89.79,90.93,90.93,200.161,62,,,
2026-08-21 13:45:00+00:00,91.03,91.27,90.86,91.07,91.07,92.889,30,,,
2026-08-21 14:00:00+00:00,91.03,91.03,90.57,90.93,90.93,101.511,25,,,
2026-08-21 14:15:00+00:00,90.97,91.25,90.79,91.25,91.25,320.589,34,,,
2026-08-21 14:30:00+00:00,91.27,91.47,91.17,91.45,91.45,95.014,26,,,
2026-08-21 14:45:00+00:00,91.49,91.86,91.49,91.83,91.83,157.255,21,,,
2026-08-21 15:00:00+00:00,92.04,92.09,91.77,91.84,91.84,89.105,19,,,
2026-08-21 15:15:00+00:00,91.84,91.84,91.5,91.5,91.5,32.348,10,,,
2026-08-21 15:30:00+00:00,91.62,91.68,91.41,91.58,91.58,22.461,7,,,
2026-08-21 15:45:00+00:00,91.64,91.64,91.24,91.24,91.24,304.634,35,,,
2026-08-21 16:00:00+00:00,91.41,91.41,90.89,90.89,90.89,166.859,34,,,
2026-08-21 16:15:00+00:00,90.82,91.4,90.82,91.4,91.4,57.337,26,,,
2026-08-21 16:30:00+00:00,91.4,91.54,91.35,91.35,91.35,33.261,26,,,
2026-08-21 16:45:00+00:00,91.37,91.86,91.37,91.54,91.54,119.791,36,,,
2026-08-21 17:00:00+00:00,91.57,91.86,91.49,91.65,91.65,61.632,39,,,
2026-08-21 17:15:00+00:00,91.62,91.66,91.2,91.5,91.5,147.836,64,,,
2026-08-21 17:30:00+00:00,91.51,91.93,91.51,91.57,91.57,392.619,81,,,
2026-08-21 17:45:00+00:00,91.54,91.86,91.52,91.8,91.8,40.617,15,,,
2026-08-21 18:00:00+00:00,91.72,91.98,91.72,91.91,91.91,36.36,11,,,
2026-08-21 18:15:00+00:00,91.72,92.0,91.69,91.84,91.84,10.982,9,,,
2026-08-21 18:30:00+00:00,91.92,91.93,91.35,91.35,91.35,82.171,15,,,
2026-08-21 18:45:00+00:00,91.28,91.53,91.08,91.53,91.53,249.758,40,,,
2026-08-21 19:00:00+00:00,91.36,91.36,90.94,91.32,91.32,50.585,18,,,
2026-08-21 19:15:00+00:00,91.28,91.35,90.94,91.35,91.35,41.897,17,,,
2026-08-21 19:30:00+00:00,91.23,91.23,90.84,90.84,90.84,80.396,14,,,
2026-08-21 19:45:00+00:00,90.96,91.0,90.86,90.86,90.86,28.064,5,,,
2026-08-21 20:00:00+00:00,90.89,91.28,90.57,91.15,91.15,101.868,26,,,
2026-08-21 20:15:00+00:00,91.21,91.86,91.21,91.72,91.72,54.263,21,,,
2026-08-21 20:30:00+00:00,91.78,91.88,91.69,91.88,91.88,6.058,4,,,
2026-08-21 20:45:00+00:00,91.83,91.83,91.72,91.81,91.81,34.051,6,,,
2026-08-21 21:00:00+00:00,91.82,92.37,91.69,92.31,92.31,393.275,59,,,
2026-08-21 21:15:00+00:00,92.27,92.89,92.17,92.78,92.78,363.029,59,,,
2026-08-21 21:30:00+00:00,92.79,93.01,92.6,93.01,93.01,69.359,35,,,
2026-08-21 21:45:00+00:00,93.1,93.77,93.1,93.75,93.75,808.265,95,,,
2026-08-21 22:00:00+00:00,93.71,94.32,93.68,94.03,94.03,300.816,73,,,
2026-08-21 22:15:00+00:00,93.87,94.06,93.52,94.06,94.06,125.825,58,,,
2026-08-21 22:30:00+00:00,94.18,94.39,93.39,94.38,94.38,201.995,83,,,
2026-08-21 22:45:00+00:00,94.32,94.58,93.58,94.23,94.23,1105.559,143,,,
2026-08-21 23:00:00+00:00,94.29,94.29,93.9,94.09,94.09,168.455,63,,,
2026-08-21 23:15:00+00:00,94.07,94.92,94.07,94.43,94.43,141.966,76,,,
2026-08-21 23:30:00+00:00,94.43,94.43,93.65,93.92,93.92,91.714,58,,,
2026-08-21 23:45:00+00:00,93.88,93.88,93.44,93.65,93.65,39.654,17,,,
2026-08-22 00:00:00+00:00,93.72,93.86,92.94,93.54,93.54,131.925,85,,,
2026-08-22 00:15:00+00:00,93.53,94.38,93.42,93.64,93.64,116.221,64,,,
2026-08-22 00:30:00+00:00,93.71,93.85,93.4,93.58,93.58,111.986,44,,,
2026-08-22 00:45:00+00:00,93.52,93.92,93.38,93.86,93.86,96.938,66,,,
2026-08-22 01:00:00+00:00,93.84,94.18,93.76,93.96,93.96,59.662,88,,,
2026-08-22 01:15:00+00:00,94.01,94.23,93.74,94.01,94.01,73.065,74,,,
2026-08-22 01:30:00+00:00,94.03,94.4,93.63,93.63,93.63,59.499,36,,,
2026-08-22 01:45:00+00:00,93.78,94.0,93.5,93.7,93.7,82.534,46,,,
2026-08-22 02:00:00+00:00,93.73,94.24,93.72,94.24,94.24,109.574,43,,,
2026-08-22 02:15:00+00:00,94.19,94.96,94.19,94.87,94.87,95.591,49,,,
2026-08-22 02:30:00+00:00,94.77,95.74,94.67,95.63,95.63,255.655,99,,,
2026-08-22 02:45:00+00:00,95.59,95.59,95.28,95.58,95.58,111.294,62,,,
2026-08-22 03:00:00+00:00,95.57,96.42,95.49,96.08,96.08,212.687,97,,,
2026-08-22 03:15:00+00:00,95.97,97.07,95.97,96.95,96.95,298.298,87,,,
2026-08-22 03:30:00+00:00,96.87,97.51,96.4,96.6,96.6,128.681,67,,,
2026-08-22 03:45:00+00:00,96.64,97.27,96.61,96.75,96.75,115.637,81,,,
2026-08-22 04:00:00+00:00,96.78,97.15,96.19,97.15,97.15,138.887,118,,,
2026-08-22 04:15:00+00:00,97.14,97.91,96.67,97.91,97.91,243.719,78,,,
2026-08-22 04:30:00+00:00,97.98,102.61,97.85,102.31,102.31,2099.712,339,,,
2026-08-22 04:45:00+00:00,101.99,102.05,98.77,99.0,99.0,886.95,251,,,
2026-08-22 05:00:00+00:00,99.09,99.9,88.01,93.61,93.61,2280.721,542,,,
2026-08-22 05:15:00+00:00,93.75,94.31,91.21,94.12,94.12,1151.49,226,,,
2026-08-22 05:30:00+00:00,93.98,94.7,93.25,93.52,93.52,246.429,57,,,
2026-08-22 05:45:00+00:00,93.58,94.82,93.42,94.27,94.27,251.076,43,,,
2026-08-22 06:00:00+00:00,94.29,94.29,93.51,93.51,93.51,246.405,44,,,
2026-08-22 06:15:00+00:00,93.84,94.26,93.7,94.16,94.16,76.531,14,,,
2026-08-22 06:30:00+00:00,93.84,95.02,93.13,94.97,94.97,102.884,23,,,
2026-08-22 06:45:00+00:00,94.48,94.55,94.12,94.24,94.24,45.7,14,,,
2026-08-22 07:00:00+00:00,94.16,95.09,94.16,94.41,94.41,344.809,48,,,
2026-08-22 07:15:00+00:00,94.27,94.96,94.12,94.96,94.96,27.887,10,,,
2026-08-22 07:30:00+00:00,95.15,95.35,94.6,94.81,94.81,106.632,22,,,
2026-08-22 07:45:00+00:00,94.79,94.79,94.41,94.41,94.41,15.968,3,,,
2026-08-22 08:00:00+00:00,94.46,94.77,94.12,94.77,94.77,400.989,32,,,
2026-08-22 08:15:00+00:00,94.72,94.72,93.68,93.79,93.79,113.002,21,,,
2026-08-22 08:30:00+00:00,93.48,93.67,93.1,93.67,93.67,487.424,81,,,
2026-08-22 08:45:00+00:00,93.53,93.67,93.39,93.67,93.67,0.596,4,,,
2026-08-22 09:00:00+00:00,93.9,94.16,93.02,94.16,94.16,203.397,47,,,
2026-08-22 09:15:00+00:00,94.23,94.52,94.05,94.3,94.3,28.037,26,,,
2026-08-22 09:30:00+00:00,94.13,94.36,94.08,94.35,94.35,28.106,25,,,
2026-08-22 09:45:00+00:00,94.27,94.27,93.66,93.9,93.9,93.763,44,,,
2026-08-22 10:00:00+00:00,93.96,93.96,92.14,92.24,92.24,447.238,81,,,
2026-08-22 10:15:00+00:00,92.15,92.41,91.48,92.33,92.33,839.146,102,,,
2026-08-22 10:30:00+00:00,92.31,93.34,92.31,93.28,93.28,78.581,27,,,
2026-08-22 10:45:00+00:00,93.28,93.28,92.76,92.86,92.86,13.844,24,,,
2026-08-22 11:00:00+00:00,92.88,93.18,92.6,92.89,92.89,35.147,30,,,
2026-08-22 11:15:00+00:00,92.79,93.01,92.65,92.97,92.97,53.406,31,,,
2026-08-22 11:30:00+00:00,92.99,93.41,92.94,93.39,93.39,44.775,26,,,
2026-08-22 11:45:00+00:00,93.37,93.46,93.18,93.2,93.2,14.374,23,,,
2026-08-22 12:00:00+00:00,93.23,93.88,93.19,93.86,93.86,69.859,29,,,
2026-08-22 12:15:00+00:00,94.03,94.31,93.91,94.21,94.21,12.899,11,,,
2026-08-22 12:30:00+00:00,94.21,94.22,93.86,94.22,94.22,40.116,26,,,
2026-08-22 12:45:00+00:00,94.25,94.25,93.95,93.95,93.95,10.433,16,,,
2026-08-22 13:00:00+00:00,93.83,93.97,93.52,93.93,93.93,30.894,23,,,
2026-08-22 13:15:00+00:00,93.96,94.17,93.63,93.82,93.82,12.491,17,,,
2026-08-22 13:30:00+00:00,93.95,93.95,93.6,93.75,93.75,58.28,33,,,
2026-08-22 13:45:00+00:00,93.8,94.21,93.8,94.09,94.09,9.885,15,,,
2026-08-22 14:00:00+00:00,94.2,94.27,93.69,93.77,93.77,28.117,20,,,
2026-08-22 14:15:00+00:00,93.87,93.87,93.59,93.75,93.75,10.932,19,,,
2026-08-22 14:30:00+00:00,93.86,93.94,93.45,93.45,93.45,15.011,15,,,
2026-08-22 14:45:00+00:00,93.32,93.4,92.92,93.2,93.2,83.663,29,,,
2026-08-22 15:00:00+00:00,93.21,93.38,92.98,92.98,92.98,64.954,23,,,
2026-08-22 15:15:00+00:00,92.92,93.35,92.89,93.35,93.35,26.624,18,,,
2026-08-22 15:30:00+00:00,93.35,93.48,93.2,93.2,93.2,155.981,13,,,
2026-08-22 15:45:00+00:00,93.29,93.29,93.02,93.06,93.06,99.023,13,,,
2026-08-22 16:00:00+00:00,93.07,93.39,93.07,93.34,93.34,37.14,9,,,
2026-08-22 16:15:00+00:00,93.45,93.97,93.45,93.92,93.92,24.897,11,,,
2026-08-22 16:30:00+00:00,94.08,94.56,94.08,94.5,94.5,355.439,51,,,
2026-08-22 16:45:00+00:00,94.57,94.57,94.26,94.26,94.26,136.207,19,,,
2026-08-22 17:00:00+00:00,94.31,94.41,94.2,94.2,94.2,128.311,18,,,
2026-08-22 17:15:00+00:00,94.26,94.37,93.84,93.84,93.84,134.17,24,,,
2026-08-22 17:30:00+00:00,93.81,94.18,93.81,94.18,94.18,9.979,9,,,
2026-08-22 17:45:00+00:00,94.23,94.49,94.21,94.26,94.26,57.343,10,,,
2026-08-22 18:00:00+00:00,94.21,94.21,94.09,94.09,94.09,9.902,3,,,
2026-08-22 18:15:00+00:00,94.17,94.49,94.17,94.33,94.33,32.458,12,,,
2026-08-22 18:30:00+00:00,94.41,94.41,94.22,94.22,94.22,10.02,2,,,
2026-08-22 18:45:00+00:00,94.28,94.33,94.05,94.05,94.05,43.187,7,,,
2026-08-22 19:00:00+00:00,94.43,94.58,94.29,94.58,94.58,31.793,10,,,
2026-08-22 19:15:00+00:00,94.62,94.64,94.34,94.46,94.46,26.643,10,,,
2026-08-22 19:30:00+00:00,94.56,94.69,94.56,94.69,94.69,29.344,5,,,
2026-08-22 19:45:00+00:00,94.71,94.72,94.52,94.52,94.52,33.922,4,,,
2026-08-22 20:00:00+00:00,94.7,94.7,94.7,94.7,94.7,0.095,1,,,
2026-08-22 20:15:00+00:00,94.69,94.69,94.55,94.55,94.55,31.43,2,,,
2026-08-22 20:30:00+00:00,94.36,94.57,94.36,94.57,94.57,41.332,5,,,
2026-08-22 20:45:00+00:00,94.4,94.4,94.4,94.4,94.4,16.414,2,,,
2026-08-22 21:00:00+00:00,94.05,94.05,93.6,93.62,93.62,319.696,34,,,
2026-08-22 21:15:00+00:00,93.52,93.93,93.52,93.93,93.93,14.526,6,,,
2026-08-22 21:30:00+00:00,93.74,93.74,93.08,93.19,93.19,145.83,32,,,
2026-08-22 21:45:00+00:00,93.02,93.02,92.75,92.86,92.86,38.576,11,,,
2026-08-22 22:00:00+00:00,92.82,93.5,92.63,93.5,93.5,95.659,25,,,
2026-08-22 22:15:00+00:00,93.6,93.93,93.57,93.93,93.93,58.496,12,,,
2026-08-22 22:30:00+00:00,93.79,93.99,93.64,93.82,93.82,61.206,16,,,
2026-08-22 22:45:00+00:00,93.72,93.9,93.59,93.61,93.61,40.604,5,,,
2026-08-22 23:00:00+00:00,93.51,93.74,93.37,93.74,93.74,60.35,14,,,
2026-08-22 23:15:00+00:00,93.62,93.68,93.62,93.68,93.68,55.737,9,,,
2026-08-22 23:30:00+00:00,93.51,93.65,93.37,93.65,93.65,20.833,7,,,
2026-08-22 23:45:00+00:00,93.68,93.82,93.68,93.82,93.82,12.624,4,,,
2026-08-23 00:00:00+00:00,93.85,93.95,93.65,93.74,93.74,28.382,11,,,
2026-08-23 00:15:00+00:00,93.74,94.27,93.74,94.27,94.27,51.73,15,,,
2026-08-23 00:30:00+00:00,94.29,96.89,94.29,96.44,96.44,926.076,157,,,
2026-08-23 00:45:00+00:00,96.34,97.15,96.14,96.33,96.33,254.157,103,,,
2026-08-23 01:00:00+00:00,96.29,96.33,95.81,96.13,96.13,302.873,81,,,
2026-08-23 01:15:00+00:00,95.97,96.05,95.8,96.03,96.03,33.55,18,,,
2026-08-23 01:30:00+00:00,96.07,96.22,95.67,96.22,96.22,47.339,24,,,
2026-08-23 01:45:00+00:00,96.11,96.5,95.8,96.1,96.1,371.922,59,,,
2026-08-23 02:00:00+00:00,96.0,96.22,94.09,94.46,94.46,388.468,74,,,
2026-08-23 02:15:00+00:00,94.35,94.9,94.21,94.44,94.44,162.623,63,,,
2026-08-23 02:30:00+00:00,94.51,94.85,94.51,94.52,94.52,17.207,22,,,
2026-08-23 02:45:00+00:00,94.54,96.0,94.34,94.94,94.94,1373.67,160,,,
2026-08-23 03:00:00+00:00,94.89,94.92,94.49,94.85,94.85,102.486,29,,,
2026-08-23 03:15:00+00:00,94.86,94.91,94.19,94.28,94.28,55.407,25,,,
2026-08-23 03:30:00+00:00,94.11,94.11,93.42,93.42,93.42,196.103,58,,,
2026-08-23 03:45:00+00:00,93.48,93.96,93.48,93.69,93.69,29.157,17,,,
2026-08-23 04:00:00+00:00,93.73,94.02,93.24,94.02,94.02,114.783,42,,,
2026-08-23 04:15:00+00:00,94.06,94.06,93.28,93.62,93.62,39.394,23,,,
2026-08-23 04:30:00+00:00,93.54,93.54,92.87,92.87,92.87,34.47,25,,,
2026-08-23 04:45:00+00:00,92.94,92.95,92.24,92.63,92.63,183.672,75,,,
2026-08-23 05:00:00+00:00,92.56,92.82,92.17,92.17,92.17,266.931,65,,,
2026-08-23 05:15:00+00:00,92.26,93.2,91.64,93.2,93.2,344.706,90,,,
2026-08-23 05:30:00+00:00,93.08,93.17,92.56,92.62,92.62,80.178,24,,,
2026-08-23 05:45:00+00:00,92.66,92.66,92.33,92.33,92.33,5.193,6,,,
2026-08-23 06:00:00+00:00,92.29,92.41,91.86,92.41,92.41,36.355,24,,,
2026-08-23 06:15:00+00:00,92.4,92.46,92.15,92.18,92.18,311.423,29,,,
2026-08-23 06:30:00+00:00,92.39,92.73,92.39,92.54,92.54,26.976,20,,,
2026-08-23 06:45:00+00:00,92.49,92.5,92.07,92.07,92.07,6.323,7,,,
2026-08-23 07:00:00+00:00,92.18,92.59,92.17,92.59,92.59,223.75,23,,,
2026-08-23 07:15:00+00:00,92.69,92.82,92.69,92.7,92.7,37.652,9,,,
2026-08-23 07:30:00+00:00,92.65,92.65,92.65,92.65,92.65,0.085,1,,,
2026-08-23 07:45:00+00:00,92.49,92.54,92.38,92.45,92.45,26.074,8,,,
2026-08-23 08:00:00+00:00,92.59,92.9,92.59,92.81,92.81,269.288,30,,,
2026-08-23 08:15:00+00:00,92.89,92.89,92.84,92.87,92.87,4.597,4,,,
2026-08-23 08:30:00+00:00,92.86,93.48,92.86,93.29,93.29,61.548,27,,,
2026-08-23 08:45:00+00:00,93.22,93.26,93.12,93.12,93.12,2.558,4,,,
2026-08-23 09:00:00+00:00,93.13,93.31,93.13,93.28,93.28,41.17,9,,,
2026-08-23 09:15:00+00:00,93.35,93.35,93.12,93.19,93.19,3.586,4,,,
2026-08-23 09:30:00+00:00,92.92,93.23,92.92,93.23,93.23,4.917,5,,,
2026-08-23 09:45:00+00:00,93.14,93.41,93.14,93.39,93.39,3.318,6,,,
2026-08-23 10:00:00+00:00,93.29,93.74,93.29,93.65,93.65,26.615,18,,,
2026-08-23 10:15:00+00:00,93.82,94.02,93.73,93.89,93.89,25.065,17,,,
2026-08-23 10:30:00+00:00,93.59,93.74,93.59,93.74,93.74,4.56,3,,,
2026-08-23 10:45:00+00:00,93.79,93.79,93.63,93.66,93.66,30.655,7,,,
2026-08-23 11:00:00+00:00,93.66,93.66,93.66,93.66,93.66,0.0,0,,,
2026-08-23 11:15:00+00:00,93.85,94.49,93.83,94.28,94.28,73.513,33,,,
2026-08-23 11:30:00+00:00,94.3,94.72,94.25,94.66,94.66,56.125,25,,,
2026-08-23 11:45:00+00:00,94.65,94.65,94.55,94.57,94.57,33.439,8,,,
2026-08-23 12:00:00+00:00,94.53,94.53,94.09,94.3,94.3,65.949,23,,,
2026-08-23 12:15:00+00:00,94.51,94.51,94.4,94.47,94.47,4.025,4,,,
2026-08-23 12:30:00+00:00,94.58,94.58,94.51,94.51,94.51,16.623,3,,,
2026-08-23 12:45:00+00:00,94.51,94.51,94.51,94.51,94.51,0.0,0,,,
2026-08-23 13:00:00+00:00,94.61,94.86,94.61,94.8,94.8,31.223,12,,,
2026-08-23 13:15:00+00:00,94.88,95.74,94.88,94.98,94.98,134.817,63,,,
2026-08-23 13:30:00+00:00,94.94,95.16,94.86,95.14,95.14,9.972,17,,,
2026-08-23 13:45:00+00:00,95.16,95.46,95.16,95.4,95.4,15.492,19,,,
2026-08-23 14:00:00+00:00,95.36,95.63,95.08,95.59,95.59,236.129,49,,,
2026-08-23 14:15:00+00:00,95.45,95.45,95.29,95.4,95.4,5.46,8,,,
2026-08-23 14:30:00+00:00,95.17,95.41,93.43,94.5,94.5,1368.704,147,,,
2026-08-23 14:45:00+00:00,94.7,95.11,94.61,94.95,94.95,25.435,32,,,
2026-08-23 15:00:00+00:00,94.99,95.39,94.73,95.28,95.28,65.986,22,,,
2026-08-23 15:15:00+00:00,95.25,95.43,94.87,95.38,95.38,38.402,23,,,
2026-08-23 15:30:00+00:00,95.53,95.86,95.49,95.71,95.71,27.623,22,,,
2026-08-23 15:45:00+00:00,95.72,95.72,95.47,95.47,95.47,3.622,5,,,
2026-08-23 16:00:00+00:00,95.39,95.39,95.39,95.39,95.39,0.875,3,,,
2026-08-23 16:15:00+00:00,95.35,95.35,95.21,95.21,95.21,4.076,4,,,
2026-08-23 16:30:00+00:00,95.34,95.61,95.34,95.55,95.55,520.02,50,,,
2026-08-23 16:45:00+00:00,95.54,95.57,95.31,95.55,95.55,30.826,16,,,
2026-08-23 17:00:00+00:00,95.04,95.34,94.83,95.34,95.34,23.003,13,,,
2026-08-23 17:15:00+00:00,95.35,95.43,95.12,95.12,95.12,24.632,14,,,
2026-08-23 17:30:00+00:00,95.13,95.13,94.86,95.09,95.09,5.566,6,,,
2026-08-23 17:45:00+00:00,95.09,95.19,95.09,95.19,95.19,4.441,4,,,
2026-08-23 18:00:00+00:00,95.06,95.33,94.96,95.32,95.32,133.552,15,,,
2026-08-23 18:15:00+00:00,95.21,95.43,95.15,95.43,95.43,21.891,8,,,
2026-08-23 18:30:00+00:00,95.36,95.36,95.12,95.36,95.36,7.189,6,,,
2026-08-23 18:45:00+00:00,95.12,95.23,95.12,95.23,95.23,1.216,2,,,
2026-08-23 19:00:00+00:00,95.39,95.39,94.87,94.87,94.87,3.489,5,,,
2026-08-23 19:15:00+00:00,95.0,95.05,95.0,95.05,95.05,3.946,2,,,
2026-08-23 19:30:00+00:00,94.86,95.21,94.85,95.21,95.21,5.222,4,,,
2026-08-23 19:45:00+00:00,95.35,95.4,95.08,95.08,95.08,23.505,10,,,
2026-08-23 20:00:00+00:00,95.01,95.11,94.81,95.11,95.11,63.11,14,,,
2026-08-23 20:15:00+00:00,95.17,95.38,95.17,95.27,95.27,3.076,5,,,
2026-08-23 20:30:00+00:00,95.25,95.33,95.16,95.24,95.24,164.68,16,,,
2026-08-23 20:45:00+00:00,95.16,95.17,95.03,95.07,95.07,7.584,44,,,
2026-08-23 21:00:00+00:00,95.09,95.75,95.09,95.62,95.62,129.88,72,,,
2026-08-23 21:15:00+00:00,95.65,96.15,95.65,96.15,96.15,73.259,52,,,
2026-08-23 21:30:00+00:00,96.11,96.11,95.25,95.31,95.31,97.097,27,,,
2026-08-23 21:45:00+00:00,95.28,95.28,95.27,95.27,95.27,0.288,2,,,
2026-08-23 22:00:00+00:00,95.49,95.65,94.85,95.16,95.16,222.816,52,,,
2026-08-23 22:15:00+00:00,95.2,95.73,95.15,95.57,95.57,66.195,24,,,
2026-08-23 22:30:00+00:00,95.56,95.62,95.4,95.59,95.59,12.002,15,,,
2026-08-23 22:45:00+00:00,95.52,95.67,95.4,95.55,95.55,8.425,12,,,
2026-08-23 23:00:00+00:00,95.58,95.58,95.02,95.17,95.17,45.648,25,,,
2026-08-23 23:15:00+00:00,95.17,95.59,95.03,95.41,95.41,28.983,26,,,
2026-08-23 23:30:00+00:00,95.49,95.81,95.02,95.02,95.02,254.211,41,,,
2026-08-23 23:45:00+00:00,95.19,95.57,95.19,95.49,95.49,53.062,21,,,
2026-08-24 00:00:00+00:00,95.4,95.45,94.93,95.18,95.18,78.591,32,,,
2026-08-24 00:15:00+00:00,95.2,95.2,93.92,94.54,94.54,449.395,94,,,
2026-08-24 00:30:00+00:00,94.58,95.04,94.41,94.41,94.41,108.851,52,,,
2026-08-24 00:45:00+00:00,94.39,95.48,94.2,95.48,95.48,281.166,48,,,
2026-08-24 01:00:00+00:00,95.45,95.49,94.93,94.99,94.99,59.202,23,,,
2026-08-24 01:15:00+00:00,94.86,94.86,94.51,94.52,94.52,82.645,25,,,
2026-08-24 01:30:00+00:00,94.44,94.62,94.24,94.24,94.24,106.81,22,,,
2026-08-24 01:45:00+00:00,94.19,94.22,93.77,93.86,93.86,117.792,36,,,
2026-08-24 02:00:00+00:00,93.77,94.41,93.71,94.41,94.41,165.165,39,,,
2026-08-24 02:15:00+00:00,94.44,94.77,94.44,94.77,94.77,16.215,6,,,
2026-08-24 02:30:00+00:00,94.74,94.88,94.64,94.7,94.7,26.61,7,,,
2026-08-24 02:45:00+00:00,94.6,94.6,94.03,94.5,94.5,66.278,27,,,
2026-08-24 03:00:00+00:00,94.54,94.54,93.98,93.98,93.98,31.064,15,,,
2026-08-24 03:15:00+00:00,93.8,94.18,93.8,94.05,94.05,23.125,9,,,
2026-08-24 03:30:00+00:00,93.76,93.97,93.49,93.86,93.86,169.178,40,,,
2026-08-24 03:45:00+00:00,93.75,94.0,93.73,93.73,93.73,36.358,12,,,
2026-08-24 04:00:00+00:00,93.68,94.03,93.68,93.92,93.92,51.243,28,,,
2026-08-24 04:15:00+00:00,94.0,94.26,94.0,94.26,94.26,24.045,23,,,
2026-08-24 04:30:00+00:00,94.29,94.29,94.05,94.21,94.21,194.945,26,,,
2026-08-24 04:45:00+00:00,94.3,94.31,93.68,94.16,94.16,70.916,49,,,
2026-08-24 05:00:00+00:00,94.16,94.48,93.86,94.48,94.48,170.119,66,,,
2026-08-24 05:15:00+00:00,94.5,94.57,93.99,94.1,94.1,43.443,35,,,
2026-08-24 05:30:00+00:00,94.0,94.33,93.51,94.33,94.33,29.293,29,,,
2026-08-24 05:45:00+00:00,94.18,94.2,94.03,94.2,94.2,38.361,18,,,
2026-08-24 06:00:00+00:00,94.23,94.33,93.81,94.28,94.28,35.271,29,,,
2026-08-24 06:15:00+00:00,94.36,94.41,94.12,94.26,94.26,58.708,24,,,
2026-08-24 06:30:00+00:00,94.23,94.23,93.91,93.93,93.93,12.853,10,,,
2026-08-24 06:45:00+00:00,93.95,94.5,93.95,94.5,94.5,48.444,22,,,
2026-08-24 07:00:00+00:00,94.68,95.31,94.68,95.29,95.29,26.954,21,,,
2026-08-24 07:15:00+00:00,95.02,95.06,94.3,94.33,94.33,90.15,30,,,
2026-08-24 07:30:00+00:00,94.3,94.3,93.99,93.99,93.99,19.176,21,,,
2026-08-24 07:45:00+00:00,94.12,94.39,94.08,94.21,94.21,29.115,24,,,
2026-08-24 08:00:00+00:00,94.0,94.3,93.97,93.97,93.97,85.914,16,,,
2026-08-24 08:15:00+00:00,93.76,93.76,93.29,93.43,93.43,62.157,23,,,
2026-08-24 08:30:00+00:00,93.5,93.86,93.5,93.86,93.86,7.252,4,,,
2026-08-24 08:45:00+00:00,93.83,94.06,93.81,94.06,94.06,24.915,5,,,
2026-08-24 09:00:00+00:00,94.2,94.51,94.2,94.48,94.48,31.564,10,,,
2026-08-24 09:15:00+00:00,94.52,94.53,94.38,94.51,94.51,14.013,6,,,
2026-08-24 09:30:00+00:00,94.72,94.78,94.72,94.74,94.74,18.67,8,,,
2026-08-24 09:45:00+00:00,94.7,94.7,94.65,94.68,94.68,9.086,7,,,
2026-08-24 10:00:00+00:00,94.74,95.0,94.65,94.98,94.98,56.731,28,,,
2026-08-24 10:15:00+00:00,94.94,94.94,94.76,94.77,94.77,27.39,15,,,
2026-08-24 10:30:00+00:00,94.75,94.96,94.73,94.75,94.75,49.655,25,,,
2026-08-24 10:45:00+00:00,94.78,94.78,94.56,94.58,94.58,30.937,8,,,
2026-08-24 11:00:00+00:00,94.31,94.65,94.22,94.65,94.65,103.187,21,,,
2026-08-24 11:15:00+00:00,94.61,94.86,94.55,94.77,94.77,102.516,18,,,
2026-08-24 11:30:00+00:00,94.86,96.19,94.84,96.19,96.19,228.25,110,,,
2026-08-24 11:45:00+00:00,96.08,96.08,95.47,95.73,95.73,95.913,51,,,
2026-08-24 12:00:00+00:00,95.62,95.62,95.23,95.23,95.23,152.608,34,,,
2026-08-24 12:15:00+00:00,95.24,95.53,94.25,95.45,95.45,623.395,138,,,
2026-08-24 12:30:00+00:00,95.39,96.08,95.36,96.08,96.08,109.974,55,,,
2026-08-24 12:45:00+00:00,96.0,96.56,96.0,96.17,96.17,61.548,43,,,
2026-08-24 13:00:00+00:00,96.26,96.45,95.91,96.37,96.37,240.862,69,,,
2026-08-24 13:15:00+00:00,96.33,96.33,95.96,96.05,96.05,84.936,40,,,
2026-08-24 13:30:00+00:00,96.0,96.0,94.65,94.81,94.81,323.613,167,,,
2026-08-24 13:45:00+00:00,94.81,95.03,94.26,95.01,95.01,204.007,111,,,
2026-08-24 14:00:00+00:00,95.04,95.58,94.84,95.57,95.57,93.006,66,,,
2026-08-24 14:15:00+00:00,95.64,96.08,95.28,95.75,95.75,160.559,87,,,
2026-08-24 14:30:00+00:00,95.73,96.64,95.73,96.43,96.43,144.473,92,,,
2026-08-24 14:45:00+00:00,96.47,96.47,95.73,96.01,96.01,294.685,114,,,
2026-08-24 15:00:00+00:00,96.0,96.48,96.0,96.32,96.32,63.851,67,,,
2026-08-24 15:15:00+00:00,96.27,97.55,96.27,97.23,97.23,384.037,150,,,
2026-08-24 15:30:00+00:00,97.13,97.24,96.22,96.41,96.41,411.34,155,,,
2026-08-24 15:45:00+00:00,96.3,96.78,96.19,96.22,96.22,113.944,81,,,
2026-08-24 16:00:00+00:00,96.41,97.06,96.41,96.78,96.78,101.87,51,,,
2026-08-24 16:15:00+00:00,96.7,97.54,96.7,97.03,97.03,35.157,38,,,
2026-08-24 16:30:00+00:00,97.06,97.33,96.64,96.76,96.76,83.004,66,,,
2026-08-24 16:45:00+00:00,96.72,96.73,95.8,96.05,96.05,84.441,90,,,
2026-08-24 17:00:00+00:00,96.02,96.11,95.27,95.94,95.94,86.702,66,,,
2026-08-24 17:15:00+00:00,95.73,96.03,94.85,94.9,94.9,230.992,124,,,
2026-08-24 17:30:00+00:00,94.89,95.28,94.88,95.0,95.0,96.513,72,,,
2026-08-24 17:45:00+00:00,94.84,95.35,94.84,95.35,95.35,146.399,42,,,
2026-08-24 18:00:00+00:00,95.37,96.02,95.37,95.95,95.95,104.494,49,,,
2026-08-24 18:15:00+00:00,95.99,96.35,95.97,96.25,96.25,172.052,62,,,
2026-08-24 18:30:00+00:00,96.29,96.4,95.75,96.11,96.11,68.658,52,,,
2026-08-24 18:45:00+00:00,96.2,96.3,95.71,95.9,95.9,42.046,33,,,
2026-08-24 19:00:00+00:00,95.92,96.25,95.42,95.8,95.8,419.053,96,,,
2026-08-24 19:15:00+00:00,95.82,95.9,95.43,95.9,95.9,87.213,58,,,
2026-08-24 19:30:00+00:00,95.92,96.49,95.9,96.22,96.22,98.837,35,,,
2026-08-24 19:45:00+00:00,96.16,96.6,96.09,96.48,96.48,98.669,52,,,
2026-08-24 20:00:00+00:00,96.53,96.65,96.12,96.2,96.2,31.866,23,,,
2026-08-24 20:15:00+00:00,96.03,96.1,95.78,95.86,95.86,72.273,25,,,
2026-08-24 20:30:00+00:00,95.9,96.69,95.9,96.56,96.56,60.732,45,,,
2026-08-24 20:45:00+00:00,96.53,96.57,96.33,96.48,96.48,14.775,14,,,
2026-08-24 21:00:00+00:00,96.53,96.89,96.53,96.86,96.86,11.71,19,,,
2026-08-24 21:15:00+00:00,96.75,96.81,96.58,96.7,96.7,18.984,7,,,
2026-08-24 21:30:00+00:00,96.75,96.83,96.75,96.83,96.83,68.067,7,,,
2026-08-24 21:45:00+00:00,96.87,97.43,96.87,97.43,97.43,26.204,25,,,
2026-08-24 22:00:00+00:00,97.2,97.69,97.19,97.41,97.41,36.125,31,,,
2026-08-24 22:15:00+00:00,97.36,97.58,97.36,97.48,97.48,14.133,21,,,
2026-08-24 22:30:00+00:00,97.5,98.61,97.5,97.61,97.61,160.001,74,,,
2026-08-24 22:45:00+00:00,97.62,97.94,97.33,97.47,97.47,68.827,54,,,
2026-08-24 23:00:00+00:00,97.43,97.87,97.3,97.58,97.58,43.016,40,,,
2026-08-24 23:15:00+00:00,97.53,98.38,97.51,98.26,98.26,40.267,49,,,
2026-08-24 23:30:00+00:00,98.2,98.76,98.01,98.63,98.63,42.577,46,,,
2026-08-24 23:45:00+00:00,98.53,98.91,98.21,98.86,98.86,56.941,56,,,
2026-08-25 00:00:00+00:00,98.83,101.7,98.56,100.59,100.59,1048.153,219,,,
2026-08-25 00:15:00+00:00,100.48,100.49,99.4,99.72,99.72,916.971,156,,,
2026-08-25 00:30:00+00:00,99.61,101.76,99.58,101.76,101.76,374.143,125,,,
2026-08-25 00:45:00+00:00,101.85,102.68,101.37,101.7,101.7,229.841,139,,,
2026-08-25 01:00:00+00:00,101.74,102.31,101.52,101.79,101.79,75.808,94,,,
2026-08-25 01:15:00+00:00,101.64,102.41,101.41,102.04,102.04,155.634,84,,,
2026-08-25 01:30:00+00:00,102.06,102.27,100.91,100.97,100.97,147.739,73,,,
2026-08-25 01:45:00+00:00,100.93,101.24,100.11,100.45,100.45,98.633,63,,,
2026-08-25 02:00:00+00:00,100.39,100.59,100.28,100.58,100.58,63.693,13,,,
2026-08-25 02:15:00+00:00,100.38,102.25,100.2,102.09,102.09,657.441,152,,,
2026-08-25 02:30:00+00:00,102.23,102.25,101.59,101.61,101.61,388.711,111,,,
2026-08-25 02:45:00+00:00,101.59,101.67,100.73,100.97,100.97,307.741,109,,,
2026-08-25 03:00:00+00:00,100.86,101.54,100.86,101.46,101.46,174.184,66,,,
2026-08-25 03:15:00+00:00,101.38,101.75,101.26,101.52,101.52,103.383,75,,,
2026-08-25 03:30:00+00:00,101.6,101.96,101.34,101.37,101.37,83.845,41,,,
2026-08-25 03:45:00+00:00,101.25,101.73,101.25,101.43,101.43,27.264,23,,,
2026-08-25 04:00:00+00:00,101.54,101.59,101.06,101.38,101.38,42.657,21,,,
2026-08-25 04:15:00+00:00,101.4,101.63,101.18,101.44,101.44,83.489,28,,,
2026-08-25 04:30:00+00:00,101.1,101.46,100.84,100.85,100.85,78.929,35,,,
2026-08-25 04:45:00+00:00,100.9,101.2,100.8,101.02,101.02,5.952,10,,,
2026-08-25 05:00:00+00:00,101.25,102.01,101.25,101.82,101.82,35.139,19,,,
2026-08-25 05:15:00+00:00,101.8,103.0,101.78,102.6,102.6,297.636,52,,,
2026-08-25 05:30:00+00:00,102.42,102.42,101.77,101.78,101.78,267.265,64,,,
2026-08-25 05:45:00+00:00,101.77,102.38,101.71,101.89,101.89,94.155,32,,,
2026-08-25 06:00:00+00:00,101.92,101.97,101.43,101.66,101.66,246.483,38,,,
2026-08-25 06:15:00+00:00,101.7,101.96,101.53,101.53,101.53,53.222,16,,,
2026-08-25 06:30:00+00:00,101.45,101.45,101.05,101.09,101.09,75.495,20,,,
2026-08-25 06:45:00+00:00,101.08,101.08,100.46,100.6,100.6,42.491,21,,,
2026-08-25 07:00:00+00:00,100.67,101.58,100.67,101.58,101.58,63.063,38,,,
2026-08-25 07:15:00+00:00,101.34,101.88,101.31,101.63,101.63,26.158,21,,,
2026-08-25 07:30:00+00:00,101.6,101.6,101.36,101.58,101.58,4.872,6,,,
2026-08-25 07:45:00+00:00,101.59,101.59,99.62,100.36,100.36,379.498,63,,,
2026-08-25 08:00:00+00:00,100.37,100.37,99.84,100.25,100.25,17.842,21,,,
2026-08-25 08:15:00+00:00,100.42,101.0,100.42,101.0,101.0,41.908,22,,,
2026-08-25 08:30:00+00:00,101.0,101.0,100.25,100.7,100.7,24.119,11,,,
2026-08-25 08:45:00+00:00,100.65,100.66,100.36,100.4,100.4,12.554,7,,,
2026-08-25 09:00:00+00:00,100.35,100.38,100.01,100.36,100.36,31.616,11,,,
2026-08-25 09:15:00+00:00,100.36,100.45,100.11,100.11,100.11,283.666,27,,,
2026-08-25 09:30:00+00:00,100.22,100.51,100.22,100.46,100.46,37.931,17,,,
2026-08-25 09:45:00+00:00,100.53,100.53,99.32,99.61,99.61,78.819,48,,,
2026-08-25 10:00:00+00:00,99.81,99.81,99.15,99.34,99.34,43.361,21,,,
2026-08-25 10:15:00+00:00,99.43,99.63,99.32,99.54,99.54,72.181,22,,,
2026-08-25 10:30:00+00:00,99.56,99.57,99.33,99.56,99.56,25.173,14,,,
2026-08-25 10:45:00+00:00,99.71,99.82,99.53,99.68,99.68,22.852,15,,,
2026-08-25 11:00:00+00:00,99.64,99.64,98.91,98.96,98.96,67.516,20,,,
2026-08-25 11:15:00+00:00,98.96,99.04,98.51,98.69,98.69,120.103,45,,,
2026-08-25 11:30:00+00:00,98.88,99.09,98.78,98.78,98.78,33.708,20,,,
2026-08-25 11:45:00+00:00,98.57,98.75,98.57,98.73,98.73,9.193,12,,,
2026-08-25 12:00:00+00:00,98.61,98.74,97.88,98.49,98.49,107.121,68,,,
2026-08-25 12:15:00+00:00,98.39,98.39,97.49,98.15,98.15,250.936,67,,,
2026-08-25 12:30:00+00:00,97.99,98.27,97.83,98.21,98.21,63.404,50,,,
2026-08-25 12:45:00+00:00,98.23,98.66,98.23,98.62,98.62,63.24,34,,,
2026-08-25 13:00:00+00:00,98.56,98.78,98.04,98.08,98.08,36.815,32,,,
2026-08-25 13:15:00+00:00,97.99,98.03,96.64,97.0,97.0,120.692,84,,,
2026-08-25 13:30:00+00:00,96.96,98.05,96.93,97.47,97.47,93.499,83,,,
2026-08-25 13:45:00+00:00,97.51,97.51,96.33,97.13,97.13,241.654,113,,,
2026-08-25 14:00:00+00:00,97.04,97.89,96.93,97.79,97.79,61.696,44,,,
2026-08-25 14:15:00+00:00,97.58,98.07,97.49,98.07,98.07,353.476,66,,,
2026-08-25 14:30:00+00:00,97.93,98.34,97.72,97.99,97.99,45.119,24,,,
2026-08-25 14:45:00+00:00,98.11,98.28,98.11,98.13,98.13,37.888,10,,,
2026-08-25 15:00:00+00:00,98.14,98.17,97.85,97.85,97.85,100.124,25,,,
2026-08-25 15:15:00+00:00,97.68,98.07,97.68,97.68,97.68,25.231,10,,,
2026-08-25 15:30:00+00:00,97.91,98.43,97.91,98.05,98.05,33.684,23,,,
2026-08-25 15:45:00+00:00,98.01,98.33,97.94,98.33,98.33,36.989,13,,,
2026-08-25 16:00:00+00:00,98.35,98.53,98.03,98.04,98.04,157.164,33,,,
2026-08-25 16:15:00+00:00,98.07,98.25,97.79,97.93,97.93,25.919,25,,,
2026-08-25 16:30:00+00:00,98.07,98.56,98.07,98.44,98.44,38.02,29,,,
2026-08-25 16:45:00+00:00,98.41,98.41,98.12,98.17,98.17,40.217,11,,,
2026-08-25 17:00:00+00:00,98.2,98.2,97.48,97.66,97.66,50.372,35,,,
2026-08-25 17:15:00+00:00,97.65,97.9,97.53,97.64,97.64,77.729,17,,,
2026-08-25 17:30:00+00:00,97.63,98.09,97.63,97.95,97.95,12.087,12,,,
2026-08-25 17:45:00+00:00,98.05,98.15,98.02,98.12,98.12,9.311,11,,,
2026-08-25 18:00:00+00:00,98.17,98.47,98.08,98.47,98.47,20.404,15,,,
2026-08-25 18:15:00+00:00,98.45,98.72,98.45,98.67,98.67,30.451,17,,,
2026-08-25 18:30:00+00:00,98.57,98.57,98.5,98.54,98.54,32.678,12,,,
2026-08-25 18:45:00+00:00,98.65,98.65,98.42,98.44,98.44,26.098,5,,,
2026-08-25 19:00:00+00:00,98.33,98.36,98.33,98.36,98.36,10.093,3,,,
2026-08-25 19:15:00+00:00,98.49,98.54,97.96,97.96,97.96,80.003,36,,,
2026-08-25 19:30:00+00:00,97.77,97.95,97.59,97.59,97.59,108.72,18,,,
2026-08-25 19:45:00+00:00,97.59,97.82,97.59,97.77,97.77,14.576,4,,,
2026-08-25 20:00:00+00:00,97.83,97.83,97.13,97.75,97.75,221.188,52,,,
2026-08-25 20:15:00+00:00,97.79,97.98,97.7,97.77,97.77,20.681,15,,,
2026-08-25 20:30:00+00:00,97.55,97.61,96.82,96.87,96.87,994.398,43,,,
2026-08-25 20:45:00+00:00,97.04,97.1,96.66,96.69,96.69,152.448,49,,,
2026-08-25 21:00:00+00:00,96.7,96.83,95.3,96.52,96.52,279.104,92,,,
2026-08-25 21:15:00+00:00,96.34,96.69,96.2,96.54,96.54,94.738,25,,,
2026-08-25 21:30:00+00:00,96.72,97.2,96.72,97.16,97.16,38.595,18,,,
2026-08-25 21:45:00+00:00,97.1,97.23,97.06,97.23,97.23,34.423,9,,,
2026-08-25 22:00:00+00:00,97.27,97.6,97.22,97.6,97.6,27.561,17,,,
2026-08-25 22:15:00+00:00,97.72,97.77,97.16,97.29,97.29,35.037,17,,,
2026-08-25 22:30:00+00:00,97.3,97.48,97.3,97.32,97.32,11.426,6,,,
2026-08-25 22:45:00+00:00,97.28,97.28,97.28,97.28,97.28,0.679,1,,,
2026-08-25 23:00:00+00:00,97.24,97.26,97.03,97.12,97.12,26.557,7,,,
2026-08-25 23:15:00+00:00,97.19,97.19,96.89,97.0,97.0,11.915,8,,,
2026-08-25 23:30:00+00:00,96.95,96.99,96.58,96.58,96.58,69.11,13,,,
2026-08-25 23:45:00+00:00,96.42,96.61,96.4,96.55,96.55,35.133,8,,,
2026-08-26 00:00:00+00:00,96.62,96.62,96.19,96.2,96.2,68.672,32,,,
2026-08-26 00:15:00+00:00,96.19,96.47,96.19,96.47,96.47,28.833,11,,,
2026-08-26 00:30:00+00:00,96.63,96.71,96.18,96.53,96.53,33.229,21,,,
2026-08-26 00:45:00+00:00,96.5,96.87,96.48,96.86,96.86,30.571,22,,,
2026-08-26 01:00:00+00:00,96.63,97.2,96.63,96.89,96.89,98.505,20,,,
2026-08-26 01:15:00+00:00,96.95,97.01,96.82,96.82,96.82,36.535,9,,,
2026-08-26 01:30:00+00:00,96.75,97.21,96.75,97.02,97.02,17.36,11,,,
2026-08-26 01:45:00+00:00,97.03,97.03,96.98,96.98,96.98,0.779,2,,,
2026-08-26 02:00:00+00:00,96.98,96.98,96.98,96.98,96.98,0.0,0,,,
2026-08-26 02:15:00+00:00,96.92,97.47,96.92,97.47,97.47,26.277,12,,,
2026-08-26 02:30:00+00:00,97.46,97.47,97.31,97.34,97.34,170.969,23,,,
2026-08-26 02:45:00+00:00,97.33,97.37,97.17,97.28,97.28,23.354,14,,,
2026-08-26 03:00:00+00:00,97.34,97.34,97.08,97.12,97.12,74.291,15,,,
2026-08-26 03:15:00+00:00,97.08,97.18,96.89,97.14,97.14,16.456,12,,,
2026-08-26 03:30:00+00:00,96.81,97.12,96.81,97.04,97.04,6.572,9,,,
2026-08-26 03:45:00+00:00,97.11,97.11,96.93,97.06,97.06,8.756,11,,,
2026-08-26 04:00:00+00:00,97.03,97.12,96.83,96.87,96.87,9.904,14,,,
2026-08-26 04:15:00+00:00,96.95,97.17,96.95,97.11,97.11,23.566,15,,,
2026-08-26 04:30:00+00:00,97.06,97.24,96.93,97.09,97.09,4.703,8,,,
2026-08-26 04:45:00+00:00,96.97,96.97,96.62,96.62,96.62,5.116,8,,,
2026-08-26 05:00:00+00:00,96.48,96.65,96.29,96.61,96.61,34.801,16,,,
2026-08-26 05:15:00+00:00,96.58,96.84,96.46,96.84,96.84,3.454,5,,,
2026-08-26 05:30:00+00:00,96.9,97.12,96.9,97.11,97.11,6.596,10,,,
2026-08-26 05:45:00+00:00,97.06,97.06,97.03,97.03,97.03,1.368,2,,,
2026-08-26 06:00:00+00:00,97.07,97.23,97.04,97.17,97.17,7.192,7,,,
2026-08-26 06:15:00+00:00,96.98,97.08,96.7,96.7,96.7,52.527,15,,,
2026-08-26 06:30:00+00:00,96.67,96.8,96.53,96.8,96.8,251.628,29,,,
2026-08-26 06:45:00+00:00,96.73,96.77,96.64,96.77,96.77,21.116,7,,,
2026-08-26 07:00:00+00:00,96.77,96.99,96.65,96.94,96.94,93.193,23,,,
2026-08-26 07:15:00+00:00,96.98,97.1,96.86,97.1,97.1,22.296,10,,,
2026-08-26 07:30:00+00:00,96.95,97.12,96.93,96.96,96.96,49.907,14,,,
2026-08-26 07:45:00+00:00,97.02,97.06,96.94,96.94,96.94,10.414,6,,,
2026-08-26 08:00:00+00:00,96.92,97.31,96.92,97.31,97.31,5.179,7,,,
2026-08-26 08:15:00+00:00,97.31,97.33,97.0,97.09,97.09,3.887,6,,,
2026-08-26 08:30:00+00:00,97.01,97.15,97.01,97.11,97.11,33.734,15,,,
2026-08-26 08:45:00+00:00,97.12,97.12,96.72,96.72,96.72,273.521,21,,,
2026-08-26 09:00:00+00:00,96.79,96.98,96.79,96.89,96.89,18.386,11,,,
2026-08-26 09:15:00+00:00,96.66,96.66,96.22,96.41,96.41,25.488,18,,,
2026-08-26 09:30:00+00:00,96.29,96.45,96.0,96.0,96.0,69.132,32,,,
2026-08-26 09:45:00+00:00,95.95,96.18,95.8,96.14,96.14,47.632,28,,,
2026-08-26 10:00:00+00:00,96.1,96.11,96.0,96.11,96.11,13.424,17,,,
2026-08-26 10:15:00+00:00,96.2,96.67,96.17,96.67,96.67,13.637,18,,,
2026-08-26 10:30:00+00:00,96.54,97.37,96.53,97.35,97.35,58.372,38,,,
2026-08-26 10:45:00+00:00,97.36,97.83,97.36,97.52,97.52,63.635,51,,,
2026-08-26 11:00:00+00:00,97.43,97.59,97.32,97.43,97.43,18.18,23,,,
2026-08-26 11:15:00+00:00,97.51,97.51,97.28,97.28,97.28,25.672,15,,,
2026-08-26 11:30:00+00:00,97.11,97.12,96.78,96.89,96.89,5.816,7,,,
2026-08-26 11:45:00+00:00,96.81,97.11,96.79,97.11,97.11,19.38,6,,,
2026-08-26 12:00:00+00:00,97.05,97.05,96.62,96.85,96.85,58.17,20,,,
2026-08-26 12:15:00+00:00,96.74,97.5,96.67,97.5,97.5,7.339,10,,,
2026-08-26 12:30:00+00:00,97.41,97.41,96.15,96.81,96.81,107.321,88,,,
2026-08-26 12:45:00+00:00,96.83,97.24,96.83,97.04,97.04,30.519,22,,,
2026-08-26 13:00:00+00:00,97.09,97.16,96.48,96.54,96.54,62.236,18,,,
2026-08-26 13:15:00+00:00,96.49,96.49,95.86,95.93,95.93,163.458,53,,,
2026-08-26 13:30:00+00:00,96.02,96.66,96.02,96.6,96.6,217.62,67,,,
2026-08-26 13:45:00+00:00,96.69,96.78,96.14,96.55,96.55,53.055,17,,,
2026-08-26 14:00:00+00:00,96.42,96.95,96.42,96.84,96.84,44.005,21,,,
2026-08-26 14:15:00+00:00,96.67,96.85,96.19,96.26,96.26,82.174,27,,,
2026-08-26 14:30:00+00:00,96.28,96.28,95.62,95.77,95.77,121.502,44,,,
2026-08-26 14:45:00+00:00,95.68,95.73,95.51,95.54,95.54,83.584,22,,,
2026-08-26 15:00:00+00:00,95.44,95.68,95.01,95.54,95.54,328.579,73,,,
2026-08-26 15:15:00+00:00,95.59,96.23,95.34,96.23,96.23,78.332,56,,,
2026-08-26 15:30:00+00:00,96.05,96.21,95.77,96.05,96.05,24.925,27,,,
2026-08-26 15:45:00+00:00,96.09,96.23,95.91,95.91,95.91,27.39,18,,,
2026-08-26 16:00:00+00:00,95.87,96.08,95.8,95.84,95.84,27.966,15,,,
2026-08-26 16:15:00+00:00,95.86,96.04,95.61,95.69,95.69,23.258,16,,,
2026-08-26 16:30:00+00:00,95.76,96.02,95.53,95.53,95.53,42.714,14,,,
2026-08-26 16:45:00+00:00,95.61,96.02,95.61,96.02,96.02,321.735,38,,,
2026-08-26 17:00:00+00:00,95.96,96.35,95.89,96.35,96.35,23.106,16,,,
2026-08-26 17:15:00+00:00,96.4,97.17,96.4,97.06,97.06,255.102,59,,,
2026-08-26 17:30:00+00:00,96.95,97.18,96.93,97.15,97.15,70.112,35,,,
2026-08-26 17:45:00+00:00,97.18,97.21,96.93,96.93,96.93,35.209,15,,,
2026-08-26 18:00:00+00:00,96.99,97.02,96.98,96.98,96.98,45.015,6,,,
2026-08-26 18:15:00+00:00,96.82,96.96,96.7,96.72,96.72,55.345,9,,,
2026-08-26 18:30:00+00:00,96.85,96.85,96.78,96.78,96.78,17.007,4,,,
2026-08-26 18:45:00+00:00,96.84,96.92,96.72,96.91,96.91,17.925,6,,,
2026-08-26 19:00:00+00:00,96.78,96.78,96.5,96.55,96.55,74.207,17,,,
2026-08-26 19:15:00+00:00,96.47,96.86,96.4,96.86,96.86,49.411,11,,,
2026-08-26 19:30:00+00:00,96.79,96.87,96.6,96.6,96.6,52.096,12,,,
2026-08-26 19:45:00+00:00,96.81,96.81,96.67,96.81,96.81,3.402,14,,,
2026-08-26 20:00:00+00:00,96.73,96.97,96.61,96.86,96.86,20.436,50,,,
2026-08-26 20:15:00+00:00,96.82,96.91,96.33,96.72,96.72,62.203,60,,,
2026-08-26 20:30:00+00:00,96.71,96.74,96.42,96.64,96.64,5.697,49,,,
2026-08-26 20:45:00+00:00,96.63,96.91,96.61,96.91,96.91,3.424,42,,,
2026-08-26 21:00:00+00:00,96.92,97.5,96.88,97.5,97.5,65.125,70,,,
2026-08-26 21:15:00+00:00,97.5,97.81,97.5,97.69,97.69,314.002,63,,,
2026-08-26 21:30:00+00:00,97.74,97.89,97.61,97.66,97.66,66.288,20,,,
2026-08-26 21:45:00+00:00,97.65,98.3,97.65,98.23,98.23,93.374,40,,,
2026-08-26 22:00:00+00:00,98.21,98.95,98.09,98.95,98.95,158.579,43,,,
2026-08-26 22:15:00+00:00,98.98,100.86,98.98,99.91,99.91,818.707,231,,,
2026-08-26 22:30:00+00:00,99.92,100.22,99.59,100.16,100.16,60.516,35,,,
2026-08-26 22:45:00+00:00,100.12,100.12,99.64,99.68,99.68,58.642,24,,,
2026-08-26 23:00:00+00:00,99.65,100.46,99.51,100.4,100.4,491.82,76,,,
2026-08-26 23:15:00+00:00,100.36,100.94,100.36,100.88,100.88,147.73,85,,,
2026-08-26 23:30:00+00:00,100.92,101.48,100.66,101.37,101.37,156.979,69,,,
2026-08-26 23:45:00+00:00,101.36,102.39,101.33,102.01,102.01,474.28,76,,,
2026-08-27 00:00:00+00:00,102.08,102.08,101.03,101.03,101.03,547.144,84,,,
2026-08-27 00:15:00+00:00,101.12,101.74,101.01,101.21,101.21,381.466,49,,,
2026-08-27 00:30:00+00:00,101.18,101.22,100.98,101.07,101.07,79.351,17,,,
2026-08-27 00:45:00+00:00,101.04,101.2,100.67,100.67,100.67,162.751,30,,,
2026-08-27 01:00:00+00:00,100.63,100.82,100.53,100.76,100.76,88.534,35,,,
2026-08-27 01:15:00+00:00,100.69,101.6,100.63,101.59,101.59,296.715,56,,,
2026-08-27 01:30:00+00:00,101.64,101.89,101.43,101.82,101.82,63.989,29,,,
2026-08-27 01:45:00+00:00,101.25,101.85,101.25,101.68,101.68,113.248,35,,,
2026-08-27 02:00:00+00:00,101.45,101.92,101.45,101.7,101.7,130.567,24,,,
2026-08-27 02:15:00+00:00,101.65,101.65,101.18,101.18,101.18,13.69,6,,,
2026-08-27 02:30:00+00:00,101.08,101.24,100.86,100.86,100.86,4.302,7,,,
2026-08-27 02:45:00+00:00,100.91,101.32,100.91,101.23,101.23,24.5,20,,,
2026-08-27 03:00:00+00:00,101.2,101.2,100.98,100.98,100.98,18.362,6,,,
2026-08-27 03:15:00+00:00,101.02,101.77,100.95,101.68,101.68,59.567,35,,,
2026-08-27 03:30:00+00:00,101.62,101.62,101.32,101.34,101.34,53.932,13,,,
2026-08-27 03:45:00+00:00,101.34,101.51,100.95,100.95,100.95,54.19,22,,,
2026-08-27 04:00:00+00:00,101.1,101.32,101.1,101.32,101.32,34.081,7,,,
2026-08-27 04:15:00+00:00,101.46,101.46,101.1,101.26,101.26,109.444,16,,,
2026-08-27 04:30:00+00:00,100.86,101.22,100.72,101.22,101.22,51.019,22,,,
2026-08-27 04:45:00+00:00,101.27,101.27,100.91,101.06,101.06,32.283,9,,,
2026-08-27 05:00:00+00:00,101.09,101.16,100.85,101.16,101.16,21.333,6,,,
2026-08-27 05:15:00+00:00,101.05,101.24,101.01,101.01,101.01,36.46,12,,,
2026-08-27 05:30:00+00:00,101.03,101.35,100.83,101.18,101.18,19.166,12,,,
2026-08-27 05:45:00+00:00,101.32,102.19,101.32,102.16,102.16,197.214,40,,,
2026-08-27 06:00:00+00:00,101.75,101.83,101.17,101.2,101.2,20.557,15,,,
2026-08-27 06:15:00+00:00,101.39,101.39,100.9,101.1,101.1,58.151,22,,,
2026-08-27 06:30:00+00:00,101.0,101.16,101.0,101.1,101.1,17.173,6,,,
2026-08-27 06:45:00+00:00,101.12,101.3,101.12,101.29,101.29,37.573,12,,,
2026-08-27 07:00:00+00:00,101.29,101.35,101.29,101.35,101.35,0.455,2,,,
2026-08-27 07:15:00+00:00,101.17,101.17,101.17,101.17,101.17,1.116,1,,,
2026-08-27 07:30:00+00:00,101.14,101.49,101.07,101.45,101.45,78.654,30,,,
2026-08-27 07:45:00+00:00,101.55,101.92,101.55,101.71,101.71,46.829,25,,,
2026-08-27 08:00:00+00:00,101.86,104.11,101.86,102.97,102.97,688.831,171,,,
2026-08-27 08:15:00+00:00,102.98,104.11,102.75,104.09,104.09,127.823,80,,,
2026-08-27 08:30:00+00:00,104.14,104.73,103.82,104.16,104.16,269.831,92,,,
2026-08-27 08:45:00+00:00,104.42,105.0,104.24,104.6,104.6,692.561,100,,,
2026-08-27 09:00:00+00:00,104.66,104.87,104.14,104.86,104.86,175.409,63,,,
2026-08-27 09:15:00+00:00,104.92,105.7,104.68,105.28,105.28,630.916,115,,,
2026-08-27 09:30:00+00:00,105.25,105.28,104.68,104.73,104.73,40.222,24,,,
2026-08-27 09:45:00+00:00,104.92,104.92,104.31,104.31,104.31,49.67,7,,,
2026-08-27 10:00:00+00:00,104.56,104.98,104.31,104.47,104.47,94.083,17,,,
2026-08-27 10:15:00+00:00,104.51,104.55,103.17,103.92,103.92,178.282,62,,,
2026-08-27 10:30:00+00:00,103.78,104.14,103.37,104.14,104.14,146.323,52,,,
2026-08-27 10:45:00+00:00,104.15,104.15,104.11,104.11,104.11,6.242,2,,,
2026-08-27 11:00:00+00:00,104.25,104.61,104.25,104.29,104.29,92.432,17,,,
2026-08-27 11:15:00+00:00,104.43,104.87,104.05,104.08,104.08,63.846,22,,,
2026-08-27 11:30:00+00:00,103.96,104.02,103.68,103.95,103.95,385.601,35,,,
2026-08-27 11:45:00+00:00,103.86,103.96,103.41,103.96,103.96,68.57,13,,,
2026-08-27 12:00:00+00:00,103.98,104.34,103.98,104.26,104.26,80.482,21,,,
2026-08-27 12:15:00+00:00,104.28,104.61,104.19,104.47,104.47,428.593,46,,,
2026-08-27 12:30:00+00:00,104.47,104.59,104.07,104.4,104.4,60.907,20,,,
2026-08-27 12:45:00+00:00,104.44,104.71,104.39,104.4,104.4,32.886,13,,,
2026-08-27 13:00:00+00:00,104.41,104.76,104.41,104.55,104.55,42.701,10,,,
2026-08-27 13:15:00+00:00,104.59,104.93,104.54,104.83,104.83,33.784,20,,,
2026-08-27 13:30:00+00:00,104.81,104.89,104.2,104.78,104.78,175.592,60,,,
2026-08-27 13:45:00+00:00,104.65,106.27,104.51,106.14,106.14,671.152,288,,,
2026-08-27 14:00:00+00:00,106.06,106.62,105.24,105.4,105.4,676.718,167,,,
2026-08-27 14:15:00+00:00,105.4,106.23,105.31,105.94,105.94,219.527,47,,,
2026-08-27 14:30:00+00:00,105.93,107.85,105.93,107.5,107.5,238.947,87,,,
2026-08-27 14:45:00+00:00,107.42,107.42,106.61,106.81,106.81,389.944,38,,,
2026-08-27 15:00:00+00:00,106.8,107.91,106.77,107.3,107.3,218.059,92,,,
2026-08-27 15:15:00+00:00,107.26,107.59,107.08,107.42,107.42,99.698,42,,,
2026-08-27 15:30:00+00:00,107.29,107.45,106.6,107.29,107.29,182.044,53,,,
2026-08-27 15:45:00+00:00,107.03,107.37,106.89,107.32,107.32,41.402,11,,,
2026-08-27 16:00:00+00:00,107.11,107.42,106.96,107.15,107.15,79.325,21,,,
2026-08-27 16:15:00+00:00,107.29,108.49,107.29,107.94,107.94,751.884,112,,,
2026-08-27 16:30:00+00:00,107.91,108.88,107.91,108.88,108.88,251.527,69,,,
2026-08-27 16:45:00+00:00,108.89,109.39,108.55,108.96,108.96,308.303,62,,,
2026-08-27 17:00:00+00:00,108.96,109.53,108.61,109.3,109.3,229.0,83,,,
2026-08-27 17:15:00+00:00,109.3,109.58,108.14,108.23,108.23,96.655,76,,,
2026-08-27 17:30:00+00:00,108.27,108.35,107.84,107.9,107.9,85.19,34,,,
2026-08-27 17:45:00+00:00,107.8,108.42,107.8,108.42,108.42,21.632,13,,,
2026-08-27 18:00:00+00:00,108.06,108.19,107.1,107.48,107.48,77.853,37,,,
2026-08-27 18:15:00+00:00,107.58,107.73,106.63,107.22,107.22,160.658,61,,,
2026-08-27 18:30:00+00:00,107.11,107.65,107.1,107.49,107.49,52.269,16,,,
2026-08-27 18:45:00+00:00,107.5,108.27,107.5,108.27,108.27,39.761,15,,,
2026-08-27 19:00:00+00:00,108.5,109.0,108.5,108.91,108.91,19.944,17,,,
2026-08-27 19:15:00+00:00,108.98,109.18,108.8,109.07,109.07,54.679,22,,,
2026-08-27 19:30:00+00:00,109.13,109.27,108.99,109.11,109.11,194.856,36,,,
2026-08-27 19:45:00+00:00,109.2,109.9,109.05,109.43,109.43,123.29,70,,,
2026-08-27 20:00:00+00:00,109.29,109.29,108.86,108.86,108.86,31.55,16,,,
2026-08-27 20:15:00+00:00,109.07,109.74,109.07,109.18,109.18,94.624,31,,,
2026-08-27 20:30:00+00:00,109.08,109.21,108.96,109.21,109.21,24.763,9,,,
2026-08-27 20:45:00+00:00,109.17,109.25,108.52,108.9,108.9,28.351,22,,,
2026-08-27 21:00:00+00:00,109.06,109.15,108.75,108.93,108.93,35.792,19,,,
2026-08-27 21:15:00+00:00,108.85,108.85,108.47,108.65,108.65,290.247,17,,,
2026-08-27 21:30:00+00:00,108.57,108.62,108.48,108.48,108.48,14.769,5,,,
2026-08-27 21:45:00+00:00,108.35,108.72,108.35,108.72,108.72,3.566,8,,,
2026-08-27 22:00:00+00:00,108.87,109.93,108.87,109.62,109.62,391.318,44,,,
2026-08-27 22:15:00+00:00,109.66,110.56,109.12,109.34,109.34,266.524,61,,,
2026-08-27 22:30:00+00:00,109.29,109.58,109.26,109.43,109.43,28.91,12,,,
2026-08-27 22:45:00+00:00,109.16,109.16,109.16,109.16,109.16,0.15,1,,,
2026-08-27 23:00:00+00:00,109.16,109.29,109.03,109.03,109.03,61.646,13,,,
2026-08-27 23:15:00+00:00,108.98,110.0,108.98,109.91,109.91,40.218,27,,,
2026-08-27 23:30:00+00:00,109.79,109.79,109.24,109.24,109.24,36.02,10,,,
2026-08-27 23:45:00+00:00,109.18,109.44,109.12,109.15,109.15,34.544,17,,,
2026-08-28 00:00:00+00:00,109.13,109.13,108.77,109.01,109.01,58.432,18,,,
2026-08-28 00:15:00+00:00,109.16,109.81,109.16,109.81,109.81,50.361,23,,,
2026-08-28 00:30:00+00:00,109.75,110.04,109.43,109.43,109.43,53.224,42,,,
2026-08-28 00:45:00+00:00,109.48,109.52,109.18,109.18,109.18,18.697,14,,,
2026-08-28 01:00:00+00:00,109.23,109.31,108.89,109.05,109.05,35.309,14,,,
2026-08-28 01:15:00+00:00,109.03,109.53,109.0,109.5,109.5,42.041,26,,,
2026-08-28 01:30:00+00:00,109.4,109.68,108.41,108.46,108.46,406.724,68,,,
2026-08-28 01:45:00+00:00,108.34,108.51,107.79,107.85,107.85,126.557,55,,,
2026-08-28 02:00:00+00:00,107.79,107.9,107.54,107.54,107.54,29.481,10,,,
2026-08-28 02:15:00+00:00,107.49,107.59,106.9,107.25,107.25,131.176,47,,,
2026-08-28 02:30:00+00:00,107.18,107.36,106.76,107.14,107.14,130.97,37,,,
2026-08-28 02:45:00+00:00,106.86,106.86,106.23,106.6,106.6,93.959,41,,,
2026-08-28 03:00:00+00:00,106.58,106.58,105.92,106.22,106.22,57.718,40,,,
2026-08-28 03:15:00+00:00,106.28,107.29,106.28,106.96,106.96,28.62,30,,,
2026-08-28 03:30:00+00:00,107.12,107.17,106.85,106.85,106.85,54.866,19,,,
2026-08-28 03:45:00+00:00,107.09,107.09,106.73,106.78,106.78,44.406,13,,,
2026-08-28 04:00:00+00:00,106.89,107.26,106.39,107.26,107.26,63.818,32,,,
2026-08-28 04:15:00+00:00,107.26,107.57,107.01,107.01,107.01,31.677,19,,,
2026-08-28 04:30:00+00:00,107.18,107.18,106.53,106.64,106.64,62.186,23,,,
2026-08-28 04:45:00+00:00,106.87,106.96,106.72,106.77,106.77,41.272,12,,,
2026-08-28 05:00:00+00:00,106.71,106.92,106.71,106.92,106.92,19.114,8,,,
2026-08-28 05:15:00+00:00,107.02,107.02,106.75,106.91,106.91,47.479,9,,,
2026-08-28 05:30:00+00:00,107.05,107.28,107.05,107.13,107.13,35.022,12,,,
2026-08-28 05:45:00+00:00,107.32,107.48,107.08,107.15,107.15,21.693,11,,,
2026-08-28 06:00:00+00:00,107.4,107.52,107.36,107.36,107.36,15.988,4,,,
2026-08-28 06:15:00+00:00,107.41,107.41,107.29,107.33,107.33,39.934,6,,,
2026-08-28 06:30:00+00:00,107.31,107.8,107.31,107.62,107.62,53.857,19,,,
2026-08-28 06:45:00+00:00,107.75,107.77,107.61,107.61,107.61,7.281,4,,,
2026-08-28 07:00:00+00:00,107.41,107.41,106.65,106.68,106.68,61.26,15,,,
2026-08-28 07:15:00+00:00,106.81,106.93,106.69,106.83,106.83,7.842,11,,,
2026-08-28 07:30:00+00:00,106.86,106.86,106.71,106.71,106.71,7.955,6,,,
2026-08-28 07:45:00+00:00,106.76,106.76,106.38,106.38,106.38,1.433,7,,,
2026-08-28 08:00:00+00:00,106.43,106.59,106.43,106.51,106.51,10.075,7,,,
2026-08-28 08:15:00+00:00,106.56,106.59,106.56,106.58,106.58,21.442,4,,,
2026-08-28 08:30:00+00:00,106.58,106.58,106.52,106.53,106.53,18.45,5,,,
2026-08-28 08:45:00+00:00,106.47,106.47,105.84,106.03,106.03,87.75,32,,,
2026-08-28 09:00:00+00:00,106.06,106.47,105.86,106.37,106.37,45.829,17,,,
2026-08-28 09:15:00+00:00,106.45,106.61,106.37,106.37,106.37,0.795,7,,,
2026-08-28 09:30:00+00:00,106.3,106.36,105.56,105.62,105.62,53.002,17,,,
2026-08-28 09:45:00+00:00,105.88,105.9,105.68,105.9,105.9,22.451,10,,,
2026-08-28 10:00:00+00:00,105.85,105.85,104.55,105.21,105.21,135.217,57,,,
2026-08-28 10:15:00+00:00,105.21,105.34,105.17,105.34,105.34,26.272,5,,,
2026-08-28 10:30:00+00:00,105.59,105.9,105.59,105.83,105.83,44.878,10,,,
2026-08-28 10:45:00+00:00,105.8,106.13,105.8,106.13,106.13,26.371,9,,,
2026-08-28 11:00:00+00:00,106.18,106.7,106.18,106.47,106.47,58.437,24,,,
2026-08-28 11:15:00+00:00,106.54,106.54,106.14,106.18,106.18,18.421,19,,,
2026-08-28 11:30:00+00:00,106.2,106.31,105.8,105.96,105.96,21.239,57,,,
2026-08-28 11:45:00+00:00,105.96,106.02,105.58,105.83,105.83,37.57,65,,,
2026-08-28 12:00:00+00:00,105.84,105.99,105.42,105.45,105.45,85.033,73,,,
2026-08-28 12:15:00+00:00,105.5,105.75,104.98,104.98,104.98,116.952,50,,,
2026-08-28 12:30:00+00:00,104.98,104.99,104.6,104.8,104.8,80.226,36,,,
2026-08-28 12:45:00+00:00,105.2,105.2,104.69,104.87,104.87,143.909,46,,,
2026-08-28 13:00:00+00:00,104.77,105.08,104.77,104.9,104.9,16.019,22,,,
2026-08-28 13:15:00+00:00,104.82,105.11,104.82,105.08,105.08,93.649,21,,,
2026-08-28 13:30:00+00:00,105.08,105.25,104.69,104.74,104.74,57.812,14,,,
2026-08-28 13:45:00+00:00,104.83,105.61,104.83,105.19,105.19,459.738,90,,,
2026-08-28 14:00:00+00:00,105.14,105.88,103.76,104.01,104.01,709.786,133,,,
2026-08-28 14:15:00+00:00,103.95,104.71,103.75,104.56,104.56,470.457,75,,,
2026-08-28 14:30:00+00:00,104.53,106.52,104.25,106.28,106.28,297.293,79,,,
2026-08-28 14:45:00+00:00,106.33,106.57,105.82,106.18,106.18,85.184,33,,,
2026-08-28 15:00:00+00:00,106.33,106.56,105.36,105.4,105.4,118.036,39,,,
2026-08-28 15:15:00+00:00,105.43,107.9,105.38,106.72,106.72,392.327,201,,,
2026-08-28 15:30:00+00:00,106.75,106.96,105.75,105.75,105.75,65.27,31,,,
2026-08-28 15:45:00+00:00,105.79,106.07,105.28,105.32,105.32,74.635,31,,,
2026-08-28 16:00:00+00:00,105.37,105.41,104.39,104.39,104.39,694.148,141,,,
2026-08-28 16:15:00+00:00,104.41,104.45,103.06,104.43,104.43,689.045,167,,,
2026-08-28 16:30:00+00:00,104.49,105.55,104.44,105.19,105.19,294.098,108,,,
2026-08-28 16:45:00+00:00,105.1,105.67,105.1,105.26,105.26,134.491,42,,,
2026-08-28 17:00:00+00:00,105.22,105.22,104.67,104.96,104.96,146.762,40,,,
2026-08-28 17:15:00+00:00,104.78,105.11,104.61,104.66,104.66,107.14,35,,,
2026-08-28 17:30:00+00:00,104.49,104.62,104.33,104.57,104.57,113.826,30,,,
2026-08-28 17:45:00+00:00,104.62,105.03,104.62,104.85,104.85,40.988,25,,,
2026-08-28 18:00:00+00:00,104.54,104.58,104.04,104.04,104.04,153.299,41,,,
2026-08-28 18:15:00+00:00,103.98,103.98,103.42,103.84,103.84,179.661,50,,,
2026-08-28 18:30:00+00:00,103.81,103.82,103.0,103.11,103.11,112.415,29,,,
2026-08-28 18:45:00+00:00,103.17,103.17,102.33,103.06,103.06,474.77,85,,,
2026-08-28 19:00:00+00:00,103.08,103.44,103.0,103.32,103.32,83.006,33,,,
2026-08-28 19:15:00+00:00,103.3,103.48,103.1,103.38,103.38,57.716,63,,,
2026-08-28 19:30:00+00:00,103.38,103.84,103.28,103.58,103.58,50.624,82,,,
2026-08-28 19:45:00+00:00,103.59,103.65,103.33,103.33,103.33,58.525,34,,,
2026-08-28 20:00:00+00:00,103.36,103.55,102.88,103.42,103.42,141.658,50,,,
2026-08-28 20:15:00+00:00,103.46,103.58,103.31,103.58,103.58,20.951,13,,,
2026-08-28 20:30:00+00:00,103.42,103.88,103.36,103.83,103.83,14.086,17,,,
2026-08-28 20:45:00+00:00,103.89,104.25,103.79,103.79,103.79,54.469,43,,,
2026-08-28 21:00:00+00:00,103.89,103.89,103.7,103.76,103.76,68.161,16,,,
2026-08-28 21:15:00+00:00,103.79,103.79,103.54,103.75,103.75,29.025,7,,,
2026-08-28 21:30:00+00:00,103.91,104.0,103.6,103.6,103.6,27.929,8,,,
2026-08-28 21:45:00+00:00,103.52,103.52,103.4,103.4,103.4,3.217,4,,,
2026-08-28 22:00:00+00:00,103.45,103.82,103.45,103.82,103.82,30.782,5,,,
2026-08-28 22:15:00+00:00,103.85,103.85,103.57,103.81,103.81,59.037,9,,,
2026-08-28 22:30:00+00:00,103.9,104.05,103.78,104.05,104.05,48.339,8,,,
2026-08-28 22:45:00+00:00,104.14,104.21,104.01,104.02,104.02,43.627,10,,,
2026-08-28 23:00:00+00:00,104.07,104.28,104.06,104.28,104.28,48.886,10,,,
2026-08-28 23:15:00+00:00,104.35,104.35,104.11,104.2,104.2,99.852,13,,,
2026-08-28 23:30:00+00:00,104.2,104.2,104.2,104.2,104.2,0.0,0,,,
2026-08-28 23:45:00+00:00,104.1,104.1,104.1,104.1,104.1,1.107,1,,,
2026-08-29 00:00:00+00:00,104.12,104.45,104.12,104.33,104.33,55.12,16,,,
2026-08-29 00:15:00+00:00,104.33,104.54,104.33,104.49,104.49,101.818,21,,,
2026-08-29 00:30:00+00:00,104.36,104.36,104.36,104.36,104.36,2.111,1,,,
2026-08-29 00:45:00+00:00,104.05,104.05,103.95,103.95,103.95,15.264,6,,,
2026-08-29 01:00:00+00:00,103.91,103.91,103.87,103.87,103.87,1.967,5,,,
2026-08-29 01:15:00+00:00,104.0,104.0,104.0,104.0,104.0,0.028,1,,,
2026-08-29 01:30:00+00:00,104.14,104.17,104.13,104.13,104.13,27.371,5,,,
2026-08-29 01:45:00+00:00,104.03,104.33,104.03,104.13,104.13,94.3,17,,,
2026-08-29 02:00:00+00:00,104.25,104.37,104.16,104.31,104.31,40.58,7,,,
2026-08-29 02:15:00+00:00,103.94,103.97,103.81,103.87,103.87,17.897,9,,,
2026-08-29 02:30:00+00:00,103.9,103.9,103.7,103.85,103.85,20.163,6,,,
2026-08-29 02:45:00+00:00,103.78,104.14,103.78,104.13,104.13,22.655,3,,,
2026-08-29 03:00:00+00:00,103.93,104.07,103.93,104.02,104.02,47.006,12,,,
2026-08-29 03:15:00+00:00,103.87,104.09,103.87,104.05,104.05,25.978,8,,,
2026-08-29 03:30:00+00:00,104.13,104.23,103.89,104.18,104.18,59.952,11,,,
2026-08-29 03:45:00+00:00,104.08,104.08,103.94,103.94,103.94,12.254,5,,,
2026-08-29 04:00:00+00:00,103.88,103.92,103.55,103.55,103.55,121.351,22,,,
2026-08-29 04:15:00+00:00,103.72,103.72,103.59,103.59,103.59,23.436,6,,,
2026-08-29 04:30:00+00:00,103.58,103.8,103.52,103.68,103.68,104.518,16,,,
2026-08-29 04:45:00+00:00,103.76,104.03,103.76,103.88,103.88,87.064,26,,,
2026-08-29 05:00:00+00:00,103.87,104.12,103.83,104.12,104.12,25.335,15,,,
2026-08-29 05:15:00+00:00,104.17,104.17,104.01,104.17,104.17,60.246,10,,,
2026-08-29 05:30:00+00:00,104.02,104.11,103.88,104.04,104.04,118.808,15,,,
2026-08-29 05:45:00+00:00,104.1,104.11,103.95,103.95,103.95,10.435,6,,,
2026-08-29 06:00:00+00:00,104.02,104.02,103.52,103.52,103.52,68.489,16,,,
2026-08-29 06:15:00+00:00,103.57,103.63,103.4,103.4,103.4,33.518,6,,,
2026-08-29 06:30:00+00:00,103.51,103.63,103.51,103.63,103.63,44.35,4,,,
2026-08-29 06:45:00+00:00,103.59,103.59,103.59,103.59,103.59,14.48,1,,,
2026-08-29 07:00:00+00:00,103.74,103.86,103.74,103.77,103.77,19.586,7,,,
2026-08-29 07:15:00+00:00,103.71,103.86,103.71,103.86,103.86,15.311,3,,,
2026-08-29 07:30:00+00:00,103.96,103.96,103.73,103.8,103.8,33.128,8,,,
2026-08-29 07:45:00+00:00,103.91,103.91,103.71,103.76,103.76,20.916,4,,,
2026-08-29 08:00:00+00:00,103.67,103.73,103.32,103.36,103.36,142.993,27,,,
2026-08-29 08:15:00+00:00,103.35,103.51,103.35,103.51,103.51,23.624,13,,,
2026-08-29 08:30:00+00:00,103.42,103.42,103.28,103.28,103.28,14.157,4,,,
2026-08-29 08:45:00+00:00,103.24,103.41,103.18,103.31,103.31,18.534,9,,,
2026-08-29 09:00:00+00:00,103.47,103.48,103.37,103.45,103.45,40.706,13,,,
2026-08-29 09:15:00+00:00,103.46,103.47,103.31,103.36,103.36,17.992,10,,,
2026-08-29 09:30:00+00:00,103.36,103.56,103.36,103.56,103.56,21.393,5,,,
2026-08-29 09:45:00+00:00,103.49,103.49,103.34,103.45,103.45,30.08,22,,,
2026-08-29 10:00:00+00:00,103.28,103.28,103.05,103.22,103.22,23.173,11,,,
2026-08-29 10:15:00+00:00,103.56,103.56,103.42,103.46,103.46,46.02,8,,,
2026-08-29 10:30:00+00:00,103.45,103.45,103.45,103.45,103.45,0.545,2,,,
2026-08-29 10:45:00+00:00,103.54,103.58,103.53,103.53,103.53,26.741,7,,,
2026-08-29 11:00:00+00:00,103.45,103.66,103.45,103.66,103.66,18.018,5,,,
2026-08-29 11:15:00+00:00,103.67,103.71,103.57,103.61,103.61,5.059,9,,,
2026-08-29 11:30:00+00:00,103.58,103.6,103.54,103.57,103.57,38.554,8,,,
2026-08-29 11:45:00+00:00,103.65,103.7,103.64,103.7,103.7,13.589,6,,,
2026-08-29 12:00:00+00:00,103.52,103.6,103.45,103.6,103.6,30.678,11,,,
2026-08-29 12:15:00+00:00,103.66,103.99,103.47,103.51,103.51,23.88,20,,,
2026-08-29 12:30:00+00:00,103.55,103.55,103.42,103.52,103.52,18.059,14,,,
2026-08-29 12:45:00+00:00,103.66,103.7,103.5,103.63,103.63,31.427,24,,,
2026-08-29 13:00:00+00:00,103.6,103.63,103.57,103.57,103.57,6.515,9,,,
2026-08-29 13:15:00+00:00,103.66,103.8,103.65,103.74,103.74,51.476,23,,,
2026-08-29 13:30:00+00:00,103.74,103.86,103.7,103.7,103.7,14.227,9,,,
2026-08-29 13:45:00+00:00,103.71,103.96,103.71,103.9,103.9,10.939,10,,,
2026-08-29 14:00:00+00:00,103.87,104.04,103.83,104.0,104.0,28.198,13,,,
2026-08-29 14:15:00+00:00,104.14,104.43,104.14,104.35,104.35,100.598,38,,,
2026-08-29 14:30:00+00:00,104.33,105.34,104.33,105.13,105.13,88.569,54,,,
2026-08-29 14:45:00+00:00,105.05,105.45,105.01,105.45,105.45,80.65,30,,,
2026-08-29 15:00:00+00:00,105.3,105.5,105.07,105.07,105.07,41.6,13,,,
2026-08-29 15:15:00+00:00,104.85,105.24,104.67,104.97,104.97,51.466,15,,,
2026-08-29 15:30:00+00:00,105.02,105.07,104.95,105.07,105.07,4.471,8,,,
2026-08-29 15:45:00+00:00,104.91,105.18,104.86,104.89,104.89,38.443,7,,,
2026-08-29 16:00:00+00:00,105.1,105.3,105.09,105.23,105.23,44.104,13,,,
2026-08-29 16:15:00+00:00,105.29,105.31,104.88,104.88,104.88,26.426,9,,,
2026-08-29 16:30:00+00:00,104.94,105.24,104.94,104.97,104.97,45.571,22,,,
2026-08-29 16:45:00+00:00,105.1,105.1,104.88,104.88,104.88,13.42,6,,,
2026-08-29 17:00:00+00:00,104.97,105.09,104.97,105.03,105.03,12.706,4,,,
2026-08-29 17:15:00+00:00,104.95,104.95,104.66,104.67,104.67,20.383,8,,,
2026-08-29 17:30:00+00:00,104.75,104.76,104.45,104.71,104.71,55.136,14,,,
2026-08-29 17:45:00+00:00,104.73,104.73,104.73,104.73,104.73,13.97,1,,,
2026-08-29 18:00:00+00:00,104.89,104.89,104.85,104.89,104.89,3.974,4,,,
2026-08-29 18:15:00+00:00,104.79,105.08,104.79,105.08,105.08,8.115,2,,,
2026-08-29 18:30:00+00:00,104.79,105.09,104.79,105.09,105.09,42.602,10,,,
2026-08-29 18:45:00+00:00,105.21,105.25,105.21,105.25,105.25,1.543,3,,,
2026-08-29 19:00:00+00:00,105.24,105.5,105.24,105.5,105.5,40.945,15,,,
2026-08-29 19:15:00+00:00,105.53,105.77,105.53,105.69,105.69,10.702,14,,,
2026-08-29 19:30:00+00:00,105.74,105.74,105.51,105.61,105.61,36.769,11,,,
2026-08-29 19:45:00+00:00,105.59,105.59,105.35,105.4,105.4,116.232,19,,,
2026-08-29 20:00:00+00:00,105.44,105.45,105.24,105.29,105.29,20.775,6,,,
2026-08-29 20:15:00+00:00,105.38,105.38,105.24,105.26,105.26,33.091,9,,,
2026-08-29 20:30:00+00:00,105.21,105.29,105.17,105.25,105.25,34.893,10,,,
2026-08-29 20:45:00+00:00,105.3,105.3,105.23,105.23,105.23,0.038,2,,,
2026-08-29 21:00:00+00:00,105.21,105.22,105.1,105.1,105.1,34.543,6,,,
2026-08-29 21:15:00+00:00,105.12,105.12,105.12,105.12,105.12,0.475,1,,,
2026-08-29 21:30:00+00:00,104.95,104.98,104.83,104.98,104.98,32.368,8,,,
2026-08-29 21:45:00+00:00,105.02,105.02,104.99,104.99,104.99,1.787,2,,,
2026-08-29 22:00:00+00:00,104.96,105.06,104.96,105.06,105.06,26.802,8,,,
2026-08-29 22:15:00+00:00,105.03,105.08,105.03,105.08,105.08,1.132,2,,,
2026-08-29 22:30:00+00:00,105.19,105.19,105.19,105.19,105.19,0.12,1,,,
2026-08-29 22:45:00+00:00,105.32,105.37,105.32,105.37,105.37,12.34,2,,,
2026-08-29 23:00:00+00:00,105.52,105.73,105.52,105.64,105.64,40.314,14,,,
2026-08-29 23:15:00+00:00,105.62,105.75,105.51,105.67,105.67,26.853,10,,,
2026-08-29 23:30:00+00:00,105.72,105.74,105.51,105.51,105.51,27.878,7,,,
2026-08-29 23:45:00+00:00,105.68,105.68,105.68,105.68,105.68,1.107,1,,,
2026-08-30 00:00:00+00:00,105.52,105.52,105.3,105.33,105.33,61.589,15,,,
2026-08-30 00:15:00+00:00,105.36,105.66,105.36,105.55,105.55,23.128,6,,,
2026-08-30 00:30:00+00:00,105.35,105.51,105.24,105.28,105.28,36.947,8,,,
2026-08-30 00:45:00+00:00,105.44,105.44,105.29,105.29,105.29,26.464,5,,,
2026-08-30 01:00:00+00:00,105.24,105.24,105.24,105.24,105.24,1.11,1,,,
2026-08-30 01:15:00+00:00,105.34,105.34,105.14,105.14,105.14,24.865,3,,,
2026-08-30 01:30:00+00:00,105.09,105.31,105.09,105.28,105.28,27.264,5,,,
2026-08-30 01:45:00+00:00,105.19,105.35,105.16,105.21,105.21,37.143,9,,,
2026-08-30 02:00:00+00:00,105.24,105.43,105.24,105.26,105.26,24.001,10,,,
2026-08-30 02:15:00+00:00,105.44,105.44,105.3,105.3,105.3,17.12,4,,,
2026-08-30 02:30:00+00:00,105.31,105.36,105.21,105.29,105.29,12.94,8,,,
2026-08-30 02:45:00+00:00,105.23,105.46,105.23,105.41,105.41,20.861,6,,,
2026-08-30 03:00:00+00:00,105.15,105.16,105.01,105.1,105.1,31.807,6,,,
2026-08-30 03:15:00+00:00,105.1,105.24,105.1,105.24,105.24,11.912,4,,,
2026-08-30 03:30:00+00:00,105.26,105.32,105.22,105.22,105.22,26.719,8,,,
2026-08-30 03:45:00+00:00,105.16,105.16,105.08,105.08,105.08,1.246,2,,,
2026-08-30 04:00:00+00:00,105.11,105.11,105.11,105.11,105.11,0.62,1,,,
2026-08-30 04:15:00+00:00,105.05,105.08,104.94,105.08,105.08,17.786,6,,,
2026-08-30 04:30:00+00:00,104.96,104.97,104.88,104.97,104.97,38.005,10,,,
2026-08-30 04:45:00+00:00,104.87,104.89,104.77,104.89,104.89,29.42,7,,,
2026-08-30 05:00:00+00:00,105.21,105.21,105.2,105.2,105.2,14.643,2,,,
2026-08-30 05:15:00+00:00,105.08,105.08,105.06,105.06,105.06,30.972,5,,,
2026-08-30 05:30:00+00:00,105.0,105.0,104.96,104.96,104.96,15.225,2,,,
2026-08-30 05:45:00+00:00,105.03,105.05,104.96,104.96,104.96,10.917,4,,,
2026-08-30 06:00:00+00:00,105.08,105.08,104.94,104.94,104.94,27.403,4,,,
2026-08-30 06:15:00+00:00,104.97,105.0,104.97,105.0,105.0,1.249,2,,,
2026-08-30 06:30:00+00:00,104.98,105.01,104.98,104.99,104.99,29.687,3,,,
2026-08-30 06:45:00+00:00,105.06,105.38,105.06,105.38,105.38,6.321,7,,,
2026-08-30 07:00:00+00:00,105.42,105.45,105.29,105.32,105.32,21.756,9,,,
2026-08-30 07:15:00+00:00,105.16,105.16,105.16,105.16,105.16,0.332,1,,,
2026-08-30 07:30:00+00:00,105.15,105.15,104.94,104.94,104.94,2.231,3,,,
2026-08-30 07:45:00+00:00,104.82,104.98,104.76,104.97,104.97,33.47,7,,,
2026-08-30 08:00:00+00:00,104.84,105.04,104.84,104.91,104.91,26.356,20,,,
2026-08-30 08:15:00+00:00,105.02,105.07,104.95,105.01,105.01,14.683,20,,,
2026-08-30 08:30:00+00:00,105.04,105.06,104.79,104.79,104.79,10.088,22,,,
2026-08-30 08:45:00+00:00,104.72,104.72,104.57,104.69,104.69,24.797,11,,,
2026-08-30 09:00:00+00:00,104.79,104.82,104.79,104.82,104.82,22.859,3,,,
2026-08-30 09:15:00+00:00,104.86,104.93,104.55,104.55,104.55,78.953,18,,,
2026-08-30 09:30:00+00:00,104.56,104.72,104.49,104.71,104.71,68.562,11,,,
2026-08-30 09:45:00+00:00,104.75,104.75,104.58,104.58,104.58,21.462,13,,,
2026-08-30 10:00:00+00:00,104.58,104.75,104.58,104.63,104.63,50.177,8,,,
2026-08-30 10:15:00+00:00,104.56,104.98,104.56,104.84,104.84,50.564,11,,,
2026-08-30 10:30:00+00:00,104.89,105.01,104.89,105.01,105.01,19.686,7,,,
2026-08-30 10:45:00+00:00,105.14,105.18,105.14,105.18,105.18,0.514,2,,,
2026-08-30 11:00:00+00:00,105.29,105.29,105.15,105.15,105.15,12.412,4,,,
2026-08-30 11:15:00+00:00,105.15,105.15,105.15,105.15,105.15,0.0,0,,,
2026-08-30 11:30:00+00:00,105.18,105.18,105.0,105.12,105.12,57.511,12,,,
2026-08-30 11:45:00+00:00,104.99,104.99,104.97,104.97,104.97,21.805,3,,,
2026-08-30 12:00:00+00:00,105.22,105.78,105.16,105.72,105.72,79.693,20,,,
2026-08-30 12:15:00+00:00,105.64,105.64,105.43,105.43,105.43,3.051,4,,,
2026-08-30 12:30:00+00:00,105.42,105.63,105.28,105.53,105.53,103.332,22,,,
2026-08-30 12:45:00+00:00,105.61,106.1,105.43,106.1,106.1,63.364,25,,,
2026-08-30 13:00:00+00:00,106.14,106.19,105.98,105.98,105.98,14.491,9,,,
2026-08-30 13:15:00+00:00,106.23,106.37,106.02,106.34,106.34,33.768,10,,,
2026-08-30 13:30:00+00:00,106.39,107.09,106.39,107.06,107.06,103.163,39,,,
2026-08-30 13:45:00+00:00,107.04,107.4,107.04,107.19,107.19,463.982,61,,,
2026-08-30 14:00:00+00:00,107.05,107.09,106.85,107.09,107.09,57.377,16,,,
2026-08-30 14:15:00+00:00,107.13,107.13,106.75,107.03,107.03,50.496,9,,,
2026-08-30 14:30:00+00:00,106.75,106.81,106.74,106.81,106.81,28.306,3,,,
2026-08-30 14:45:00+00:00,106.81,106.9,106.8,106.85,106.85,170.499,17,,,
2026-08-30 15:00:00+00:00,106.78,106.78,106.37,106.37,106.37,71.467,20,,,
2026-08-30 15:15:00+00:00,106.11,106.6,106.07,106.53,106.53,219.227,25,,,
2026-08-30 15:30:00+00:00,106.52,106.63,106.49,106.63,106.63,20.143,9,,,
2026-08-30 15:45:00+00:00,106.53,106.53,106.17,106.25,106.25,104.524,14,,,
2026-08-30 16:00:00+00:00,106.28,106.96,106.28,106.96,106.96,65.363,23,,,
2026-08-30 16:15:00+00:00,106.97,107.07,106.7,106.73,106.73,87.501,22,,,
2026-08-30 16:30:00+00:00,106.54,106.76,106.51,106.76,106.76,20.968,3,,,
2026-08-30 16:45:00+00:00,106.81,106.96,106.71,106.83,106.83,52.911,10,,,
2026-08-30 17:00:00+00:00,106.76,106.76,106.5,106.6,106.6,27.711,8,,,
2026-08-30 17:15:00+00:00,106.53,106.53,105.35,105.68,105.68,190.338,53,,,
2026-08-30 17:30:00+00:00,105.73,106.07,105.73,106.05,106.05,66.029,19,,,
2026-08-30 17:45:00+00:00,106.12,106.16,105.97,106.03,106.03,52.129,13,,,
2026-08-30 18:00:00+00:00,106.39,106.6,106.04,106.24,106.24,72.121,22,,,
2026-08-30 18:15:00+00:00,106.36,106.69,106.36,106.69,106.69,10.916,5,,,
2026-08-30 18:30:00+00:00,106.8,106.83,106.69,106.69,106.69,43.029,16,,,
2026-08-30 18:45:00+00:00,106.65,106.78,106.55,106.76,106.76,34.357,8,,,
2026-08-30 19:00:00+00:00,106.47,106.63,106.43,106.63,106.63,36.062,7,,,
2026-08-30 19:15:00+00:00,106.81,106.81,106.31,106.31,106.31,20.1,8,,,
2026-08-30 19:30:00+00:00,106.19,106.28,105.68,105.68,105.68,125.099,29,,,
2026-08-30 19:45:00+00:00,105.65,105.78,105.52,105.78,105.78,7.24,9,,,
2026-08-30 20:00:00+00:00,105.9,105.97,105.76,105.88,105.88,23.721,13,,,
2026-08-30 20:15:00+00:00,105.73,105.82,105.5,105.5,105.5,46.947,9,,,
2026-08-30 20:30:00+00:00,105.43,105.43,104.48,104.48,104.48,233.242,55,,,
2026-08-30 20:45:00+00:00,104.67,105.15,104.65,104.78,104.78,56.826,23,,,
2026-08-30 21:00:00+00:00,104.66,104.66,103.48,103.92,103.92,672.294,97,,,
2026-08-30 21:15:00+00:00,104.1,104.14,103.94,104.1,104.1,18.546,10,,,
2026-08-30 21:30:00+00:00,104.45,104.45,104.34,104.39,104.39,25.676,5,,,
2026-08-30 21:45:00+00:00,104.39,104.39,104.39,104.39,104.39,0.0,0,,,
2026-08-30 22:00:00+00:00,104.47,104.69,104.03,104.03,104.03,79.197,26,,,
2026-08-30 22:15:00+00:00,104.0,104.0,103.48,103.63,103.63,60.323,27,,,
2026-08-30 22:30:00+00:00,103.52,103.86,103.43,103.73,103.73,25.315,14,,,
2026-08-30 22:45:00+00:00,103.73,103.91,103.73,103.87,103.87,49.322,10,,,
2026-08-30 23:00:00+00:00,103.69,103.74,103.51,103.64,103.64,15.812,11,,,
2026-08-30 23:15:00+00:00,103.6,103.6,101.39,101.57,101.57,404.133,128,,,
2026-08-30 23:30:00+00:00,101.73,102.16,101.25,101.44,101.44,237.597,72,,,
2026-08-30 23:45:00+00:00,101.41,101.86,100.36,101.84,101.84,669.504,122,,,
2026-08-31 00:00:00+00:00,101.53,101.89,101.15,101.59,101.59,219.827,75,,,
2026-08-31 00:15:00+00:00,101.71,102.3,101.71,102.14,102.14,16.078,22,,,
2026-08-31 00:30:00+00:00,102.13,102.5,102.07,102.5,102.5,10.565,11,,,
2026-08-31 00:45:00+00:00,102.26,102.35,102.17,102.17,102.17,36.848,10,,,
2026-08-31 01:00:00+00:00,102.06,102.14,101.61,101.71,101.71,33.679,14,,,
2026-08-31 01:15:00+00:00,101.64,102.04,101.64,101.96,101.96,47.674,19,,,
2026-08-31 01:30:00+00:00,101.96,102.09,101.64,101.71,101.71,136.959,26,,,
2026-08-31 01:45:00+00:00,101.72,101.77,101.51,101.61,101.61,36.963,9,,,
2026-08-31 02:00:00+00:00,101.5,102.25,101.37,102.25,102.25,37.108,12,,,
2026-08-31 02:15:00+00:00,102.22,102.22,102.01,102.01,102.01,39.579,8,,,
2026-08-31 02:30:00+00:00,102.01,102.01,102.01,102.01,102.01,0.0,0,,,
2026-08-31 02:45:00+00:00,101.93,101.95,101.24,101.24,101.24,42.549,13,,,
2026-08-31 03:00:00+00:00,101.32,101.75,101.32,101.75,101.75,33.168,8,,,
2026-08-31 03:15:00+00:00,101.66,101.86,101.57,101.78,101.78,5.441,5,,,
2026-08-31 03:30:00+00:00,101.74,101.99,101.74,101.99,101.99,184.952,24,,,
2026-08-31 03:45:00+00:00,101.99,101.99,101.99,101.99,101.99,0.0,0,,,
2026-08-31 13:00:00+00:00,103.3,136.23,102.77,102.83,102.83,6.696,12,,,
2026-08-31 13:15:00+00:00,102.71,102.73,102.52,102.69,102.69,12.685,14,,,
2026-08-31 13:30:00+00:00,102.93,102.99,102.53,102.78,102.78,45.15,28,,,
2026-08-31 13:45:00+00:00,102.24,102.31,102.2,102.31,102.31,7.67,6,,,
2026-08-31 14:00:00+00:00,102.36,102.54,102.36,102.54,102.54,29.27,2,,,
2026-08-31 14:15:00+00:00,102.6,102.72,102.48,102.52,102.52,33.312,15,,,
2026-08-31 14:30:00+00:00,102.55,103.45,102.4,103.33,103.33,80.35,29,,,
2026-08-31 14:45:00+00:00,103.42,103.82,103.21,103.56,103.56,41.604,22,,,
2026-08-31 15:00:00+00:00,103.54,103.54,102.93,102.93,102.93,5.678,25,,,
2026-08-31 15:15:00+00:00,102.9,103.16,102.87,103.11,103.11,80.117,21,,,
2026-08-31 15:30:00+00:00,103.14,103.28,103.01,103.28,103.28,21.241,11,,,
2026-08-31 15:45:00+00:00,103.36,103.45,102.78,102.78,102.78,11.374,4,,,
2026-08-31 16:00:00+00:00,102.82,103.0,102.54,102.57,102.57,65.139,19,,,
2026-08-31 16:15:00+00:00,102.56,102.82,102.45,102.56,102.56,54.218,12,,,
2026-08-31 16:30:00+00:00,102.61,102.84,102.49,102.84,102.84,54.434,18,,,
2026-08-31 16:45:00+00:00,103.0,103.19,102.96,103.19,103.19,55.802,11,,,
2026-08-31 17:00:00+00:00,102.82,103.15,102.82,103.12,103.12,20.018,8,,,
2026-08-31 17:15:00+00:00,102.75,103.0,102.63,102.73,102.73,111.519,31,,,
2026-08-31 17:30:00+00:00,103.01,103.51,102.97,103.5,103.5,52.315,22,,,
2026-08-31 17:45:00+00:00,103.59,103.72,103.59,103.64,103.64,22.381,11,,,
2026-08-31 18:00:00+00:00,103.59,103.59,103.45,103.53,103.53,47.025,13,,,
2026-08-31 18:15:00+00:00,103.74,104.04,103.61,103.7,103.7,139.546,35,,,
2026-08-31 18:30:00+00:00,104.05,104.72,104.05,104.72,104.72,430.899,39,,,
2026-08-31 18:45:00+00:00,104.84,104.84,104.29,104.68,104.68,103.193,36,,,
2026-08-31 19:00:00+00:00,104.58,104.67,104.54,104.54,104.54,97.092,20,,,
2026-08-31 19:15:00+00:00,104.08,104.13,103.96,104.12,104.12,27.889,11,,,
2026-08-31 19:30:00+00:00,104.08,104.08,103.65,103.74,103.74,144.585,40,,,
2026-08-31 19:45:00+00:00,103.82,103.82,103.55,103.61,103.61,320.912,19,,,
2026-08-31 20:00:00+00:00,103.62,103.72,103.62,103.64,103.64,10.31,3,,,
2026-08-31 20:15:00+00:00,104.0,104.09,103.98,103.98,103.98,13.044,5,,,
2026-08-31 20:30:00+00:00,104.0,104.0,103.69,103.75,103.75,6.864,5,,,
2026-08-31 20:45:00+00:00,103.54,103.78,103.54,103.76,103.76,164.517,20,,,
2026-08-31 21:00:00+00:00,103.72,103.72,103.31,103.5,103.5,52.494,18,,,
2026-08-31 21:15:00+00:00,103.3,103.34,103.24,103.34,103.34,30.742,12,,,
2026-08-31 21:30:00+00:00,103.74,103.81,103.69,103.77,103.77,57.902,13,,,
2026-08-31 21:45:00+00:00,103.86,103.94,103.83,103.83,103.83,5.993,9,,,
2026-08-31 22:00:00+00:00,103.76,103.78,103.44,103.44,103.44,77.785,15,,,
2026-08-31 22:15:00+00:00,103.4,103.4,103.3,103.3,103.3,12.599,3,,,
2026-08-31 22:30:00+00:00,103.35,103.35,103.27,103.27,103.27,5.171,2,,,
2026-08-31 22:45:00+00:00,103.13,103.17,103.13,103.17,103.17,7.852,3,,,
2026-08-31 23:00:00+00:00,103.03,103.03,102.99,102.99,102.99,18.213,3,,,
2026-08-31 23:15:00+00:00,103.04,103.13,103.04,103.13,103.13,63.036,12,,,
2026-08-31 23:30:00+00:00,103.13,103.13,103.13,103.13,103.13,0.0,0,,,
2026-08-31 23:45:00+00:00,102.94,103.0,102.92,103.0,103.0,5.295,4,,,
2026-09-01 00:00:00+00:00,102.98,103.21,102.95,103.21,103.21,32.493,7,,,
2026-09-01 00:15:00+00:00,103.36,103.46,103.36,103.44,103.44,47.313,11,,,
2026-09-01 00:30:00+00:00,103.36,103.43,103.2,103.26,103.26,162.668,39,,,
2026-09-01 00:45:00+00:00,103.41,103.41,103.06,103.15,103.15,25.506,8,,,
2026-09-01 01:00:00+00:00,103.11,103.42,103.11,103.33,103.33,17.145,8,,,
2026-09-01 01:15:00+00:00,102.97,103.11,102.81,102.81,102.81,32.787,12,,,
2026-09-01 01:30:00+00:00,102.81,103.4,102.81,103.4,103.4,11.566,4,,,
2026-09-01 01:45:00+00:00,103.35,103.35,103.15,103.18,103.18,14.151,5,,,
2026-09-01 02:00:00+00:00,103.09,103.11,102.79,103.0,103.0,38.507,13,,,
2026-09-01 02:15:00+00:00,103.2,103.2,103.08,103.08,103.08,53.54,7,,,
2026-09-01 02:30:00+00:00,103.1,103.1,103.03,103.03,103.03,0.778,2,,,
2026-09-01 02:45:00+00:00,103.17,103.24,103.17,103.24,103.24,0.972,2,,,
2026-09-01 03:00:00+00:00,103.4,103.4,103.4,103.4,103.4,0.077,1,,,
2026-09-01 03:15:00+00:00,103.43,103.53,103.3,103.42,103.42,22.188,16,,,
2026-09-01 03:30:00+00:00,103.66,104.1,103.66,103.99,103.99,135.223,29,,,
2026-09-01 03:45:00+00:00,103.64,103.64,103.64,103.64,103.64,0.192,1,,,
2026-09-01 04:00:00+00:00,103.67,103.68,103.63,103.66,103.66,21.38,5,,,
2026-09-01 04:15:00+00:00,103.71,103.94,103.71,103.94,103.94,14.617,2,,,
2026-09-01 04:30:00+00:00,103.85,103.88,103.85,103.88,103.88,14.536,2,,,
2026-09-01 04:45:00+00:00,103.79,103.79,103.51,103.6,103.6,82.857,17,,,
2026-09-01 05:00:00+00:00,103.6,104.02,103.6,103.98,103.98,84.417,11,,,
2026-09-01 05:15:00+00:00,103.81,103.91,103.77,103.77,103.77,41.371,9,,,
2026-09-01 05:30:00+00:00,103.96,104.19,103.96,104.19,104.19,29.468,12,,,
2026-09-01 05:45:00+00:00,104.24,104.27,104.2,104.23,104.23,40.119,8,,,
2026-09-01 06:00:00+00:00,104.2,104.2,104.0,104.0,104.0,19.308,6,,,
2026-09-01 06:15:00+00:00,104.07,104.07,103.84,103.84,103.84,27.43,9,,,
2026-09-01 06:30:00+00:00,103.91,104.0,103.86,103.92,103.92,28.877,9,,,
2026-09-01 06:45:00+00:00,103.45,103.45,103.42,103.42,103.42,1.754,3,,,
2026-09-01 07:00:00+00:00,103.35,103.5,103.35,103.49,103.49,4.608,4,,,
2026-09-01 07:15:00+00:00,103.32,103.47,103.32,103.45,103.45,68.152,14,,,
2026-09-01 07:30:00+00:00,102.88,103.01,102.82,103.01,103.01,38.25,8,,,
2026-09-01 07:45:00+00:00,103.05,103.12,103.0,103.12,103.12,2.621,3,,,
2026-09-01 08:00:00+00:00,103.08,103.16,102.58,102.58,102.58,29.843,37,,,
2026-09-01 08:15:00+00:00,102.56,102.72,102.14,102.14,102.14,129.19,24,,,
2026-09-01 08:30:00+00:00,102.13,102.43,101.81,101.94,101.94,142.956,31,,,
2026-09-01 08:45:00+00:00,102.17,102.17,102.0,102.0,102.0,7.376,3,,,
2026-09-01 09:00:00+00:00,101.95,102.03,101.92,102.01,102.01,4.328,6,,,
2026-09-01 09:15:00+00:00,101.87,102.23,101.87,102.16,102.16,97.142,17,,,
2026-09-01 09:30:00+00:00,102.12,102.2,102.11,102.18,102.18,28.231,48,,,
2026-09-01 09:45:00+00:00,102.15,102.18,102.06,102.08,102.08,49.995,14,,,
2026-09-01 10:00:00+00:00,101.99,102.21,101.99,102.17,102.17,18.164,6,,,
2026-09-01 10:15:00+00:00,101.97,102.46,101.97,102.44,102.44,51.11,15,,,
2026-09-01 10:30:00+00:00,102.35,102.63,102.35,102.63,102.63,2.227,2,,,
2026-09-01 10:45:00+00:00,102.59,102.59,102.26,102.26,102.26,3.813,8,,,
2026-09-01 11:00:00+00:00,102.25,102.25,102.25,102.25,102.25,1.115,1,,,
2026-09-01 11:15:00+00:00,102.26,102.26,102.26,102.26,102.26,4.889,1,,,
2026-09-01 11:30:00+00:00,102.35,102.5,102.35,102.49,102.49,38.892,7,,,
2026-09-01 11:45:00+00:00,102.32,102.39,102.26,102.26,102.26,14.588,5,,,
2026-09-01 12:00:00+00:00,102.12,102.44,102.12,102.39,102.39,57.304,12,,,
2026-09-01 12:15:00+00:00,102.39,102.39,102.39,102.39,102.39,0.0,0,,,
2026-09-01 12:30:00+00:00,101.98,101.98,101.48,101.93,101.93,204.423,32,,,
2026-09-01 12:45:00+00:00,102.06,102.06,101.95,101.95,101.95,135.891,21,,,
2026-09-01 13:00:00+00:00,101.88,101.94,101.48,101.94,101.94,262.749,45,,,
2026-09-01 13:15:00+00:00,101.9,101.9,101.69,101.69,101.69,65.314,12,,,
2026-09-01 13:30:00+00:00,101.99,102.1,101.37,101.72,101.72,68.359,16,,,
2026-09-01 13:45:00+00:00,101.95,102.24,101.82,101.82,101.82,48.919,15,,,
2026-09-01 14:00:00+00:00,102.01,102.52,102.01,102.23,102.23,50.287,24,,,
2026-09-01 14:15:00+00:00,102.37,102.51,102.22,102.36,102.36,22.383,13,,,
2026-09-01 14:30:00+00:00,102.23,102.33,102.23,102.27,102.27,43.006,10,,,
2026-09-01 14:45:00+00:00,102.37,102.51,101.9,101.92,101.92,255.933,28,,,
2026-09-01 15:00:00+00:00,101.95,101.95,101.0,101.21,101.21,182.652,47,,,
2026-09-01 15:15:00+00:00,101.36,101.66,101.36,101.66,101.66,16.975,4,,,
2026-09-01 15:30:00+00:00,101.76,102.17,101.76,102.17,102.17,13.415,4,,,
2026-09-01 15:45:00+00:00,102.17,102.17,102.17,102.17,102.17,0.0,0,,,
2026-09-01 16:00:00+00:00,102.0,102.02,101.85,101.85,101.85,6.143,4,,,
2026-09-01 16:15:00+00:00,101.36,101.36,101.17,101.36,101.36,68.488,17,,,
2026-09-01 16:30:00+00:00,101.17,101.17,100.61,100.73,100.73,67.035,21,,,
2026-09-01 16:45:00+00:00,100.93,101.07,100.93,100.97,100.97,77.549,8,,,
2026-09-01 17:00:00+00:00,100.91,100.91,100.84,100.84,100.84,31.226,6,,,
2026-09-01 17:15:00+00:00,100.97,100.97,100.92,100.92,100.92,17.305,5,,,
2026-09-01 17:30:00+00:00,101.05,101.19,101.05,101.11,101.11,7.211,7,,,
2026-09-01 17:45:00+00:00,100.95,101.02,100.43,100.54,100.54,41.931,15,,,
2026-09-01 18:00:00+00:00,100.59,100.62,99.96,100.04,100.04,87.217,32,,,
2026-09-01 18:15:00+00:00,99.75,99.89,99.17,99.23,99.23,249.969,79,,,
2026-09-01 18:30:00+00:00,99.47,99.47,98.44,98.69,98.69,39.258,17,,,
2026-09-01 18:45:00+00:00,98.58,99.48,98.37,99.46,99.46,101.983,26,,,
2026-09-01 19:00:00+00:00,99.66,99.95,99.65,99.67,99.67,48.545,8,,,
2026-09-01 19:15:00+00:00,99.7,100.21,99.7,100.09,100.09,93.364,20,,,
2026-09-01 19:30:00+00:00,100.09,100.09,100.09,100.09,100.09,0.0,0,,,
2026-09-01 19:45:00+00:00,99.98,100.07,99.98,100.07,100.07,18.407,2,,,
2026-09-01 20:00:00+00:00,100.08,100.08,100.01,100.02,100.02,20.219,4,,,
2026-09-01 20:15:00+00:00,100.09,100.28,99.88,99.91,99.91,75.326,17,,,
2026-09-01 20:30:00+00:00,100.14,100.14,99.8,99.8,99.8,51.51,11,,,
2026-09-01 20:45:00+00:00,99.72,100.05,99.64,100.04,100.04,76.69,14,,,
2026-09-01 21:00:00+00:00,100.06,100.14,99.37,99.37,99.37,199.209,35,,,
2026-09-01 21:15:00+00:00,99.25,99.61,98.94,99.61,99.61,106.104,26,,,
2026-09-01 21:30:00+00:00,99.41,99.41,99.27,99.33,99.33,6.565,6,,,
2026-09-01 21:45:00+00:00,99.42,99.47,99.42,99.47,99.47,2.23,2,,,
2026-09-01 22:00:00+00:00,99.55,99.69,99.55,99.69,99.69,10.554,4,,,
2026-09-01 22:15:00+00:00,99.74,99.74,99.56,99.56,99.56,40.778,11,,,
2026-09-01 22:30:00+00:00,99.39,99.56,99.39,99.46,99.46,82.636,18,,,
2026-09-01 22:45:00+00:00,99.7,99.86,99.7,99.83,99.83,15.533,5,,,
2026-09-01 23:00:00+00:00,99.62,99.64,99.62,99.64,99.64,28.825,6,,,
2026-09-01 23:15:00+00:00,99.82,99.87,99.82,99.87,99.87,16.155,5,,,
2026-09-01 23:30:00+00:00,100.02,100.02,100.02,100.02,100.02,3.466,1,,,
2026-09-01 23:45:00+00:00,100.09,100.16,99.95,99.95,99.95,36.071,10,,,
2026-09-02 00:00:00+00:00,100.02,100.06,99.96,100.0,100.0,40.728,9,,,
2026-09-02 00:15:00+00:00,100.03,100.03,99.9,99.93,99.93,42.196,9,,,
2026-09-02 00:30:00+00:00,99.75,99.88,99.66,99.66,99.66,19.919,7,,,
2026-09-02 00:45:00+00:00,99.65,99.7,99.65,99.7,99.7,2.215,2,,,
2026-09-02 01:00:00+00:00,99.55,99.79,99.55,99.79,99.79,70.171,16,,,
2026-09-02 01:15:00+00:00,99.69,99.88,99.69,99.86,99.86,57.64,8,,,
2026-09-02 01:30:00+00:00,99.5,99.66,99.0,99.19,99.19,54.229,17,,,
2026-09-02 01:45:00+00:00,98.95,98.95,98.5,98.76,98.76,70.367,20,,,
2026-09-02 02:00:00+00:00,99.03,99.27,98.73,99.19,99.19,112.422,34,,,
2026-09-02 02:15:00+00:00,99.08,99.43,99.07,99.43,99.43,22.14,11,,,
2026-09-02 02:30:00+00:00,99.37,99.79,99.37,99.79,99.79,56.782,26,,,
2026-09-02 02:45:00+00:00,99.83,99.85,99.83,99.85,99.85,2.6,2,,,
2026-09-02 03:00:00+00:00,100.0,100.21,100.0,100.21,100.21,3.081,4,,,
2026-09-02 03:15:00+00:00,100.5,100.62,100.35,100.62,100.62,5.838,10,,,
2026-09-02 03:30:00+00:00,100.5,100.5,100.2,100.22,100.22,44.951,18,,,
2026-09-02 03:45:00+00:00,100.29,100.29,100.11,100.13,100.13,52.181,9,,,
2026-09-02 04:00:00+00:00,100.15,100.15,99.74,99.74,99.74,26.439,5,,,
2026-09-02 04:15:00+00:00,100.0,100.0,99.89,99.9,99.9,26.591,8,,,
2026-09-02 04:30:00+00:00,100.02,100.02,100.01,100.01,100.01,1.132,2,,,
2026-09-02 04:45:00+00:00,100.0,100.02,100.0,100.02,100.02,13.145,2,,,
2026-09-02 05:00:00+00:00,99.94,99.94,99.77,99.91,99.91,69.112,12,,,
2026-09-02 05:15:00+00:00,100.06,100.28,100.06,100.16,100.16,29.044,8,,,
2026-09-02 05:30:00+00:00,100.21,100.21,100.19,100.19,100.19,16.082,2,,,
2026-09-02 05:45:00+00:00,100.24,100.26,100.15,100.18,100.18,44.823,11,,,
2026-09-02 06:00:00+00:00,100.23,100.33,100.02,100.02,100.02,66.735,13,,,
2026-09-02 06:15:00+00:00,99.83,100.03,99.83,100.0,100.0,68.634,14,,,
2026-09-02 06:30:00+00:00,99.69,100.19,99.69,100.16,100.16,63.541,9,,,
2026-09-02 06:45:00+00:00,100.16,100.16,100.16,100.16,100.16,0.0,0,,,
2026-09-02 07:00:00+00:00,100.11,100.33,100.11,100.28,100.28,37.654,8,,,
2026-09-02 07:15:00+00:00,100.13,100.13,100.13,100.13,100.13,4.992,1,,,
2026-09-02 07:30:00+00:00,100.13,100.13,100.13,100.13,100.13,0.0,0,,,
2026-09-02 07:45:00+00:00,99.95,99.99,99.95,99.97,99.97,17.369,5,,,
2026-09-02 08:00:00+00:00,99.7,99.7,99.7,99.7,99.7,2.988,1,,,
2026-09-02 08:15:00+00:00,99.7,99.7,99.7,99.7,99.7,0.0,0,,,
2026-09-02 08:30:00+00:00,99.7,99.7,98.86,98.86,98.86,22.379,10,,,
2026-09-02 08:45:00+00:00,98.87,99.07,98.81,98.89,98.89,7.336,11,,,
2026-09-02 09:00:00+00:00,99.15,99.23,99.08,99.08,99.08,51.45,12,,,
2026-09-02 09:15:00+00:00,98.99,99.03,98.7,98.77,98.77,118.139,19,,,
2026-09-02 09:30:00+00:00,98.78,98.85,98.47,98.47,98.47,7.875,5,,,
2026-09-02 09:45:00+00:00,98.36,98.72,98.24,98.61,98.61,78.876,21,,,
2026-09-02 10:00:00+00:00,98.34,98.48,98.24,98.44,98.44,90.558,21,,,
2026-09-02 10:15:00+00:00,98.39,98.4,98.3,98.31,98.31,12.021,19,,,
2026-09-02 10:30:00+00:00,98.26,98.26,97.84,97.95,97.95,138.189,39,,,
2026-09-02 10:45:00+00:00,97.76,98.11,97.49,98.11,98.11,88.699,45,,,
2026-09-02 11:00:00+00:00,98.14,98.14,97.75,97.98,97.98,26.03,21,,,
2026-09-02 11:15:00+00:00,98.01,98.01,97.55,97.55,97.55,1.029,3,,,
2026-09-02 11:30:00+00:00,97.55,97.55,97.55,97.55,97.55,0.0,0,,,
2026-09-02 11:45:00+00:00,97.93,97.93,97.93,97.93,97.93,0.946,1,,,
2026-09-02 12:00:00+00:00,98.01,98.01,97.87,97.87,97.87,18.039,5,,,
2026-09-02 12:15:00+00:00,98.06,98.36,97.97,98.27,98.27,144.413,19,,,
2026-09-02 12:30:00+00:00,98.27,98.27,98.27,98.27,98.27,0.0,0,,,
2026-09-02 12:45:00+00:00,97.81,97.81,97.63,97.63,97.63,34.018,5,,,
2026-09-02 13:00:00+00:00,97.74,98.1,97.74,97.92,97.92,42.65,11,,,
2026-09-02 13:15:00+00:00,97.86,98.18,97.86,98.18,98.18,52.557,14,,,
2026-09-02 13:30:00+00:00,98.16,99.55,97.99,99.55,99.55,161.172,42,,,
2026-09-02 13:45:00+00:00,99.59,99.59,98.92,99.16,99.16,9.846,14,,,
2026-09-02 14:00:00+00:00,99.13,99.45,99.01,99.39,99.39,69.056,19,,,
2026-09-02 14:15:00+00:00,99.46,99.6,99.29,99.29,99.29,39.211,7,,,
2026-09-02 14:30:00+00:00,99.09,99.37,98.97,99.37,99.37,154.543,40,,,
2026-09-02 14:45:00+00:00,99.39,99.39,98.96,98.96,98.96,30.386,24,,,
2026-09-02 15:00:00+00:00,98.92,99.06,98.44,98.51,98.51,91.244,49,,,
2026-09-02 15:15:00+00:00,98.61,99.13,98.58,99.03,99.03,111.705,40,,,
2026-09-02 15:30:00+00:00,98.91,99.4,98.91,99.4,99.4,155.836,22,,,
2026-09-02 15:45:00+00:00,99.35,99.35,99.05,99.28,99.28,89.501,18,,,
2026-09-02 16:00:00+00:00,99.09,99.49,99.08,99.46,99.46,528.286,37,,,
2026-09-02 16:15:00+00:00,99.5,99.7,99.39,99.7,99.7,59.82,16,,,
2026-09-02 16:30:00+00:00,99.56,99.58,98.93,98.93,98.93,133.355,36,,,
2026-09-02 16:45:00+00:00,98.93,99.01,98.75,98.75,98.75,10.81,5,,,
2026-09-02 17:00:00+00:00,98.8,98.8,98.38,98.38,98.38,115.686,17,,,
2026-09-02 17:15:00+00:00,98.23,98.52,98.17,98.52,98.52,25.153,10,,,
2026-09-02 17:30:00+00:00,98.82,98.99,98.72,98.99,98.99,3.148,5,,,
2026-09-02 17:45:00+00:00,99.14,99.18,99.14,99.15,99.15,6.141,3,,,
2026-09-02 18:00:00+00:00,99.27,99.43,99.27,99.4,99.4,32.08,8,,,
2026-09-02 18:15:00+00:00,99.52,99.57,99.36,99.39,99.39,39.783,19,,,
2026-09-02 18:30:00+00:00,99.4,99.4,99.17,99.19,99.19,17.388,5,,,
2026-09-02 18:45:00+00:00,99.23,99.44,99.23,99.38,99.38,2.591,4,,,
2026-09-02 19:00:00+00:00,99.5,99.5,99.47,99.47,99.47,1.089,2,,,
2026-09-02 19:15:00+00:00,99.47,99.47,99.25,99.29,99.29,34.532,8,,,
2026-09-02 19:30:00+00:00,99.11,99.2,99.06,99.2,99.2,9.398,8,,,
2026-09-02 19:45:00+00:00,99.2,99.2,99.2,99.2,99.2,0.0,0,,,
2026-09-02 20:00:00+00:00,99.36,99.9,99.36,99.78,99.78,126.055,27,,,
2026-09-02 20:15:00+00:00,99.61,99.94,99.31,99.66,99.66,77.012,22,,,
2026-09-02 20:30:00+00:00,99.61,99.82,99.51,99.51,99.51,41.81,12,,,
2026-09-02 20:45:00+00:00,99.48,99.79,99.48,99.66,99.66,51.365,12,,,
2026-09-02 21:00:00+00:00,99.56,99.57,99.56,99.57,99.57,5.715,2,,,
2026-09-02 21:15:00+00:00,99.69,99.69,99.56,99.56,99.56,22.456,6,,,
2026-09-02 21:30:00+00:00,99.48,99.75,99.48,99.75,99.75,23.254,7,,,
2026-09-02 21:45:00+00:00,99.65,99.66,99.53,99.66,99.66,14.274,6,,,
2026-09-02 22:00:00+00:00,99.56,99.56,99.29,99.34,99.34,2.047,3,,,
2026-09-02 22:15:00+00:00,99.43,99.43,99.25,99.25,99.25,10.168,3,,,
2026-09-02 22:30:00+00:00,99.36,99.36,99.36,99.36,99.36,0.68,1,,,
2026-09-02 22:45:00+00:00,99.59,99.64,99.59,99.64,99.64,33.104,8,,,
2026-09-02 23:00:00+00:00,99.5,99.89,99.5,99.89,99.89,15.486,5,,,
2026-09-02 23:15:00+00:00,99.86,99.86,99.7,99.74,99.74,19.404,6,,,
2026-09-02 23:30:00+00:00,100.0,100.01,100.0,100.01,100.01,1.039,2,,,
2026-09-02 23:45:00+00:00,99.97,100.45,99.97,100.44,100.44,105.366,16,,,
2026-09-03 00:00:00+00:00,100.37,100.37,100.03,100.11,100.11,38.121,12,,,
2026-09-03 00:15:00+00:00,100.0,100.0,99.83,99.83,99.83,148.816,21,,,
2026-09-03 00:30:00+00:00,99.63,99.76,99.49,99.69,99.69,40.595,10,,,
2026-09-03 00:45:00+00:00,99.54,99.62,99.54,99.54,99.54,41.332,15,,,
2026-09-03 01:00:00+00:00,99.46,100.29,99.28,100.29,100.29,63.764,26,,,
2026-09-03 01:15:00+00:00,100.3,100.34,100.13,100.13,100.13,40.81,17,,,
2026-09-03 01:30:00+00:00,100.34,100.44,100.11,100.41,100.41,79.312,21,,,
2026-09-03 01:45:00+00:00,100.01,100.25,99.95,100.19,100.19,33.451,11,,,
2026-09-03 02:00:00+00:00,100.07,100.11,99.95,100.11,100.11,36.661,10,,,
2026-09-03 02:15:00+00:00,100.28,100.31,100.28,100.28,100.28,11.975,4,,,
2026-09-03 02:30:00+00:00,100.37,101.05,100.37,100.7,100.7,55.277,73,,,
2026-09-03 02:45:00+00:00,100.65,101.25,100.65,101.08,101.08,57.382,43,,,
2026-09-03 03:00:00+00:00,101.05,101.15,100.76,101.05,101.05,48.181,30,,,
2026-09-03 03:15:00+00:00,101.05,101.07,100.62,100.62,100.62,69.4,35,,,
2026-09-03 03:30:00+00:00,100.53,100.55,100.26,100.33,100.33,10.761,6,,,
2026-09-03 03:45:00+00:00,100.33,100.33,100.33,100.33,100.33,0.0,0,,,
2026-09-03 04:00:00+00:00,100.6,100.6,100.39,100.39,100.39,23.726,6,,,
2026-09-03 04:15:00+00:00,100.35,100.35,100.12,100.16,100.16,43.421,9,,,
2026-09-03 04:30:00+00:00,100.11,100.11,100.11,100.11,100.11,0.547,1,,,
2026-09-03 04:45:00+00:00,100.11,100.91,100.11,100.91,100.91,117.879,26,,,
2026-09-03 05:00:00+00:00,100.92,101.0,100.44,100.54,100.54,55.783,48,,,
2026-09-03 05:15:00+00:00,100.33,100.38,99.73,99.83,99.83,34.64,28,,,
2026-09-03 05:30:00+00:00,100.37,100.43,100.29,100.29,100.29,28.441,13,,,
2026-09-03 05:45:00+00:00,100.28,100.89,100.2,100.84,100.84,70.357,26,,,
2026-09-03 06:00:00+00:00,100.8,100.8,100.65,100.72,100.72,25.401,16,,,
2026-09-03 06:15:00+00:00,100.62,100.84,100.62,100.84,100.84,83.01,31,,,
2026-09-03 06:30:00+00:00,100.87,100.91,100.87,100.91,100.91,1.533,2,,,
2026-09-03 06:45:00+00:00,100.84,100.84,100.84,100.84,100.84,0.249,1,,,
2026-09-03 07:00:00+00:00,100.91,101.26,100.86,101.17,101.17,34.268,21,,,
2026-09-03 07:15:00+00:00,101.14,101.14,100.78,100.85,100.85,28.515,34,,,
2026-09-03 07:30:00+00:00,100.67,101.01,100.66,100.75,100.75,48.161,36,,,
2026-09-03 07:45:00+00:00,100.72,100.72,100.28,100.35,100.35,39.672,18,,,
2026-09-03 08:00:00+00:00,100.45,100.97,100.45,100.76,100.76,26.863,13,,,
2026-09-03 08:15:00+00:00,100.7,100.79,100.7,100.79,100.79,0.798,2,,,
2026-09-03 08:30:00+00:00,100.79,100.79,100.79,100.79,100.79,0.68,1,,,
2026-09-03 08:45:00+00:00,100.7,100.7,100.7,100.7,100.7,0.679,1,,,
2026-09-03 09:00:00+00:00,100.47,100.72,100.42,100.63,100.63,210.465,15,,,
2026-09-03 09:15:00+00:00,100.67,100.68,100.37,100.37,100.37,24.255,16,,,
2026-09-03 09:30:00+00:00,100.26,100.26,100.26,100.26,100.26,0.019,1,,,
2026-09-03 09:45:00+00:00,100.18,100.18,100.18,100.18,100.18,0.016,1,,,
2026-09-03 10:00:00+00:00,100.04,100.18,100.04,100.07,100.07,35.363,10,,,
2026-09-03 10:15:00+00:00,100.12,100.31,100.12,100.14,100.14,15.653,28,,,
2026-09-03 10:30:00+00:00,100.1,100.15,100.1,100.15,100.15,12.223,4,,,
2026-09-03 10:45:00+00:00,99.97,100.42,99.97,100.39,100.39,32.308,22,,,
2026-09-03 11:00:00+00:00,100.41,100.47,100.29,100.31,100.31,48.526,39,,,
2026-09-03 11:15:00+00:00,100.4,100.74,100.4,100.74,100.74,42.591,38,,,
2026-09-03 11:30:00+00:00,100.78,100.89,100.68,100.89,100.89,34.32,10,,,
2026-09-03 11:45:00+00:00,100.89,100.89,100.76,100.84,100.84,18.722,5,,,
2026-09-03 12:00:00+00:00,100.84,100.84,100.84,100.84,100.84,0.0,0,,,
2026-09-03 12:15:00+00:00,100.75,100.75,100.75,100.75,100.75,0.198,1,,,
2026-09-03 12:30:00+00:00,100.77,101.33,100.77,100.94,100.94,93.214,45,,,
2026-09-03 12:45:00+00:00,100.93,101.78,100.93,101.64,101.64,48.959,23,,,
2026-09-03 13:00:00+00:00,101.6,101.6,101.33,101.5,101.5,151.222,62,,,
2026-09-03 13:15:00+00:00,101.5,101.5,101.5,101.5,101.5,0.0,0,,,
2026-09-03 13:30:00+00:00,101.59,101.93,101.15,101.93,101.93,32.84,19,,,
2026-09-03 13:45:00+00:00,101.94,101.96,101.42,101.42,101.42,57.072,13,,,
2026-09-03 14:00:00+00:00,101.23,101.61,101.23,101.61,101.61,105.905,31,,,
2026-09-03 14:15:00+00:00,101.73,102.72,101.73,102.61,102.61,126.759,72,,,
2026-09-03 14:30:00+00:00,102.58,103.11,102.38,102.71,102.71,84.036,78,,,
2026-09-03 14:45:00+00:00,102.75,104.77,102.75,104.77,104.77,151.729,118,,,
2026-09-03 15:00:00+00:00,104.79,105.57,104.15,104.47,104.47,350.607,165,,,
2026-09-03 15:15:00+00:00,104.53,104.66,103.97,104.31,104.31,48.126,43,,,
2026-09-03 15:30:00+00:00,104.34,104.58,104.28,104.3,104.3,46.388,29,,,
2026-09-03 15:45:00+00:00,104.09,105.17,103.79,105.08,105.08,72.939,63,,,
2026-09-03 16:00:00+00:00,105.12,105.12,104.23,104.41,104.41,38.562,18,,,
2026-09-03 16:15:00+00:00,104.24,104.24,103.98,103.98,103.98,33.931,13,,,
2026-09-03 16:30:00+00:00,104.23,104.33,104.19,104.32,104.32,28.518,12,,,
2026-09-03 16:45:00+00:00,104.49,104.72,104.49,104.72,104.72,10.74,18,,,
2026-09-03 17:00:00+00:00,104.49,104.83,104.43,104.77,104.77,42.539,42,,,
2026-09-03 17:15:00+00:00,104.8,104.87,104.67,104.83,104.83,41.874,23,,,
2026-09-03 17:30:00+00:00,104.93,105.16,104.88,105.1,105.1,29.005,15,,,
2026-09-03 17:45:00+00:00,105.04,105.14,104.95,105.04,105.04,227.308,26,,,
2026-09-03 18:00:00+00:00,105.07,105.14,104.9,104.98,104.98,25.091,13,,,
2026-09-03 18:15:00+00:00,104.86,104.86,104.65,104.79,104.79,8.329,17,,,
2026-09-03 18:30:00+00:00,104.79,104.86,104.75,104.83,104.83,39.341,41,,,
2026-09-03 18:45:00+00:00,104.96,105.23,104.96,105.14,105.14,2.342,7,,,
2026-09-03 19:00:00+00:00,105.19,105.8,105.06,105.06,105.06,74.874,55,,,
2026-09-03 19:15:00+00:00,105.06,105.55,105.06,105.45,105.45,14.867,30,,,
2026-09-03 19:30:00+00:00,105.27,105.45,105.27,105.36,105.36,5.642,27,,,
2026-09-03 19:45:00+00:00,105.45,105.45,105.09,105.26,105.26,29.076,23,,,
2026-09-03 20:00:00+00:00,105.27,105.4,104.85,105.4,105.4,6.517,13,,,
2026-09-03 20:15:00+00:00,105.28,105.44,105.12,105.16,105.16,24.17,24,,,
2026-09-03 20:30:00+00:00,105.26,105.26,105.12,105.14,105.14,15.021,10,,,
2026-09-03 20:45:00+00:00,104.98,105.06,104.97,104.99,104.99,30.232,10,,,
2026-09-03 21:00:00+00:00,104.93,105.25,104.87,105.22,105.22,7.514,9,,,
2026-09-03 21:15:00+00:00,105.22,105.35,105.04,105.25,105.25,67.6,29,,,
2026-09-03 21:30:00+00:00,105.25,105.62,104.94,104.94,104.94,37.664,47,,,
2026-09-03 21:45:00+00:00,104.97,105.31,104.94,105.2,105.2,52.774,19,,,
2026-09-03 22:00:00+00:00,105.26,105.26,104.68,104.75,104.75,44.299,39,,,
2026-09-03 22:15:00+00:00,104.89,105.04,104.31,104.31,104.31,537.568,34,,,
2026-09-03 22:30:00+00:00,104.27,104.4,103.73,104.08,104.08,97.627,48,,,
2026-09-03 22:45:00+00:00,104.14,104.2,104.02,104.2,104.2,19.84,15,,,
2026-09-03 23:00:00+00:00,104.13,104.14,103.98,103.98,103.98,16.294,7,,,
2026-09-03 23:15:00+00:00,104.1,104.1,103.88,103.88,103.88,43.37,6,,,
2026-09-03 23:30:00+00:00,104.1,104.1,104.1,104.1,104.1,0.576,1,,,
2026-09-03 23:45:00+00:00,103.97,104.01,103.84,103.87,103.87,34.708,11,,,
2026-09-04 00:00:00+00:00,103.94,103.94,103.65,103.67,103.67,45.941,17,,,
2026-09-04 00:15:00+00:00,103.95,103.95,103.67,103.67,103.67,48.207,10,,,
2026-09-04 00:30:00+00:00,103.67,104.27,103.67,103.87,103.87,53.85,17,,,
2026-09-04 00:45:00+00:00,103.77,103.88,103.45,103.45,103.45,42.314,20,,,
2026-09-04 01:00:00+00:00,103.53,103.75,103.4,103.67,103.67,38.281,7,,,
2026-09-04 01:15:00+00:00,103.65,103.76,103.42,103.42,103.42,2.616,4,,,
2026-09-04 01:30:00+00:00,103.58,103.58,103.3,103.31,103.31,32.463,19,,,
2026-09-04 01:45:00+00:00,103.36,103.8,103.36,103.8,103.8,18.358,6,,,
2026-09-04 02:00:00+00:00,103.61,103.61,103.6,103.61,103.61,1.984,4,,,
2026-09-04 02:15:00+00:00,103.66,103.66,103.4,103.41,103.41,20.07,8,,,
2026-09-04 02:30:00+00:00,103.51,103.51,103.51,103.51,103.51,1.547,1,,,
2026-09-04 02:45:00+00:00,103.47,103.72,103.47,103.72,103.72,2.341,3,,,
2026-09-04 03:00:00+00:00,103.82,104.12,103.79,103.82,103.82,45.551,30,,,
2026-09-04 03:15:00+00:00,103.82,103.92,103.82,103.92,103.92,95.861,17,,,
2026-09-04 03:30:00+00:00,103.86,103.86,103.78,103.86,103.86,5.859,7,,,
2026-09-04 03:45:00+00:00,103.87,103.87,103.77,103.77,103.77,16.364,6,,,
2026-09-04 04:00:00+00:00,103.73,103.77,103.61,103.77,103.77,42.975,21,,,
2026-09-04 04:15:00+00:00,103.94,104.31,103.9,104.31,104.31,46.019,12,,,
2026-09-04 04:30:00+00:00,104.25,104.26,103.91,103.91,103.91,91.406,42,,,
2026-09-04 04:45:00+00:00,103.88,103.97,103.84,103.89,103.89,470.115,55,,,
2026-09-04 05:00:00+00:00,103.79,103.91,103.74,103.84,103.84,40.908,12,,,
2026-09-04 05:15:00+00:00,103.76,104.05,103.72,104.01,104.01,25.124,9,,,
2026-09-04 05:30:00+00:00,103.62,103.62,103.62,103.62,103.62,14.691,2,,,
2026-09-04 05:45:00+00:00,103.95,103.95,103.5,103.5,103.5,43.679,9,,,
2026-09-04 06:00:00+00:00,103.71,104.07,103.71,103.94,103.94,6.411,7,,,
2026-09-04 06:15:00+00:00,103.93,103.93,103.5,103.5,103.5,27.369,18,,,
2026-09-04 06:30:00+00:00,103.67,103.67,103.67,103.67,103.67,0.847,1,,,
2026-09-04 06:45:00+00:00,103.62,103.64,103.62,103.64,103.64,24.121,5,,,
2026-09-04 07:00:00+00:00,103.74,104.03,103.7,104.03,104.03,85.379,32,,,
2026-09-04 07:15:00+00:00,103.96,103.96,103.73,103.82,103.82,40.161,23,,,
2026-09-04 07:30:00+00:00,103.57,103.75,103.57,103.75,103.75,11.931,5,,,
2026-09-04 07:45:00+00:00,103.73,103.73,103.64,103.64,103.64,45.409,21,,,
2026-09-04 08:00:00+00:00,103.59,103.7,103.26,103.7,103.7,95.404,28,,,
2026-09-04 08:15:00+00:00,103.84,103.87,103.84,103.84,103.84,7.145,8,,,
2026-09-04 08:30:00+00:00,103.93,103.93,103.82,103.87,103.87,3.694,6,,,
2026-09-04 08:45:00+00:00,103.83,104.43,103.82,104.33,104.33,123.802,43,,,
2026-09-04 09:00:00+00:00,104.35,104.53,104.18,104.2,104.2,58.525,48,,,
2026-09-04 09:15:00+00:00,104.31,104.74,104.03,104.03,104.03,86.87,111,,,
2026-09-04 09:30:00+00:00,104.06,104.6,104.03,104.46,104.46,25.232,15,,,
2026-09-04 09:45:00+00:00,104.14,104.18,104.14,104.18,104.18,20.103,5,,,
2026-09-04 10:00:00+00:00,104.0,104.06,103.75,103.75,103.75,25.855,8,,,
2026-09-04 10:15:00+00:00,103.68,103.73,103.68,103.73,103.73,17.15,4,,,
2026-09-04 10:30:00+00:00,103.95,104.08,103.93,104.0,104.0,21.782,8,,,
2026-09-04 10:45:00+00:00,103.97,103.97,103.97,103.97,103.97,1.107,1,,,
2026-09-04 11:00:00+00:00,103.97,104.14,103.97,104.11,104.11,49.599,14,,,
2026-09-04 11:15:00+00:00,104.02,104.26,104.02,104.26,104.26,67.673,18,,,
2026-09-04 11:30:00+00:00,104.26,104.39,104.26,104.39,104.39,2.221,2,,,
2026-09-04 11:45:00+00:00,104.39,104.39,104.39,104.39,104.39,0.0,0,,,
2026-09-04 12:00:00+00:00,103.96,103.98,103.95,103.97,103.97,19.023,7,,,
2026-09-04 12:15:00+00:00,104.05,104.05,103.97,103.97,103.97,36.006,7,,,
2026-09-04 12:30:00+00:00,104.38,104.38,100.35,101.47,101.47,481.829,134,,,
2026-09-04 12:45:00+00:00,101.25,101.78,100.71,101.63,101.63,49.165,23,,,
2026-09-04 13:00:00+00:00,101.4,101.72,101.29,101.29,101.29,122.707,16,,,
2026-09-04 13:15:00+00:00,101.43,101.55,101.43,101.55,101.55,2.12,4,,,
2026-09-04 13:30:00+00:00,101.44,101.75,101.19,101.74,101.74,36.825,22,,,
2026-09-04 13:45:00+00:00,101.75,102.11,101.57,101.64,101.64,24.9,19,,,
2026-09-04 14:00:00+00:00,101.67,101.68,101.31,101.35,101.35,39.729,11,,,
2026-09-04 14:15:00+00:00,101.44,101.44,100.89,101.26,101.26,35.22,12,,,
2026-09-04 14:30:00+00:00,101.36,101.48,100.74,100.74,100.74,341.081,62,,,
2026-09-04 14:45:00+00:00,100.86,100.88,100.39,100.73,100.73,48.788,12,,,
2026-09-04 15:00:00+00:00,100.86,100.98,100.86,100.98,100.98,7.185,3,,,
2026-09-04 15:15:00+00:00,101.17,101.48,101.17,101.48,101.48,31.872,12,,,
2026-09-04 15:30:00+00:00,101.51,101.56,101.38,101.56,101.56,83.767,18,,,
2026-09-04 15:45:00+00:00,101.54,101.54,101.47,101.47,101.47,17.547,5,,,
2026-09-04 16:00:00+00:00,101.36,101.5,101.36,101.5,101.5,2.16,3,,,
2026-09-04 16:15:00+00:00,101.64,101.7,101.64,101.7,101.7,0.787,3,,,
2026-09-04 16:30:00+00:00,101.78,102.02,101.78,101.99,101.99,25.318,10,,,
2026-09-04 16:45:00+00:00,101.92,102.0,101.87,101.87,101.87,36.368,8,,,
2026-09-04 17:00:00+00:00,101.79,101.79,101.64,101.7,101.7,11.702,10,,,
2026-09-04 17:15:00+00:00,101.58,101.58,101.58,101.58,101.58,0.213,1,,,
2026-09-04 17:30:00+00:00,101.59,101.59,101.27,101.27,101.27,28.154,14,,,
2026-09-04 17:45:00+00:00,101.17,101.26,101.17,101.26,101.26,2.349,3,,,
2026-09-04 18:00:00+00:00,101.28,101.5,101.28,101.47,101.47,19.389,7,,,
2026-09-04 18:15:00+00:00,101.4,101.42,101.4,101.42,101.42,2.222,2,,,
2026-09-04 18:30:00+00:00,101.51,101.65,101.51,101.65,101.65,1.916,3,,,
2026-09-04 18:45:00+00:00,101.62,101.62,101.62,101.62,101.62,1.108,1,,,
2026-09-04 19:00:00+00:00,101.71,101.74,101.71,101.74,101.74,1.166,2,,,
2026-09-04 19:15:00+00:00,101.95,101.95,101.95,101.95,101.95,0.074,1,,,
2026-09-04 19:30:00+00:00,101.92,101.92,101.64,101.69,101.69,7.526,5,,,
2026-09-04 19:45:00+00:00,101.7,101.82,101.7,101.79,101.79,24.333,9,,,
2026-09-04 20:00:00+00:00,101.7,101.7,101.69,101.69,101.69,2.231,2,,,
2026-09-04 20:15:00+00:00,101.72,101.79,101.72,101.74,101.74,3.343,3,,,
2026-09-04 20:30:00+00:00,101.7,101.83,101.7,101.83,101.83,34.931,9,,,
2026-09-04 20:45:00+00:00,101.79,101.81,101.79,101.81,101.81,1.182,2,,,
2026-09-04 21:00:00+00:00,101.85,101.87,101.71,101.71,101.71,14.264,5,,,
2026-09-04 21:15:00+00:00,101.73,101.75,101.72,101.75,101.75,7.463,5,,,
2026-09-04 21:30:00+00:00,101.82,101.82,101.8,101.81,101.81,56.145,7,,,
2026-09-04 21:45:00+00:00,101.84,101.84,101.61,101.61,101.61,77.505,12,,,
2026-09-04 22:00:00+00:00,101.67,101.67,101.67,101.67,101.67,1.111,1,,,
2026-09-04 22:15:00+00:00,101.83,101.83,101.83,101.83,101.83,1.117,1,,,
2026-09-04 22:30:00+00:00,101.78,101.78,101.78,101.78,101.78,1.113,1,,,
2026-09-04 22:45:00+00:00,101.72,101.72,101.72,101.72,101.72,1.113,1,,,
2026-09-04 23:00:00+00:00,101.72,101.72,101.72,101.72,101.72,0.0,0,,,
2026-09-04 23:15:00+00:00,101.96,101.96,101.96,101.96,101.96,0.109,1,,,
2026-09-04 23:30:00+00:00,101.89,101.9,101.89,101.9,101.9,6.0,2,,,
2026-09-04 23:45:00+00:00,101.9,101.9,101.9,101.9,101.9,0.0,0,,,
2026-09-05 00:00:00+00:00,101.9,101.9,101.9,101.9,101.9,0.0,0,,,
2026-09-05 00:15:00+00:00,101.9,101.9,101.9,101.9,101.9,0.0,0,,,
2026-09-05 00:30:00+00:00,101.81,101.81,101.81,101.81,101.81,1.118,1,,,
2026-09-05 00:45:00+00:00,101.89,101.97,101.8,101.97,101.97,2.838,7,,,
2026-09-05 01:00:00+00:00,101.86,102.02,101.78,101.98,101.98,35.734,10,,,
2026-09-05 01:15:00+00:00,101.89,101.97,101.89,101.97,101.97,2.544,3,,,
2026-09-05 01:30:00+00:00,102.06,102.16,102.03,102.16,102.16,77.252,30,,,
2026-09-05 01:45:00+00:00,102.12,102.12,101.9,101.91,101.91,8.887,6,,,
2026-09-05 02:00:00+00:00,101.85,101.85,101.85,101.85,101.85,1.114,1,,,
2026-09-05 02:15:00+00:00,101.81,101.94,101.81,101.93,101.93,60.762,14,,,
2026-09-05 02:30:00+00:00,101.73,101.95,101.73,101.95,101.95,5.554,5,,,
2026-09-05 02:45:00+00:00,101.92,101.98,101.88,101.98,101.98,7.009,7,,,
2026-09-05 03:00:00+00:00,101.92,101.92,101.81,101.81,101.81,4.483,4,,,
2026-09-05 03:15:00+00:00,101.95,101.97,101.85,101.97,101.97,5.701,7,,,
2026-09-05 03:30:00+00:00,101.97,101.97,101.97,101.97,101.97,0.0,0,,,
2026-09-05 03:45:00+00:00,101.97,101.97,101.97,101.97,101.97,0.098,1,,,
2026-09-05 04:00:00+00:00,101.92,101.92,101.75,101.75,101.75,15.788,9,,,
2026-09-05 04:15:00+00:00,101.78,101.84,101.78,101.84,101.84,20.802,3,,,
2026-09-05 04:30:00+00:00,101.91,101.91,101.91,101.91,101.91,0.919,1,,,
2026-09-05 04:45:00+00:00,101.9,101.9,101.76,101.76,101.76,11.161,14,,,
2026-09-05 05:00:00+00:00,101.71,101.71,101.64,101.68,101.68,12.333,4,,,
2026-09-05 05:15:00+00:00,101.85,101.85,101.8,101.81,101.81,1.92,3,,,
2026-09-05 05:30:00+00:00,101.81,101.81,101.81,101.81,101.81,0.0,0,,,
2026-09-05 05:45:00+00:00,101.72,101.93,101.72,101.93,101.93,3.155,5,,,
2026-09-05 06:00:00+00:00,101.87,101.97,101.87,101.97,101.97,37.046,6,,,
2026-09-05 06:15:00+00:00,101.98,102.03,101.98,102.03,102.03,1.143,2,,,
2026-09-05 06:30:00+00:00,102.15,102.15,102.15,102.15,102.15,0.089,1,,,
2026-09-05 06:45:00+00:00,102.15,102.34,102.15,102.32,102.32,48.538,21,,,
2026-09-05 07:00:00+00:00,102.25,102.43,102.25,102.39,102.39,26.683,16,,,
2026-09-05 07:15:00+00:00,102.39,102.54,102.39,102.54,102.54,3.843,5,,,
2026-09-05 07:30:00+00:00,102.53,102.53,102.36,102.39,102.39,19.667,7,,,
2026-09-05 07:45:00+00:00,102.33,102.33,102.22,102.22,102.22,4.887,5,,,
2026-09-05 08:00:00+00:00,102.26,102.27,102.18,102.27,102.27,6.125,10,,,
2026-09-05 08:15:00+00:00,102.37,102.37,102.18,102.33,102.33,11.9,8,,,
2026-09-05 08:30:00+00:00,102.28,102.35,102.21,102.35,102.35,2.42,4,,,
2026-09-05 08:45:00+00:00,102.48,102.48,102.48,102.48,102.48,0.118,1,,,
2026-09-05 09:00:00+00:00,102.61,102.69,102.61,102.69,102.69,0.634,2,,,
2026-09-05 09:15:00+00:00,102.67,102.67,102.59,102.59,102.59,5.108,2,,,
2026-09-05 09:30:00+00:00,102.58,102.58,102.58,102.58,102.58,1.116,1,,,
2026-09-05 09:45:00+00:00,102.61,102.61,102.61,102.61,102.61,0.165,1,,,
2026-09-05 10:00:00+00:00,102.54,102.54,102.47,102.47,102.47,1.431,2,,,
2026-09-05 10:15:00+00:00,102.43,102.43,102.43,102.43,102.43,1.114,1,,,
2026-09-05 10:30:00+00:00,102.69,102.69,102.62,102.62,102.62,1.834,2,,,
2026-09-05 10:45:00+00:00,102.53,102.62,102.53,102.62,102.62,3.009,4,,,
2026-09-05 11:00:00+00:00,102.54,102.54,102.49,102.49,102.49,1.191,2,,,
2026-09-05 11:15:00+00:00,102.49,102.49,102.49,102.49,102.49,0.0,0,,,
2026-09-05 11:30:00+00:00,102.31,102.31,102.3,102.3,102.3,2.67,2,,,
2026-09-05 11:45:00+00:00,102.31,102.42,102.31,102.42,102.42,2.344,3,,,
2026-09-05 12:00:00+00:00,102.45,102.46,102.45,102.46,102.46,1.28,3,,,
2026-09-05 12:15:00+00:00,102.42,102.42,102.41,102.41,102.41,5.928,4,,,
2026-09-05 12:30:00+00:00,102.31,102.95,102.31,102.93,102.93,31.048,22,,,
2026-09-05 12:45:00+00:00,102.88,103.22,102.88,103.13,103.13,19.566,19,,,
2026-09-05 13:00:00+00:00,103.23,103.32,103.11,103.25,103.25,23.637,13,,,
2026-09-05 13:15:00+00:00,103.32,103.34,103.14,103.14,103.14,10.881,11,,,
2026-09-05 13:30:00+00:00,103.15,103.22,102.97,103.02,103.02,15.398,5,,,
2026-09-05 13:45:00+00:00,102.95,102.99,102.7,102.7,102.7,3.563,7,,,
2026-09-05 14:00:00+00:00,102.73,102.85,102.73,102.85,102.85,6.389,5,,,
2026-09-05 14:15:00+00:00,102.94,102.94,102.94,102.94,102.94,0.166,1,,,
2026-09-05 14:30:00+00:00,102.94,102.94,102.94,102.94,102.94,0.0,0,,,
2026-09-05 14:45:00+00:00,102.83,102.94,102.83,102.92,102.92,12.117,4,,,
2026-09-05 15:00:00+00:00,102.78,102.95,102.78,102.91,102.91,31.879,7,,,
2026-09-05 15:15:00+00:00,102.7,102.89,102.7,102.81,102.81,64.317,12,,,
2026-09-05 15:30:00+00:00,102.72,102.76,102.65,102.74,102.74,25.976,8,,,
2026-09-05 15:45:00+00:00,102.74,102.74,102.74,102.74,102.74,0.0,0,,,
2026-09-05 16:00:00+00:00,102.87,102.87,102.87,102.87,102.87,0.109,1,,,
2026-09-05 16:15:00+00:00,102.88,103.14,102.82,103.14,103.14,9.55,7,,,
2026-09-05 16:30:00+00:00,103.18,103.23,103.06,103.09,103.09,14.378,5,,,
2026-09-05 16:45:00+00:00,103.2,103.47,103.14,103.37,103.37,47.321,20,,,
2026-09-05 17:00:00+00:00,103.4,103.94,103.33,103.94,103.94,28.965,24,,,
2026-09-05 17:15:00+00:00,103.96,103.96,103.68,103.9,103.9,21.716,11,,,
2026-09-05 17:30:00+00:00,103.99,104.23,103.72,103.72,103.72,9.008,14,,,
2026-09-05 17:45:00+00:00,103.65,104.23,103.65,104.23,104.23,23.674,16,,,
2026-09-05 18:00:00+00:00,104.28,104.3,104.1,104.27,104.27,9.408,8,,,
2026-09-05 18:15:00+00:00,103.91,104.07,103.86,104.03,104.03,6.261,5,,,
2026-09-05 18:30:00+00:00,103.9,103.94,103.76,103.76,103.76,12.243,3,,,
2026-09-05 18:45:00+00:00,103.76,103.76,103.76,103.76,103.76,0.0,0,,,
2026-09-05 19:00:00+00:00,103.74,103.74,103.74,103.74,103.74,0.186,1,,,
2026-09-05 19:15:00+00:00,103.78,103.83,103.78,103.83,103.83,2.242,3,,,
2026-09-05 19:30:00+00:00,103.96,103.96,103.58,103.58,103.58,7.109,5,,,
2026-09-05 19:45:00+00:00,103.72,103.72,103.31,103.42,103.42,37.088,19,,,
2026-09-05 20:00:00+00:00,103.34,103.56,103.34,103.56,103.56,16.16,5,,,
2026-09-05 20:15:00+00:00,103.44,103.5,103.25,103.36,103.36,34.776,10,,,
2026-09-05 20:30:00+00:00,103.24,103.35,103.22,103.35,103.35,24.802,8,,,
2026-09-05 20:45:00+00:00,103.38,103.41,103.33,103.37,103.37,20.046,11,,,
2026-09-05 21:00:00+00:00,103.37,103.37,103.37,103.37,103.37,0.0,0,,,
2026-09-05 21:15:00+00:00,103.55,103.64,103.55,103.64,103.64,0.821,4,,,
2026-09-05 21:30:00+00:00,103.8,103.9,103.77,103.87,103.87,16.124,8,,,
2026-09-05 21:45:00+00:00,103.93,103.93,103.69,103.69,103.69,13.026,12,,,
2026-09-05 22:00:00+00:00,103.85,103.85,103.65,103.66,103.66,28.195,10,,,
2026-09-05 22:15:00+00:00,103.77,103.77,103.32,103.4,103.4,44.774,16,,,
2026-09-05 22:30:00+00:00,103.41,103.41,103.29,103.29,103.29,1.205,3,,,
2026-09-05 22:45:00+00:00,103.32,103.33,103.32,103.33,103.33,0.09,2,,,
2026-09-05 23:00:00+00:00,103.29,103.29,103.22,103.22,103.22,9.693,4,,,
2026-09-05 23:15:00+00:00,103.18,103.33,103.16,103.25,103.25,44.88,22,,,
2026-09-05 23:30:00+00:00,103.38,103.38,103.12,103.2,103.2,121.35,18,,,
2026-09-05 23:45:00+00:00,103.18,103.31,103.18,103.2,103.2,58.858,18,,,
2026-09-06 00:00:00+00:00,103.29,103.36,103.29,103.36,103.36,1.161,3,,,
2026-09-06 00:15:00+00:00,103.38,103.47,103.38,103.47,103.47,30.423,9,,,
2026-09-06 00:30:00+00:00,103.48,103.5,103.37,103.41,103.41,19.477,8,,,
2026-09-06 00:45:00+00:00,103.29,103.38,103.29,103.29,103.29,33.98,10,,,
2026-09-06 01:00:00+00:00,103.29,103.71,103.29,103.66,103.66,52.034,15,,,
2026-09-06 01:15:00+00:00,103.47,103.51,103.47,103.51,103.51,16.254,5,,,
2026-09-06 01:30:00+00:00,103.7,103.94,103.7,103.94,103.94,13.574,8,,,
2026-09-06 01:45:00+00:00,103.76,104.16,103.76,104.05,104.05,79.95,28,,,
2026-09-06 02:00:00+00:00,104.12,104.24,104.11,104.24,104.24,5.348,10,,,
2026-09-06 02:15:00+00:00,104.09,104.09,103.94,103.94,103.94,4.783,7,,,
2026-09-06 02:30:00+00:00,104.13,104.73,104.13,104.32,104.32,121.857,30,,,
2026-09-06 02:45:00+00:00,104.39,104.39,104.34,104.34,104.34,2.224,3,,,
2026-09-06 03:00:00+00:00,104.41,104.41,104.41,104.41,104.41,1.018,1,,,
2026-09-06 03:15:00+00:00,104.55,105.09,104.55,104.84,104.84,41.198,22,,,
2026-09-06 03:30:00+00:00,105.13,107.0,105.13,106.43,106.43,186.038,98,,,
2026-09-06 03:45:00+00:00,106.49,106.7,106.04,106.04,106.04,44.453,25,,,
2026-09-06 04:00:00+00:00,106.07,106.28,105.92,106.2,106.2,19.087,18,,,
2026-09-06 04:15:00+00:00,105.88,105.92,105.8,105.83,105.83,4.326,7,,,
2026-09-06 04:30:00+00:00,105.75,106.02,105.75,106.02,106.02,19.56,7,,,
2026-09-06 04:45:00+00:00,106.06,106.17,106.06,106.14,106.14,2.257,4,,,
2026-09-06 05:00:00+00:00,105.77,105.93,105.7,105.85,105.85,4.6,8,,,
2026-09-06 05:15:00+00:00,105.68,106.12,105.67,106.09,106.09,32.807,18,,,
2026-09-06 05:30:00+00:00,106.04,106.77,105.91,106.43,106.43,53.851,30,,,
2026-09-06 05:45:00+00:00,106.5,106.56,106.34,106.36,106.36,15.21,9,,,
2026-09-06 06:00:00+00:00,106.24,106.24,106.24,106.24,106.24,1.115,1,,,
2026-09-06 06:15:00+00:00,105.94,105.94,105.94,105.94,105.94,1.11,1,,,
2026-09-06 06:30:00+00:00,105.67,105.67,105.63,105.63,105.63,0.358,2,,,
2026-09-06 06:45:00+00:00,105.48,105.55,105.48,105.51,105.51,3.159,3,,,
2026-09-06 07:00:00+00:00,105.4,105.5,104.78,104.78,104.78,37.271,22,,,
2026-09-06 07:15:00+00:00,104.79,105.33,104.79,105.26,105.26,33.554,22,,,
2026-09-06 07:30:00+00:00,105.15,105.15,105.15,105.15,105.15,0.235,1,,,
2026-09-06 07:45:00+00:00,105.22,105.22,105.22,105.22,105.22,1.117,1,,,
2026-09-06 08:00:00+00:00,105.29,105.31,105.24,105.31,105.31,2.609,4,,,
2026-09-06 08:15:00+00:00,105.17,105.2,105.17,105.2,105.2,3.344,3,,,
2026-09-06 08:30:00+00:00,105.08,105.18,105.02,105.18,105.18,24.785,8,,,
2026-09-06 08:45:00+00:00,105.13,105.32,105.13,105.28,105.28,4.53,4,,,
2026-09-06 09:00:00+00:00,105.22,105.84,105.2,105.84,105.84,41.552,24,,,
2026-09-06 09:15:00+00:00,105.81,107.05,105.73,107.01,107.01,194.48,96,,,
2026-09-06 09:30:00+00:00,106.91,107.27,106.36,106.36,106.36,228.641,64,,,
2026-09-06 09:45:00+00:00,106.22,106.59,106.22,106.45,106.45,17.2,20,,,
2026-09-06 10:00:00+00:00,106.51,106.72,106.51,106.68,106.68,19.248,8,,,
2026-09-06 10:15:00+00:00,106.67,106.91,106.59,106.59,106.59,93.6,29,,,
2026-09-06 10:30:00+00:00,106.46,106.46,106.45,106.46,106.46,41.616,5,,,
2026-09-06 10:45:00+00:00,106.48,106.72,106.4,106.66,106.66,10.565,11,,,
2026-09-06 11:00:00+00:00,106.5,106.63,106.38,106.43,106.43,45.724,14,,,
2026-09-06 11:15:00+00:00,106.59,106.59,106.5,106.58,106.58,38.207,6,,,
2026-09-06 11:30:00+00:00,106.71,106.71,106.29,106.38,106.38,63.017,9,,,
2026-09-06 11:45:00+00:00,106.38,106.38,106.38,106.38,106.38,0.0,0,,,
2026-09-06 12:00:00+00:00,106.38,106.38,106.38,106.38,106.38,0.0,0,,,
2026-09-06 12:15:00+00:00,106.59,106.65,106.53,106.61,106.61,9.306,11,,,
2026-09-06 12:30:00+00:00,106.78,107.2,106.68,107.03,107.03,86.957,54,,,
2026-09-06 12:45:00+00:00,107.0,107.28,106.67,106.82,106.82,52.571,31,,,
2026-09-06 13:00:00+00:00,106.84,107.01,106.56,106.69,106.69,98.629,32,,,
2026-09-06 13:15:00+00:00,106.43,106.43,106.2,106.2,106.2,24.331,7,,,
2026-09-06 13:30:00+00:00,106.08,106.5,106.0,106.5,106.5,61.322,12,,,
2026-09-06 13:45:00+00:00,106.63,107.1,106.6,107.1,107.1,6.813,11,,,
2026-09-06 14:00:00+00:00,106.85,106.9,106.47,106.47,106.47,18.605,10,,,
2026-09-06 14:15:00+00:00,106.28,106.33,105.67,106.02,106.02,107.759,36,,,
2026-09-06 14:30:00+00:00,105.9,106.21,105.22,106.21,106.21,48.589,26,,,
2026-09-06 14:45:00+00:00,106.22,106.22,105.87,105.92,105.92,5.707,6,,,
2026-09-06 15:00:00+00:00,105.19,105.46,104.99,105.33,105.33,47.83,28,,,
2026-09-06 15:15:00+00:00,105.53,105.93,105.53,105.93,105.93,0.057,3,,,
2026-09-06 15:30:00+00:00,105.61,105.95,105.61,105.95,105.95,1.192,4,,,
2026-09-06 15:45:00+00:00,105.82,105.89,105.75,105.75,105.75,8.729,5,,,
2026-09-06 16:00:00+00:00,105.78,105.88,105.51,105.88,105.88,60.974,27,,,
2026-09-06 16:15:00+00:00,105.85,106.0,105.74,106.0,106.0,19.895,15,,,
2026-09-06 16:30:00+00:00,105.95,106.31,105.95,106.31,106.31,6.777,13,,,
2026-09-06 16:45:00+00:00,106.21,106.21,105.99,106.07,106.07,6.028,7,,,
2026-09-06 17:00:00+00:00,106.06,106.06,105.6,105.96,105.96,15.77,18,,,
2026-09-06 17:15:00+00:00,106.06,106.37,106.06,106.3,106.3,18.021,9,,,
2026-09-06 17:30:00+00:00,106.11,106.18,106.09,106.17,106.17,0.29,5,,,
2026-09-06 17:45:00+00:00,106.04,106.25,106.04,106.25,106.25,2.238,3,,,
2026-09-06 18:00:00+00:00,106.32,106.42,106.32,106.37,106.37,3.542,7,1.269,135.03008,376.7709
2026-09-06 18:15:00+00:00,106.35,106.41,106.35,106.41,106.41,1.656,3,,,
2026-09-06 18:30:00+00:00,106.49,106.54,106.3,106.3,106.3,6.348,7,,,
2026-09-06 18:45:00+00:00,106.04,106.04,105.9,105.9,105.9,15.485,9,,,
2026-09-06 19:00:00+00:00,105.84,105.88,105.84,105.84,105.84,3.18,3,,,
2026-09-06 19:15:00+00:00,105.81,105.81,105.72,105.72,105.72,2.602,4,,,
2026-09-06 19:30:00+00:00,105.64,105.64,105.53,105.53,105.53,3.032,2,,,
2026-09-06 19:45:00+00:00,105.55,105.55,105.4,105.5,105.5,17.106,5,,,
2026-09-06 20:00:00+00:00,105.44,105.48,105.44,105.48,105.48,2.442,2,,,
2026-09-06 20:15:00+00:00,105.43,105.48,105.4,105.48,105.48,48.696,6,,,
2026-09-06 20:30:00+00:00,105.84,105.84,105.74,105.74,105.74,1.012,2,,,
2026-09-06 20:45:00+00:00,105.71,105.73,105.71,105.73,105.73,28.371,5,,,
2026-09-06 21:00:00+00:00,105.96,106.04,105.91,105.99,105.99,16.122,10,,,
2026-09-06 21:15:00+00:00,106.08,106.13,106.08,106.08,106.08,102.071,12,,,
2026-09-06 21:30:00+00:00,106.05,106.06,106.05,106.06,106.06,13.154,3,,,
2026-09-06 21:45:00+00:00,106.06,106.06,105.94,105.95,105.95,52.263,6,,,
2026-09-06 22:00:00+00:00,105.89,105.89,105.21,105.21,105.21,94.205,20,,,
2026-09-06 22:15:00+00:00,105.09,105.49,105.05,105.49,105.49,7.919,5,,,
2026-09-06 22:30:00+00:00,105.51,106.0,105.51,105.99,105.99,32.828,10,,,
2026-09-06 22:45:00+00:00,105.85,105.97,105.71,105.92,105.92,29.558,9,,,
2026-09-06 23:00:00+00:00,106.05,106.21,106.05,106.11,106.11,1.869,3,,,
2026-09-06 23:15:00+00:00,106.11,106.47,106.11,106.39,106.39,6.583,8,,,
2026-09-06 23:30:00+00:00,106.52,106.72,106.52,106.72,106.72,1.649,6,,,
2026-09-06 23:45:00+00:00,106.71,106.71,106.39,106.53,106.53,45.364,15,,,
2026-09-07 00:00:00+00:00,106.52,106.53,106.44,106.44,106.44,5.606,6,,,
2026-09-07 00:15:00+00:00,106.11,106.37,106.07,106.37,106.37,6.854,4,,,
2026-09-07 00:30:00+00:00,106.34,106.34,106.02,106.02,106.02,54.619,20,,,
2026-09-07 00:45:00+00:00,106.01,106.1,105.93,106.05,106.05,31.07,14,,,
2026-09-07 01:00:00+00:00,105.99,106.3,105.58,105.66,105.66,21.434,12,,,
2026-09-07 01:15:00+00:00,105.62,105.62,105.41,105.5,105.5,37.817,12,,,
2026-09-07 01:30:00+00:00,105.37,105.37,105.17,105.17,105.17,4.049,2,,,
2026-09-07 01:45:00+00:00,105.19,105.31,105.19,105.31,105.31,3.932,3,,,
2026-09-07 02:00:00+00:00,105.31,105.31,105.0,105.11,105.11,47.611,13,,,
2026-09-07 02:15:00+00:00,105.27,105.91,105.27,105.91,105.91,24.17,13,,,
2026-09-07 02:30:00+00:00,105.8,107.0,105.8,106.72,106.72,37.127,21,,,
2026-09-07 02:45:00+00:00,106.68,106.88,105.7,105.7,105.7,27.452,13,,,
2026-09-07 03:00:00+00:00,105.72,105.83,105.42,105.42,105.42,6.673,9,,,
2026-09-07 03:15:00+00:00,105.39,105.41,105.14,105.18,105.18,22.05,9,,,
2026-09-07 03:30:00+00:00,105.19,105.25,105.01,105.08,105.08,20.923,6,,,
2026-09-07 03:45:00+00:00,105.08,105.08,105.0,105.0,105.0,20.116,3,,,
2026-09-07 04:00:00+00:00,104.97,104.97,104.73,104.92,104.92,17.013,10,,,
2026-09-07 04:15:00+00:00,105.0,105.22,105.0,105.1,105.1,34.513,12,,,
2026-09-07 04:30:00+00:00,105.1,105.12,104.98,105.04,105.04,26.245,9,,,
2026-09-07 04:45:00+00:00,105.18,105.23,104.95,105.04,105.04,27.327,9,,,
2026-09-07 05:00:00+00:00,105.39,105.39,105.17,105.17,105.17,24.494,6,,,
2026-09-07 05:15:00+00:00,105.29,105.65,105.29,105.56,105.56,50.967,20,,,
2026-09-07 05:30:00+00:00,105.5,105.5,105.45,105.45,105.45,7.114,2,,,
2026-09-07 05:45:00+00:00,105.41,105.41,105.4,105.4,105.4,2.06,2,,,
2026-09-07 06:00:00+00:00,105.27,105.27,105.27,105.27,105.27,0.85,1,,,
2026-09-07 06:15:00+00:00,105.17,105.3,105.17,105.29,105.29,26.82,4,,,
2026-09-07 06:30:00+00:00,105.11,105.16,104.9,104.9,104.9,13.508,4,,,
2026-09-07 06:45:00+00:00,104.9,104.9,104.9,104.9,104.9,0.0,0,,,
2026-09-07 07:00:00+00:00,105.4,105.4,105.4,105.4,105.4,1.112,1,,,
2026-09-07 07:15:00+00:00,104.92,105.02,104.82,104.82,104.82,32.592,10,,,
2026-09-07 07:30:00+00:00,104.9,104.9,103.79,104.4,104.4,224.531,75,,,
2026-09-07 07:45:00+00:00,104.42,104.43,104.42,104.43,104.43,1.14,2,,,
2026-09-07 08:00:00+00:00,104.49,104.69,104.49,104.61,104.61,101.224,18,,,
2026-09-07 08:15:00+00:00,104.58,104.65,104.54,104.63,104.63,18.242,6,,,
2026-09-07 08:30:00+00:00,104.62,104.75,104.52,104.67,104.67,24.677,10,,,
2026-09-07 08:45:00+00:00,104.81,104.84,104.79,104.79,104.79,16.465,5,,,
2026-09-07 09:00:00+00:00,104.8,105.03,104.8,105.03,105.03,3.758,6,,,
2026-09-07 09:15:00+00:00,105.0,105.0,104.92,104.96,104.96,3.658,5,,,
2026-09-07 09:30:00+00:00,105.09,105.09,104.86,104.97,104.97,51.381,9,,,
2026-09-07 09:45:00+00:00,104.93,104.99,104.61,104.61,104.61,15.564,9,,,
2026-09-07 10:00:00+00:00,104.67,104.89,104.67,104.78,104.78,30.834,10,,,
2026-09-07 10:15:00+00:00,104.78,104.78,104.78,104.78,104.78,0.0,0,,,
2026-09-07 10:30:00+00:00,104.92,105.04,104.9,105.04,105.04,2.436,4,,,
2026-09-07 10:45:00+00:00,105.06,105.11,105.04,105.04,105.04,17.09,5,,,
2026-09-07 11:00:00+00:00,104.95,105.07,104.83,104.83,104.83,9.84,3,,,
2026-09-07 11:15:00+00:00,104.89,104.89,104.89,104.89,104.89,0.102,1,,,
2026-09-07 11:30:00+00:00,104.91,104.91,104.91,104.91,104.91,1.108,1,,,
2026-09-07 11:45:00+00:00,104.86,104.92,104.81,104.92,104.92,26.619,7,,,
2026-09-07 12:00:00+00:00,105.02,105.02,105.02,105.02,105.02,4.316,1,,,
2026-09-07 12:15:00+00:00,105.09,105.31,105.09,105.31,105.31,3.544,7,,,
2026-09-07 12:30:00+00:00,105.36,105.36,105.36,105.36,105.36,3.322,1,,,
2026-09-07 12:45:00+00:00,105.42,105.85,105.42,105.85,105.85,47.477,11,,,
2026-09-07 13:00:00+00:00,105.69,105.78,105.59,105.72,105.72,185.616,37,,,
2026-09-07 13:15:00+00:00,105.72,105.76,105.7,105.7,105.7,7.465,4,,,
2026-09-07 13:30:00+00:00,105.11,105.14,104.99,105.14,105.14,15.961,3,,,
2026-09-07 13:45:00+00:00,104.98,104.98,104.98,104.98,104.98,1.115,1,,,
2026-09-07 14:00:00+00:00,104.92,104.92,104.45,104.45,104.45,32.175,17,,,
2026-09-07 14:15:00+00:00,104.37,104.42,104.31,104.31,104.31,10.272,12,,,
2026-09-07 14:30:00+00:00,104.28,104.31,104.08,104.19,104.19,83.469,34,,,
2026-09-07 14:45:00+00:00,104.17,104.69,104.1,104.6,104.6,15.422,11,,,
2026-09-07 15:00:00+00:00,104.31,104.31,104.31,104.31,104.31,1.113,1,,,
2026-09-07 15:15:00+00:00,104.0,104.49,103.88,104.35,104.35,24.326,11,,,
2026-09-07 15:30:00+00:00,103.81,103.82,103.23,103.42,103.42,24.807,33,,,
2026-09-07 15:45:00+00:00,103.39,103.43,102.99,103.27,103.27,26.625,64,,,
2026-09-07 16:00:00+00:00,103.25,103.51,103.25,103.45,103.45,16.953,13,,,
2026-09-07 16:15:00+00:00,103.45,103.57,103.45,103.57,103.57,2.273,3,,,
2026-09-07 16:30:00+00:00,103.51,103.68,103.51,103.68,103.68,3.391,5,,,
2026-09-07 16:45:00+00:00,103.79,103.83,103.79,103.82,103.82,112.813,6,,,
2026-09-07 17:00:00+00:00,103.83,103.94,103.83,103.94,103.94,2.187,2,,,
2026-09-07 17:15:00+00:00,104.01,104.08,104.01,104.08,104.08,3.031,3,,,
2026-09-07 17:30:00+00:00,104.03,104.03,104.03,104.03,104.03,1.117,1,,,
2026-09-07 17:45:00+00:00,104.08,104.2,104.08,104.13,104.13,4.561,7,,,
2026-09-07 18:00:00+00:00,103.87,104.03,103.84,103.84,103.84,1.601,6,,,
2026-09-07 18:15:00+00:00,103.76,103.77,103.76,103.77,103.77,1.128,2,,,
2026-09-07 18:30:00+00:00,103.7,103.82,103.61,103.82,103.82,30.743,10,,,
2026-09-07 18:45:00+00:00,103.85,103.93,103.85,103.9,103.9,1.725,3,,,
2026-09-07 19:00:00+00:00,103.86,103.95,103.86,103.95,103.95,1.878,2,,,
2026-09-07 19:15:00+00:00,104.1,104.1,104.1,104.1,104.1,0.052,1,,,
2026-09-07 19:30:00+00:00,104.13,104.33,104.13,104.33,104.33,12.229,6,,,
2026-09-07 19:45:00+00:00,104.35,104.35,104.27,104.3,104.3,27.537,8,,,
2026-09-07 20:00:00+00:00,104.27,104.27,104.01,104.12,104.12,27.707,7,,,
2026-09-07 20:15:00+00:00,103.98,103.98,103.98,103.98,103.98,0.324,1,,,
2026-09-07 20:30:00+00:00,104.02,104.02,104.02,104.02,104.02,0.44,1,,,
2026-09-07 20:45:00+00:00,104.07,104.19,104.0,104.18,104.18,61.705,11,,,
2026-09-07 21:00:00+00:00,104.08,104.08,103.81,103.81,103.81,2.219,2,,,
2026-09-07 21:15:00+00:00,103.97,103.99,103.97,103.99,103.99,35.658,7,,,
2026-09-07 21:30:00+00:00,103.99,103.99,103.99,103.99,103.99,0.0,0,,,
2026-09-07 21:45:00+00:00,103.92,103.92,103.92,103.92,103.92,0.426,1,,,
2026-09-07 22:00:00+00:00,103.73,104.02,103.67,103.97,103.97,26.318,9,,,
2026-09-07 22:15:00+00:00,103.73,103.93,103.6,103.81,103.81,60.827,21,,,
2026-09-07 22:30:00+00:00,103.7,103.7,103.31,103.35,103.35,3.145,6,,,
2026-09-07 22:45:00+00:00,103.47,103.54,103.47,103.54,103.54,0.03,2,,,
