date,tmax,tmin,precip,cloud,wind,hum,gust
2020-01-01,41.2,20.0,0.0,28,16.1,69,30.4
2020-01-02,48.9,37.1,0.0,52,14.7,69,27.7
2020-01-03,38.9,31.3,0.0,80,5.8,84,12.5
2020-01-04,34.5,27.1,0.071,88,11.0,71,22.6
2020-01-05,45.1,22.3,0.016,47,17.6,73,35.8
2020-01-06,40.8,25.3,0.0,55,12.2,61,23.5
2020-01-07,40.3,27.7,0.008,62,13.4,64,27.1
2020-01-08,28.3,15.0,0.0,18,13.8,51,26.8
2020-01-09,49.7,22.6,0.0,90,19.2,62,37.1
2020-01-10,45.6,35.2,0.402,97,15.8,96,31.3
2020-01-11,36.0,29.1,1.193,100,22.1,87,41.4
2020-01-12,30.8,20.9,0.02,97,10.1,83,19.7
2020-01-13,32.8,25.9,0.004,92,8.1,83,15.7
2020-01-14,43.0,27.1,0.0,63,14.2,87,28.9
2020-01-15,35.2,23.9,0.035,66,12.6,93,23.9
2020-01-16,30.2,14.3,0.0,44,14.0,55,27.3
2020-01-17,28.5,13.8,0.232,98,16.4,62,31.8
2020-01-18,35.6,7.8,0.378,99,21.2,84,41.2
2020-01-19,19.0,0.7,0.0,57,16.8,69,32.9
2020-01-20,28.8,13.2,0.0,59,8.2,76,15.2
2020-01-21,29.6,8.8,0.0,21,10.2,75,19.9
2020-01-22,34.1,21.3,0.0,99,12.0,67,23.0
2020-01-23,33.7,28.4,0.22,100,8.8,86,17.0
2020-01-24,38.2,32.5,0.429,100,7.9,96,14.5
2020-01-25,34.5,32.4,0.287,100,10.5,94,20.4
2020-01-26,34.7,28.0,0.008,99,10.5,88,22.1
2020-01-27,36.3,27.3,0.0,95,5.7,86,11.4
2020-01-28,33.8,28.6,0.0,97,5.8,78,11.6
2020-01-29,33.2,28.7,0.004,100,6.0,76,13.4
2020-01-30,35.2,27.9,0.0,97,5.3,75,12.3
2020-01-31,39.3,28.8,0.035,99,6.8,78,15.4
2020-02-01,38.6,31.3,0.047,99,14.8,86,29.3
2020-02-02,52.7,33.7,0.0,69,18.2,67,36.0
2020-02-03,44.2,28.8,0.0,69,11.8,85,22.1
2020-02-04,36.0,28.0,0.0,98,17.3,71,34.9
2020-02-05,30.2,26.6,0.126,99,10.7,64,22.6
2020-02-06,30.9,25.0,0.134,94,11.4,73,24.2
2020-02-07,36.5,19.7,0.02,75,9.0,61,18.8
2020-02-08,35.6,23.5,0.0,73,9.1,69,18.3
2020-02-09,35.2,21.7,0.323,93,12.2,88,28.0
2020-02-10,36.0,23.2,0.0,93,10.1,81,19.5
2020-02-11,35.1,23.0,0.0,61,15.5,68,32.2
2020-02-12,38.8,21.6,0.181,96,10.4,76,22.4
2020-02-13,30.7,-4.8,0.134,72,12.7,75,25.9
2020-02-14,14.5,-10.9,0.0,0,8.8,61,15.9
2020-02-15,34.0,2.8,0.0,56,14.4,69,28.6
2020-02-16,40.7,20.9,0.0,29,8.6,77,16.8
2020-02-17,40.8,26.0,0.189,99,11.1,84,21.7
2020-02-18,38.0,24.6,0.016,55,15.5,76,30.0
2020-02-19,30.4,15.2,0.0,32,8.4,46,15.7
2020-02-20,25.3,8.9,0.0,17,9.1,35,19.5
2020-02-21,38.8,13.9,0.0,7,15.5,36,30.9
2020-02-22,48.7,25.8,0.0,23,14.8,48,28.0
2020-02-23,54.1,30.8,0.0,19,12.2,59,25.9
2020-02-24,40.3,30.7,0.012,99,11.0,78,20.8
2020-02-25,36.3,31.8,0.126,96,18.5,82,35.3
2020-02-26,31.7,24.6,0.087,100,15.4,69,29.8
2020-02-27,31.1,20.3,0.0,60,14.1,58,29.3
2020-02-28,29.9,17.6,0.0,44,12.4,50,25.9
2020-02-29,39.0,15.3,0.0,5,9.1,40,21.5
2020-03-01,58.9,26.9,0.0,91,15.0,63,29.8
2020-03-02,50.4,29.5,0.0,48,7.7,77,17.0
2020-03-03,48.9,28.1,0.067,44,18.1,71,41.8
2020-03-04,46.0,29.4,0.024,30,9.9,64,21.0
2020-03-05,52.1,27.3,0.02,45,20.8,60,43.0
2020-03-06,37.9,23.6,0.008,68,18.7,67,36.0
2020-03-07,49.0,22.3,0.0,14,13.3,63,27.1
2020-03-08,60.5,37.7,0.0,64,16.9,43,32.9
2020-03-09,54.1,47.4,0.724,99,17.2,75,32.9
2020-03-10,50.7,29.8,0.098,87,9.6,81,21.7
2020-03-11,48.3,31.8,0.02,99,7.1,80,17.0
2020-03-12,59.5,35.2,0.008,64,15.5,81,32.4
2020-03-13,47.3,31.7,0.0,54,16.3,51,33.1
2020-03-14,37.6,31.4,0.102,96,12.0,66,23.7
2020-03-15,38.4,28.0,0.0,61,10.5,73,20.1
2020-03-16,40.2,27.2,0.075,92,7.9,87,16.1
2020-03-17,47.2,31.4,0.0,47,10.2,63,21.3
2020-03-18,47.6,32.9,0.374,90,7.2,79,14.3
2020-03-19,60.4,35.1,0.457,92,15.4,95,31.1
2020-03-20,58.0,31.5,0.626,97,13.0,72,46.5
2020-03-21,32.0,22.2,0.0,57,10.4,62,19.5
2020-03-22,35.6,22.6,0.181,72,10.4,77,23.3
2020-03-23,46.4,28.9,0.055,70,5.0,85,11.9
2020-03-24,45.2,26.4,0.0,54,8.3,83,20.4
2020-03-25,58.6,28.5,0.012,28,11.5,79,23.0
2020-03-26,49.7,36.3,0.157,92,11.1,88,22.6
2020-03-27,48.9,34.0,0.343,94,11.1,93,23.0
2020-03-28,61.4,43.5,0.331,100,13.0,93,37.1
2020-03-29,62.5,42.3,0.024,82,26.0,66,49.7
2020-03-30,51.4,37.4,0.0,93,15.5,67,29.8
2020-03-31,39.9,34.0,0.0,95,10.4,81,21.7
2020-04-01,50.5,32.5,0.0,49,8.9,83,20.8
2020-04-02,55.0,32.1,0.0,83,7.9,78,18.8
2020-04-03,65.3,40.1,0.031,87,8.3,68,18.3
2020-04-04,53.6,31.7,0.098,69,10.0,82,25.9
2020-04-05,48.0,29.9,0.0,34,8.9,73,20.8
2020-04-06,58.7,29.5,0.098,82,7.9,79,23.9
2020-04-07,74.5,52.3,0.657,64,15.8,83,31.8
2020-04-08,66.4,46.3,0.228,51,10.9,87,25.3
2020-04-09,46.7,35.0,0.004,32,22.7,47,47.4
2020-04-10,49.2,31.0,0.0,54,14.0,52,27.7
2020-04-11,61.8,35.7,0.165,95,11.9,59,22.4
2020-04-12,68.4,44.8,0.146,94,12.6,79,27.5
2020-04-13,53.9,32.5,0.051,64,18.6,59,38.0
2020-04-14,40.1,26.0,0.028,53,16.7,48,36.0
2020-04-15,38.7,23.1,0.087,76,11.9,58,24.2
2020-04-16,46.9,22.8,0.0,48,11.9,49,25.9
2020-04-17,38.5,32.4,0.291,82,8.2,79,17.2
2020-04-18,55.8,30.3,0.0,7,18.5,62,37.4
2020-04-19,59.3,34.2,0.0,16,14.9,60,28.6
2020-04-20,60.3,32.4,0.031,38,17.6,62,36.0
2020-04-21,48.3,32.4,0.004,4,14.7,48,31.3
2020-04-22,59.4,31.6,0.142,78,9.7,72,35.1
2020-04-23,61.3,40.7,0.047,90,10.3,86,25.1
2020-04-24,49.4,38.6,0.02,96,9.2,82,21.7
2020-04-25,43.4,38.5,0.492,100,12.7,87,25.9
2020-04-26,58.8,37.9,0.0,61,12.6,59,27.1
2020-04-27,65.1,34.0,0.22,73,15.7,67,31.1
2020-04-28,73.0,45.1,0.492,83,12.6,85,23.9
2020-04-29,60.1,42.2,1.587,100,13.4,94,25.7
2020-04-30,52.9,39.9,0.555,67,18.4,78,35.8
2020-05-01,65.0,33.3,0.012,43,8.5,63,15.0
2020-05-02,74.8,53.0,0.0,51,11.9,60,24.6
2020-05-03,69.0,44.2,0.0,39,15.0,50,30.4
2020-05-04,45.8,37.1,0.0,71,13.5,71,29.3
2020-05-05,45.9,39.1,0.264,99,9.6,73,20.6
2020-05-06,58.5,36.1,0.0,73,8.4,51,18.1
2020-05-07,63.7,41.5,0.0,54,13.9,56,28.6
2020-05-08,41.5,29.4,0.0,71,15.8,64,31.5
2020-05-09,54.7,25.8,0.0,18,12.6,56,27.5
2020-05-10,49.5,36.3,0.35,94,16.1,78,33.3
2020-05-11,47.8,36.3,0.004,82,8.7,69,20.6
2020-05-12,60.4,35.9,0.0,38,11.8,55,25.1
2020-05-13,64.8,39.3,0.0,42,12.5,51,27.3
2020-05-14,70.6,50.6,0.862,95,12.7,89,25.9
2020-05-15,76.6,48.2,0.433,91,12.3,81,24.4
2020-05-16,61.8,45.4,0.016,97,10.2,80,22.1
2020-05-17,68.0,50.2,2.295,96,14.4,94,31.5
2020-05-18,67.5,51.6,0.016,79,9.8,85,19.0
2020-05-19,60.7,50.2,0.15,97,12.5,92,25.7
2020-05-20,63.8,50.2,0.008,55,12.1,77,26.2
2020-05-21,66.8,48.6,0.024,49,9.2,75,22.1
2020-05-22,66.8,51.4,0.028,65,6.8,84,16.8
2020-05-23,75.3,52.0,0.591,66,12.5,87,26.6
2020-05-24,86.9,59.6,0.0,39,7.7,74,16.6
2020-05-25,83.2,66.7,0.055,68,9.6,82,23.0
2020-05-26,82.7,66.8,0.138,50,10.1,80,24.4
2020-05-27,81.7,68.3,0.307,77,8.5,83,18.8
2020-05-28,73.6,64.6,0.634,92,10.2,91,22.6
2020-05-29,71.9,58.1,0.102,67,13.8,67,28.2
2020-05-30,68.5,49.8,0.012,41,10.6,68,22.1
2020-05-31,65.2,46.3,0.0,13,8.9,61,18.8
2020-06-01,70.1,48.9,0.087,56,13.7,62,27.7
2020-06-02,85.9,66.6,0.0,47,14.7,65,29.8
2020-06-03,78.4,68.2,0.134,99,11.4,80,27.5
2020-06-04,84.0,62.4,0.0,51,7.6,74,15.4
2020-06-05,84.7,64.9,0.012,69,8.8,76,24.8
2020-06-06,73.3,55.2,0.0,31,10.9,69,24.2
2020-06-07,74.8,53.3,0.0,45,9.2,70,22.6
2020-06-08,84.6,60.1,0.0,45,10.0,57,21.9
2020-06-09,86.7,67.5,0.618,88,19.3,68,47.0
2020-06-10,82.2,61.4,0.146,54,19.0,76,39.4
2020-06-11,76.7,57.1,0.0,18,14.3,54,27.7
2020-06-12,74.6,54.0,0.004,20,10.4,68,20.6
2020-06-13,63.0,50.7,0.157,37,11.8,71,25.9
2020-06-14,65.7,52.1,0.0,11,8.8,62,21.3
2020-06-15,69.7,49.2,0.0,26,9.0,63,21.0
2020-06-16,81.4,52.6,0.0,17,9.2,67,19.9
2020-06-17,82.9,59.2,0.0,20,9.9,59,22.4
2020-06-18,85.6,60.0,0.0,6,11.0,56,24.4
2020-06-19,90.1,62.4,0.0,68,8.4,53,19.0
2020-06-20,86.4,65.3,0.417,78,12.9,68,29.5
2020-06-21,80.1,68.4,0.287,91,9.0,84,19.7
2020-06-22,82.2,66.6,0.862,94,9.8,86,28.9
2020-06-23,75.1,59.7,0.169,50,12.8,72,25.7
2020-06-24,76.9,58.3,0.177,31,10.3,73,25.3
2020-06-25,81.3,58.6,0.004,29,7.4,65,23.3
2020-06-26,85.8,62.7,0.35,99,13.1,78,31.5
2020-06-27,86.2,70.2,0.028,71,10.3,78,21.3
2020-06-28,81.4,68.4,0.646,79,7.2,88,17.2
2020-06-29,87.3,66.7,0.154,80,12.2,82,25.1
2020-06-30,84.6,70.1,0.433,96,7.4,86,17.4
2020-07-01,84.6,68.0,0.0,79,9.2,74,20.8
2020-07-02,86.5,65.2,0.0,86,7.6,69,17.7
2020-07-03,87.5,61.9,0.0,57,6.1,68,13.9
2020-07-04,85.0,66.5,0.0,59,8.7,78,20.4
2020-07-05,87.4,62.9,0.004,20,5.7,71,15.0
2020-07-06,90.5,68.5,0.0,28,4.9,63,13.4
2020-07-07,91.8,70.7,0.039,40,8.6,66,21.3
2020-07-08,88.9,72.1,0.051,55,6.5,77,13.9
2020-07-09,91.2,73.8,0.264,59,10.4,76,22.4
2020-07-10,84.2,69.6,0.524,55,14.6,74,32.0
2020-07-11,85.3,67.0,0.161,46,11.0,66,24.8
2020-07-12,75.0,63.4,0.039,33,11.9,79,26.2
2020-07-13,79.5,58.9,0.008,27,8.4,73,19.0
2020-07-14,85.4,61.2,0.0,64,11.7,65,23.0
2020-07-15,85.1,69.3,1.882,98,12.5,71,23.3
2020-07-16,81.3,68.1,0.091,74,12.5,83,24.4
2020-07-17,85.9,64.0,0.0,20,8.8,75,19.0
2020-07-18,90.9,71.5,0.0,40,15.1,79,30.2
2020-07-19,87.0,71.2,0.48,74,16.6,71,35.6
2020-07-20,85.5,67.6,0.0,68,8.1,65,15.7
2020-07-21,82.3,66.6,0.13,94,9.6,76,21.0
2020-07-22,83.7,69.8,0.075,45,9.3,79,20.1
2020-07-23,79.9,63.2,0.0,30,10.3,75,22.6
2020-07-24,80.6,60.4,0.0,20,6.5,82,16.1
2020-07-25,88.6,64.9,0.0,18,7.1,74,15.9
2020-07-26,90.8,72.3,0.138,40,12.4,76,25.5
2020-07-27,84.1,70.0,0.236,59,9.1,77,18.8
2020-07-28,84.6,65.8,0.016,17,11.0,59,24.8
2020-07-29,84.8,70.7,0.157,71,10.4,71,28.2
2020-07-30,78.9,67.2,0.02,93,14.8,77,30.2
2020-07-31,77.8,65.2,0.012,91,9.7,73,21.3
2020-08-01,73.9,64.9,0.138,97,7.6,85,16.3
2020-08-02,81.9,65.8,0.26,79,7.7,81,21.0
2020-08-03,70.3,59.9,0.185,68,13.2,84,27.5
2020-08-04,71.3,56.4,0.0,34,10.1,62,21.7
2020-08-05,74.1,52.3,0.0,43,6.7,66,15.7
2020-08-06,76.9,55.4,0.012,26,7.7,66,16.6
2020-08-07,81.0,57.4,0.0,21,6.6,66,15.0
2020-08-08,87.4,64.3,0.004,25,12.8,64,27.3
2020-08-09,90.2,70.9,0.732,34,13.1,72,27.7
2020-08-10,84.9,69.0,0.157,75,12.5,87,26.2
2020-08-11,81.0,63.6,0.0,55,7.1,69,15.4
2020-08-12,81.1,59.1,0.0,24,6.7,69,16.6
2020-08-13,82.3,64.9,0.0,51,8.4,71,19.0
2020-08-14,85.0,64.6,0.0,0,8.0,71,18.6
2020-08-15,87.2,66.2,0.063,59,8.2,73,15.7
2020-08-16,82.9,62.3,0.0,12,8.5,62,15.2
2020-08-17,80.7,64.9,0.0,51,7.4,60,15.7
2020-08-18,74.3,61.9,0.0,35,10.2,64,21.7
2020-08-19,79.7,57.7,0.0,6,9.6,65,21.7
2020-08-20,84.4,59.3,0.0,0,8.3,58,18.8
2020-08-21,85.9,62.2,0.0,15,6.8,61,15.7
2020-08-22,86.9,63.1,0.0,7,9.7,60,21.7
2020-08-23,88.0,65.8,0.083,44,8.5,69,19.7
2020-08-24,93.8,68.6,0.0,12,10.5,68,21.9
2020-08-25,84.4,69.5,0.161,46,14.2,77,29.8
2020-08-26,91.3,70.1,0.0,6,12.0,67,24.6
2020-08-27,90.6,74.8,0.134,27,10.5,76,25.9
2020-08-28,88.3,73.1,0.173,24,10.6,78,24.6
2020-08-29,79.9,63.8,0.0,33,11.4,59,24.8
2020-08-30,73.8,61.0,0.0,47,7.5,68,17.2
2020-08-31,84.5,61.3,0.012,69,12.3,63,26.2
2020-09-01,74.4,65.5,0.122,88,8.2,85,26.4
2020-09-02,84.0,64.9,0.0,58,12.1,66,25.5
2020-09-03,85.3,64.1,0.0,26,21.7,56,42.7
2020-09-04,77.6,53.8,0.0,10,13.5,51,28.4
2020-09-05,80.0,62.2,0.0,13,14.6,55,30.4
2020-09-06,82.1,59.4,0.783,79,18.8,78,39.4
2020-09-07,74.7,61.5,0.071,74,17.8,73,35.8
2020-09-08,64.8,59.5,1.465,100,13.5,89,27.3
2020-09-09,65.1,58.7,0.169,99,10.6,87,21.0
2020-09-10,64.0,58.1,0.13,100,12.0,81,24.6
2020-09-11,66.0,59.4,0.154,99,9.9,86,20.6
2020-09-12,73.0,61.4,0.811,87,11.7,90,27.1
2020-09-13,75.1,58.4,0.0,15,9.4,79,20.8
2020-09-14,72.1,55.0,0.039,18,5.7,83,14.5
2020-09-15,76.6,56.1,0.0,0,10.4,74,22.8
2020-09-16,80.2,59.1,0.043,29,11.6,72,23.7
2020-09-17,66.7,56.7,0.008,24,11.9,71,25.1
2020-09-18,58.1,46.3,0.0,32,12.4,62,26.6
2020-09-19,62.1,42.7,0.0,7,6.5,67,13.6
2020-09-20,68.9,45.6,0.0,24,9.3,61,20.8
2020-09-21,73.5,50.3,0.0,26,7.8,55,16.8
2020-09-22,76.3,53.1,0.0,6,7.3,65,17.0
2020-09-23,75.9,56.0,0.0,69,8.1,72,18.3
2020-09-24,76.2,56.2,0.0,40,10.0,74,21.5
2020-09-25,78.5,56.8,0.0,2,11.7,62,24.4
2020-09-26,81.1,62.1,0.0,81,18.2,68,35.1
2020-09-27,76.0,56.8,0.075,94,16.8,67,32.2
2020-09-28,63.0,51.1,0.319,68,12.1,81,30.2
2020-09-29,59.4,45.0,0.0,42,11.3,74,23.3
2020-09-30,64.4,50.4,0.024,32,21.8,61,45.2
2020-10-01,57.0,45.1,0.185,36,11.8,75,28.0
2020-10-02,55.4,42.4,0.0,47,9.1,65,21.0
2020-10-03,56.2,40.6,0.114,88,7.5,68,16.6
2020-10-04,54.2,38.4,0.063,56,11.5,71,24.6
2020-10-05,59.4,35.3,0.0,3,14.1,60,27.7
2020-10-06,70.7,50.2,0.0,18,12.9,55,24.8
2020-10-07,72.1,55.8,0.0,0,15.5,53,29.1
2020-10-08,67.9,45.7,0.0,0,8.1,74,18.6
2020-10-09,78.4,49.7,0.0,23,16.9,63,33.8
2020-10-10,75.3,55.2,0.0,40,13.1,76,25.5
2020-10-11,66.7,54.9,0.012,55,10.4,82,20.1
2020-10-12,70.9,50.7,0.303,39,20.1,79,41.6
2020-10-13,68.5,45.5,0.0,15,19.0,51,37.6
2020-10-14,72.1,43.3,0.0,75,19.0,52,37.8
2020-10-15,61.8,41.3,0.0,60,18.8,48,36.0
2020-10-16,51.4,37.1,0.008,33,13.2,51,34.0
2020-10-17,61.8,35.7,0.004,84,19.6,45,45.4
2020-10-18,57.7,37.1,0.213,93,15.3,69,31.1
2020-10-19,49.1,37.2,0.094,92,7.9,79,18.1
2020-10-20,51.0,35.5,0.126,95,11.2,84,23.9
2020-10-21,56.7,45.4,0.047,95,10.6,79,19.9
2020-10-22,74.8,49.0,0.697,87,16.1,84,36.9
2020-10-23,69.8,38.5,0.803,84,15.6,81,34.9
2020-10-24,45.2,32.5,0.0,53,7.5,67,16.1
2020-10-25,46.5,38.8,0.004,98,10.1,71,20.6
2020-10-26,39.1,34.6,0.047,99,9.6,72,17.9
2020-10-27,37.9,33.9,0.063,87,7.0,65,13.6
2020-10-28,51.0,30.2,0.0,52,10.8,62,22.6
2020-10-29,46.9,37.0,0.004,86,18.1,69,35.8
2020-10-30,42.3,28.9,0.0,15,8.0,61,17.4
2020-10-31,55.5,29.1,0.0,14,17.9,64,34.4
2020-11-01,53.9,30.2,0.004,46,20.3,46,40.9
2020-11-02,48.2,25.3,0.0,29,15.8,52,31.5
2020-11-03,63.8,39.2,0.0,3,12.5,60,22.8
2020-11-04,68.1,51.1,0.0,17,14.6,58,28.9
2020-11-05,66.1,54.8,0.0,55,11.7,61,23.0
2020-11-06,70.0,49.5,0.0,23,10.9,73,21.0
2020-11-07,68.6,52.3,0.0,0,11.6,65,23.7
2020-11-08,73.6,55.1,0.008,37,14.6,74,28.9
2020-11-09,72.1,62.5,0.012,50,15.6,73,33.8
2020-11-10,72.7,47.6,0.283,80,20.7,79,55.0
2020-11-11,45.5,33.7,0.0,6,18.3,63,36.2
2020-11-12,51.9,32.5,0.016,49,8.1,70,18.1
2020-11-13,43.5,27.3,0.016,44,13.4,71,26.4
2020-11-14,49.8,24.8,0.177,51,16.4,74,39.6
2020-11-15,53.4,34.5,0.24,81,25.5,75,55.3
2020-11-16,45.2,29.7,0.028,22,14.6,61,29.5
2020-11-17,40.2,27.1,0.0,24,13.5,57,27.7
2020-11-18,49.2,26.8,0.0,36,17.8,53,33.6
2020-11-19,63.6,46.2,0.0,86,19.1,40,36.2
2020-11-20,57.5,47.2,0.0,50,14.9,54,28.9
2020-11-21,46.0,34.4,0.0,88,6.8,74,12.8
2020-11-22,45.3,38.8,0.087,92,9.1,80,17.7
2020-11-23,43.6,33.1,0.0,59,10.3,69,20.1
2020-11-24,43.0,32.4,0.535,100,12.0,91,23.5
2020-11-25,45.6,42.3,0.476,100,10.3,96,20.1
2020-11-26,46.9,36.5,0.0,80,11.5,86,23.7
2020-11-27,46.0,31.5,0.0,49,8.7,81,17.7
2020-11-28,48.7,26.5,0.0,0,13.8,68,25.5
2020-11-29,48.2,36.4,0.0,67,12.7,65,25.9
2020-11-30,36.9,28.5,0.0,97,15.8,55,31.1
2020-12-01,34.0,23.4,0.0,47,10.2,63,19.2
2020-12-02,46.4,24.3,0.0,44,11.1,53,20.4
2020-12-03,43.4,27.8,0.0,33,13.1,59,26.4
2020-12-04,44.3,32.1,0.0,22,14.0,72,25.9
2020-12-05,38.8,28.0,0.0,72,5.4,77,13.2
2020-12-06,37.0,31.7,0.008,96,8.0,79,17.0
2020-12-07,37.0,30.6,0.004,93,6.0,80,13.4
2020-12-08,37.5,29.0,0.0,87,11.6,77,23.3
2020-12-09,50.8,31.8,0.0,24,10.6,80,20.6
2020-12-10,51.4,29.5,0.0,28,8.5,79,18.1
2020-12-11,42.2,34.8,0.429,98,15.2,92,29.8
2020-12-12,39.3,32.3,0.969,100,15.5,92,30.2
2020-12-13,35.2,24.1,0.004,62,11.9,79,22.4
2020-12-14,29.8,21.1,0.0,69,10.3,67,22.8
2020-12-15,31.9,18.8,0.0,82,9.4,60,17.7
2020-12-16,33.0,27.6,0.0,98,9.5,70,18.3
2020-12-17,36.1,25.7,0.0,90,6.2,72,11.4
2020-12-18,36.9,23.0,0.0,56,13.4,77,24.8
2020-12-19,45.2,32.3,0.008,73,13.5,77,25.5
2020-12-20,39.2,31.3,0.0,61,12.3,78,25.3
2020-12-21,45.6,30.8,0.012,88,20.3,74,39.4
2020-12-22,40.9,27.9,0.0,54,14.8,74,27.7
2020-12-23,54.2,31.2,0.11,91,21.6,62,44.1
2020-12-24,27.5,11.8,0.004,78,21.4,43,41.4
2020-12-25,21.8,7.7,0.0,38,13.4,46,26.2
2020-12-26,34.2,18.3,0.0,35,13.7,54,26.2
2020-12-27,46.3,21.7,0.012,94,12.6,72,25.3
2020-12-28,32.6,22.1,0.0,39,13.6,68,26.4
2020-12-29,30.6,17.3,0.248,83,17.5,67,33.3
2020-12-30,35.8,23.2,0.343,99,16.0,84,35.8
2020-12-31,29.9,17.2,0.0,53,9.7,74,18.3
2021-01-01,33.3,24.5,0.669,100,14.1,88,27.1
2021-01-02,33.4,27.2,0.016,99,12.2,92,23.7
2021-01-03,35.0,25.5,0.106,98,7.0,92,13.2
2021-01-04,32.3,21.3,0.008,96,7.5,92,15.7
2021-01-05,36.4,20.7,0.0,41,8.0,89,14.5
2021-01-06,35.8,23.7,0.0,95,5.7,93,10.5
2021-01-07,36.7,26.8,0.02,88,9.4,82,19.7
2021-01-08,33.8,27.6,0.0,99,10.4,79,19.9
2021-01-09,35.4,25.3,0.0,80,8.5,82,15.7
2021-01-10,29.2,24.5,0.0,99,6.9,80,13.4
2021-01-11,29.7,22.1,0.0,84,12.9,82,26.2
2021-01-12,38.9,25.3,0.0,25,11.6,85,24.4
2021-01-13,42.8,29.3,0.0,95,10.4,83,21.5
2021-01-14,41.1,29.0,0.193,72,10.0,87,22.4
2021-01-15,37.1,25.9,0.055,63,10.1,90,18.8
2021-01-16,37.9,25.1,0.091,93,10.9,87,22.1
2021-01-17,33.4,27.3,0.106,96,6.3,88,12.8
2021-01-18,30.7,23.3,0.0,90,9.3,80,19.9
2021-01-19,30.9,17.3,0.13,65,12.8,78,25.1
2021-01-20,32.7,8.0,0.0,47,18.7,65,35.1
2021-01-21,39.6,30.7,0.0,21,18.3,68,36.0
2021-01-22,31.1,12.9,0.0,13,13.9,58,27.1
2021-01-23,31.3,11.5,0.0,58,7.8,43,16.3
2021-01-24,36.4,26.9,0.091,87,8.4,66,15.4
2021-01-25,33.6,27.0,0.126,100,16.2,79,31.1
2021-01-26,30.7,23.1,0.496,99,15.7,86,31.8
2021-01-27,26.7,10.7,0.0,81,9.5,79,19.9
2021-01-28,22.5,2.0,0.0,23,7.3,71,15.0
2021-01-29,28.9,1.1,0.0,61,8.5,76,15.2
2021-01-30,33.6,24.2,0.343,100,16.1,76,30.6
2021-01-31,31.6,29.1,0.61,100,14.7,89,28.4
2021-02-01,31.1,22.3,0.004,66,10.8,83,21.7
2021-02-02,32.5,17.9,0.0,34,9.1,79,19.0
2021-02-03,32.5,10.7,0.0,24,8.7,80,15.4
2021-02-04,35.2,24.2,0.343,99,17.9,83,41.8
2021-02-05,22.2,7.3,0.004,71,20.6,72,39.1
2021-02-06,11.8,0.1,0.079,54,12.3,75,24.6
2021-02-07,4.4,-10.9,0.0,43,7.8,69,15.2
2021-02-08,13.3,-7.2,0.059,97,6.4,75,12.1
2021-02-09,14.3,-2.4,0.0,24,8.1,65,16.1
2021-02-10,16.1,0.0,0.008,99,8.7,67,15.9
2021-02-11,17.5,0.1,0.031,74,10.4,75,20.4
2021-02-12,17.0,7.2,0.067,96,8.1,75,16.1
2021-02-13,11.6,-2.0,0.138,79,9.5,75,19.5
2021-02-14,3.4,-9.0,0.059,73,9.3,63,17.9
2021-02-15,12.0,-2.0,0.343,100,13.1,72,25.5
2021-02-16,19.8,6.8,0.161,98,12.5,73,23.0
2021-02-17,20.3,1.1,0.0,79,7.0,74,10.1
2021-02-18,24.7,12.1,0.039,93,5.2,79,9.2
2021-02-19,19.3,6.1,0.0,44,10.5,78,21.9
2021-02-20,25.6,-1.7,0.0,7,6.9,77,13.4
2021-02-21,36.1,14.1,0.165,86,15.1,79,28.6
2021-02-22,37.4,26.9,0.031,95,15.8,82,29.8
2021-02-23,43.8,32.5,0.0,33,16.5,77,30.9
2021-02-24,44.1,27.1,0.0,28,13.9,76,28.6
2021-02-25,38.8,17.4,0.0,18,8.1,78,17.4
2021-02-26,40.8,12.0,0.0,26,8.9,75,19.0
2021-02-27,49.6,31.1,0.039,31,9.0,84,16.3
2021-02-28,56.9,33.5,0.035,89,18.4,86,35.8
2021-03-01,34.0,19.7,0.0,12,12.1,65,26.8
2021-03-02,43.7,16.7,0.0,0,14.5,62,30.0
2021-03-03,57.3,30.7,0.0,0,12.7,69,23.0
2021-03-04,35.2,24.8,0.0,38,11.2,79,24.4
2021-03-05,47.8,23.0,0.0,8,7.2,71,17.4
2021-03-06,45.3,23.8,0.0,14,8.0,77,18.8
2021-03-07,51.1,22.7,0.0,38,10.5,68,18.8
2021-03-08,62.1,42.0,0.0,45,14.2,60,29.3
2021-03-09,64.4,38.5,0.0,76,15.0,62,29.5
2021-03-10,68.1,53.4,0.008,96,21.4,62,41.4
2021-03-11,61.9,40.2,0.051,29,21.5,64,51.7
2021-03-12,53.6,34.4,0.0,64,7.8,61,19.2
2021-03-13,56.7,26.3,0.0,26,7.6,62,16.3
2021-03-14,43.7,34.1,0.0,78,17.7,59,36.2
2021-03-15,37.5,30.7,0.252,100,16.2,68,32.4
2021-03-16,41.4,29.7,0.0,80,7.1,82,16.1
2021-03-17,43.3,28.6,0.358,78,15.9,87,30.0
2021-03-18,42.3,35.3,0.252,93,21.8,79,43.2
2021-03-19,42.4,28.1,0.0,3,15.1,58,30.4
2021-03-20,55.7,26.7,0.0,0,7.4,62,16.8
2021-03-21,62.1,35.0,0.0,44,12.5,50,25.7
2021-03-22,64.1,45.3,0.0,89,12.0,47,25.3
2021-03-23,64.1,49.0,0.339,97,13.6,73,33.6
2021-03-24,59.4,45.7,0.165,73,20.4,78,40.7
2021-03-25,50.8,36.2,0.142,100,15.1,81,26.8
2021-03-26,46.5,34.0,0.063,95,14.4,84,28.6
2021-03-27,65.9,34.1,0.098,87,15.4,83,31.5
2021-03-28,51.0,31.2,0.0,55,19.4,62,39.8
2021-03-29,61.0,26.3,0.0,23,19.3,58,36.9
2021-03-30,66.0,46.0,0.0,64,19.5,45,40.3
2021-03-31,45.2,32.7,0.0,49,13.1,41,27.1
2021-04-01,38.2,22.9,0.0,15,11.7,49,25.1
2021-04-02,47.3,22.3,0.0,10,10.6,52,23.0
2021-04-03,65.6,36.7,0.0,11,15.9,48,32.7
2021-04-04,72.4,38.1,0.0,29,8.8,64,19.5
2021-04-05,71.2,53.9,0.047,81,13.4,63,27.3
2021-04-06,78.3,55.7,0.0,66,14.4,55,29.8
2021-04-07,78.9,57.5,0.15,77,15.9,66,31.8
2021-04-08,65.4,50.2,0.886,97,14.4,82,29.3
2021-04-09,62.2,48.9,0.031,85,16.7,77,33.8
2021-04-10,52.2,43.4,0.516,86,10.2,95,21.5
2021-04-11,54.6,38.8,0.008,70,9.6,82,18.1
2021-04-12,61.7,45.6,0.102,47,15.7,70,32.4
2021-04-13,54.8,39.7,0.0,19,15.1,57,31.1
2021-04-14,47.6,33.3,0.0,59,11.2,54,24.8
2021-04-15,54.8,34.7,0.0,66,12.1,65,25.3
2021-04-16,54.9,35.6,0.0,38,7.9,74,19.9
2021-04-17,52.8,34.1,0.0,75,7.6,70,19.7
2021-04-18,59.1,33.8,0.031,72,9.0,60,19.7
2021-04-19,50.3,40.4,0.063,81,11.4,59,23.9
2021-04-20,40.9,32.3,0.063,98,6.6,58,16.1
2021-04-21,47.8,27.2,0.075,42,14.2,71,30.9
2021-04-22,56.2,28.2,0.0,34,15.2,57,30.9
2021-04-23,58.7,39.5,0.0,68,13.0,51,26.8
2021-04-24,60.3,44.8,0.031,86,11.1,75,20.6
2021-04-25,47.6,37.2,0.0,72,10.9,63,23.7
2021-04-26,74.9,36.5,0.0,59,19.2,49,38.0
2021-04-27,82.4,51.0,0.0,85,14.8,55,29.3
2021-04-28,67.5,44.2,0.512,99,9.8,81,20.8
2021-04-29,66.2,44.2,0.181,68,9.4,76,23.0
2021-04-30,55.6,38.3,0.0,21,16.7,61,35.1
2021-05-01,78.8,37.9,0.0,19,22.7,48,44.5
2021-05-02,80.9,61.3,0.016,67,18.7,52,38.5
2021-05-03,75.7,58.1,0.146,98,12.5,78,26.6
2021-05-04,58.6,44.8,0.028,86,10.9,79,21.3
2021-05-05,58.1,39.6,0.0,32,10.3,60,21.9
2021-05-06,52.9,42.3,0.26,69,10.5,67,23.3
2021-05-07,58.7,37.8,0.02,43,12.3,64,27.5
2021-05-08,52.0,35.0,0.154,67,8.8,69,19.7
2021-05-09,53.4,38.7,0.484,68,11.7,76,26.2
2021-05-10,50.6,36.5,0.024,39,9.7,68,22.6
2021-05-11,52.2,33.4,0.008,28,10.4,63,24.2
2021-05-12,60.4,34.6,0.0,0,8.5,50,19.2
2021-05-13,68.0,37.5,0.0,20,9.6,43,20.8
2021-05-14,68.9,42.9,0.0,58,7.2,42,13.2
2021-05-15,62.4,47.9,0.079,92,10.1,59,21.3
2021-05-16,73.3,46.6,0.0,78,7.3,60,19.0
2021-05-17,69.6,53.0,0.0,92,11.3,70,24.4
2021-05-18,75.7,55.8,0.28,90,13.3,77,30.6
2021-05-19,78.3,62.8,0.331,99,14.0,81,30.4
2021-05-20,83.2,65.2,0.012,98,15.5,63,33.8
2021-05-21,84.3,67.0,0.0,98,14.3,60,30.0
2021-05-22,86.3,65.8,0.0,43,11.2,61,24.4
2021-05-23,82.9,55.4,0.102,81,8.4,79,19.5
2021-05-24,89.5,55.0,0.004,90,13.5,65,26.8
2021-05-25,84.4,67.6,0.283,90,18.9,63,43.8
2021-05-26,81.1,56.1,0.083,58,14.6,62,27.5
2021-05-27,56.9,49.9,0.303,99,16.5,71,33.8
2021-05-28,49.1,43.9,0.421,100,19.0,85,37.1
2021-05-29,59.8,43.1,0.0,20,12.8,49,28.2
2021-05-30,68.3,39.9,0.0,48,8.4,54,19.0
2021-05-31,71.5,53.0,0.004,90,10.7,57,22.8
2021-06-01,75.7,49.6,0.0,36,8.0,58,20.4
2021-06-02,76.2,53.1,0.0,47,9.1,60,21.7
2021-06-03,85.3,51.9,0.0,37,9.8,51,21.9
2021-06-04,91.5,66.9,0.0,24,15.3,37,33.6
2021-06-05,91.9,68.1,0.0,20,14.1,44,30.6
2021-06-06,89.2,70.3,0.047,45,15.9,53,33.3
2021-06-07,79.0,69.4,0.724,93,10.0,88,19.2
2021-06-08,84.9,67.1,0.256,77,5.8,83,15.9
2021-06-09,83.8,64.3,0.197,56,8.4,83,19.2
2021-06-10,85.7,62.9,0.016,50,7.4,77,20.6
2021-06-11,91.9,65.5,0.051,35,6.3,70,18.1
2021-06-12,89.9,64.8,0.15,56,7.6,73,23.0
2021-06-13,84.7,65.0,0.0,2,8.8,45,20.1
2021-06-14,82.3,64.2,0.0,20,14.0,49,28.2
2021-06-15,77.1,60.0,0.0,27,11.0,56,25.3
2021-06-16,77.3,56.1,0.0,8,8.9,48,21.3
2021-06-17,91.6,53.2,0.0,38,13.6,47,25.9
2021-06-18,94.0,68.3,0.0,72,14.7,51,30.9
2021-06-19,92.9,63.2,0.012,48,14.6,61,32.2
2021-06-20,87.8,60.2,0.429,87,9.3,77,25.1
2021-06-21,72.7,57.2,0.02,77,15.3,63,30.9
2021-06-22,73.8,52.6,0.0,54,13.7,53,29.3
2021-06-23,79.3,61.5,0.102,63,15.8,58,40.9
2021-06-24,77.4,67.8,0.079,88,19.2,69,38.7
2021-06-25,79.9,69.2,1.661,97,15.1,91,31.5
2021-06-26,80.0,71.0,0.854,92,21.0,92,40.3
2021-06-27,82.6,67.7,0.059,65,15.3,80,32.7
2021-06-28,78.1,66.6,0.654,91,6.2,90,21.9
2021-06-29,81.7,70.6,0.807,82,10.7,89,28.6
2021-06-30,80.3,69.4,0.287,93,6.6,88,17.4
2021-07-01,71.8,58.1,0.024,37,12.9,79,27.5
2021-07-02,70.5,55.4,0.0,43,8.6,72,19.0
2021-07-03,85.6,55.8,0.0,3,9.8,66,21.5
2021-07-04,89.1,68.3,0.0,51,9.8,68,20.6
2021-07-05,90.0,71.0,0.0,27,15.7,67,31.8
2021-07-06,89.6,74.3,0.016,50,10.7,67,22.6
2021-07-07,85.0,66.3,0.138,96,10.6,78,26.6
2021-07-08,69.1,61.1,0.154,99,9.7,85,21.5
2021-07-09,74.0,57.7,0.0,61,7.0,66,17.9
2021-07-10,74.1,60.7,0.492,86,10.6,82,22.6
2021-07-11,69.7,63.2,0.665,89,12.9,91,27.3
2021-07-12,74.5,63.6,1.11,93,8.5,92,18.3
2021-07-13,78.9,65.8,1.035,74,7.9,87,16.6
2021-07-14,85.3,65.9,0.012,70,14.2,77,26.6
2021-07-15,78.0,66.7,0.512,99,15.7,84,33.8
2021-07-16,71.4,65.4,0.165,99,10.8,87,22.1
2021-07-17,75.1,65.2,0.0,58,10.7,77,23.9
2021-07-18,79.6,64.0,0.016,34,7.5,75,18.1
2021-07-19,81.5,61.4,0.012,12,4.7,77,13.6
2021-07-20,88.3,64.3,0.004,16,13.9,73,28.4
2021-07-21,73.9,62.2,0.024,75,8.1,81,20.6
2021-07-22,83.4,61.5,0.091,65,7.0,83,17.2
2021-07-23,87.0,70.4,0.091,54,9.1,78,19.7
2021-07-24,89.6,72.3,0.083,52,14.4,77,34.4
2021-07-25,91.0,68.9,0.0,61,8.6,55,19.0
2021-07-26,91.2,65.5,0.0,2,7.4,50,15.9
2021-07-27,90.4,69.5,0.0,51,11.2,63,23.9
2021-07-28,88.9,73.6,0.043,70,10.7,73,24.6
2021-07-29,89.2,67.2,0.008,50,18.6,74,36.2
2021-07-30,71.3,62.4,0.024,59,11.8,68,23.3
2021-07-31,82.7,57.7,0.0,43,9.5,65,21.0
2021-08-01,74.8,61.9,0.028,20,12.4,73,27.5
2021-08-02,74.4,57.6,0.016,35,4.7,72,11.9
2021-08-03,79.5,58.9,0.016,20,5.3,64,12.8
2021-08-04,81.5,60.4,0.02,17,5.4,65,11.6
2021-08-05,85.3,61.0,0.0,33,11.1,61,23.9
2021-08-06,78.0,66.5,0.567,97,13.3,84,30.2
2021-08-07,85.9,65.4,0.126,78,9.3,80,22.6
2021-08-08,88.0,73.9,0.311,78,15.8,74,33.1
2021-08-09,81.1,70.5,0.929,99,15.1,91,29.5
2021-08-10,91.4,69.1,1.177,80,15.0,83,30.4
2021-08-11,89.5,72.7,0.508,87,20.3,85,39.1
2021-08-12,90.1,72.2,0.051,97,13.0,78,27.5
2021-08-13,83.1,68.0,0.047,84,7.4,62,15.2
2021-08-14,77.9,62.8,0.0,54,7.7,55,18.8
2021-08-15,78.3,58.6,0.0,0,8.1,62,19.2
2021-08-16,77.6,60.4,0.0,10,8.1,67,19.9
2021-08-17,80.6,63.1,0.043,44,7.7,78,18.3
2021-08-18,83.3,68.6,0.11,66,7.4,85,18.1
2021-08-19,85.0,67.7,0.102,25,6.4,84,15.2
2021-08-20,84.9,67.4,0.051,21,6.2,81,16.8
2021-08-21,86.8,70.7,0.031,63,10.9,80,23.7
2021-08-22,79.8,65.7,0.0,21,11.6,78,25.5
2021-08-23,88.3,62.7,0.012,56,8.5,79,17.0
2021-08-24,88.7,71.3,0.11,86,10.9,86,21.9
2021-08-25,92.3,72.2,0.13,92,9.1,80,18.8
2021-08-26,87.9,70.4,0.063,43,7.9,82,21.0
2021-08-27,90.3,70.3,0.142,50,9.9,78,21.7
2021-08-28,90.6,72.8,0.213,58,10.6,83,23.5
2021-08-29,87.2,74.0,0.256,43,15.9,77,37.1
2021-08-30,84.4,64.3,0.0,24,6.9,66,14.8
2021-08-31,81.1,61.8,0.012,57,9.8,66,21.5
2021-09-01,74.8,64.6,0.008,23,12.4,65,26.2
2021-09-02,77.2,61.5,0.0,49,7.4,67,17.0
2021-09-03,76.7,59.4,0.024,89,8.6,68,19.7
2021-09-04,77.3,65.1,0.091,93,9.6,76,20.4
2021-09-05,81.2,59.5,0.0,15,12.7,58,26.2
2021-09-06,80.4,60.4,0.0,18,10.6,59,19.7
2021-09-07,86.2,63.8,0.161,38,18.7,74,45.0
2021-09-08,76.7,59.5,0.0,21,14.5,54,30.2
2021-09-09,73.5,56.6,0.0,29,6.5,65,12.5
2021-09-10,78.4,55.8,0.0,14,8.3,63,19.2
2021-09-11,86.9,64.8,0.0,29,13.3,67,27.1
2021-09-12,89.5,65.8,0.0,64,11.3,69,23.9
2021-09-13,86.2,66.4,0.035,84,7.2,79,15.0
2021-09-14,86.5,65.7,0.016,66,16.2,64,36.0
2021-09-15,75.2,58.9,0.0,23,9.3,64,19.7
2021-09-16,80.5,55.1,0.0,0,8.7,63,19.7
2021-09-17,87.2,61.8,0.004,14,11.4,64,22.1
2021-09-18,75.1,64.1,0.0,36,10.5,75,22.4
2021-09-19,86.5,62.0,0.02,35,7.9,70,14.8
2021-09-20,81.4,68.1,0.28,73,14.3,81,27.3
2021-09-21,73.0,61.8,1.02,99,14.7,79,31.1
2021-09-22,62.9,55.9,0.122,100,18.3,70,37.1
2021-09-23,66.6,50.9,0.004,64,14.1,55,29.1
2021-09-24,75.8,52.8,0.047,49,16.8,54,41.4
2021-09-25,68.3,48.6,0.008,40,12.3,54,26.2
2021-09-26,79.8,56.8,0.0,41,15.7,44,31.8
2021-09-27,85.4,62.9,0.0,8,14.3,61,26.8
2021-09-28,71.1,58.2,0.0,16,8.4,74,19.0
2021-09-29,78.1,54.2,0.0,27,7.2,76,17.4
2021-09-30,77.5,55.6,0.0,85,7.5,72,17.0
2021-10-01,85.2,59.0,0.0,38,8.1,68,15.9
2021-10-02,74.4,66.4,0.315,92,10.3,80,21.5
2021-10-03,74.1,63.7,0.933,93,8.2,92,16.6
2021-10-04,68.9,61.6,0.185,73,12.8,92,26.2
2021-10-05,65.1,60.2,0.039,82,10.2,92,21.3
2021-10-06,68.3,61.2,0.15,81,10.4,92,21.7
2021-10-07,73.4,63.2,0.713,84,8.5,92,22.4
2021-10-08,73.3,59.6,0.327,58,6.9,91,15.9
2021-10-09,78.1,58.3,0.035,51,8.9,82,17.7
2021-10-10,77.9,69.1,0.024,82,13.5,75,26.6
2021-10-11,74.8,63.4,0.425,93,14.3,81,33.3
2021-10-12,70.5,55.8,0.24,92,14.4,84,27.3
2021-10-13,71.7,52.9,0.039,95,12.4,88,24.6
2021-10-14,68.9,54.5,0.354,71,10.3,78,23.0
2021-10-15,59.5,51.4,0.047,77,8.7,74,17.9
2021-10-16,57.8,44.5,0.0,17,15.5,53,30.6
2021-10-17,63.7,42.7,0.0,4,10.9,55,22.1
2021-10-18,68.8,43.1,0.0,0,7.3,66,15.2
2021-10-19,68.2,50.6,0.0,24,9.7,67,19.5
2021-10-20,70.2,52.0,0.075,65,12.3,67,25.1
2021-10-21,63.2,48.7,0.059,86,15.5,78,30.2
2021-10-22,55.6,40.6,0.0,91,6.8,65,14.5
2021-10-23,54.2,37.5,0.0,34,6.0,64,13.4
2021-10-24,49.1,39.2,1.197,93,19.8,88,38.0
2021-10-25,51.2,47.8,0.449,93,20.1,82,38.0
2021-10-26,55.6,40.3,0.008,44,7.9,76,17.4
2021-10-27,53.9,37.9,0.0,65,9.2,78,20.1
2021-10-28,54.8,46.9,0.421,100,11.5,89,23.0
2021-10-29,54.1,52.4,0.858,100,15.6,95,29.1
2021-10-30,58.8,46.8,0.035,65,14.1,82,26.6
2021-10-31,52.6,39.5,0.004,33,13.3,72,26.2
2021-11-01,47.7,34.6,0.0,63,13.8,55,27.5
2021-11-02,44.9,31.5,0.0,26,12.8,60,25.5
2021-11-03,43.7,26.6,0.0,44,6.0,65,14.3
2021-11-04,46.3,26.7,0.0,52,7.2,68,15.4
2021-11-05,50.3,31.9,0.0,11,10.9,70,22.1
2021-11-06,55.9,36.8,0.0,30,11.5,64,22.1
2021-11-07,62.2,43.1,0.0,50,12.3,73,22.4
2021-11-08,63.1,47.9,0.0,33,11.9,72,22.4
2021-11-09,56.3,42.8,0.0,63,11.4,84,23.0
2021-11-10,55.0,40.0,0.004,85,11.5,82,21.3
2021-11-11,55.0,41.8,0.429,77,18.6,72,38.0
2021-11-12,42.8,34.3,0.055,83,18.1,68,35.1
2021-11-13,40.6,33.8,0.024,86,12.3,70,24.6
2021-11-14,37.6,30.7,0.059,80,18.1,75,36.5
2021-11-15,33.9,25.1,0.024,84,7.9,72,15.2
2021-11-16,50.9,27.4,0.0,92,13.6,79,25.1
2021-11-17,60.5,43.1,0.394,99,15.3,82,28.4
2021-11-18,42.2,30.2,0.0,55,18.8,51,37.8
2021-11-19,37.9,23.4,0.0,64,9.4,64,17.2
2021-11-20,47.2,34.1,0.0,96,11.1,63,20.6
2021-11-21,52.7,30.8,0.028,57,16.9,69,33.3
2021-11-22,33.7,21.8,0.0,13,11.7,47,22.8
2021-11-23,42.1,20.8,0.0,33,13.4,46,24.4
2021-11-24,50.2,35.1,0.024,84,15.4,60,28.9
2021-11-25,47.5,22.7,0.075,87,14.6,79,27.3
2021-11-26,31.7,18.2,0.0,67,9.3,46,18.1
2021-11-27,39.0,27.8,0.016,71,9.8,69,18.8
2021-11-28,36.4,25.5,0.0,17,16.1,61,31.3
2021-11-29,39.4,23.1,0.008,87,12.1,57,23.0
2021-11-30,48.0,30.4,0.0,56,10.5,70,20.8
2021-12-01,50.8,31.6,0.016,92,13.6,81,27.1
2021-12-02,55.3,35.1,0.02,74,16.4,59,30.4
2021-12-03,48.3,36.7,0.0,78,6.1,79,13.6
2021-12-04,39.6,30.3,0.0,72,7.5,66,16.3
2021-12-05,45.1,34.3,0.441,100,12.2,73,22.6
2021-12-06,36.6,15.6,0.0,55,19.7,59,37.6
2021-12-07,25.3,13.1,0.0,88,9.7,32,17.4
2021-12-08,33.4,20.7,0.0,46,8.3,56,16.1
2021-12-09,43.9,23.3,0.0,81,12.9,70,24.8
2021-12-10,56.9,30.7,0.827,82,20.1,86,34.4
2021-12-11,58.2,31.7,0.083,62,24.6,73,45.6
2021-12-12,47.3,30.8,0.0,35,14.8,56,28.6
2021-12-13,48.5,35.6,0.0,40,14.6,65,26.4
2021-12-14,50.5,29.9,0.067,80,11.6,79,21.0
2021-12-15,65.4,48.4,0.071,100,25.5,88,47.6
2021-12-16,63.1,31.6,0.075,13,26.3,59,49.4
2021-12-17,36.1,23.8,0.0,52,9.7,66,19.0
2021-12-18,38.1,26.2,0.213,86,10.3,83,20.4
2021-12-19,35.6,23.8,0.0,45,11.5,77,20.8
2021-12-20,40.6,28.5,0.0,53,13.7,77,25.5
2021-12-21,39.6,23.8,0.0,37,15.2,70,29.1
2021-12-22,30.8,18.0,0.0,31,12.0,48,24.2
2021-12-23,45.5,24.7,0.0,96,11.9,68,23.3
2021-12-24,56.9,28.0,0.004,97,15.0,94,27.5
2021-12-25,52.4,31.1,0.13,63,9.1,85,18.1
2021-12-26,41.5,28.0,0.004,52,14.5,84,27.1
2021-12-27,49.4,30.8,1.228,93,16.4,84,32.7
2021-12-28,35.6,27.6,0.52,100,12.2,83,21.5
2021-12-29,35.3,28.2,0.051,100,10.1,79,19.9
2021-12-30,38.8,28.0,0.016,98,6.3,78,10.5
2021-12-31,42.1,30.6,0.02,85,10.3,88,19.7
2022-01-01,37.7,27.6,0.37,100,18.1,88,34.0
2022-01-02,27.5,5.0,0.11,68,14.2,82,28.0
2022-01-03,19.4,-2.6,0.0,1,10.0,75,17.9
2022-01-04,33.3,17.7,0.0,65,13.6,73,24.8
2022-01-05,30.3,8.4,0.0,75,21.4,74,40.0
2022-01-06,12.4,2.3,0.0,55,13.2,78,26.6
2022-01-07,11.2,-5.5,0.0,31,10.9,73,19.7
2022-01-08,32.2,6.1,0.016,64,12.8,71,23.5
2022-01-09,33.6,6.5,0.008,46,14.0,75,28.0
2022-01-10,13.6,-4.7,0.008,33,9.8,60,20.4
2022-01-11,35.7,-4.8,0.0,18,18.6,56,36.9
2022-01-12,38.6,28.9,0.004,84,12.0,83,25.1
2022-01-13,41.1,26.9,0.0,86,6.5,90,14.5
2022-01-14,33.5,26.7,0.024,100,12.4,79,24.2
2022-01-15,25.8,20.2,0.059,94,13.2,74,24.6
2022-01-16,29.4,10.2,0.016,49,6.8,54,14.1
2022-01-17,28.9,20.2,0.0,62,12.9,73,25.9
2022-01-18,43.1,19.2,0.0,58,17.9,74,33.1
2022-01-19,39.4,11.2,0.0,59,17.1,63,32.4
2022-01-20,18.5,5.5,0.0,8,10.2,46,19.2
2022-01-21,25.3,7.3,0.0,40,9.8,50,18.1
2022-01-22,32.7,18.1,0.024,96,17.7,54,34.2
2022-01-23,20.7,-0.4,0.256,76,11.6,70,21.9
2022-01-24,27.2,2.3,0.126,74,10.9,77,21.7
2022-01-25,10.3,-3.2,0.0,6,9.9,72,19.9
2022-01-26,9.3,-15.3,0.0,18,11.9,69,21.0
2022-01-27,30.2,10.3,0.024,94,13.0,69,23.7
2022-01-28,24.7,1.2,0.126,76,10.2,76,18.6
2022-01-29,20.7,-5.6,0.0,69,9.2,73,13.9
2022-01-30,29.3,1.8,0.0,64,8.2,77,15.7
2022-01-31,31.4,17.1,0.0,96,11.0,80,20.1
2022-02-01,45.2,28.0,0.154,98,13.9,78,24.8
2022-02-02,32.4,12.6,0.441,100,12.0,76,22.4
2022-02-03,22.6,12.6,0.126,99,15.0,76,29.1
2022-02-04,22.5,8.7,0.016,87,9.9,75,18.3
2022-02-05,16.3,-4.1,0.0,28,13.9,72,25.1
2022-02-06,31.2,15.2,0.0,31,14.2,77,25.7
2022-02-07,26.8,9.7,0.0,58,9.7,78,18.1
2022-02-08,36.2,3.8,0.0,60,12.8,79,23.3
2022-02-09,40.6,29.7,0.008,70,14.2,80,27.7
2022-02-10,33.3,24.5,0.016,85,13.7,69,27.1
2022-02-11,45.4,27.2,0.11,92,19.3,76,36.5
2022-02-12,27.1,11.8,0.008,43,14.2,50,27.5
2022-02-13,20.0,12.7,0.0,82,8.3,45,18.3
2022-02-14,28.9,13.6,0.0,70,6.9,46,17.2
2022-02-15,39.5,19.5,0.0,93,15.4,62,27.7
2022-02-16,56.6,43.2,0.484,100,19.8,68,37.8
2022-02-17,39.9,18.1,0.575,96,18.1,75,34.4
2022-02-18,30.7,0.4,0.008,25,20.4,55,40.5
2022-02-19,29.4,6.2,0.008,19,19.8,55,38.5
2022-02-20,53.2,14.3,0.0,39,19.0,54,36.7
2022-02-21,51.0,28.0,0.0,84,9.7,84,18.3
2022-02-22,50.9,22.9,0.594,100,12.1,92,27.3
2022-02-23,26.6,15.4,0.0,82,13.4,53,25.7
2022-02-24,27.0,22.9,0.134,100,12.2,67,24.2
2022-02-25,28.6,15.7,0.11,89,8.6,76,17.4
2022-02-26,35.2,7.3,0.0,5,12.8,58,25.5
2022-02-27,43.5,25.3,0.0,9,14.2,51,25.9
2022-02-28,53.8,23.4,0.0,59,16.5,68,32.0
2022-03-01,49.5,29.9,0.0,82,9.4,73,16.8
2022-03-02,54.4,26.8,0.047,64,11.3,78,20.1
2022-03-03,33.2,25.4,0.0,94,11.0,64,21.9
2022-03-04,39.9,22.2,0.0,86,9.2,65,19.7
2022-03-05,67.1,35.4,0.039,76,21.4,61,39.6
2022-03-06,58.1,35.3,0.087,92,23.2,70,46.3
2022-03-07,35.9,26.7,0.492,97,13.8,78,27.1
2022-03-08,38.4,17.1,0.0,29,9.2,69,20.8
2022-03-09,41.9,25.7,0.0,55,11.1,64,22.6
2022-03-10,30.7,21.4,0.055,97,9.3,59,17.2
2022-03-11,36.1,17.0,0.039,81,18.3,45,36.7
2022-03-12,24.4,9.4,0.0,26,12.6,38,24.4
2022-03-13,52.3,18.5,0.004,39,13.0,46,26.2
2022-03-14,59.8,31.6,0.0,99,12.4,70,25.3
2022-03-15,51.3,30.3,0.0,45,6.5,83,14.3
2022-03-16,66.4,29.8,0.0,31,17.5,74,33.3
2022-03-17,68.7,42.8,0.146,79,9.1,72,19.2
2022-03-18,43.6,37.2,0.799,99,14.6,91,28.2
2022-03-19,41.5,36.5,0.193,91,12.8,91,25.1
2022-03-20,60.9,30.7,0.0,19,8.7,69,18.8
2022-03-21,69.6,38.6,0.0,90,12.3,60,24.8
2022-03-22,55.8,44.9,0.346,100,15.2,78,30.4
2022-03-23,61.4,45.5,0.898,99,10.5,89,24.2
2022-03-24,46.9,38.5,0.236,100,14.6,90,27.5
2022-03-25,48.3,34.9,0.016,82,19.5,72,38.3
2022-03-26,34.0,27.1,0.0,95,14.1,55,28.9
2022-03-27,35.5,20.7,0.0,19,10.6,53,22.1
2022-03-28,32.2,20.4,0.0,45,7.0,52,17.4
2022-03-29,41.0,25.8,0.004,100,14.1,58,28.4
2022-03-30,57.7,39.8,1.732,100,15.5,86,28.4
2022-03-31,51.8,33.6,0.772,100,11.8,82,22.8
2022-04-01,44.8,26.4,0.012,53,10.7,67,22.4
2022-04-02,40.7,29.1,0.24,79,8.8,84,18.3
2022-04-03,49.9,31.0,0.075,62,9.0,81,19.0
2022-04-04,53.3,37.3,0.311,87,14.2,77,29.3
2022-04-05,51.4,31.6,0.016,69,10.9,82,22.6
2022-04-06,56.4,43.3,0.512,75,21.4,72,41.8
2022-04-07,46.5,38.3,0.102,87,17.3,70,34.2
2022-04-08,38.6,33.3,0.276,98,11.4,92,21.3
2022-04-09,47.8,27.6,0.0,72,12.9,68,25.7
2022-04-10,59.5,27.9,0.0,56,16.3,60,31.8
2022-04-11,58.6,40.8,0.0,79,17.5,62,32.7
2022-04-12,67.6,34.3,0.008,68,17.9,69,33.3
2022-04-13,71.5,42.5,0.327,92,20.1,82,38.3
2022-04-14,48.8,33.8,0.0,22,27.6,48,53.5
2022-04-15,52.3,36.9,0.067,82,14.4,47,32.7
2022-04-16,46.7,29.5,0.0,55,15.5,56,30.6
2022-04-17,41.3,25.7,0.0,70,9.0,69,19.9
2022-04-18,44.1,33.2,0.268,90,17.9,78,34.0
2022-04-19,51.0,31.7,0.0,65,11.9,62,23.5
2022-04-20,51.7,37.5,0.15,100,18.0,72,33.8
2022-04-21,66.6,46.9,0.083,39,15.4,72,30.6
2022-04-22,57.8,44.2,0.512,93,13.8,85,25.7
2022-04-23,79.8,58.2,0.02,65,18.4,70,35.8
2022-04-24,71.2,55.9,0.114,85,20.8,71,46.8
2022-04-25,53.9,40.6,0.0,99,16.1,54,30.9
2022-04-26,51.0,33.1,0.0,60,16.0,55,30.9
2022-04-27,40.0,29.7,0.055,87,10.0,68,22.6
2022-04-28,48.7,34.8,0.051,100,10.7,77,21.7
2022-04-29,61.1,44.3,0.126,99,11.8,67,23.5
2022-04-30,70.8,49.1,0.85,92,15.0,82,32.2
2022-05-01,56.0,47.5,0.0,75,17.9,72,34.2
2022-05-02,59.6,45.1,0.0,100,9.9,68,18.3
2022-05-03,48.9,43.1,0.957,100,16.9,89,33.1
2022-05-04,52.7,37.1,0.0,82,13.4,78,24.6
2022-05-05,54.1,38.8,0.378,100,10.2,89,16.1
2022-05-06,48.2,44.7,0.335,98,16.4,90,31.3
2022-05-07,60.0,41.5,0.0,10,9.7,58,21.3
2022-05-08,64.1,40.0,0.0,98,10.5,64,21.7
2022-05-09,76.9,52.1,0.0,33,18.1,63,36.0
2022-05-10,85.5,65.0,0.055,64,13.7,79,27.3
2022-05-11,81.2,65.2,0.047,93,10.7,89,25.1
2022-05-12,87.0,68.0,0.0,68,12.5,67,25.1
2022-05-13,85.6,63.5,0.0,66,11.0,54,22.6
2022-05-14,83.3,61.0,0.0,93,8.8,70,17.9
2022-05-15,75.1,57.7,0.028,88,9.4,65,16.8
2022-05-16,73.2,53.3,0.0,22,15.3,54,30.4
2022-05-17,64.9,48.3,0.004,58,9.2,60,20.8
2022-05-18,64.7,50.5,0.307,85,9.4,77,18.3
2022-05-19,82.1,52.2,0.028,85,14.1,74,26.4
2022-05-20,86.0,62.4,0.366,96,22.7,81,43.6
2022-05-21,64.1,55.9,1.091,100,6.9,78,15.0
2022-05-22,64.0,47.7,0.0,89,15.0,56,29.5
2022-05-23,57.9,43.8,0.0,39,9.6,59,20.8
2022-05-24,62.2,46.0,0.075,88,12.0,68,23.7
2022-05-25,76.5,51.5,0.858,100,12.7,83,28.0
2022-05-26,74.5,61.4,0.122,92,12.1,84,23.7
2022-05-27,61.5,50.5,0.465,82,15.3,86,30.2
2022-05-28,73.6,45.9,0.0,53,9.4,72,19.2
2022-05-29,81.2,59.3,0.0,68,15.9,71,29.8
2022-05-30,84.2,67.8,0.0,63,17.7,61,33.8
2022-05-31,82.4,69.6,0.087,71,15.7,71,31.8
2022-06-01,72.2,56.4,0.0,96,9.2,77,19.7
2022-06-02,75.9,56.0,0.031,37,11.4,60,23.3
2022-06-03,77.6,54.5,0.0,3,12.2,46,24.8
2022-06-04,69.9,49.5,0.0,74,7.4,57,17.2
2022-06-05,72.8,56.8,0.063,86,7.6,66,17.2
2022-06-06,80.7,55.6,0.697,100,9.2,76,19.5
2022-06-07,67.1,52.6,0.0,61,9.0,83,19.2
2022-06-08,67.3,52.9,0.319,89,10.0,82,21.3
2022-06-09,76.6,49.2,0.0,67,12.2,71,25.9
2022-06-10,75.2,56.2,0.031,85,9.4,68,20.4
2022-06-11,72.1,53.1,0.004,83,8.8,81,18.8
2022-06-12,65.5,53.1,0.004,39,8.9,83,20.6
2022-06-13,84.1,53.4,0.193,92,15.1,80,28.2
2022-06-14,93.8,68.4,0.0,7,12.7,74,24.4
2022-06-15,93.0,77.5,0.0,62,19.4,60,36.7
2022-06-16,91.0,71.0,0.004,37,19.3,57,36.7
2022-06-17,83.8,63.6,0.0,4,11.5,53,23.7
2022-06-18,68.9,53.4,0.0,26,9.1,56,20.4
2022-06-19,83.0,50.4,0.0,46,9.2,50,18.8
2022-06-20,91.3,63.1,0.0,18,11.3,49,22.1
2022-06-21,96.6,70.6,0.0,9,14.3,53,34.9
2022-06-22,89.7,72.4,0.0,23,12.4,54,25.5
2022-06-23,82.8,62.7,0.0,15,8.0,53,18.6
2022-06-24,90.8,61.3,0.0,23,9.2,48,19.9
2022-06-25,79.2,65.9,0.776,90,11.2,74,23.0
2022-06-26,80.3,64.1,0.0,52,13.6,63,27.1
2022-06-27,77.5,58.6,0.0,0,10.7,50,23.0
2022-06-28,83.6,56.7,0.0,32,10.4,52,21.5
2022-06-29,84.6,64.4,0.177,23,9.3,61,18.8
2022-06-30,90.9,70.4,0.0,26,15.1,50,30.0
2022-07-01,81.3,64.9,0.02,75,9.9,61,23.3
2022-07-02,82.9,62.2,0.0,49,9.4,53,19.5
2022-07-03,83.5,62.0,0.0,12,6.8,62,13.6
2022-07-04,87.4,64.4,0.0,68,12.5,66,23.9
2022-07-05,92.8,67.8,0.591,93,14.7,84,27.1
2022-07-06,78.4,64.9,0.563,94,10.5,86,22.4
2022-07-07,82.4,63.1,0.055,96,7.6,81,16.6
2022-07-08,73.5,64.5,0.902,97,12.2,94,23.0
2022-07-09,73.5,62.2,0.0,17,10.7,70,22.8
2022-07-10,83.8,57.7,0.0,15,9.2,65,17.0
2022-07-11,86.0,68.7,0.004,52,14.3,69,28.6
2022-07-12,84.8,67.6,0.0,7,10.9,56,23.0
2022-07-13,79.1,63.5,0.039,23,10.4,70,22.1
2022-07-14,76.6,58.5,0.0,8,9.3,71,20.6
2022-07-15,76.6,60.4,0.835,89,10.9,91,22.6
2022-07-16,74.4,66.1,0.071,95,9.7,88,20.8
2022-07-17,77.5,66.5,0.063,79,9.5,90,19.5
2022-07-18,89.0,64.1,0.0,10,7.7,69,16.8
2022-07-19,86.6,67.2,0.008,24,13.6,70,26.2
2022-07-20,88.8,75.2,0.008,26,17.9,63,35.8
2022-07-21,86.7,67.6,0.083,13,13.6,63,31.8
2022-07-22,87.3,66.8,0.0,45,11.2,60,21.7
2022-07-23,86.1,67.8,0.504,61,17.5,77,33.8
2022-07-24,86.1,68.9,0.795,69,18.6,73,34.9
2022-07-25,74.4,63.3,0.008,76,8.7,73,19.2
2022-07-26,80.5,59.0,0.0,73,10.1,69,21.0
2022-07-27,83.4,67.3,0.043,66,10.1,74,23.3
2022-07-28,80.6,64.9,0.016,63,10.3,62,21.5
2022-07-29,78.6,59.6,0.0,16,10.7,61,21.3
2022-07-30,80.9,59.5,0.0,37,6.5,66,14.5
2022-07-31,83.7,62.2,0.0,53,13.1,66,25.9
2022-08-01,86.6,69.3,0.169,39,12.8,70,26.6
2022-08-02,89.9,63.2,0.0,33,10.7,69,20.1
2022-08-03,90.5,72.9,0.421,84,16.7,78,31.8
2022-08-04,80.2,66.4,0.051,55,10.3,86,21.9
2022-08-05,83.4,64.9,0.028,23,7.4,82,17.4
2022-08-06,90.7,70.3,0.008,40,10.2,78,20.6
2022-08-07,83.7,73.6,0.717,100,11.3,90,21.3
2022-08-08,84.6,65.7,0.445,100,17.7,88,34.2
2022-08-09,72.5,59.8,0.0,14,9.3,75,19.7
2022-08-10,83.8,57.3,0.0,6,5.4,74,12.8
2022-08-11,74.8,61.5,0.0,21,11.0,70,23.3
2022-08-12,74.8,58.6,0.0,84,5.9,73,10.5
2022-08-13,79.7,60.6,0.079,73,13.9,67,28.2
2022-08-14,73.1,65.5,0.047,86,12.6,87,25.5
2022-08-15,74.6,63.1,0.004,84,9.4,83,20.6
2022-08-16,75.9,62.5,0.0,34,10.1,72,21.7
2022-08-17,77.7,59.2,0.008,35,8.7,80,19.2
2022-08-18,81.8,58.0,0.004,43,7.1,70,14.1
2022-08-19,83.2,64.9,0.0,51,10.6,66,22.8
2022-08-20,79.8,65.5,0.657,89,15.1,82,30.0
2022-08-21,74.7,64.9,0.276,42,10.2,89,22.1
2022-08-22,79.3,61.3,0.0,14,8.7,80,18.1
2022-08-23,82.1,60.8,0.0,29,5.6,73,11.9
2022-08-24,82.8,61.0,0.0,31,5.2,67,12.1
2022-08-25,83.1,63.9,0.134,81,12.0,80,23.9
2022-08-26,74.0,61.3,0.004,28,9.3,84,20.8
2022-08-27,80.1,59.1,0.0,71,7.5,82,16.8
2022-08-28,87.5,66.9,0.547,96,13.7,76,28.6
2022-08-29,88.7,70.5,0.075,84,13.7,78,28.4
2022-08-30,79.8,64.9,0.0,7,12.2,62,24.6
2022-08-31,83.9,61.1,0.0,5,11.1,61,23.0
2022-09-01,86.0,66.2,0.0,42,9.6,65,19.9
2022-09-02,86.1,68.8,0.0,81,11.6,67,23.5
2022-09-03,83.0,64.3,0.075,47,11.5,81,22.1
2022-09-04,72.8,63.7,0.189,100,12.4,87,24.4
2022-09-05,69.6,64.9,0.004,90,10.2,85,21.9
2022-09-06,76.6,64.6,0.161,72,5.8,87,13.2
2022-09-07,77.5,62.1,0.0,24,7.8,78,17.2
2022-09-08,81.1,57.0,0.0,7,5.1,73,11.9
2022-09-09,82.2,58.0,0.0,0,8.8,65,18.8
2022-09-10,83.3,58.8,0.0,20,8.1,70,17.4
2022-09-11,67.5,56.8,3.937,93,23.8,93,48.3
2022-09-12,65.6,53.1,0.055,79,13.9,79,25.5
2022-09-13,77.4,57.9,0.008,49,9.7,76,19.5
2022-09-14,77.7,55.8,0.0,18,9.1,79,19.0
2022-09-15,80.0,58.9,0.0,59,8.1,79,17.9
2022-09-16,81.9,62.8,0.0,74,10.3,72,19.9
2022-09-17,85.1,66.7,0.606,58,15.7,68,30.6
2022-09-18,83.8,67.9,0.118,55,11.6,73,23.9
2022-09-19,74.9,59.3,0.031,10,7.4,81,17.0
2022-09-20,87.3,58.7,0.0,43,13.4,78,26.4
2022-09-21,83.0,62.4,0.0,50,15.5,58,28.6
2022-09-22,63.8,50.5,0.0,28,11.9,59,25.5
2022-09-23,63.3,47.3,0.008,80,7.3,66,17.0
2022-09-24,70.1,53.1,0.209,92,11.7,73,23.0
2022-09-25,67.6,54.9,0.26,67,14.3,78,29.3
2022-09-26,61.0,50.2,0.0,28,15.5,63,30.4
2022-09-27,57.5,44.9,0.008,36,13.0,59,26.8
2022-09-28,58.0,44.7,0.0,34,10.4,69,21.9
2022-09-29,60.3,42.9,0.0,41,6.9,75,13.0
2022-09-30,63.4,41.5,0.0,3,7.5,81,15.9
2022-10-01,65.7,48.6,0.0,6,11.1,76,23.5
2022-10-02,62.1,52.5,0.0,26,10.6,82,22.6
2022-10-03,64.8,44.1,0.0,0,6.9,74,13.0
2022-10-04,71.2,41.7,0.0,17,5.4,69,11.2
2022-10-05,73.0,47.0,0.0,78,7.4,54,16.3
2022-10-06,73.7,52.3,0.295,69,13.0,68,28.9
2022-10-07,54.0,40.3,0.012,61,14.1,65,25.9
2022-10-08,55.5,34.3,0.0,20,13.6,64,27.3
2022-10-09,65.5,42.9,0.004,25,9.7,54,20.6
2022-10-10,70.3,42.7,0.0,11,6.2,75,12.8
2022-10-11,71.9,48.1,0.319,59,16.6,79,35.8
2022-10-12,68.7,50.8,0.213,74,18.7,75,40.5
2022-10-13,53.2,36.9,0.004,30,20.2,53,39.8
2022-10-14,58.4,35.5,0.13,81,18.6,55,35.3
2022-10-15,52.2,34.6,0.0,27,13.1,70,26.2
2022-10-16,53.5,38.2,0.0,70,13.4,60,27.7
2022-10-17,41.8,34.6,0.012,69,19.9,64,38.7
2022-10-18,45.7,32.5,0.0,75,17.2,55,34.4
2022-10-19,45.9,31.6,0.0,11,12.9,55,25.3
2022-10-20,57.9,32.8,0.0,61,9.5,48,20.6
2022-10-21,70.8,42.4,0.0,48,15.0,56,28.0
2022-10-22,75.9,56.7,0.0,12,14.3,54,26.2
2022-10-23,74.7,60.0,0.004,27,16.8,58,33.3
2022-10-24,73.8,63.2,0.012,96,17.0,54,31.3
2022-10-25,68.5,46.9,0.925,98,15.8,83,31.8
2022-10-26,53.6,40.2,0.173,40,14.5,72,27.3
2022-10-27,50.9,34.6,0.0,77,8.2,76,17.0
2022-10-28,56.9,38.9,0.0,34,6.9,76,12.8
2022-10-29,61.7,36.1,0.0,27,7.2,82,13.2
2022-10-30,60.8,41.7,0.307,100,6.8,81,13.6
2022-10-31,57.8,50.3,0.098,80,5.6,95,9.4
2022-11-01,65.9,43.2,0.0,0,7.0,74,15.2
2022-11-02,68.8,42.9,0.0,5,8.6,76,16.8
2022-11-03,70.3,51.6,0.0,59,15.5,68,29.8
2022-11-04,70.2,61.8,0.031,100,16.6,65,30.4
2022-11-05,68.5,44.4,0.846,80,29.6,73,55.5
2022-11-06,60.4,43.8,0.0,38,16.5,62,32.2
2022-11-07,52.3,37.1,0.0,25,10.1,48,18.1
2022-11-08,50.7,42.2,0.0,53,10.4,70,21.7
2022-11-09,68.4,45.3,0.087,46,12.4,55,21.9
2022-11-10,72.3,60.6,0.0,38,14.3,55,28.2
2022-11-11,60.1,31.6,0.0,54,11.1,62,23.5
2022-11-12,37.7,29.6,0.012,92,11.2,61,22.8
2022-11-13,37.0,26.0,0.0,34,8.4,62,18.6
2022-11-14,39.9,22.6,0.0,96,6.8,63,15.4
2022-11-15,36.1,32.9,0.28,100,7.3,83,16.1
2022-11-16,35.7,26.7,0.13,95,8.6,87,15.9
2022-11-17,34.8,27.0,0.004,64,18.6,70,35.6
2022-11-18,27.4,20.5,0.008,92,15.9,62,30.9
2022-11-19,29.8,17.7,0.0,72,19.1,48,36.9
2022-11-20,32.9,13.6,0.0,21,14.9,44,27.3
2022-11-21,45.1,27.6,0.0,42,15.2,46,29.1
2022-11-22,48.8,26.4,0.0,32,8.8,61,18.8
2022-11-23,52.3,29.2,0.0,18,8.1,81,16.8
2022-11-24,52.4,36.4,0.0,71,9.2,77,16.8
2022-11-25,50.1,31.0,0.0,8,10.8,73,19.5
2022-11-26,52.1,34.4,0.0,36,11.9,62,24.2
2022-11-27,43.8,33.4,0.209,100,12.8,88,28.9
2022-11-28,46.5,24.8,0.0,69,10.5,79,20.4
2022-11-29,57.8,36.7,0.02,92,17.7,84,37.1
2022-11-30,36.8,20.6,0.0,45,22.6,56,42.5
2022-12-01,35.2,17.9,0.0,33,11.9,50,21.5
2022-12-02,50.7,32.7,0.0,84,18.6,51,34.7
2022-12-03,48.9,20.9,0.008,27,19.2,59,37.6
2022-12-04,37.9,19.9,0.0,1,11.7,45,23.7
2022-12-05,42.2,28.6,0.004,94,11.5,65,20.6
2022-12-06,43.7,32.6,0.0,93,6.7,86,13.4
2022-12-07,45.1,29.8,0.0,86,7.6,89,15.7
2022-12-08,41.6,30.1,0.0,82,9.1,78,17.9
2022-12-09,36.4,33.7,0.52,83,15.4,94,25.1
2022-12-10,39.3,35.2,0.035,100,7.4,90,13.0
2022-12-11,39.6,35.6,0.012,99,7.2,83,12.8
2022-12-12,42.0,32.6,0.004,100,8.8,79,17.4
2022-12-13,38.0,31.6,0.114,100,13.8,75,26.4
2022-12-14,45.6,35.0,1.016,100,14.8,93,28.0
2022-12-15,38.3,29.1,0.551,95,14.6,82,28.0
2022-12-16,31.5,25.7,0.031,100,15.2,66,28.9
2022-12-17,27.1,20.9,0.0,99,15.2,68,29.8
2022-12-18,23.5,12.7,0.0,56,13.0,66,27.1
2022-12-19,26.6,8.0,0.0,71,7.3,57,12.3
2022-12-20,36.0,19.9,0.0,59,6.6,61,15.7
2022-12-21,29.9,12.7,0.0,81,7.4,70,13.6
2022-12-22,34.0,-3.7,0.197,98,16.2,71,30.4
2022-12-23,-1.3,-12.2,0.004,100,23.5,56,44.5
2022-12-24,14.8,-2.4,0.0,37,19.7,56,38.3
2022-12-25,14.2,2.6,0.0,42,14.8,56,28.4
2022-12-26,23.8,10.4,0.047,87,8.5,64,15.2
2022-12-27,26.4,8.2,0.0,61,14.5,68,26.6
2022-12-28,45.4,24.0,0.0,94,18.6,60,35.6
2022-12-29,56.8,42.9,0.0,89,18.1,85,33.1
2022-12-30,53.9,27.6,0.016,100,17.0,90,32.7
2022-12-31,38.0,24.1,0.0,97,7.5,85,13.9
2023-01-01,47.6,33.2,0.063,81,6.8,92,15.4
2023-01-02,41.8,30.1,0.008,98,8.0,93,15.4
2023-01-03,49.0,37.1,0.543,99,9.5,99,18.8
2023-01-04,46.5,31.2,0.0,90,11.1,88,20.1
2023-01-05,33.4,30.5,0.055,100,9.8,81,19.0
2023-01-06,33.2,25.7,0.008,97,8.4,77,17.2
2023-01-07,33.2,21.2,0.0,75,6.3,76,14.8
2023-01-08,34.6,23.3,0.0,82,5.6,81,12.5
2023-01-09,42.7,22.9,0.0,64,9.4,76,19.7
2023-01-10,46.0,31.1,0.079,63,9.2,86,16.8
2023-01-11,52.4,30.8,0.004,91,7.8,87,15.2
2023-01-12,42.2,35.1,0.004,100,16.5,83,31.3
2023-01-13,34.7,26.3,0.012,100,12.6,67,24.6
2023-01-14,32.6,19.6,0.0,57,7.2,72,14.5
2023-01-15,42.6,24.5,0.0,83,13.0,65,24.4
2023-01-16,48.4,37.2,0.181,100,13.6,77,27.5
2023-01-17,48.1,36.5,0.0,100,17.5,82,33.8
2023-01-18,39.7,31.8,0.283,95,15.8,83,29.5
2023-01-19,40.4,34.3,0.276,100,16.6,94,32.0
2023-01-20,34.0,24.4,0.012,84,12.9,76,23.9
2023-01-21,36.1,24.3,0.0,92,7.9,73,17.9
2023-01-22,34.6,27.1,0.118,100,6.3,86,11.6
2023-01-23,30.9,19.2,0.0,80,13.9,74,28.0
2023-01-24,37.9,24.4,0.0,75,11.4,80,22.6
2023-01-25,34.4,28.5,0.335,100,9.0,91,17.9
2023-01-26,30.2,18.0,0.075,100,11.6,87,22.8
2023-01-27,37.0,10.1,0.008,64,17.3,77,34.7
2023-01-28,29.2,13.1,0.154,97,11.9,79,22.6
2023-01-29,29.8,15.6,0.063,100,11.5,84,21.5
2023-01-30,15.1,-4.4,0.024,59,8.9,67,18.1
2023-01-31,11.2,-10.2,0.0,20,8.3,65,17.9
2023-02-01,26.8,0.0,0.0,11,10.6,61,21.7
2023-02-02,31.2,12.1,0.0,5,11.7,64,24.2
2023-02-03,11.1,-3.5,0.0,21,12.0,55,22.8
2023-02-04,40.2,10.4,0.0,66,15.0,53,27.7
2023-02-05,42.1,25.7,0.0,49,14.9,74,27.7
2023-02-06,42.8,20.5,0.0,46,16.8,74,30.6
2023-02-07,50.5,29.3,0.0,49,19.6,75,36.9
2023-02-08,44.5,24.1,0.0,71,5.9,75,12.3
2023-02-09,42.4,34.2,0.874,100,14.7,93,27.3
2023-02-10,36.3,23.5,0.008,33,11.2,71,23.0
2023-02-11,44.9,21.6,0.0,0,11.1,60,22.6
2023-02-12,49.7,28.1,0.0,24,10.5,61,19.5
2023-02-13,49.3,33.4,0.0,24,10.6,61,21.7
2023-02-14,54.6,31.7,0.087,74,22.1,69,41.4
2023-02-15,49.1,31.9,0.209,83,23.2,76,46.1
2023-02-16,34.3,24.7,0.539,98,17.5,85,34.0
2023-02-17,24.6,14.5,0.004,19,14.9,71,29.8
2023-02-18,44.6,20.1,0.0,58,13.5,59,24.8
2023-02-19,50.4,37.0,0.0,56,15.9,59,31.1
2023-02-20,44.0,24.4,0.0,48,9.3,75,17.4
2023-02-21,37.5,23.9,0.0,77,16.7,59,32.2
2023-02-22,33.4,30.5,0.933,100,16.5,85,33.8
2023-02-23,41.5,24.3,0.016,65,18.5,77,36.7
2023-02-24,27.1,19.2,0.055,74,10.1,62,20.1
2023-02-25,39.0,25.7,0.024,53,12.3,72,21.7
2023-02-26,49.6,26.2,0.0,12,12.8,71,23.5
2023-02-27,58.8,34.4,1.0,94,16.2,80,38.0
2023-02-28,51.2,30.9,0.055,56,11.7,70,25.9
2023-03-01,56.8,33.5,0.177,43,13.8,76,26.8
2023-03-02,38.8,29.3,0.008,87,10.5,78,19.5
2023-03-03,37.5,29.2,0.126,98,15.5,88,29.8
2023-03-04,49.6,27.6,0.051,44,12.4,82,23.9
2023-03-05,46.9,29.7,0.091,54,12.8,79,24.6
2023-03-06,57.6,37.9,0.142,86,13.5,80,27.7
2023-03-07,42.3,32.4,0.004,74,11.9,68,23.0
2023-03-08,42.0,31.7,0.02,97,9.4,57,20.4
2023-03-09,39.2,33.4,0.413,100,13.0,72,24.4
2023-03-10,35.9,31.3,0.276,100,11.7,90,23.3
2023-03-11,39.7,30.8,0.075,100,9.0,82,18.8
2023-03-12,38.0,28.5,0.15,96,9.7,86,20.1
2023-03-13,33.2,24.4,0.059,89,17.3,74,33.6
2023-03-14,36.8,16.8,0.0,1,8.9,68,15.4
2023-03-15,49.1,21.5,0.0,52,13.5,62,26.2
2023-03-16,51.6,38.8,0.075,100,16.7,66,32.0
2023-03-17,47.9,22.9,0.154,49,17.5,66,35.1
2023-03-18,26.8,11.5,0.0,45,17.5,42,34.7
2023-03-19,41.3,17.3,0.0,0,13.6,35,28.0
2023-03-20,48.7,27.5,0.004,82,18.0,40,34.7
2023-03-21,52.7,33.4,0.0,85,12.9,56,25.9
2023-03-22,56.0,38.7,0.067,98,12.4,83,25.5
2023-03-23,46.0,33.7,0.075,100,10.5,83,21.0
2023-03-24,43.1,32.9,0.039,100,11.9,71,23.3
2023-03-25,42.3,33.0,0.72,79,19.6,78,37.4
2023-03-26,48.0,27.7,0.079,66,9.8,75,27.5
2023-03-27,44.0,27.8,0.0,26,10.9,71,23.7
2023-03-28,49.6,25.5,0.02,61,10.6,62,22.4
2023-03-29,40.5,23.3,0.008,56,11.6,54,24.6
2023-03-30,52.1,22.7,0.0,88,17.1,63,31.1
2023-03-31,69.0,48.8,0.65,83,20.8,73,41.6
2023-04-01,52.7,30.4,0.028,71,19.0,63,38.3
2023-04-02,53.5,25.8,0.0,34,13.5,70,27.1
2023-04-03,58.6,41.0,0.189,70,12.9,64,23.9
2023-04-04,71.2,41.3,0.378,95,17.8,85,35.3
2023-04-05,70.3,38.2,0.563,73,24.5,72,47.0
2023-04-06,51.0,31.0,0.0,40,12.5,49,24.2
2023-04-07,47.2,32.1,0.0,0,8.3,62,19.2
2023-04-08,60.5,33.6,0.0,14,7.7,61,18.1
2023-04-09,64.9,35.3,0.0,51,9.8,54,20.1
2023-04-10,67.1,42.1,0.0,55,9.7,54,20.1
2023-04-11,72.8,47.9,0.0,79,14.5,56,28.2
2023-04-12,75.9,55.1,0.0,5,17.4,55,34.0
2023-04-13,76.8,51.8,0.0,24,10.8,55,22.6
2023-04-14,79.7,48.6,0.0,34,8.4,50,16.8
2023-04-15,78.4,59.7,0.256,86,13.4,61,28.2
2023-04-16,60.3,34.9,0.276,100,20.5,83,41.2
2023-04-17,41.1,31.6,0.11,88,21.4,62,40.5
2023-04-18,54.9,29.0,0.0,12,9.5,59,21.0
2023-04-19,61.9,36.1,0.079,91,12.0,69,28.0
2023-04-20,78.4,50.6,0.15,98,21.2,69,41.6
2023-04-21,59.5,39.8,0.02,82,15.8,59,30.6
2023-04-22,45.1,35.4,0.071,63,14.2,63,28.2
2023-04-23,43.1,33.7,0.047,82,10.0,62,19.7
2023-04-24,51.5,31.2,0.024,73,11.1,56,23.5
2023-04-25,46.0,32.8,0.232,60,10.4,78,23.0
2023-04-26,48.0,31.0,0.0,18,7.8,71,18.6
2023-04-27,63.9,30.6,0.0,38,9.4,61,20.6
2023-04-28,57.2,39.4,0.0,83,8.6,66,19.9
2023-04-29,57.5,36.8,0.177,84,13.1,72,26.4
2023-04-30,46.9,36.9,0.118,65,17.1,77,33.1
2023-05-01,46.4,38.0,0.197,100,17.3,80,33.8
2023-05-02,52.8,39.1,0.0,91,18.2,55,35.1
2023-05-03,56.0,34.2,0.0,37,11.4,68,22.1
2023-05-04,69.4,37.8,0.0,13,11.2,59,19.9
2023-05-05,76.1,50.1,0.0,70,14.0,47,27.7
2023-05-06,78.6,55.0,0.067,98,14.8,63,29.5
2023-05-07,81.1,48.9,0.13,86,11.9,82,22.1
2023-05-08,58.1,46.4,0.547,97,11.2,95,23.3
2023-05-09,66.1,44.5,0.0,52,8.7,75,18.1
2023-05-10,74.8,41.8,0.0,35,7.2,64,14.1
2023-05-11,79.5,50.5,0.0,86,8.2,56,16.8
2023-05-12,73.7,56.1,0.705,100,8.6,82,16.1
2023-05-13,65.2,53.2,0.047,99,9.8,80,21.3
2023-05-14,59.2,49.0,0.0,100,11.0,67,21.0
2023-05-15,62.2,45.4,0.0,100,9.4,56,17.9
2023-05-16,77.1,45.3,0.0,80,11.8,59,27.7
2023-05-17,58.8,42.9,0.0,11,11.9,68,21.9
2023-05-18,71.4,41.1,0.0,31,9.8,54,19.0
2023-05-19,73.7,53.9,0.319,84,12.9,59,25.5
2023-05-20,67.2,45.4,0.0,10,11.0,61,23.9
2023-05-21,77.2,51.8,0.0,1,9.2,53,18.6
2023-05-22,79.2,51.9,0.0,36,12.9,49,26.6
2023-05-23,83.0,55.9,0.0,12,13.0,47,27.5
2023-05-24,65.8,47.5,0.0,53,13.4,63,27.7
2023-05-25,58.5,45.4,0.0,43,11.2,48,25.1
2023-05-26,66.5,44.3,0.0,14,9.6,52,21.9
2023-05-27,71.1,45.4,0.0,54,9.3,47,21.5
2023-05-28,77.5,50.5,0.0,86,9.4,46,21.0
2023-05-29,80.9,51.0,0.0,73,8.3,47,19.5
2023-05-30,85.9,54.8,0.035,62,9.0,49,20.8
2023-05-31,90.6,59.6,0.268,35,9.4,69,23.7
2023-06-01,89.4,61.3,0.016,24,10.2,68,20.8
2023-06-02,87.8,59.6,0.0,38,8.5,55,19.2
2023-06-03,85.2,59.8,0.0,51,11.8,58,23.9
2023-06-04,77.6,57.4,0.0,20,11.2,50,24.2
2023-06-05,81.3,51.7,0.0,58,7.9,57,18.8
2023-06-06,76.0,57.2,0.0,97,11.9,65,25.3
2023-06-07,70.7,53.8,0.0,32,12.5,56,25.9
2023-06-08,71.1,51.7,0.0,0,10.1,57,21.5
2023-06-09,79.0,50.6,0.0,11,10.7,47,21.5
2023-06-10,84.8,57.3,0.0,57,8.2,38,18.3
2023-06-11,63.4,49.9,0.177,82,16.5,80,36.0
2023-06-12,68.3,45.3,0.024,57,12.1,57,25.5
2023-06-13,66.2,53.2,0.319,86,15.2,76,28.2
2023-06-14,73.3,56.3,0.008,64,7.3,82,16.8
2023-06-15,81.2,51.6,0.008,53,12.7,76,26.6
2023-06-16,66.4,50.8,0.0,50,10.4,79,23.0
2023-06-17,77.4,49.3,0.0,29,7.9,68,17.4
2023-06-18,82.9,55.9,0.0,63,11.2,58,23.7
2023-06-19,81.9,59.8,0.0,62,10.2,58,22.4
2023-06-20,78.8,58.7,0.0,0,11.7,60,25.7
2023-06-21,84.1,59.0,0.0,14,11.0,67,23.5
2023-06-22,81.8,62.9,0.0,24,10.9,60,23.9
2023-06-23,82.8,59.5,0.0,28,9.8,59,22.1
2023-06-24,89.7,59.9,0.0,37,9.1,59,17.7
2023-06-25,83.9,66.2,0.094,54,19.6,61,39.4
2023-06-26,77.0,66.0,0.091,83,14.7,71,29.5
2023-06-27,75.5,58.4,0.0,44,10.0,67,21.9
2023-06-28,82.9,54.3,0.004,30,10.1,64,22.4
2023-06-29,88.3,66.3,0.902,61,12.3,73,26.2
2023-06-30,92.5,69.4,0.051,47,7.2,70,15.7
2023-07-01,82.5,66.6,0.488,92,6.4,89,23.3
2023-07-02,70.7,63.4,3.287,98,15.1,95,30.4
2023-07-03,82.4,60.9,0.0,27,8.8,69,19.5
2023-07-04,89.1,64.5,0.024,18,9.8,70,20.1
2023-07-05,90.3,69.8,1.071,50,13.2,82,32.4
2023-07-06,78.2,62.6,0.039,61,7.4,81,19.7
2023-07-07,77.8,60.7,0.055,79,7.2,72,17.4
2023-07-08,73.1,61.5,0.417,67,7.6,78,18.1
2023-07-09,82.0,60.6,0.0,21,9.2,61,19.2
2023-07-10,85.1,60.7,0.0,7,11.7,59,23.5
2023-07-11,84.3,63.5,0.283,43,11.7,71,31.1
2023-07-12,78.9,60.0,2.185,85,23.3,84,52.3
2023-07-13,76.6,57.6,0.012,58,7.2,80,15.4
2023-07-14,86.5,66.6,0.079,62,13.7,77,28.2
2023-07-15,84.9,68.5,0.189,52,10.4,77,21.5
2023-07-16,82.0,64.2,0.004,27,12.1,61,26.2
2023-07-17,79.6,63.0,0.0,21,9.3,58,19.9
2023-07-18,77.7,59.1,0.0,45,8.6,65,17.9
2023-07-19,83.0,56.9,0.0,26,4.5,67,11.2
2023-07-20,85.2,65.8,0.051,20,14.1,68,29.1
2023-07-21,77.9,63.3,0.008,53,6.6,70,14.5
2023-07-22,83.1,61.8,0.016,26,7.7,66,15.2
2023-07-23,84.4,62.4,0.004,22,6.7,66,15.9
2023-07-24,86.1,65.0,0.0,22,7.5,67,16.1
2023-07-25,90.0,64.0,0.0,27,7.7,65,16.3
2023-07-26,89.5,72.3,0.563,69,13.7,80,28.6
2023-07-27,87.8,67.8,0.0,26,7.8,78,17.9
2023-07-28,91.5,70.6,1.287,92,15.7,82,29.1
2023-07-29,78.5,64.3,0.016,65,10.5,78,21.5
2023-07-30,76.6,61.9,0.012,23,8.8,77,19.9
2023-07-31,80.9,58.6,0.0,23,10.8,66,22.1
2023-08-01,82.9,61.8,0.028,60,5.6,66,13.9
2023-08-02,83.5,64.0,0.0,68,8.1,64,18.3
2023-08-03,86.5,63.8,0.0,41,6.1,73,10.7
2023-08-04,81.9,66.6,0.0,67,10.1,75,21.9
2023-08-05,72.5,65.4,0.776,91,10.7,90,19.2
2023-08-06,72.3,64.4,0.169,88,10.7,85,22.6
2023-08-07,75.9,64.4,0.016,85,9.3,77,20.6
2023-08-08,83.2,61.4,0.004,30,7.0,64,15.9
2023-08-09,80.7,62.5,0.0,63,7.3,76,15.9
2023-08-10,83.6,61.7,0.051,36,12.0,74,23.9
2023-08-11,82.1,66.8,0.193,70,14.3,83,30.6
2023-08-12,84.1,68.2,0.016,34,13.3,64,27.1
2023-08-13,78.9,62.6,0.071,72,10.3,77,24.6
2023-08-14,73.7,61.8,0.937,84,10.7,91,20.8
2023-08-15,73.8,58.6,0.118,56,13.1,77,28.4
2023-08-16,80.0,56.8,0.0,11,12.5,70,22.6
2023-08-17,78.4,62.0,0.496,48,16.2,63,32.2
2023-08-18,77.0,55.9,0.0,35,6.8,64,12.3
2023-08-19,81.2,59.5,0.0,31,12.5,70,25.5
2023-08-20,87.4,68.3,0.0,31,7.9,80,17.7
2023-08-21,77.7,65.9,0.0,97,9.8,79,21.9
2023-08-22,86.6,65.7,0.0,38,7.5,81,17.7
2023-08-23,98.4,76.3,0.0,32,15.6,74,30.2
2023-08-24,99.1,79.0,0.685,59,15.8,75,31.5
2023-08-25,78.6,68.8,0.0,58,9.9,84,19.0
2023-08-26,72.4,61.6,0.083,56,15.5,86,31.5
2023-08-27,71.9,59.5,0.0,6,9.0,69,20.6
2023-08-28,77.3,56.4,0.0,5,9.4,66,19.5
2023-08-29,83.1,62.6,0.012,18,14.0,68,28.0
2023-08-30,66.8,56.2,0.0,26,13.5,73,28.0
2023-08-31,74.5,53.7,0.0,0,7.6,69,18.3
2023-09-01,82.4,54.5,0.0,0,8.9,64,17.9
2023-09-02,88.3,62.7,0.0,39,12.4,59,25.5
2023-09-03,93.7,68.7,0.0,17,13.6,52,27.7
2023-09-04,92.8,70.9,0.0,15,10.7,66,21.7
2023-09-05,90.1,74.5,0.0,83,14.8,65,31.5
2023-09-06,83.8,68.5,0.299,63,15.4,76,31.1
2023-09-07,71.9,64.2,0.012,86,10.5,77,19.9
2023-09-08,65.7,59.3,0.067,89,9.0,81,19.5
2023-09-09,72.0,55.4,0.0,14,8.2,74,18.8
2023-09-10,79.8,51.9,0.043,32,7.9,73,16.1
2023-09-11,65.3,60.7,0.823,99,7.7,90,14.5
2023-09-12,69.6,54.3,0.004,38,9.5,78,19.5
2023-09-13,66.1,52.1,0.028,17,9.7,80,21.3
2023-09-14,69.5,48.5,0.0,22,6.7,74,15.0
2023-09-15,75.4,49.5,0.0,18,6.2,68,13.9
2023-09-16,65.3,57.1,0.421,93,7.1,82,14.3
2023-09-17,65.3,55.9,1.091,64,13.2,89,24.8
2023-09-18,67.9,51.3,0.016,31,7.1,82,15.2
2023-09-19,66.2,54.9,0.406,92,10.6,84,19.2
2023-09-20,78.6,60.3,0.012,78,10.0,67,18.8
2023-09-21,75.2,62.2,0.063,94,7.8,80,15.9
2023-09-22,75.2,62.2,0.094,87,5.8,80,13.2
2023-09-23,74.8,60.6,0.0,56,11.2,63,20.4
2023-09-24,74.0,54.9,0.0,54,11.0,67,20.6
2023-09-25,73.1,60.6,0.22,70,9.8,78,17.4
2023-09-26,72.7,61.3,0.512,96,11.7,88,23.9
2023-09-27,69.2,60.6,0.244,81,11.8,89,24.4
2023-09-28,69.6,58.3,0.024,37,8.9,87,19.2
2023-09-29,73.9,55.9,0.008,48,7.5,87,15.9
2023-09-30,80.3,56.4,0.0,0,7.9,80,17.9
2023-10-01,81.2,59.8,0.0,0,5.3,76,11.0
2023-10-02,82.4,57.9,0.0,14,6.4,73,14.5
2023-10-03,82.5,58.8,0.0,19,10.6,61,21.9
2023-10-04,81.9,69.5,0.0,88,17.7,56,35.1
2023-10-05,72.1,60.4,0.154,74,12.0,77,26.4
2023-10-06,60.3,45.5,0.016,36,16.8,60,34.7
2023-10-07,56.7,43.4,0.0,20,13.8,59,28.0
2023-10-08,54.1,43.1,0.0,86,8.3,60,16.3
2023-10-09,54.5,40.0,0.0,28,13.0,56,26.6
2023-10-10,59.2,40.3,0.0,32,10.8,51,23.0
2023-10-11,62.8,38.8,0.161,48,6.1,65,14.3
2023-10-12,58.6,52.9,0.228,98,11.9,88,23.0
2023-10-13,56.8,53.9,0.61,95,13.2,90,25.7
2023-10-14,54.4,50.2,1.035,86,18.3,86,36.7
2023-10-15,57.9,45.0,0.028,76,12.5,68,24.8
2023-10-16,55.2,40.8,0.008,84,12.6,75,25.5
2023-10-17,60.1,37.0,0.0,36,7.6,79,16.8
2023-10-18,64.9,44.1,0.059,89,15.2,73,29.8
2023-10-19,61.6,52.2,0.22,90,10.5,86,20.6
2023-10-20,58.3,45.1,0.012,52,14.4,76,28.6
2023-10-21,63.8,40.5,0.11,59,16.9,80,33.3
2023-10-22,55.6,38.2,0.0,15,9.6,78,20.1
2023-10-23,62.2,39.0,0.0,66,13.6,71,25.7
2023-10-24,76.6,58.2,0.0,63,15.2,63,28.9
2023-10-25,65.3,59.5,0.394,100,12.0,86,23.9
2023-10-26,67.5,62.6,0.705,98,15.5,88,30.0
2023-10-27,69.8,45.2,0.106,67,15.4,86,29.3
2023-10-28,48.3,37.7,0.008,63,10.2,67,21.0
2023-10-29,46.5,38.1,0.169,100,11.4,85,22.4
2023-10-30,39.7,28.3,0.0,15,10.4,57,22.6
2023-10-31,36.6,26.3,0.106,55,15.6,64,32.4
2023-11-01,41.1,24.5,0.0,39,10.4,67,22.6
2023-11-02,50.6,30.9,0.0,71,12.4,60,24.8
2023-11-03,53.2,43.3,0.016,91,13.2,59,25.5
2023-11-04,56.0,39.3,0.004,31,6.9,85,15.9
2023-11-05,57.1,34.1,0.0,58,11.0,77,19.7
2023-11-06,67.7,50.3,0.071,65,21.4,63,40.3
2023-11-07,55.0,40.3,0.0,74,11.4,72,22.6
2023-11-08,57.0,45.0,0.366,99,13.8,88,27.1
2023-11-09,53.7,38.2,0.0,6,14.1,64,28.0
2023-11-10,45.9,35.2,0.0,42,11.9,61,22.8
2023-11-11,48.7,27.3,0.0,30,7.0,74,15.0
2023-11-12,53.1,39.3,0.0,44,12.5,57,24.6
2023-11-13,58.6,40.6,0.0,0,11.9,57,22.8
2023-11-14,56.5,31.5,0.0,12,10.7,61,21.7
2023-11-15,60.3,42.0,0.0,20,10.3,60,18.8
2023-11-16,62.2,42.8,0.0,66,16.2,70,30.6
2023-11-17,61.0,33.1,0.031,53,14.6,66,28.4
2023-11-18,49.8,28.1,0.0,0,10.9,62,22.1
2023-11-19,51.1,32.5,0.0,29,6.8,78,16.3
2023-11-20,46.2,42.0,0.114,100,12.9,78,25.9
2023-11-21,42.9,37.6,0.579,94,11.7,86,23.5
2023-11-22,45.3,33.0,0.0,37,11.1,78,20.1
2023-11-23,45.8,32.4,0.0,37,11.4,65,20.8
2023-11-24,32.6,24.2,0.0,89,10.5,55,20.4
2023-11-25,35.4,25.1,0.0,91,7.3,63,12.5
2023-11-26,33.4,27.1,0.213,89,13.2,81,26.2
2023-11-27,27.4,16.6,0.0,35,14.8,59,29.3
2023-11-28,24.5,12.7,0.0,39,11.2,52,20.6
2023-11-29,42.6,18.1,0.0,15,11.4,64,22.4
2023-11-30,50.2,30.5,0.0,77,13.5,77,25.9
2023-12-01,41.0,37.0,0.657,100,9.8,94,17.7
2023-12-02,42.7,35.6,0.016,98,7.1,89,15.4
2023-12-03,38.7,35.0,0.327,96,11.6,93,22.6
2023-12-04,40.4,27.3,0.0,55,7.0,81,15.4
2023-12-05,40.1,30.9,0.098,97,10.8,85,21.0
2023-12-06,37.4,28.3,0.0,84,15.7,78,28.4
2023-12-07,51.0,34.0,0.0,38,16.6,72,30.9
2023-12-08,55.7,45.1,0.004,56,14.4,73,28.2
2023-12-09,53.0,36.1,0.087,75,16.0,72,32.7
2023-12-10,35.6,28.9,0.0,96,14.6,65,29.5
2023-12-11,34.7,25.5,0.0,60,10.9,71,19.7
2023-12-12,36.0,25.5,0.0,26,11.9,66,21.7
2023-12-13,38.8,20.7,0.0,32,8.4,54,17.0
2023-12-14,47.6,29.4,0.0,2,8.7,66,17.9
2023-12-15,50.4,33.7,0.0,75,8.1,68,14.8
2023-12-16,42.9,39.2,0.346,99,9.3,78,18.1
2023-12-17,43.3,36.0,0.0,100,11.3,87,23.3
2023-12-18,35.6,20.2,0.0,36,18.2,56,35.8
2023-12-19,32.6,17.9,0.0,62,11.5,45,20.8
2023-12-20,42.2,25.3,0.0,55,10.2,63,19.9
2023-12-21,41.8,30.0,0.035,100,6.7,86,8.9
2023-12-22,45.1,36.3,0.524,100,6.2,90,9.2
2023-12-23,48.7,42.0,0.051,100,4.3,97,8.3
2023-12-24,58.9,43.6,0.0,85,11.2,92,21.9
2023-12-25,53.1,48.3,0.413,100,13.9,88,26.2
2023-12-26,53.0,30.2,0.028,70,11.2,82,23.3
2023-12-27,40.7,26.9,0.0,56,10.8,81,21.5
2023-12-28,39.2,33.1,0.122,97,11.2,88,21.0
2023-12-29,39.3,29.2,0.134,82,11.2,91,20.8
2023-12-30,42.3,26.1,0.0,30,9.2,85,19.5
2023-12-31,33.8,28.7,0.087,96,11.7,80,22.4
2024-01-01,33.7,26.1,0.0,46,11.9,70,22.4
2024-01-02,36.3,22.9,0.0,46,14.0,77,28.0
2024-01-03,35.8,29.6,0.0,99,8.6,75,18.1
2024-01-04,34.6,21.8,0.0,31,6.9,64,12.3
2024-01-05,36.7,21.2,0.0,86,7.1,77,17.2
2024-01-06,32.2,29.6,0.256,100,6.9,91,13.0
2024-01-07,34.7,24.0,0.024,96,9.8,83,20.4
2024-01-08,36.0,22.7,0.008,100,11.8,83,21.9
2024-01-09,33.6,32.5,1.201,100,13.7,97,25.7
2024-01-10,32.7,27.0,0.031,88,15.9,85,30.2
2024-01-11,32.2,18.4,0.028,84,11.5,86,22.1
2024-01-12,36.9,24.0,1.02,100,21.7,93,41.4
2024-01-13,32.9,1.5,0.114,100,17.9,81,35.6
2024-01-14,0.4,-13.0,0.028,42,16.2,74,31.3
2024-01-15,-2.1,-16.2,0.0,78,11.3,76,23.3
2024-01-16,-0.7,-10.2,0.0,22,16.9,73,32.7
2024-01-17,16.9,-1.2,0.004,61,14.6,74,27.1
2024-01-18,23.7,11.0,0.039,94,9.2,75,17.4
2024-01-19,11.8,5.1,0.114,100,12.8,73,24.2
2024-01-20,17.0,2.9,0.0,25,11.1,74,20.1
2024-01-21,20.6,-4.1,0.0,44,12.4,74,22.4
2024-01-22,32.7,17.2,0.035,100,13.0,77,27.5
2024-01-23,34.5,30.7,0.409,100,5.8,94,10.7
2024-01-24,37.2,32.1,0.173,100,7.2,98,14.1
2024-01-25,40.5,32.2,0.244,100,10.3,97,18.6
2024-01-26,39.5,34.6,0.453,100,10.6,96,19.9
2024-01-27,39.1,31.8,0.043,100,9.8,97,17.7
2024-01-28,39.0,32.6,0.079,100,12.8,86,25.5
2024-01-29,43.7,26.4,0.0,42,12.2,85,22.1
2024-01-30,41.6,31.1,0.071,94,11.6,86,22.4
2024-01-31,45.2,28.0,0.0,12,12.1,83,23.0
2024-02-01,53.3,33.6,0.0,4,11.9,85,21.9
2024-02-02,39.1,29.8,0.0,58,10.4,89,21.0
2024-02-03,41.4,27.1,0.0,0,7.8,86,17.2
2024-02-04,41.7,28.8,0.0,6,9.1,85,19.7
2024-02-05,38.8,27.8,0.0,49,9.9,88,20.8
2024-02-06,48.7,26.9,0.0,78,6.4,86,12.8
2024-02-07,47.2,28.6,0.0,100,10.4,76,18.6
2024-02-08,58.2,39.7,0.047,70,17.8,66,35.8
2024-02-09,54.8,37.1,0.0,15,16.8,66,32.9
2024-02-10,40.9,27.1,0.0,37,10.2,70,21.3
2024-02-11,40.4,25.0,0.0,52,7.7,69,17.0
2024-02-12,43.5,23.0,0.0,23,6.8,70,16.8
2024-02-13,40.6,25.7,0.0,21,10.3,66,21.7
2024-02-14,44.3,24.0,0.0,53,9.8,70,17.9
2024-02-15,41.8,28.2,0.398,58,17.9,61,35.3
2024-02-16,30.8,25.6,0.024,99,11.6,53,21.5
2024-02-17,29.1,12.7,0.0,7,18.5,38,34.4
2024-02-18,43.8,23.5,0.0,0,17.8,44,33.8
2024-02-19,49.0,19.9,0.0,66,6.3,59,15.7
2024-02-20,54.2,25.4,0.0,15,12.3,64,23.9
2024-02-21,58.5,37.9,0.008,89,13.4,66,27.1
2024-02-22,55.4,38.4,0.0,83,7.9,70,14.8
2024-02-23,50.6,27.3,0.098,50,15.9,68,30.2
2024-02-24,33.4,22.8,0.008,82,15.2,61,29.8
2024-02-25,56.4,28.8,0.0,43,12.3,61,24.6
2024-02-26,65.6,34.5,0.0,52,12.8,67,24.8
2024-02-27,70.7,51.0,0.0,39,13.6,83,39.8
2024-02-28,52.0,20.4,0.024,31,19.1,50,38.3
2024-02-29,42.2,18.9,0.0,9,13.0,31,24.2
2024-03-01,43.9,28.9,0.012,58,12.4,54,23.9
2024-03-02,56.8,29.4,0.0,1,10.6,74,20.4
2024-03-03,67.9,41.3,0.0,54,18.1,70,35.6
2024-03-04,71.5,47.2,0.122,65,17.5,76,34.9
2024-03-05,46.2,38.4,0.165,83,14.2,80,29.3
2024-03-06,46.1,35.9,0.0,47,11.5,73,24.8
2024-03-07,49.6,30.8,0.0,84,9.6,77,18.8
2024-03-08,43.3,40.3,0.972,100,12.0,94,22.8
2024-03-09,44.5,32.3,0.008,57,12.9,67,27.3
2024-03-10,45.4,27.0,0.0,0,13.0,47,26.8
2024-03-11,61.7,29.6,0.0,33,16.9,53,33.1
2024-03-12,66.3,46.6,0.0,94,15.4,54,30.6
2024-03-13,63.2,44.2,0.437,77,10.3,67,18.6
2024-03-14,64.5,39.4,0.63,94,14.5,85,28.2
2024-03-15,51.5,34.0,0.0,13,12.0,78,22.1
2024-03-16,56.9,36.4,0.0,56,22.4,60,43.0
2024-03-17,41.0,28.9,0.0,71,13.7,48,28.9
2024-03-18,37.3,22.2,0.0,52,10.6,52,22.1
2024-03-19,54.8,27.2,0.0,73,18.4,50,36.5
2024-03-20,39.7,24.7,0.0,13,13.9,46,27.1
2024-03-21,38.3,22.5,0.043,80,8.8,65,19.9
2024-03-22,37.0,30.3,0.366,97,10.6,78,21.7
2024-03-23,33.6,23.5,0.012,55,10.0,70,21.3
2024-03-24,44.2,29.4,0.0,97,14.1,59,27.1
2024-03-25,58.6,40.5,0.736,100,18.5,66,35.1
2024-03-26,54.6,32.3,0.339,94,22.3,76,43.2
2024-03-27,44.2,28.0,0.0,38,15.0,53,30.4
2024-03-28,50.5,25.6,0.0,20,14.3,57,28.9
2024-03-29,47.8,26.9,0.366,73,9.6,61,18.3
2024-03-30,63.0,37.0,0.154,70,11.3,82,23.3
2024-03-31,49.0,33.4,0.453,98,11.0,81,23.3
2024-04-01,50.2,38.7,1.075,95,12.6,88,27.1
2024-04-02,52.6,35.5,0.591,100,18.0,93,34.4
2024-04-03,36.1,34.3,0.398,100,19.6,89,37.4
2024-04-04,39.7,33.4,0.157,91,12.8,85,24.6
2024-04-05,46.4,30.7,0.0,41,12.6,68,26.8
2024-04-06,49.8,28.9,0.0,10,8.6,67,20.8
2024-04-07,52.5,34.6,0.461,62,14.9,78,30.0
2024-04-08,69.4,45.0,0.0,7,14.7,63,29.8
2024-04-09,61.4,44.3,0.0,43,11.5,58,24.6
2024-04-10,65.4,39.5,0.0,68,8.7,63,18.6
2024-04-11,55.7,46.0,0.177,99,7.8,81,16.6
2024-04-12,61.2,45.1,0.217,45,19.6,66,39.6
2024-04-13,66.3,39.8,0.0,17,15.5,51,28.4
2024-04-14,77.8,52.4,0.0,12,15.9,54,29.1
2024-04-15,69.9,44.3,0.0,13,10.0,54,18.3
2024-04-16,71.2,46.5,0.232,94,17.2,62,32.7
2024-04-17,66.4,52.7,0.035,71,21.8,68,42.1
2024-04-18,57.0,43.4,0.173,80,9.1,76,21.0
2024-04-19,55.0,38.1,0.0,24,18.8,52,36.9
2024-04-20,44.4,32.8,0.0,60,12.4,46,25.3
2024-04-21,56.3,29.5,0.0,20,12.8,54,25.5
2024-04-22,62.8,37.1,0.0,50,15.1,49,29.8
2024-04-23,64.9,48.4,0.083,67,16.6,51,34.4
2024-04-24,45.1,31.6,0.0,32,12.9,69,25.1
2024-04-25,54.4,29.4,0.0,28,7.2,71,17.4
2024-04-26,59.3,39.5,0.079,100,15.3,71,29.8
2024-04-27,78.6,60.6,0.134,90,22.9,78,44.5
2024-04-28,77.6,61.7,0.146,98,21.0,78,42.1
2024-04-29,70.9,56.0,0.205,96,17.1,73,34.2
2024-04-30,72.3,44.5,0.0,18,9.4,66,20.4
2024-05-01,71.8,58.4,0.063,52,14.3,57,28.9
2024-05-02,79.0,50.2,0.512,73,15.2,68,29.3
2024-05-03,66.7,46.9,0.24,64,10.0,74,23.0
2024-05-04,78.4,44.4,0.055,59,10.7,73,22.8
2024-05-05,61.3,44.1,0.0,67,9.4,71,19.2
2024-05-06,67.7,44.1,0.0,52,9.1,71,20.6
2024-05-07,74.4,55.0,0.717,71,13.9,80,33.3
2024-05-08,76.3,51.6,0.0,22,10.8,55,20.8
2024-05-09,58.0,46.0,0.531,89,12.4,85,25.7
2024-05-10,64.9,43.9,0.012,37,11.2,71,21.5
2024-05-11,65.9,45.9,0.075,28,16.3,68,32.4
2024-05-12,78.1,44.2,0.091,41,13.0,66,30.4
2024-05-13,76.6,59.0,0.354,79,12.7,68,23.5
2024-05-14,59.7,49.3,0.28,91,13.0,85,27.5
2024-05-15,62.6,49.4,0.0,41,11.0,65,23.9
2024-05-16,72.9,46.1,0.157,95,13.1,80,26.4
2024-05-17,77.5,53.8,0.0,31,7.2,80,16.3
2024-05-18,81.5,51.6,0.028,21,10.1,73,20.1
2024-05-19,72.8,55.0,0.0,35,10.3,61,22.6
2024-05-20,81.1,54.3,0.126,83,19.4,66,39.6
2024-05-21,86.2,58.2,0.012,86,21.1,69,40.5
2024-05-22,75.3,59.8,0.0,9,20.5,57,38.7
2024-05-23,78.4,54.1,0.0,18,7.5,51,15.9
2024-05-24,77.0,58.4,0.146,68,14.5,72,29.3
2024-05-25,72.6,55.0,0.0,27,9.6,61,18.8
2024-05-26,74.2,55.0,0.795,88,10.8,76,23.9
2024-05-27,72.0,55.4,0.016,75,16.3,71,32.0
2024-05-28,70.7,52.5,0.516,39,10.8,80,23.0
2024-05-29,66.0,49.9,0.252,49,11.7,71,25.3
2024-05-30,67.0,45.7,0.0,6,7.6,58,18.1
2024-05-31,76.7,46.3,0.0,85,8.9,62,19.2
2024-06-01,67.8,58.9,0.728,96,11.4,79,22.4
2024-06-02,73.2,55.6,0.0,53,6.8,81,18.6
2024-06-03,82.3,53.5,0.043,78,11.7,74,26.4
2024-06-04,84.2,67.5,0.047,94,11.8,69,24.2
2024-06-05,79.2,67.0,0.461,63,14.4,75,28.9
2024-06-06,75.5,62.7,0.004,27,20.1,49,39.8
2024-06-07,76.0,57.7,0.0,31,16.6,52,33.3
2024-06-08,80.5,53.2,0.031,74,14.9,74,29.8
2024-06-09,78.2,55.0,0.0,25,16.1,61,32.9
2024-06-10,65.8,50.9,0.0,25,12.4,64,25.9
2024-06-11,76.4,45.8,0.004,39,9.2,55,19.7
2024-06-12,88.7,62.6,0.0,41,10.3,50,22.1
2024-06-13,88.4,68.3,0.244,53,15.0,68,32.0
2024-06-14,82.0,59.8,0.0,9,11.2,60,24.8
2024-06-15,86.6,57.6,0.0,91,11.5,53,21.7
2024-06-16,89.2,68.3,0.063,87,16.2,52,34.7
2024-06-17,93.4,75.0,0.004,22,14.1,59,30.2
2024-06-18,90.6,75.2,0.091,65,18.5,63,38.3
2024-06-19,92.5,75.1,0.0,28,13.7,56,26.8
2024-06-20,82.0,64.0,0.012,47,8.2,77,19.2
2024-06-21,93.6,63.1,0.0,20,8.7,62,18.6
2024-06-22,92.9,72.1,0.012,88,19.4,55,38.9
2024-06-23,82.8,67.8,0.012,34,16.4,67,32.4
2024-06-24,85.6,63.1,0.0,32,13.2,60,24.6
2024-06-25,93.4,71.5,0.224,94,18.0,66,35.1
2024-06-26,87.7,63.8,0.0,57,14.7,66,30.9
2024-06-27,70.2,59.4,0.0,26,10.2,60,20.8
2024-06-28,73.5,62.0,0.685,94,12.1,85,23.0
2024-06-29,88.4,69.9,0.083,58,11.9,73,25.5
2024-06-30,70.7,55.5,0.0,7,11.4,64,23.3
2024-07-01,71.4,52.6,0.0,45,7.6,66,18.3
2024-07-02,83.9,61.8,0.035,80,15.8,53,31.1
2024-07-03,88.7,69.7,0.571,77,13.2,64,24.6
2024-07-04,77.8,67.4,0.079,73,5.8,80,11.4
2024-07-05,80.9,66.1,0.012,21,15.5,70,30.6
2024-07-06,79.1,59.8,0.063,15,5.5,71,13.6
2024-07-07,84.8,61.3,0.193,60,11.9,80,26.6
2024-07-08,85.7,67.5,0.008,69,10.4,72,23.5
2024-07-09,79.4,66.7,0.37,100,5.9,84,12.5
2024-07-10,80.8,65.8,0.65,67,9.0,79,20.4
2024-07-11,76.4,62.5,0.008,59,7.3,84,17.2
2024-07-12,82.0,60.9,0.0,3,5.5,76,14.3
2024-07-13,88.8,64.0,0.118,41,9.8,76,20.6
2024-07-14,89.4,69.9,1.354,81,13.0,81,26.4
2024-07-15,91.4,70.8,0.882,65,12.4,80,26.4
2024-07-16,87.2,68.9,0.26,58,13.6,81,30.2
2024-07-17,80.2,63.6,0.0,16,13.7,67,27.7
2024-07-18,71.6,58.9,0.0,9,9.9,71,21.9
2024-07-19,79.3,56.1,0.0,24,10.9,67,21.9
2024-07-20,78.3,58.4,0.0,79,6.7,67,14.1
2024-07-21,81.3,61.8,0.0,61,6.8,70,15.7
2024-07-22,79.6,62.2,0.008,26,7.1,78,17.2
2024-07-23,84.1,64.5,0.028,54,12.1,80,25.1
2024-07-24,74.8,63.1,0.102,68,8.1,84,17.4
2024-07-25,75.2,60.3,0.0,10,7.4,75,17.7
2024-07-26,79.3,59.5,0.0,0,6.3,68,15.9
2024-07-27,83.8,59.5,0.0,15,8.1,67,17.7
2024-07-28,82.6,65.8,0.244,87,11.6,78,23.0
2024-07-29,81.7,68.9,0.815,50,16.5,87,30.6
2024-07-30,90.0,67.1,0.0,25,5.4,75,13.0
2024-07-31,89.6,69.9,0.126,42,11.7,77,21.5
2024-08-01,86.8,71.3,0.26,81,9.2,84,19.7
2024-08-02,84.6,69.1,0.031,55,10.9,79,24.2
2024-08-03,87.4,69.6,0.02,11,8.4,72,18.3
2024-08-04,90.2,66.7,0.0,54,7.0,64,13.9
2024-08-05,90.1,69.1,0.071,65,13.7,76,26.8
2024-08-06,71.3,64.9,0.067,65,18.2,81,35.8
2024-08-07,75.3,62.8,0.0,24,11.4,72,25.1
2024-08-08,83.3,60.3,0.0,37,10.0,70,20.1
2024-08-09,74.3,58.1,0.0,28,13.4,59,27.3
2024-08-10,76.0,56.0,0.0,23,13.7,55,28.9
2024-08-11,78.5,58.7,0.0,41,10.5,56,22.8
2024-08-12,82.0,56.8,0.0,36,8.4,61,17.4
2024-08-13,81.3,60.4,0.024,9,5.6,64,11.6
2024-08-14,82.9,62.2,0.0,62,8.8,66,19.7
2024-08-15,76.4,66.7,0.528,99,12.3,83,25.3
2024-08-16,85.6,65.3,0.22,45,14.2,80,28.9
2024-08-17,80.7,67.3,0.236,49,11.1,83,23.0
2024-08-18,75.7,64.9,0.059,29,13.2,81,26.6
2024-08-19,73.6,59.5,0.0,22,13.5,71,28.0
2024-08-20,70.3,57.4,0.0,49,8.9,68,19.5
2024-08-21,73.0,53.4,0.0,30,7.8,68,18.6
2024-08-22,77.6,49.8,0.0,42,5.7,63,13.2
2024-08-23,81.1,54.7,0.0,54,8.1,63,19.0
2024-08-24,89.2,59.0,0.024,25,6.9,71,16.8
2024-08-25,91.6,71.4,0.0,17,11.5,60,24.4
2024-08-26,95.2,77.8,0.0,59,10.6,54,22.4
2024-08-27,97.4,75.8,0.008,61,12.1,67,21.7
2024-08-28,88.1,70.4,0.059,84,9.9,80,20.1
2024-08-29,83.9,66.3,0.0,33,8.3,79,19.0
2024-08-30,86.6,72.2,0.512,93,10.2,76,23.0
2024-08-31,84.3,60.7,0.0,2,9.9,61,20.4
2024-09-01,73.9,59.1,0.0,2,14.0,62,29.1
2024-09-02,73.1,55.0,0.0,1,7.2,65,15.9
2024-09-03,75.4,52.3,0.0,44,5.9,64,14.5
2024-09-04,81.4,53.5,0.0,0,7.3,61,16.8
2024-09-05,87.3,61.5,0.051,55,15.7,60,29.8
2024-09-06,68.9,56.6,0.028,27,11.4,75,25.3
2024-09-07,63.6,48.7,0.0,0,11.1,62,23.7
2024-09-08,73.9,47.6,0.0,39,9.7,60,21.0
2024-09-09,80.4,57.4,0.0,0,11.3,53,24.2
2024-09-10,81.8,54.9,0.0,16,9.1,50,20.4
2024-09-11,86.4,57.9,0.0,13,7.3,50,16.8
2024-09-12,84.9,59.1,0.0,39,9.2,65,20.6
2024-09-13,82.5,64.1,0.0,85,11.1,63,24.2
2024-09-14,85.0,64.4,0.0,48,9.3,63,21.5
2024-09-15,87.5,64.6,0.0,76,8.3,60,19.5
2024-09-16,87.7,61.2,0.0,38,8.6,52,18.8
2024-09-17,82.4,58.7,0.0,8,7.8,64,17.9
2024-09-18,85.6,56.9,0.0,41,9.0,64,19.0
2024-09-19,89.2,58.1,0.0,34,8.5,54,18.8
2024-09-20,88.9,66.7,0.012,31,10.5,54,23.0
2024-09-21,90.4,60.0,0.004,34,8.5,53,17.7
2024-09-22,72.2,63.7,1.051,99,11.4,82,21.5
2024-09-23,66.6,58.6,0.122,65,10.4,73,22.1
2024-09-24,66.4,59.9,1.803,91,9.0,94,17.0
2024-09-25,74.9,55.6,0.0,21,5.7,76,12.5
2024-09-26,73.9,53.3,0.0,17,8.4,74,18.8
2024-09-27,69.4,64.0,0.0,100,19.6,70,36.7
2024-09-28,68.0,64.3,0.028,100,15.5,74,31.3
2024-09-29,71.5,64.0,0.0,70,13.0,76,27.1
2024-09-30,76.4,60.4,0.0,7,8.2,81,18.3
2024-10-01,68.0,53.8,0.0,40,13.3,58,26.6
2024-10-02,68.2,45.4,0.0,17,9.3,48,20.1
2024-10-03,75.8,52.2,0.0,7,9.3,58,19.9
2024-10-04,68.1,56.2,0.02,49,13.9,70,28.4
2024-10-05,80.3,55.3,0.0,41,17.9,61,33.3
2024-10-06,74.8,55.9,0.0,1,17.4,44,33.8
2024-10-07,65.3,46.9,0.0,15,8.4,45,18.6
2024-10-08,71.3,47.6,0.0,5,9.8,53,21.3
2024-10-09,67.3,46.4,0.0,5,8.7,74,18.8
2024-10-10,69.6,48.9,0.0,0,6.9,61,14.5
2024-10-11,81.5,52.7,0.0,51,14.2,47,28.6
2024-10-12,66.7,55.9,1.004,73,12.0,75,23.9
2024-10-13,64.7,50.1,0.008,74,19.6,72,38.3
2024-10-14,55.8,42.2,0.087,63,18.4,66,36.5
2024-10-15,50.0,39.9,0.091,50,17.4,70,35.1
2024-10-16,54.8,35.7,0.0,9,9.3,63,17.2
2024-10-17,61.5,36.5,0.0,2,9.3,50,19.9
2024-10-18,65.8,42.4,0.0,0,10.0,50,21.5
2024-10-19,68.3,43.9,0.0,18,7.4,54,16.3
2024-10-20,76.0,51.6,0.0,0,10.8,46,21.9
2024-10-21,77.1,54.2,0.0,23,9.8,45,19.0
2024-10-22,71.9,53.7,0.016,70,13.9,50,28.6
2024-10-23,63.5,43.3,0.0,37,12.9,58,25.3
2024-10-24,62.5,37.5,0.0,33,10.6,62,20.4
2024-10-25,64.9,47.8,0.346,51,9.8,70,20.8
2024-10-26,56.0,40.9,0.0,36,8.0,55,16.1
2024-10-27,56.9,35.1,0.0,14,5.5,67,13.9
2024-10-28,64.7,42.2,0.0,96,13.3,54,24.4
2024-10-29,78.6,65.0,0.0,96,18.4,59,35.8
2024-10-30,76.7,67.1,0.0,92,17.9,59,34.9
2024-10-31,70.7,43.2,0.551,71,21.1,65,40.9
2024-11-01,52.2,38.2,0.0,9,12.9,69,25.7
2024-11-02,55.0,35.2,0.0,29,7.8,76,17.7
2024-11-03,63.1,46.8,0.043,100,14.0,68,25.7
2024-11-04,69.1,62.1,0.339,96,17.4,90,34.2
2024-11-05,66.5,58.8,1.461,88,18.3,91,38.0
2024-11-06,58.0,48.3,0.0,80,8.6,78,17.0
2024-11-07,56.3,38.7,0.0,11,7.0,74,12.5
2024-11-08,58.5,40.7,0.0,17,8.3,73,17.4
2024-11-09,52.8,44.6,0.016,87,9.9,79,19.5
2024-11-10,60.7,49.6,0.055,70,20.6,78,40.7
2024-11-11,55.2,41.1,0.0,30,15.3,67,33.8
2024-11-12,45.9,41.6,0.0,66,9.9,70,21.9
2024-11-13,48.8,38.5,0.382,99,9.0,80,17.4
2024-11-14,55.4,47.8,0.13,97,9.2,89,20.8
2024-11-15,53.4,43.0,0.008,72,5.1,83,12.3
2024-11-16,51.9,40.3,0.0,81,9.8,82,23.0
2024-11-17,58.2,45.4,0.071,93,9.2,86,21.3
2024-11-18,57.9,47.2,0.417,97,13.3,96,27.5
2024-11-19,62.2,46.8,0.142,59,18.8,76,42.5
2024-11-20,47.2,33.0,0.063,89,15.5,71,34.2
2024-11-21,39.0,29.8,0.252,94,18.9,83,41.6
2024-11-22,47.1,33.7,0.0,93,12.5,82,27.5
2024-11-23,44.1,35.8,0.0,100,8.3,84,20.8
2024-11-24,47.9,33.8,0.0,97,6.1,88,14.5
2024-11-25,50.7,37.3,0.031,100,12.0,86,28.6
2024-11-26,37.0,24.8,0.0,47,12.0,68,28.9
2024-11-27,41.5,31.1,0.0,100,10.1,79,21.5
2024-11-28,35.5,25.3,0.0,87,11.0,73,27.5
2024-11-29,26.8,19.3,0.0,76,13.1,51,30.6
2024-11-30,26.3,13.3,0.0,29,9.9,51,23.9
2024-12-01,25.6,13.0,0.0,2,8.6,51,20.4
2024-12-02,26.7,14.8,0.0,32,7.0,66,16.8
2024-12-03,29.8,19.1,0.0,58,11.8,69,26.6
2024-12-04,37.9,21.4,0.024,59,20.0,66,44.7
2024-12-05,28.1,11.1,0.0,18,16.8,44,38.0
2024-12-06,30.8,13.8,0.0,22,10.4,54,23.0
2024-12-07,44.8,23.2,0.0,88,13.8,51,31.1
2024-12-08,49.7,37.5,0.0,32,11.7,73,26.2
2024-12-09,48.3,41.2,0.004,81,10.7,79,22.8
2024-12-10,39.7,28.9,0.0,98,7.4,75,19.0
2024-12-11,32.3,15.1,0.024,77,15.4,62,36.2
2024-12-12,15.2,3.8,0.0,52,15.0,42,33.8
2024-12-13,25.6,2.4,0.0,60,7.3,68,15.0
2024-12-14,36.3,23.6,0.382,99,12.1,78,23.5
2024-12-15,45.1,36.9,0.102,100,12.1,97,24.6
2024-12-16,49.8,37.0,0.118,83,12.2,95,26.8
2024-12-17,39.3,31.4,0.0,78,11.5,81,25.3
2024-12-18,33.1,25.8,0.028,91,9.1,81,21.5
2024-12-19,30.9,25.5,0.075,100,8.1,72,20.1
2024-12-20,32.7,19.9,0.067,85,13.1,86,28.0
2024-12-21,19.2,9.4,0.0,49,7.0,73,15.0
2024-12-22,31.5,11.9,0.0,72,12.3,75,25.3
2024-12-23,38.2,30.2,0.004,95,12.4,81,25.7
2024-12-24,35.7,28.9,0.0,92,6.4,85,15.0
2024-12-25,37.4,26.0,0.0,100,5.2,87,12.1
2024-12-26,46.5,35.6,0.047,100,7.8,96,16.3
2024-12-27,49.6,40.3,0.256,100,11.2,96,23.5
2024-12-28,50.2,42.3,0.075,100,14.5,88,31.1
2024-12-29,42.7,35.6,0.311,100,9.7,96,20.4
2024-12-30,41.7,30.9,0.0,85,7.2,91,16.8
2024-12-31,39.3,32.6,0.315,100,15.0,91,30.2
2025-01-01,32.9,25.8,0.004,94,14.1,70,31.3
2025-01-02,31.5,23.4,0.008,81,10.5,60,23.7
2025-01-03,25.1,18.5,0.0,28,13.2,53,30.6
2025-01-04,23.0,11.5,0.0,37,8.6,44,20.1
2025-01-05,25.3,14.5,0.028,100,10.5,48,23.5
2025-01-06,28.8,22.4,0.146,97,12.1,81,25.5
2025-01-07,23.6,10.4,0.0,65,5.5,66,14.5
2025-01-08,23.5,10.0,0.0,50,5.0,62,12.5
2025-01-09,24.2,5.6,0.0,27,9.4,69,19.9
2025-01-10,28.9,19.1,0.126,93,9.6,86,19.9
2025-01-11,30.2,20.1,0.008,68,8.2,83,17.0
2025-01-12,34.8,23.8,0.067,100,13.3,83,30.2
2025-01-13,22.6,7.9,0.0,9,10.6,63,23.7
2025-01-14,15.1,7.3,0.047,30,11.9,69,26.8
2025-01-15,17.1,1.0,0.004,32,12.0,70,25.1
2025-01-16,36.2,18.0,0.012,62,13.8,75,33.1
2025-01-17,42.4,22.8,0.0,46,16.7,76,38.0
2025-01-18,36.8,17.8,0.0,67,11.8,55,26.4
2025-01-19,15.7,1.9,0.0,53,10.6,36,25.7
2025-01-20,10.5,-2.1,0.0,21,13.7,39,32.7
2025-01-21,2.6,-7.0,0.0,18,10.9,36,27.1
2025-01-22,23.1,-1.2,0.043,89,18.5,56,28.9
2025-01-23,22.8,6.8,0.035,44,11.3,75,23.5
2025-01-24,18.7,-3.5,0.0,47,10.7,69,21.9
2025-01-25,36.6,18.1,0.0,65,12.8,67,28.2
2025-01-26,29.8,15.9,0.0,67,10.7,56,23.5
2025-01-27,40.5,18.3,0.0,35,15.0,46,34.0
2025-01-28,44.6,26.5,0.0,32,16.0,56,36.5
2025-01-29,43.6,31.4,0.0,38,13.0,61,30.6
2025-01-30,47.8,27.4,0.307,55,10.2,71,21.9
2025-01-31,40.0,32.4,1.524,71,15.1,92,30.6
2025-02-01,31.9,27.3,0.0,100,9.6,73,21.0
2025-02-02,47.8,30.9,0.028,87,9.6,82,20.8
2025-02-03,40.8,33.5,0.0,99,11.7,92,25.9
2025-02-04,32.8,21.8,0.0,65,10.4,72,25.1
2025-02-05,30.6,24.9,0.047,100,9.3,69,21.7
2025-02-06,37.5,28.9,0.02,65,16.1,69,35.8
2025-02-07,31.7,17.3,0.0,77,10.4,44,28.4
2025-02-08,32.5,25.7,0.02,97,7.1,70,16.6
2025-02-09,30.4,23.5,0.0,70,10.1,61,22.4
2025-02-10,33.6,15.8,0.0,37,6.1,47,13.9
2025-02-11,27.0,21.3,0.016,100,10.0,67,23.9
2025-02-12,27.2,22.6,0.343,100,12.6,83,26.8
2025-02-13,25.7,3.6,0.028,52,11.1,79,23.7
2025-02-14,23.5,-2.6,0.228,75,9.4,74,19.2
2025-02-15,31.4,24.4,0.0,100,10.0,84,19.9
2025-02-16,26.5,9.4,0.024,79,13.7,81,29.5
2025-02-17,7.6,-0.8,0.0,49,12.1,69,25.5
2025-02-18,4.6,-9.3,0.0,49,8.7,65,17.4
2025-02-19,10.1,0.7,0.004,100,7.8,68,17.4
2025-02-20,17.3,0.9,0.0,24,8.4,75,19.0
2025-02-21,22.3,7.1,0.0,0,8.5,74,16.6
2025-02-22,28.2,12.6,0.0,25,10.3,70,22.6
2025-02-23,40.7,20.8,0.0,74,9.3,72,17.7
2025-02-24,53.2,36.7,0.059,99,13.6,71,29.1
2025-02-25,52.7,33.2,0.039,25,7.4,79,17.9
2025-02-26,46.5,33.2,0.449,96,8.0,87,19.5
2025-02-27,47.3,33.4,0.051,41,15.7,76,37.8
2025-02-28,56.3,33.3,0.0,78,19.1,60,47.0
2025-03-01,34.3,22.1,0.0,36,11.6,51,27.5
2025-03-02,34.8,17.0,0.0,35,5.0,50,14.8
2025-03-03,47.5,29.7,0.039,88,11.7,56,26.6
2025-03-04,52.3,42.5,0.382,100,12.7,75,28.4
2025-03-05,51.8,29.2,0.504,96,15.8,85,38.7
2025-03-06,39.6,26.2,0.0,40,11.5,61,27.5
2025-03-07,35.7,31.0,0.181,99,5.6,86,11.6
2025-03-08,48.0,24.4,0.0,9,11.1,72,25.7
2025-03-09,56.3,31.9,0.0,16,11.3,63,25.9
2025-03-10,64.5,37.4,0.0,10,12.6,58,27.3
2025-03-11,54.4,32.7,0.0,73,13.2,65,31.5
2025-03-12,48.2,32.9,0.0,16,7.5,62,16.6
2025-03-13,55.0,32.1,0.0,11,6.5,66,16.1
2025-03-14,73.6,47.1,0.0,63,16.0,62,34.9
2025-03-15,65.3,41.6,0.272,68,18.9,70,43.2
2025-03-16,40.4,24.9,0.528,79,9.5,86,21.0
2025-03-17,49.6,19.4,0.0,27,14.1,64,30.2
2025-03-18,67.8,42.9,0.0,79,12.8,63,27.5
2025-03-19,48.7,35.5,0.642,85,11.2,90,26.8
2025-03-20,40.9,29.8,0.205,48,14.0,69,30.9
2025-03-21,56.2,28.2,0.063,66,16.9,61,37.4
2025-03-22,43.2,30.6,0.0,38,12.1,67,26.6
2025-03-23,50.1,33.0,0.252,100,17.2,73,42.1
2025-03-24,46.8,32.5,0.0,59,17.0,59,38.5
2025-03-25,48.5,30.6,0.012,53,10.4,65,26.2
2025-03-26,49.3,28.2,0.028,56,6.7,77,15.0
2025-03-27,54.7,38.4,0.0,89,6.7,71,13.6
2025-03-28,75.9,44.7,0.122,53,16.5,69,35.8
2025-03-29,69.2,46.5,0.043,64,16.3,72,35.3
2025-03-30,70.4,44.1,0.492,96,17.1,85,36.9
2025-03-31,48.0,33.3,0.012,65,9.7,71,25.9
2025-04-01,42.1,31.0,0.0,80,12.5,69,28.0
2025-04-02,71.0,40.0,0.63,97,18.2,81,40.9
2025-04-03,57.0,40.8,0.0,73,14.2,67,31.8
2025-04-04,47.9,37.7,0.067,79,8.3,78,20.6
2025-04-05,54.6,40.5,0.295,100,10.7,78,24.8
2025-04-06,47.7,32.1,0.0,60,8.8,58,19.0
2025-04-07,43.3,30.7,0.02,56,14.4,64,34.0
2025-04-08,41.4,23.4,0.0,5,6.1,56,17.2
2025-04-09,47.7,30.0,0.079,91,9.4,73,22.8
2025-04-10,43.4,34.2,0.02,81,9.5,89,22.4
2025-04-11,48.7,32.5,0.0,16,8.4,70,22.6
2025-04-12,57.8,33.0,0.0,28,6.2,63,15.0
2025-04-13,61.5,44.2,0.091,99,13.0,58,28.6
2025-04-14,61.2,48.9,0.0,59,16.6,57,43.0
2025-04-15,50.1,38.4,0.031,62,17.3,61,38.3
2025-04-16,48.7,31.9,0.0,39,6.3,67,17.2
2025-04-17,66.6,37.2,0.0,70,15.0,55,35.6
2025-04-18,80.5,56.7,0.043,87,16.2,65,39.4
2025-04-19,62.8,44.9,0.02,95,13.8,77,32.0
2025-04-20,56.8,45.2,0.402,96,13.2,74,30.2
2025-04-21,61.3,46.0,0.461,73,19.5,73,44.3
2025-04-22,71.7,40.0,0.205,57,9.6,74,24.6
2025-04-23,72.9,53.9,0.102,78,6.2,74,24.4
2025-04-24,70.7,47.0,0.0,64,7.6,69,18.6
2025-04-25,60.0,46.6,0.004,85,10.5,74,24.4
2025-04-26,52.7,40.8,0.0,59,11.0,69,26.6
2025-04-27,66.8,37.1,0.0,13,6.9,63,18.1
2025-04-28,82.1,50.1,0.0,62,17.8,53,42.7
2025-04-29,75.6,50.5,0.0,79,16.8,57,38.3
2025-04-30,62.4,43.0,0.008,86,7.1,61,19.7
2025-05-01,69.4,49.6,0.846,90,14.8,83,38.0
2025-05-02,54.5,45.0,0.106,85,7.3,85,18.3
2025-05-03,50.9,41.4,0.0,33,11.2,77,28.2
2025-05-04,55.9,42.3,0.232,100,11.6,76,26.6
2025-05-05,61.3,45.2,0.043,84,9.7,82,21.7
2025-05-06,72.2,44.6,0.0,47,10.1,73,24.2
2025-05-07,69.7,46.6,0.0,84,10.9,74,24.6
2025-05-08,55.2,42.5,0.0,31,12.8,68,31.3
2025-05-09,62.6,39.5,0.0,16,6.2,48,17.4
2025-05-10,70.0,48.3,0.0,2,10.8,42,30.2
2025-05-11,71.7,43.1,0.0,0,7.8,50,21.3
2025-05-12,79.3,52.3,0.252,75,8.3,49,23.0
2025-05-13,79.3,57.9,0.035,79,7.6,74,21.0
2025-05-14,78.3,56.7,0.043,73,7.2,78,20.6
2025-05-15,94.6,60.5,0.374,49,17.5,68,41.8
2025-05-16,81.9,61.3,0.047,35,16.7,51,41.8
2025-05-17,64.9,53.3,0.012,86,15.7,60,35.1
2025-05-18,59.8,44.6,0.008,38,8.6,75,21.9
2025-05-19,51.9,41.8,0.0,95,11.7,79,27.1
2025-05-20,56.4,47.9,0.614,100,15.2,87,33.1
2025-05-21,54.7,48.1,0.154,100,8.5,90,19.9
2025-05-22,54.9,46.6,0.067,83,9.1,81,21.3
2025-05-23,61.5,42.4,0.0,41,9.4,75,24.6
2025-05-24,60.9,42.4,0.0,46,7.6,72,20.4
2025-05-25,62.7,48.0,0.02,62,6.4,68,18.3
2025-05-26,63.1,45.5,0.0,71,7.8,65,21.3
2025-05-27,65.2,49.3,0.0,93,8.4,62,20.8
2025-05-28,62.4,50.9,0.335,77,7.5,78,19.9
2025-05-29,70.8,48.1,0.02,74,5.8,73,16.1
2025-05-30,76.0,53.2,0.118,36,13.4,62,34.0
2025-05-31,63.5,49.5,0.0,3,8.6,49,22.8
2025-06-01,69.2,47.3,0.0,2,7.4,40,21.9
2025-06-02,87.2,51.3,0.0,19,9.3,33,22.8
2025-06-03,89.1,68.2,0.083,76,18.7,52,47.4
2025-06-04,73.9,55.0,0.913,96,12.1,87,30.0
2025-06-05,70.0,51.4,0.0,61,8.0,79,21.0
2025-06-06,72.5,55.3,0.0,57,7.0,63,19.2
2025-06-07,73.3,53.0,0.024,73,7.2,65,19.2
2025-06-08,79.5,56.5,0.24,59,16.0,72,35.8
2025-06-09,70.8,55.0,0.319,26,12.2,65,36.2
2025-06-10,76.4,54.7,0.0,14,13.5,57,31.1
2025-06-11,91.0,62.2,0.0,42,13.3,50,32.0
2025-06-12,81.3,60.8,0.02,92,8.7,59,23.3
2025-06-13,71.7,59.7,0.748,100,6.9,83,16.1
2025-06-14,72.7,59.2,0.0,47,7.7,81,20.1
2025-06-15,78.4,57.0,0.0,77,6.2,72,15.4
2025-06-16,84.7,59.5,0.004,50,6.7,65,17.9
2025-06-17,90.1,68.7,0.185,50,9.7,70,25.1
2025-06-18,80.0,66.1,1.228,99,9.0,85,23.7
2025-06-19,80.2,64.6,0.709,56,8.6,82,22.6
2025-06-20,81.3,65.8,0.0,48,12.2,73,28.9
2025-06-21,92.3,73.9,0.0,17,17.0,69,39.4
2025-06-22,94.2,77.9,0.0,3,14.6,63,34.0
2025-06-23,95.7,78.5,0.0,10,14.3,56,34.0
2025-06-24,94.5,72.9,0.713,72,9.0,72,29.3
2025-06-25,82.8,69.3,0.319,80,8.0,86,18.8
2025-06-26,89.2,74.1,0.457,41,10.0,77,24.6
2025-06-27,84.1,72.1,0.098,50,12.1,78,28.9
2025-06-28,84.2,66.4,0.0,17,5.8,77,14.1
2025-06-29,90.3,69.2,0.055,30,7.7,74,20.8
2025-06-30,87.5,70.6,0.059,63,8.7,72,21.3
2025-07-01,87.4,67.0,0.0,13,9.3,58,23.5
2025-07-02,90.4,67.9,0.004,28,11.7,52,27.3
2025-07-03,94.4,70.3,0.0,11,7.7,48,18.8
2025-07-04,87.1,71.8,0.299,61,7.4,66,18.6
2025-07-05,92.8,74.8,0.0,25,13.7,54,30.4
2025-07-06,83.6,64.8,0.437,77,11.4,81,25.3
2025-07-07,76.2,63.1,0.0,58,6.5,77,17.2
2025-07-08,83.6,65.2,0.146,84,7.1,77,20.8
2025-07-09,80.1,66.9,0.047,35,6.5,86,17.7
2025-07-10,80.7,64.1,0.13,76,7.0,78,18.8
2025-07-11,87.4,68.8,0.917,95,9.6,82,19.9
2025-07-12,83.1,71.7,0.035,59,9.7,77,25.7
2025-07-13,81.1,66.1,0.0,79,7.6,71,18.1
2025-07-14,85.6,62.1,0.0,0,5.6,68,15.2
2025-07-15,91.2,67.7,0.028,19,8.8,66,21.3
2025-07-16,91.1,73.0,0.232,50,13.4,73,33.1
2025-07-17,72.1,61.6,0.024,76,9.2,78,26.2
2025-07-18,80.7,59.0,0.0,21,3.9,72,13.4
2025-07-19,84.0,69.9,0.106,68,11.1,79,26.4
2025-07-20,74.4,66.2,0.354,74,9.3,84,21.9
2025-07-21,80.9,65.6,0.0,68,7.0,71,18.6
2025-07-22,89.7,66.9,0.0,73,7.9,62,20.1
2025-07-23,93.4,71.6,0.004,34,12.3,64,28.0
2025-07-24,95.3,76.4,0.228,56,11.8,73,29.5
2025-07-25,81.9,72.0,0.106,92,6.8,88,18.3
2025-07-26,83.7,71.5,0.094,97,7.9,87,22.4
2025-07-27,86.4,70.9,0.039,27,5.6,84,15.0
2025-07-28,87.9,75.0,0.134,31,6.0,83,15.2
2025-07-29,91.6,70.4,0.008,69,7.2,72,18.6
2025-07-30,78.1,66.5,1.28,99,10.5,88,21.9
2025-07-31,72.1,64.0,0.075,34,11.9,72,28.6
2025-08-01,73.6,61.6,0.004,38,9.1,65,23.5
2025-08-02,78.1,59.4,0.0,54,6.6,59,18.8
2025-08-03,79.2,59.3,0.0,13,8.3,61,22.1
2025-08-04,81.6,65.6,0.0,92,7.9,63,21.3
2025-08-05,83.8,67.1,0.0,3,7.8,64,21.5
2025-08-06,91.0,66.6,0.0,43,5.9,61,17.9
2025-08-07,90.4,71.2,0.035,67,10.6,67,28.9
2025-08-08,93.5,73.4,0.012,35,11.3,65,28.6
2025-08-09,92.6,75.0,0.004,40,13.4,61,34.4
2025-08-10,90.2,75.8,0.079,87,11.3,68,29.3
2025-08-11,90.0,72.7,0.335,73,8.8,68,22.1
2025-08-12,85.4,71.4,0.402,93,10.4,86,27.3
2025-08-13,84.9,68.6,0.0,31,7.2,72,18.3
2025-08-14,83.0,64.1,0.0,0,6.5,65,19.5
2025-08-15,93.9,67.4,0.0,37,7.9,59,21.5
2025-08-16,95.3,75.1,0.071,79,10.2,63,24.2
2025-08-17,79.7,70.0,0.004,81,7.9,79,20.8
2025-08-18,86.5,69.7,0.382,82,10.9,84,26.8
2025-08-19,78.4,69.9,0.055,82,8.2,87,19.9
2025-08-20,74.4,66.5,0.008,21,10.0,82,24.6
2025-08-21,74.7,64.6,0.0,30,9.3,80,23.5
2025-08-22,81.1,60.7,0.0,59,5.4,73,14.3
2025-08-23,81.9,65.5,0.024,40,12.6,67,29.5
2025-08-24,74.5,58.2,0.0,10,12.3,60,28.9
2025-08-25,69.5,54.3,0.0,39,9.7,59,24.6
2025-08-26,71.7,53.0,0.016,17,8.6,56,21.5
2025-08-27,77.6,54.1,0.0,24,10.8,58,25.5
2025-08-28,75.5,60.1,0.177,46,7.9,77,19.7
2025-08-29,69.5,55.4,0.012,61,7.1,71,17.9
2025-08-30,69.9,59.5,0.173,69,4.7,80,12.5
2025-08-31,73.9,54.8,0.0,4,6.4,71,17.2
2025-09-01,75.0,59.0,0.0,1,5.5,70,15.2
2025-09-02,79.7,57.4,0.0,20,4.0,71,12.1
2025-09-03,69.5,57.2,0.39,83,11.4,76,31.1
2025-09-04,64.9,48.6,0.0,34,9.4,65,23.0
2025-09-05,64.7,54.0,0.004,55,14.0,60,32.9
2025-09-06,64.8,48.7,0.0,35,12.3,61,28.6
2025-09-07,66.4,46.9,0.0,12,8.7,64,21.3
2025-09-08,70.0,48.3,0.0,0,5.3,62,15.7
2025-09-09,73.7,51.5,0.0,73,6.5,58,17.2
2025-09-10,80.3,58.0,0.0,29,5.5,60,15.7
2025-09-11,76.9,61.9,0.0,3,7.3,74,19.5
2025-09-12,84.5,59.5,0.0,39,6.1,65,17.0
2025-09-13,80.3,64.5,0.787,70,8.0,72,15.9
2025-09-14,78.8,64.2,0.0,4,7.0,79,19.0
2025-09-15,80.8,63.1,0.0,0,7.0,67,19.0
2025-09-16,83.5,62.2,0.0,11,7.1,65,19.9
2025-09-17,82.7,60.8,0.0,11,5.3,67,15.9
2025-09-18,86.1,61.2,0.0,19,6.2,65,16.6
2025-09-19,86.7,64.0,0.11,58,5.0,61,18.3
2025-09-20,78.0,64.9,0.567,77,6.4,80,14.5
2025-09-21,75.7,64.6,0.24,95,8.8,86,22.6
2025-09-22,76.6,63.6,0.0,64,8.1,85,19.5
2025-09-23,75.3,63.2,0.114,81,7.8,87,18.3
2025-09-24,68.9,60.9,0.0,63,10.1,85,23.5
2025-09-25,72.1,56.4,0.0,25,6.8,84,16.1
2025-09-26,78.8,56.1,0.0,0,6.7,74,15.4
2025-09-27,83.4,61.3,0.0,8,8.5,62,19.2
2025-09-28,75.8,63.2,0.0,0,5.8,70,16.3
2025-09-29,85.6,60.2,0.0,0,6.1,71,16.1
2025-09-30,80.5,62.4,0.0,28,7.0,70,18.1
2025-10-01,74.1,59.9,0.0,99,7.1,70,18.8
2025-10-02,82.7,56.3,0.0,73,6.2,58,13.4
2025-10-03,88.2,61.5,0.0,5,6.9,58,14.3
2025-10-04,84.8,64.5,0.0,3,10.8,58,26.4
2025-10-05,83.8,62.9,0.0,25,12.5,50,30.0
2025-10-06,82.9,64.9,0.48,51,10.0,70,22.6
2025-10-07,64.9,53.2,0.76,64,10.4,81,23.5
2025-10-08,62.7,49.9,0.008,21,6.5,69,16.6
2025-10-09,61.1,42.9,0.0,2,4.8,71,15.4
2025-10-10,65.8,45.9,0.008,55,8.7,71,21.5
2025-10-11,64.0,51.4,0.004,33,8.8,73,19.9
2025-10-12,66.0,47.5,0.0,19,6.6,76,16.1
2025-10-13,66.2,53.4,0.008,87,5.6,75,11.6
2025-10-14,67.6,54.8,0.0,69,7.5,80,20.4
2025-10-15,59.0,55.1,0.142,99,7.5,83,17.9
2025-10-16,65.8,53.8,0.0,38,6.6,71,16.1
2025-10-17,73.0,54.3,0.0,77,10.5,62,23.0
2025-10-18,73.7,58.6,0.449,91,11.7,81,26.8
2025-10-19,60.0,47.7,0.594,68,15.7,75,32.4
2025-10-20,63.4,38.6,0.035,17,12.7,64,26.8
2025-10-21,54.1,45.3,0.122,51,16.5,76,37.4
2025-10-22,49.4,44.6,0.0,95,16.2,70,36.5
2025-10-23,51.3,37.7,0.0,15,10.5,70,25.1
2025-10-24,50.7,33.0,0.0,8,5.1,73,11.2
2025-10-25,53.2,33.9,0.004,54,5.5,77,15.4
2025-10-26,55.5,41.5,0.0,1,9.0,74,21.5
2025-10-27,54.9,44.3,0.0,23,9.9,73,22.6
2025-10-28,55.8,45.0,0.0,72,10.6,71,23.5
2025-10-29,54.2,46.9,0.0,42,14.2,73,34.0
2025-10-30,55.4,41.2,0.0,22,8.5,73,21.0
2025-10-31,52.3,39.7,0.02,56,9.5,76,22.6
2025-11-01,50.3,36.4,0.031,64,5.4,77,15.0
2025-11-02,52.4,40.1,0.02,58,11.5,75,24.8
2025-11-03,59.1,40.6,0.031,22,11.1,57,24.4
2025-11-04,60.9,37.9,0.0,53,10.0,53,21.0
2025-11-05,59.8,44.1,0.0,30,11.5,62,29.3
2025-11-06,57.3,31.4,0.0,73,12.9,53,27.7
2025-11-07,62.4,48.4,0.102,59,13.7,65,30.0
2025-11-08,49.6,38.4,0.386,100,8.9,79,18.3
2025-11-09,37.1,26.9,0.358,88,12.9,76,32.0
2025-11-10,31.5,24.7,0.091,57,14.4,73,31.3
2025-11-11,38.0,23.1,0.0,73,10.3,73,22.6
2025-11-12,52.6,37.0,0.0,41,12.9,63,28.4
2025-11-13,52.4,33.6,0.0,55,8.1,65,17.4
2025-11-14,63.0,40.9,0.0,27,9.2,69,18.6
2025-11-15,69.4,51.9,0.0,66,13.0,71,30.6
2025-11-16,50.3,35.4,0.0,0,12.0,41,26.4
2025-11-17,46.7,29.2,0.0,42,6.0,54,13.9
2025-11-18,42.4,38.8,0.244,100,10.4,85,23.3
2025-11-19,45.6,41.5,0.004,100,7.0,83,15.0
2025-11-20,48.2,41.5,0.0,100,8.3,89,18.3
2025-11-21,46.5,40.3,0.016,100,4.8,88,10.5
2025-11-22,47.1,29.4,0.0,40,10.8,75,23.3
2025-11-23,53.0,37.4,0.0,3,8.3,71,18.3
2025-11-24,49.6,34.4,0.055,87,8.3,81,20.4
2025-11-25,52.7,45.4,0.472,100,12.8,90,25.7
2025-11-26,43.8,30.3,0.008,97,22.3,65,50.1
2025-11-27,32.3,26.8,0.004,78,13.8,62,33.6
2025-11-28,32.0,23.0,0.0,40,10.0,59,22.8
2025-11-29,29.7,25.1,0.657,100,12.3,84,25.1
2025-11-30,32.8,11.8,0.142,58,13.4,88,28.4
2025-12-01,26.3,8.7,0.126,98,5.8,92,11.0
2025-12-02,23.9,14.8,0.028,98,9.1,92,18.6
2025-12-03,30.0,21.0,0.043,99,12.3,87,24.4
2025-12-04,17.2,3.6,0.0,24,8.6,65,19.0
2025-12-05,25.4,5.5,0.0,70,12.9,79,23.5
2025-12-06,30.6,23.2,0.0,90,10.4,84,20.6
2025-12-07,29.3,12.8,0.339,83,10.6,85,21.9
2025-12-08,22.4,11.8,0.008,87,9.2,82,17.7
2025-12-09,37.0,16.5,0.134,84,14.4,87,28.2
2025-12-10,38.6,25.0,0.122,91,15.5,84,31.3
2025-12-11,26.0,18.6,0.0,88,5.8,76,12.1
2025-12-12,29.9,20.0,0.004,88,9.7,80,22.1
2025-12-13,25.3,3.2,0.028,83,12.7,66,28.2
2025-12-14,8.3,-2.7,0.0,24,10.9,63,23.5
2025-12-15,20.3,0.9,0.0,86,11.9,69,26.2
2025-12-16,36.3,12.3,0.008,51,13.2,78,28.2
2025-12-17,40.6,30.5,0.012,53,12.6,79,26.4
2025-12-18,51.6,21.9,0.268,100,18.1,86,38.7
2025-12-19,20.9,11.3,0.004,75,17.2,53,38.5
2025-12-20,40.0,21.7,0.0,77,15.1,57,32.7
2025-12-21,31.0,16.9,0.0,16,14.4,49,32.4
2025-12-22,41.1,30.3,0.004,99,9.7,59,20.6
2025-12-23,48.7,35.7,0.0,77,7.0,78,14.3
2025-12-24,42.6,32.8,0.059,88,6.0,82,11.9
2025-12-25,40.9,36.9,0.0,99,9.5,86,21.5
2025-12-26,47.1,38.7,0.154,100,9.3,89,21.9
2025-12-27,43.1,35.2,0.004,99,7.9,90,17.9
2025-12-28,53.0,28.5,1.323,100,17.4,94,39.1
2025-12-29,24.7,15.6,0.083,100,19.5,74,42.7
2025-12-30,24.3,10.2,0.091,81,9.3,78,21.3
2025-12-31,34.3,18.4,0.091,92,12.6,87,26.4
2026-01-01,19.0,8.9,0.02,79,7.8,69,20.8
2026-01-02,20.9,12.9,0.0,59,6.7,71,15.2
2026-01-03,23.9,13.6,0.0,99,4.3,64,8.9
2026-01-04,30.6,19.4,0.0,88,10.3,66,20.8
2026-01-05,42.2,31.0,0.0,67,12.0,79,24.6
2026-01-06,43.6,33.2,0.138,87,8.3,90,18.1
2026-01-07,40.6,33.8,0.0,59,9.7,90,19.0
2026-01-08,57.6,39.2,1.248,85,15.9,83,39.8
2026-01-09,59.2,39.5,0.051,66,18.3,81,40.7
2026-01-10,38.1,27.5,0.193,76,12.2,84,28.9
2026-01-11,33.5,21.6,0.008,86,14.0,67,32.9
2026-01-12,39.6,25.3,0.0,47,12.1,75,25.3
2026-01-13,49.9,33.4,0.091,75,13.5,74,30.6
2026-01-14,40.6,16.4,0.181,74,16.4,71,36.7
2026-01-15,21.6,11.1,0.031,30,10.2,66,23.3
2026-01-16,35.2,21.9,0.118,81,13.1,81,28.9
2026-01-17,22.4,11.0,0.012,92,14.5,71,30.9
2026-01-18,17.1,5.0,0.043,97,10.4,74,22.1
2026-01-19,18.1,-1.3,0.028,63,15.6,69,33.1
2026-01-20,19.5,-0.8,0.0,47,7.5,67,17.4
2026-01-21,28.5,20.4,0.087,84,15.3,76,31.8
2026-01-22,26.4,9.4,0.028,34,17.7,65,39.6
2026-01-23,5.8,-11.4,0.0,39,12.5,52,28.9
2026-01-24,4.6,-12.7,0.035,100,6.5,59,13.2
2026-01-25,17.4,2.0,0.161,99,12.1,78,24.8
2026-01-26,6.5,-3.0,0.0,44,15.3,67,30.4
2026-01-27,14.0,2.6,0.0,49,15.9,69,32.0
2026-01-28,13.5,-0.5,0.0,5,11.1,70,24.4
2026-01-29,12.7,-2.0,0.0,17,6.0,64,11.4
2026-01-30,18.9,1.2,0.087,84,9.9,72,20.1
2026-01-31,22.2,8.4,0.024,99,11.0,80,23.9
2026-02-01,25.3,2.5,0.0,65,9.2,76,18.6
2026-02-02,27.3,20.4,0.004,100,8.6,82,18.6
2026-02-03,27.5,14.5,0.0,71,7.4,80,17.2
2026-02-04,26.3,11.6,0.0,89,5.3,77,11.0
2026-02-05,28.9,10.5,0.028,89,9.7,79,20.8
2026-02-06,36.4,19.9,0.13,59,12.3,82,28.6
2026-02-07,23.9,8.3,0.008,44,9.5,56,19.2
2026-02-08,27.2,20.6,0.024,33,8.0,78,18.1
2026-02-09,36.4,16.2,0.0,82,10.9,71,21.9
2026-02-10,46.9,33.0,0.0,55,12.0,68,25.3
2026-02-11,40.7,26.0,0.0,10,8.4,66,20.6
2026-02-12,37.2,26.2,0.0,88,4.4,71,10.5
2026-02-13,51.4,27.2,0.0,4,8.9,70,20.8
2026-02-14,50.6,29.3,0.0,78,6.3,77,12.8
2026-02-15,56.8,32.8,0.0,18,6.7,72,13.9
2026-02-16,61.9,34.0,0.0,48,10.7,74,24.8
2026-02-17,53.6,38.8,0.177,95,12.1,82,23.3
2026-02-18,60.0,45.3,0.272,41,16.1,65,35.3
2026-02-19,56.9,35.9,0.205,92,6.7,68,15.4
2026-02-20,43.9,26.8,0.098,87,19.6,80,43.8
2026-02-21,30.2,25.3,0.016,96,8.3,67,19.2
2026-02-22,26.9,20.1,0.008,100,12.8,57,30.9
2026-02-23,28.6,19.0,0.0,64,11.2,56,27.1
2026-02-24,37.0,18.8,0.004,85,13.6,58,30.9
2026-02-25,35.6,27.1,0.0,27,10.6,60,26.2
2026-02-26,40.7,21.6,0.008,45,6.9,61,16.3
2026-02-27,59.7,29.8,0.0,24,10.4,64,23.5
2026-02-28,44.1,26.9,0.0,79,11.4,64,25.9
2026-03-01,31.0,25.8,0.0,78,10.0,61,23.3
2026-03-02,38.3,23.5,0.0,31,6.1,62,17.7
2026-03-03,40.3,31.6,0.016,92,4.9,79,13.4
2026-03-04,42.0,30.6,0.307,71,5.9,90,15.9
2026-03-05,49.6,37.0,0.012,100,4.2,96,9.4
2026-03-06,64.0,41.7,0.272,100,10.5,96,25.9
2026-03-07,62.9,39.4,0.339,100,16.0,85,41.2
2026-03-08,60.1,33.0,0.0,41,13.6,67,32.0
2026-03-09,69.6,47.1,0.0,2,12.4,63,27.5
2026-03-10,58.2,38.1,0.063,71,9.0,92,20.8
2026-03-11,40.9,33.1,0.217,78,14.5,86,32.7
2026-03-12,44.6,28.9,0.012,43,11.9,63,25.5
2026-03-13,45.4,32.5,0.071,76,27.1,54,62.0
2026-03-14,34.5,28.1,0.028,92,9.3,75,20.1
2026-03-15,60.0,32.1,1.728,100,16.4,81,40.0
2026-03-16,31.6,18.9,0.189,99,18.6,78,40.7
2026-03-17,21.8,9.6,0.0,50,8.7,60,18.3
2026-03-18,40.1,21.1,0.028,75,9.1,76,20.4
2026-03-19,58.8,31.7,0.22,62,6.4,76,16.6
2026-03-20,69.9,41.4,0.0,99,9.5,73,21.3
2026-03-21,67.8,38.3,0.0,81,11.2,69,22.8
2026-03-22,64.3,31.9,0.031,89,16.9,74,38.7
2026-03-23,40.8,29.5,0.0,38,10.0,63,26.2
2026-03-24,48.8,27.8,0.0,86,6.5,59,17.4
2026-03-25,67.4,37.9,0.0,87,12.5,55,28.2
2026-03-26,66.0,33.4,0.299,78,13.7,79,30.4
2026-03-27,44.2,30.5,0.0,92,15.0,69,34.0
2026-03-28,45.7,25.1,0.0,26,10.0,54,21.5
2026-03-29,61.1,38.9,0.0,83,9.9,53,22.8
2026-03-30,79.3,48.0,0.185,33,13.4,60,33.6
2026-03-31,68.4,38.8,0.217,99,17.3,79,36.9
2026-04-01,40.6,35.7,0.004,100,13.5,82,33.3
2026-04-02,67.6,37.9,1.154,96,15.3,91,36.9
2026-04-03,60.9,38.8,0.291,90,13.8,83,28.9
2026-04-04,55.4,39.8,0.146,95,15.3,82,37.8
2026-04-05,51.0,37.0,0.0,48,12.5,60,31.1
2026-04-06,49.4,34.2,0.004,45,13.7,70,31.5
2026-04-07,37.6,27.7,0.0,65,8.0,62,20.4
2026-04-08,67.1,31.9,0.004,71,14.4,56,31.3
2026-04-09,69.3,50.7,0.091,73,15.0,59,31.5
2026-04-10,53.7,38.8,0.354,83,8.0,83,21.5
2026-04-11,53.5,34.7,0.0,58,6.9,73,19.0
2026-04-12,77.7,52.1,0.213,100,17.3,68,47.0
2026-04-13,74.3,60.6,0.236,98,14.6,84,31.5
2026-04-14,78.4,58.0,0.126,92,14.0,80,33.1
2026-04-15,70.4,60.8,1.925,100,12.6,89,29.3
2026-04-16,72.0,50.5,0.323,88,11.2,87,23.7
2026-04-17,79.3,49.2,0.339,97,13.7,81,34.7
2026-04-18,64.0,40.7,0.331,55,16.9,65,38.7
2026-04-19,50.6,34.9,0.035,47,13.8,62,33.6
2026-04-20,54.0,33.4,0.0,43,8.2,62,19.5
2026-04-21,71.9,46.0,0.035,73,12.5,66,30.0
2026-04-22,69.1,49.0,0.004,31,8.7,76,21.0
2026-04-23,79.1,48.0,0.0,43,10.9,67,25.9
2026-04-24,67.9,54.0,0.047,95,12.0,75,26.8
2026-04-25,55.7,43.4,0.0,65,9.1,82,23.0
2026-04-26,58.4,42.6,0.0,67,8.8,81,22.4
2026-04-27,66.9,51.6,0.685,100,19.9,85,41.2
2026-04-28,62.9,50.8,0.051,80,13.6,73,29.1
2026-04-29,55.3,41.3,0.26,76,9.3,81,23.3
2026-04-30,52.5,37.4,0.177,66,8.5,79,21.7
2026-05-01,49.1,37.2,0.067,63,8.6,76,21.7
2026-05-02,52.8,31.6,0.0,41,9.6,62,24.2
2026-05-03,64.7,42.6,0.008,37,12.9,60,35.6
2026-05-04,76.4,47.7,0.0,28,13.3,62,33.1
2026-05-05,57.8,47.3,0.035,92,9.4,47,21.7
2026-05-06,56.1,38.9,0.0,61,12.1,48,29.1
2026-05-07,59.6,34.5,0.012,25,16.0,54,36.9
2026-05-08,67.4,40.9,0.0,60,9.5,57,20.1
2026-05-09,73.9,52.4,0.0,40,17.0,54,40.0
2026-05-10,64.7,42.5,0.0,30,10.7,37,25.7
2026-05-11,55.6,42.7,0.0,16,10.4,44,27.3
2026-05-12,73.5,41.7,0.024,65,13.0,49,31.3
2026-05-13,64.6,47.0,0.0,46,11.6,52,28.4
2026-05-14,67.2,40.6,0.0,23,7.7,45,20.4
2026-05-15,74.8,53.8,0.0,51,13.1,47,32.7
2026-05-16,83.2,61.6,0.126,81,10.5,63,26.4
2026-05-17,86.5,65.8,0.035,88,17.1,60,39.4
2026-05-18,81.0,66.6,0.169,89,15.3,67,37.1
2026-05-19,80.2,60.3,0.028,96,16.2,70,38.3
2026-05-20,59.1,48.2,0.0,35,10.8,59,27.3
2026-05-21,58.3,47.2,0.0,69,9.8,58,25.5
2026-05-22,66.4,51.1,0.004,99,10.1,55,26.4
2026-05-23,72.7,54.7,0.035,77,8.2,69,22.4
2026-05-24,76.2,57.8,0.626,49,5.9,74,17.0
2026-05-25,87.3,57.4,0.0,21,7.6,51,19.9
2026-05-26,87.6,64.0,0.0,82,7.8,33,21.9
2026-05-27,84.4,61.7,0.0,12,7.8,42,21.7
2026-05-28,72.1,56.0,0.0,36,9.8,50,27.1
2026-05-29,86.4,51.0,0.0,73,8.8,51,22.4
2026-05-30,73.0,58.0,0.0,97,9.8,49,26.2
2026-05-31,75.6,55.9,0.0,92,7.7,40,18.6
2026-06-01,74.1,57.1,0.012,79,8.0,46,22.1
2026-06-02,75.7,55.1,0.0,1,9.0,45,24.8
2026-06-03,84.6,54.1,0.0,51,6.4,38,19.5
2026-06-04,87.6,62.6,0.0,81,12.0,39,28.4
2026-06-05,77.8,69.0,0.465,83,11.7,75,29.3
2026-06-06,83.0,65.3,0.677,55,11.2,78,23.0
2026-06-07,82.4,65.2,0.083,89,8.9,67,22.6
2026-06-08,83.6,65.7,0.929,96,10.7,85,25.3
2026-06-09,86.5,69.2,0.13,58,9.5,82,22.6
2026-06-10,87.9,68.7,0.583,90,14.7,88,30.9
2026-06-11,81.9,66.8,0.575,89,19.6,85,43.4
2026-06-12,79.2,59.9,0.0,4,11.4,67,28.4
2026-06-13,82.7,63.1,0.15,48,13.6,72,31.5
2026-06-14,69.2,56.6,0.386,73,12.9,75,31.8
2026-06-15,74.7,51.6,0.0,42,10.3,57,25.7
2026-06-16,72.6,59.8,0.063,44,15.2,59,35.8
2026-06-17,68.9,56.6,0.504,75,18.6,81,42.1
2026-06-18,71.6,61.2,0.0,47,12.1,68,27.7
2026-06-19,76.6,57.0,0.0,26,11.5,60,27.3
2026-06-20,77.9,60.1,0.004,30,11.9,56,28.6
2026-06-21,75.7,59.7,0.98,100,9.7,78,20.8
2026-06-22,71.5,58.3,0.063,40,11.2,72,23.5
2026-06-23,72.5,55.5,0.0,15,6.1,63,16.8
2026-06-24,73.9,57.6,0.705,50,7.1,78,19.7
2026-06-25,77.5,61.8,0.024,33,9.9,74,23.3
2026-06-26,67.7,59.0,0.012,85,7.5,81,17.7
2026-06-27,75.8,61.3,0.0,46,8.0,78,21.0
2026-06-28,81.3,62.2,0.0,63,9.9,77,24.4
2026-06-29,92.8,71.4,0.327,56,14.0,76,32.0
2026-06-30,93.6,78.0,0.055,61,15.7,73,36.2
2026-07-01,97.3,79.5,0.0,14,12.1,60,30.2
2026-07-02,95.6,75.0,0.354,45,12.3,63,29.1
2026-07-03,89.9,73.0,0.35,59,10.4,78,32.7
2026-07-04,88.7,68.4,0.661,82,6.5,84,20.8
2026-07-05,74.9,66.1,0.469,73,8.9,85,22.4
2026-07-06,80.1,66.4,0.0,9,8.2,65,21.0
2026-07-07,86.8,63.5,0.0,8,6.2,58,15.7
2026-07-08,88.6,66.6,0.008,18,8.7,64,21.3
2026-07-09,84.7,71.5,0.319,93,7.7,78,23.7
2026-07-10,82.7,68.1,0.012,66,7.6,73,19.9
2026-07-11,83.7,66.4,0.0,68,9.4,62,24.8
2026-07-12,88.3,67.7,0.0,0,7.3,56,20.6
2026-07-13,94.1,67.2,0.0,3,6.5,55,17.4
2026-07-14,100.0,71.6,0.0,0,5.3,57,13.0
2026-07-15,97.7,74.6,0.0,24,6.6,60,17.0
2026-07-16,92.2,73.6,0.012,56,7.8,59,21.9
2026-07-17,89.9,70.9,0.933,38,8.8,75,22.8
2026-07-18,89.9,70.4,0.094,33,10.2,75,27.5
2026-07-19,76.9,66.0,0.0,35,7.5,71,18.3
2026-07-20,80.2,61.0,0.008,56,13.1,78,29.1
2026-07-21,84.8,66.0,0.051,28,13.4,70,31.5
2026-07-22,72.9,58.6,0.008,34,7.5,57,20.8
2026-07-23,78.4,55.3,0.0,40,8.2,53,20.1
2026-07-24,80.2,62.6,0.0,81,8.5,55,19.5
2026-07-25,81.1,61.5,0.0,64,7.8,73,21.3
2026-07-26,95.1,70.8,0.016,68,8.8,71,23.5
2026-07-27,80.1,71.9,0.846,72,14.3,89,33.6
2026-07-28,79.3,68.5,0.004,34,10.8,70,25.5
2026-07-29,81.1,62.7,0.0,0,7.4,58,20.6
2026-07-30,88.8,61.3,0.0,42,6.5,54,18.1
2026-07-31,82.2,67.9,0.496,86,11.0,75,24.6
2026-08-01,70.3,67.8,3.425,97,13.5,94,27.5
2026-08-02,75.0,65.8,0.039,44,13.7,84,31.8
2026-08-03,82.4,62.0,0.012,21,7.3,77,17.2
2026-08-04,85.7,66.8,0.0,37,8.1,69,20.6
2026-08-05,85.2,69.4,0.484,76,9.1,82,23.9
2026-08-06,79.6,66.9,0.122,67,6.9,87,15.0
2026-08-07,85.2,68.3,0.016,23,8.0,78,20.1
2026-08-08,85.3,69.2,0.02,9,7.0,67,17.7
2026-08-09,80.1,63.4,0.669,62,11.5,87,28.9
2026-08-10,86.2,68.2,0.488,88,13.6,92,34.7
2026-08-11,80.1,68.3,0.854,87,12.1,90,25.5
2026-08-12,84.9,66.9,0.85,82,13.1,85,27.1
2026-08-13,81.0,69.4,0.287,90,10.4,90,22.8
2026-08-14,79.6,69.1,0.075,95,8.4,87,21.0
2026-08-15,81.0,70.6,0.531,95,8.5,91,20.8
2026-08-16,85.2,70.9,0.283,90,10.4,86,25.3
2026-08-17,77.8,65.6,0.028,39,6.8,77,16.6
2026-08-18,80.4,63.8,0.685,68,7.9,86,20.4
2026-08-19,79.3,63.3,0.063,59,7.2,84,19.5
2026-08-20,77.3,62.3,0.0,30,7.4,67,19.5
2026-08-21,79.2,59.7,0.15,62,10.1,80,23.3
2026-08-22,79.3,64.6,0.02,11,12.3,72,28.2
2026-08-23,75.2,59.8,0.0,11,9.8,67,23.7
2026-08-24,78.0,55.1,0.0,17,6.8,69,19.2
2026-08-25,80.2,57.0,0.0,37,6.1,71,15.0
2026-08-26,83.6,64.9,0.059,29,9.9,69,24.4
2026-08-27,81.0,63.3,0.012,13,6.0,72,16.1
2026-08-28,81.9,64.1,0.035,32,4.4,72,13.2
2026-08-29,80.5,62.2,0.031,80,10.1,72,23.9
2026-08-30,81.0,69.0,0.224,90,13.4,81,32.2
2026-08-31,85.0,69.7,0.335,83,11.5,82,26.2
2026-09-01,89.7,74.6,0.008,68,8.0,81,19.7
2026-09-02,93.8,76.2,0.004,40,9.3,69,22.8
