ts,city,target,gfs_max,ens_mean,ens_std,ecmwf_max
2026-09-05T16:42:14+00:00,NYC,2026-09-06,70.6,75.98387096774194,2.738388597767479,
2026-09-05T16:42:16+00:00,NYC,2026-09-05,80.1,82.56774193548387,1.4184014393253148,
2026-09-05T16:45:40+00:00,NYC,2026-09-06,70.6,75.98387096774194,2.738388597767479,
2026-09-05T16:45:42+00:00,NYC,2026-09-06,70.6,75.98387096774194,2.738388597767479,
2026-09-05T16:46:05+00:00,NYC,2026-09-05,80.1,82.56774193548387,1.4184014393253148,
2026-09-05T16:46:07+00:00,NYC,2026-09-06,70.6,75.98387096774194,2.738388597767479,
2026-09-05T16:46:09+00:00,CHI,2026-09-05,82.4,82.06451612903227,1.8027842958828406,
2026-09-05T16:46:11+00:00,CHI,2026-09-06,80.1,80.37741935483872,2.3534065463766813,
2026-09-05T16:46:22+00:00,NYC,2026-09-05,80.1,82.56774193548387,1.4184014393253148,
2026-09-05T16:46:24+00:00,NYC,2026-09-06,70.6,75.98387096774194,2.738388597767479,
2026-09-05T16:46:26+00:00,CHI,2026-09-05,82.4,82.06451612903227,1.8027842958828406,
2026-09-05T16:46:28+00:00,CHI,2026-09-06,80.1,80.37741935483872,2.3534065463766813,
2026-09-05T16:48:45+00:00,NYC,2026-09-05,80.1,82.56774193548387,1.4184014393253148,
2026-09-05T16:48:48+00:00,NYC,2026-09-06,70.6,75.98387096774194,2.738388597767479,
2026-09-05T16:48:51+00:00,CHI,2026-09-05,82.4,82.06451612903227,1.8027842958828406,
2026-09-05T16:48:53+00:00,CHI,2026-09-06,80.1,80.37741935483872,2.3534065463766813,
2026-09-05T16:50:10+00:00,NYC,2026-09-05,80.1,82.56774193548387,1.4184014393253148,
2026-09-05T16:50:13+00:00,NYC,2026-09-06,70.6,75.98387096774194,2.738388597767479,
2026-09-05T16:50:16+00:00,CHI,2026-09-05,82.4,82.06451612903227,1.8027842958828406,
2026-09-05T16:50:19+00:00,CHI,2026-09-06,80.1,80.37741935483872,2.3534065463766813,
2026-09-05T16:51:09+00:00,NYC,2026-09-05,80.1,82.56774193548387,1.4184014393253148,
2026-09-05T16:51:12+00:00,NYC,2026-09-06,70.6,75.98387096774194,2.738388597767479,
2026-09-05T16:51:15+00:00,CHI,2026-09-05,82.4,82.06451612903227,1.8027842958828406,
2026-09-05T16:51:17+00:00,CHI,2026-09-06,80.1,80.37741935483872,2.3534065463766813,
2026-09-05T16:52:09+00:00,NYC,2026-09-05,80.1,82.56774193548387,1.4184014393253148,
2026-09-05T16:52:12+00:00,NYC,2026-09-06,70.6,75.98387096774194,2.738388597767479,
2026-09-05T16:52:15+00:00,CHI,2026-09-05,82.4,82.06451612903227,1.8027842958828406,
2026-09-05T16:52:18+00:00,CHI,2026-09-06,80.1,80.37741935483872,2.3534065463766813,
2026-09-05T16:53:09+00:00,NYC,2026-09-05,80.1,82.56774193548387,1.4184014393253148,
2026-09-05T16:53:12+00:00,NYC,2026-09-06,70.6,75.98387096774194,2.738388597767479,
2026-09-05T16:53:15+00:00,CHI,2026-09-05,82.4,82.06451612903227,1.8027842958828406,
2026-09-05T16:53:17+00:00,CHI,2026-09-06,80.1,80.37741935483872,2.3534065463766813,
2026-09-05T16:54:09+00:00,NYC,2026-09-05,80.1,82.56774193548387,1.4184014393253148,
2026-09-05T16:54:12+00:00,NYC,2026-09-06,70.6,75.98387096774194,2.738388597767479,
2026-09-05T16:54:14+00:00,CHI,2026-09-05,82.4,82.06451612903227,1.8027842958828406,
2026-09-05T16:54:17+00:00,CHI,2026-09-06,80.1,80.37741935483872,2.3534065463766813,
2026-09-05T16:55:09+00:00,NYC,2026-09-05,80.1,82.56774193548387,1.4184014393253148,
2026-09-05T16:55:12+00:00,NYC,2026-09-06,70.6,75.98387096774194,2.738388597767479,
2026-09-05T16:55:15+00:00,CHI,2026-09-05,82.4,82.06451612903227,1.8027842958828406,
2026-09-05T16:55:18+00:00,CHI,2026-09-06,80.1,80.37741935483872,2.3534065463766813,
2026-09-05T16:56:09+00:00,NYC,2026-09-05,80.1,82.56774193548387,1.4184014393253148,
2026-09-05T16:56:12+00:00,NYC,2026-09-06,70.6,75.98387096774194,2.738388597767479,
2026-09-05T16:56:15+00:00,CHI,2026-09-05,82.4,82.06451612903227,1.8027842958828406,
2026-09-05T16:56:18+00:00,CHI,2026-09-06,80.1,80.37741935483872,2.3534065463766813,
2026-09-05T16:57:10+00:00,NYC,2026-09-05,80.1,82.56774193548387,1.4184014393253148,
2026-09-05T16:57:13+00:00,NYC,2026-09-06,70.6,75.98387096774194,2.738388597767479,
2026-09-05T16:57:15+00:00,CHI,2026-09-05,82.4,82.06451612903227,1.8027842958828406,
2026-09-05T16:57:18+00:00,CHI,2026-09-06,80.1,80.37741935483872,2.3534065463766813,
2026-09-05T16:58:09+00:00,NYC,2026-09-05,80.1,82.56774193548387,1.4184014393253148,
2026-09-05T16:58:13+00:00,NYC,2026-09-06,70.6,75.98387096774194,2.738388597767479,
2026-09-05T16:58:15+00:00,CHI,2026-09-05,82.4,82.06451612903227,1.8027842958828406,
2026-09-05T16:58:18+00:00,CHI,2026-09-06,80.1,80.37741935483872,2.3534065463766813,
2026-09-05T16:59:09+00:00,NYC,2026-09-05,80.1,82.56774193548387,1.4184014393253148,
2026-09-05T16:59:12+00:00,NYC,2026-09-06,70.6,75.98387096774194,2.738388597767479,
2026-09-05T16:59:15+00:00,CHI,2026-09-05,82.4,82.06451612903227,1.8027842958828406,
2026-09-05T16:59:18+00:00,CHI,2026-09-06,80.1,80.37741935483872,2.3534065463766813,
2026-09-05T17:00:12+00:00,NYC,2026-09-05,80.1,82.56774193548387,1.4184014393253148,
2026-09-05T17:00:17+00:00,NYC,2026-09-06,70.6,75.98387096774194,2.738388597767479,
2026-09-05T17:00:20+00:00,CHI,2026-09-05,82.4,82.06451612903227,1.8027842958828406,
2026-09-05T17:00:24+00:00,CHI,2026-09-06,80.1,80.37741935483872,2.3534065463766813,
2026-09-05T17:01:03+00:00,NYC,2026-09-05,80.1,82.56774193548387,1.4184014393253148,
2026-09-05T17:01:06+00:00,NYC,2026-09-06,70.6,75.98387096774194,2.738388597767479,
2026-09-05T17:01:09+00:00,CHI,2026-09-05,82.4,82.06451612903227,1.8027842958828406,
2026-09-05T17:01:12+00:00,CHI,2026-09-06,80.1,80.37741935483872,2.3534065463766813,
2026-09-05T17:02:03+00:00,NYC,2026-09-05,80.1,82.56774193548387,1.4184014393253148,
2026-09-05T17:02:06+00:00,NYC,2026-09-06,70.6,75.98387096774194,2.738388597767479,
2026-09-05T17:02:09+00:00,CHI,2026-09-05,82.4,82.06451612903227,1.8027842958828406,
2026-09-05T17:02:12+00:00,CHI,2026-09-06,80.1,80.37741935483872,2.3534065463766813,
2026-09-05T17:03:03+00:00,NYC,2026-09-05,80.1,82.56774193548387,1.4184014393253148,
2026-09-05T17:03:06+00:00,NYC,2026-09-06,70.6,75.98387096774194,2.738388597767479,
2026-09-05T17:03:08+00:00,CHI,2026-09-05,82.4,82.06451612903227,1.8027842958828406,
2026-09-05T17:03:11+00:00,CHI,2026-09-06,80.1,80.37741935483872,2.3534065463766813,
2026-09-05T17:33:04+00:00,NYC,2026-09-05,80.1,82.56774193548387,1.4184014393253148,
2026-09-05T17:33:06+00:00,NYC,2026-09-06,70.6,75.98387096774194,2.738388597767479,
2026-09-05T17:33:08+00:00,CHI,2026-09-05,82.4,82.06451612903227,1.8027842958828406,
2026-09-05T17:33:10+00:00,CHI,2026-09-06,80.1,80.37741935483872,2.3534065463766813,
2026-09-05T17:34:04+00:00,NYC,2026-09-05,80.1,82.56774193548387,1.4184014393253148,
2026-09-05T17:34:06+00:00,NYC,2026-09-06,70.6,75.98387096774194,2.738388597767479,
2026-09-05T17:34:07+00:00,CHI,2026-09-05,82.4,82.06451612903227,1.8027842958828406,
2026-09-05T17:34:09+00:00,CHI,2026-09-06,80.1,80.37741935483872,2.3534065463766813,
2026-09-05T17:59:33+00:00,NYC,2026-09-06,70.6,75.57096774193548,2.0243985245144276,
2026-09-05T17:59:44+00:00,NYC,2026-09-06,70.6,75.57096774193548,2.0243985245144276,
2026-09-05T17:59:51+00:00,NYC,2026-09-06,70.6,75.57096774193548,2.0243985245144276,
2026-09-05T18:05:10+00:00,NYC,2026-09-05,79.7,81.93225806451613,1.3145309716161842,
2026-09-05T18:05:14+00:00,NYC,2026-09-06,70.6,75.57096774193548,2.0243985245144276,
2026-09-05T18:05:19+00:00,CHI,2026-09-05,80.7,82.80967741935486,1.7678773199864213,
2026-09-05T18:05:24+00:00,CHI,2026-09-06,80.1,80.2322580645161,1.7156560104828509,
2026-09-05T18:05:33+00:00,NYC,2026-09-05,79.7,81.93225806451613,1.3145309716161842,
2026-09-05T18:05:36+00:00,NYC,2026-09-06,70.6,75.57096774193548,2.0243985245144276,
2026-09-05T18:05:41+00:00,CHI,2026-09-05,80.7,82.80967741935486,1.7678773199864213,
2026-09-05T18:05:46+00:00,CHI,2026-09-06,80.1,80.2322580645161,1.7156560104828509,
2026-09-05T18:06:10+00:00,NYC,2026-09-06,70.6,75.57096774193548,2.0243985245144276,
2026-09-05T18:06:19+00:00,NYC,2026-09-06,70.6,75.57096774193548,2.0243985245144276,
2026-09-05T18:08:16+00:00,NYC,2026-09-05,79.7,81.93225806451613,1.3145309716161842,
2026-09-05T18:08:20+00:00,NYC,2026-09-06,70.6,75.57096774193548,2.0243985245144276,
2026-09-05T18:08:24+00:00,CHI,2026-09-05,80.7,82.80967741935486,1.7678773199864213,
2026-09-05T18:08:29+00:00,CHI,2026-09-06,80.1,80.2322580645161,1.7156560104828509,
2026-09-05T18:09:03+00:00,NYC,2026-09-05,79.7,81.93225806451613,1.3145309716161842,
2026-09-05T18:09:07+00:00,NYC,2026-09-06,70.6,75.57096774193548,2.0243985245144276,
2026-09-05T18:09:11+00:00,CHI,2026-09-05,80.7,82.80967741935486,1.7678773199864213,
2026-09-05T18:09:14+00:00,CHI,2026-09-06,80.1,80.2322580645161,1.7156560104828509,
2026-09-05T18:09:23+00:00,NYC,2026-09-05,79.7,81.93225806451613,1.3145309716161842,
2026-09-05T18:09:27+00:00,NYC,2026-09-06,70.6,75.57096774193548,2.0243985245144276,
2026-09-05T18:09:30+00:00,CHI,2026-09-05,80.7,82.80967741935486,1.7678773199864213,
2026-09-05T18:09:33+00:00,CHI,2026-09-06,80.1,80.2322580645161,1.7156560104828509,
2026-09-05T18:16:24+00:00,NYC,2026-09-05,79.7,81.93225806451613,1.3145309716161842,
2026-09-05T18:16:28+00:00,NYC,2026-09-06,70.6,75.57096774193548,2.0243985245144276,
2026-09-05T18:16:31+00:00,CHI,2026-09-05,80.7,82.80967741935486,1.7678773199864213,
2026-09-05T18:16:36+00:00,CHI,2026-09-06,80.1,80.2322580645161,1.7156560104828509,
2026-09-05T18:20:15+00:00,NYC,2026-09-05,79.7,81.93225806451613,1.3145309716161842,
2026-09-05T18:20:19+00:00,NYC,2026-09-06,70.6,75.57096774193548,2.0243985245144276,
2026-09-05T18:20:22+00:00,CHI,2026-09-05,80.7,82.80967741935486,1.7678773199864213,
2026-09-05T18:20:27+00:00,CHI,2026-09-06,80.1,80.2322580645161,1.7156560104828509,
2026-09-05T18:21:16+00:00,NYC,2026-09-05,79.7,81.93225806451613,1.3145309716161842,
2026-09-05T18:21:19+00:00,NYC,2026-09-06,70.6,75.57096774193548,2.0243985245144276,
2026-09-05T18:21:22+00:00,CHI,2026-09-05,80.7,82.80967741935486,1.7678773199864213,
2026-09-05T18:21:26+00:00,CHI,2026-09-06,80.1,80.2322580645161,1.7156560104828509,
2026-09-05T18:22:15+00:00,NYC,2026-09-05,79.7,81.93225806451613,1.3145309716161842,
2026-09-05T18:22:19+00:00,NYC,2026-09-06,70.6,75.57096774193548,2.0243985245144276,
2026-09-05T18:22:22+00:00,CHI,2026-09-05,80.7,82.80967741935486,1.7678773199864213,
2026-09-05T18:22:25+00:00,CHI,2026-09-06,80.1,80.2322580645161,1.7156560104828509,
2026-09-05T18:23:15+00:00,NYC,2026-09-05,79.7,81.93225806451613,1.3145309716161842,
2026-09-05T18:23:18+00:00,NYC,2026-09-06,70.6,75.57096774193548,2.0243985245144276,
2026-09-05T18:23:20+00:00,CHI,2026-09-05,80.7,82.80967741935486,1.7678773199864213,
2026-09-05T18:23:22+00:00,CHI,2026-09-06,80.1,80.2322580645161,1.7156560104828509,
2026-09-05T18:24:15+00:00,NYC,2026-09-05,79.7,81.93225806451613,1.3145309716161842,
2026-09-05T18:24:17+00:00,NYC,2026-09-06,70.6,75.57096774193548,2.0243985245144276,
2026-09-05T18:24:19+00:00,CHI,2026-09-05,80.7,82.80967741935486,1.7678773199864213,
2026-09-05T18:24:22+00:00,CHI,2026-09-06,80.1,80.2322580645161,1.7156560104828509,
2026-09-05T18:25:15+00:00,NYC,2026-09-05,79.7,81.93225806451613,1.3145309716161842,
2026-09-05T18:25:17+00:00,NYC,2026-09-06,70.6,75.57096774193548,2.0243985245144276,
2026-09-05T18:25:19+00:00,CHI,2026-09-05,80.7,82.80967741935486,1.7678773199864213,
2026-09-05T18:25:22+00:00,CHI,2026-09-06,80.1,80.2322580645161,1.7156560104828509,
2026-09-05T18:26:15+00:00,NYC,2026-09-05,79.7,81.93225806451613,1.3145309716161842,
2026-09-05T18:26:17+00:00,NYC,2026-09-06,70.6,75.57096774193548,2.0243985245144276,
2026-09-05T18:26:19+00:00,CHI,2026-09-05,80.7,82.80967741935486,1.7678773199864213,
2026-09-05T18:26:22+00:00,CHI,2026-09-06,80.1,80.2322580645161,1.7156560104828509,
2026-09-05T18:27:15+00:00,NYC,2026-09-05,79.7,81.93225806451613,1.3145309716161842,
2026-09-05T18:27:17+00:00,NYC,2026-09-06,70.6,75.57096774193548,2.0243985245144276,
2026-09-05T18:27:19+00:00,CHI,2026-09-05,80.7,82.80967741935486,1.7678773199864213,
2026-09-05T18:27:21+00:00,CHI,2026-09-06,80.1,80.2322580645161,1.7156560104828509,
2026-09-05T18:28:15+00:00,NYC,2026-09-05,79.7,81.93225806451613,1.3145309716161842,
2026-09-05T18:28:17+00:00,NYC,2026-09-06,70.6,75.57096774193548,2.0243985245144276,
2026-09-05T18:28:19+00:00,CHI,2026-09-05,80.7,82.80967741935486,1.7678773199864213,
2026-09-05T18:28:21+00:00,CHI,2026-09-06,80.1,80.2322580645161,1.7156560104828509,
2026-09-05T18:29:15+00:00,NYC,2026-09-05,79.7,81.93225806451613,1.3145309716161842,
2026-09-05T18:29:17+00:00,NYC,2026-09-06,70.6,75.57096774193548,2.0243985245144276,
2026-09-05T18:29:19+00:00,CHI,2026-09-05,80.7,82.80967741935486,1.7678773199864213,
2026-09-05T18:29:21+00:00,CHI,2026-09-06,80.1,80.2322580645161,1.7156560104828509,
2026-09-05T18:30:15+00:00,NYC,2026-09-05,79.7,81.93225806451613,1.3145309716161842,
2026-09-05T18:30:17+00:00,NYC,2026-09-06,70.6,75.57096774193548,2.0243985245144276,
2026-09-05T18:30:19+00:00,CHI,2026-09-05,80.7,82.80967741935486,1.7678773199864213,
2026-09-05T18:30:22+00:00,CHI,2026-09-06,80.1,80.2322580645161,1.7156560104828509,
2026-09-05T18:31:15+00:00,NYC,2026-09-05,79.7,81.93225806451613,1.3145309716161842,
2026-09-05T18:31:17+00:00,NYC,2026-09-06,70.6,75.57096774193548,2.0243985245144276,
2026-09-05T18:31:19+00:00,CHI,2026-09-05,80.7,82.80967741935486,1.7678773199864213,
2026-09-05T18:31:21+00:00,CHI,2026-09-06,80.1,80.2322580645161,1.7156560104828509,
2026-09-05T18:32:15+00:00,NYC,2026-09-05,79.7,81.93225806451613,1.3145309716161842,
2026-09-05T18:32:18+00:00,NYC,2026-09-06,70.6,75.57096774193548,2.0243985245144276,
2026-09-05T18:32:20+00:00,CHI,2026-09-05,80.7,82.80967741935486,1.7678773199864213,
2026-09-05T18:32:22+00:00,CHI,2026-09-06,80.1,80.2322580645161,1.7156560104828509,
2026-09-05T18:33:15+00:00,NYC,2026-09-05,79.7,81.93225806451613,1.3145309716161842,
2026-09-05T18:33:17+00:00,NYC,2026-09-06,70.6,75.57096774193548,2.0243985245144276,
2026-09-05T18:33:19+00:00,CHI,2026-09-05,80.7,82.80967741935486,1.7678773199864213,
2026-09-05T18:33:21+00:00,CHI,2026-09-06,80.1,80.2322580645161,1.7156560104828509,
2026-09-05T18:34:15+00:00,NYC,2026-09-05,79.7,81.93225806451613,1.3145309716161842,
2026-09-05T18:34:17+00:00,NYC,2026-09-06,70.6,75.57096774193548,2.0243985245144276,
2026-09-05T18:34:20+00:00,CHI,2026-09-05,80.7,82.80967741935486,1.7678773199864213,
2026-09-05T18:34:22+00:00,CHI,2026-09-06,80.1,80.2322580645161,1.7156560104828509,
2026-09-05T18:35:15+00:00,NYC,2026-09-05,79.7,81.93225806451613,1.3145309716161842,
2026-09-05T18:35:17+00:00,NYC,2026-09-06,70.6,75.57096774193548,2.0243985245144276,
2026-09-05T18:35:19+00:00,CHI,2026-09-05,80.7,82.80967741935486,1.7678773199864213,
2026-09-05T18:35:22+00:00,CHI,2026-09-06,80.1,80.2322580645161,1.7156560104828509,
2026-09-05T18:36:15+00:00,NYC,2026-09-05,79.7,81.93225806451613,1.3145309716161842,
2026-09-05T18:36:17+00:00,NYC,2026-09-06,70.6,75.57096774193548,2.0243985245144276,
2026-09-05T18:36:19+00:00,CHI,2026-09-05,80.7,82.80967741935486,1.7678773199864213,
2026-09-05T18:36:21+00:00,CHI,2026-09-06,80.1,80.2322580645161,1.7156560104828509,
2026-09-05T18:37:15+00:00,NYC,2026-09-05,79.7,81.93225806451613,1.3145309716161842,
2026-09-05T18:37:17+00:00,NYC,2026-09-06,70.6,75.57096774193548,2.0243985245144276,
2026-09-05T18:37:19+00:00,CHI,2026-09-05,80.7,82.80967741935486,1.7678773199864213,
2026-09-05T18:37:21+00:00,CHI,2026-09-06,80.1,80.2322580645161,1.7156560104828509,
2026-09-05T18:38:44+00:00,NYC,2026-09-05,79.9,81.93225806451613,1.3145309716161842,
2026-09-05T18:38:46+00:00,NYC,2026-09-06,70.6,75.57096774193548,2.0243985245144276,
2026-09-05T18:38:49+00:00,CHI,2026-09-05,80.4,82.80967741935486,1.7678773199864213,
2026-09-05T18:38:51+00:00,CHI,2026-09-06,80.1,80.2322580645161,1.7156560104828509,
2026-09-05T18:39:15+00:00,NYC,2026-09-05,79.9,81.93225806451613,1.3145309716161842,
2026-09-05T18:39:17+00:00,NYC,2026-09-06,70.6,75.57096774193548,2.0243985245144276,
2026-09-05T18:39:19+00:00,CHI,2026-09-05,80.4,82.80967741935486,1.7678773199864213,
2026-09-05T18:39:21+00:00,CHI,2026-09-06,80.1,80.2322580645161,1.7156560104828509,
2026-09-05T18:40:15+00:00,NYC,2026-09-05,79.9,81.93225806451613,1.3145309716161842,
2026-09-05T18:40:17+00:00,NYC,2026-09-06,70.6,75.57096774193548,2.0243985245144276,
2026-09-05T18:40:19+00:00,CHI,2026-09-05,80.4,82.80967741935486,1.7678773199864213,
2026-09-05T18:40:21+00:00,CHI,2026-09-06,80.1,80.2322580645161,1.7156560104828509,
2026-09-05T18:41:15+00:00,NYC,2026-09-05,79.9,81.93225806451613,1.3145309716161842,
2026-09-05T18:41:17+00:00,NYC,2026-09-06,70.6,75.57096774193548,2.0243985245144276,
2026-09-05T18:41:19+00:00,CHI,2026-09-05,80.4,82.80967741935486,1.7678773199864213,
2026-09-05T18:41:21+00:00,CHI,2026-09-06,80.1,80.2322580645161,1.7156560104828509,
2026-09-05T18:42:15+00:00,NYC,2026-09-05,79.9,81.93225806451613,1.3145309716161842,
2026-09-05T18:42:17+00:00,NYC,2026-09-06,70.6,75.57096774193548,2.0243985245144276,
2026-09-05T18:42:19+00:00,CHI,2026-09-05,80.4,82.80967741935486,1.7678773199864213,
2026-09-05T18:42:21+00:00,CHI,2026-09-06,80.1,80.2322580645161,1.7156560104828509,
2026-09-05T18:43:15+00:00,NYC,2026-09-05,79.9,81.93225806451613,1.3145309716161842,
2026-09-05T18:43:17+00:00,NYC,2026-09-06,70.6,75.57096774193548,2.0243985245144276,
2026-09-05T18:43:19+00:00,CHI,2026-09-05,80.4,82.80967741935486,1.7678773199864213,
2026-09-05T18:43:21+00:00,CHI,2026-09-06,80.1,80.2322580645161,1.7156560104828509,
2026-09-05T18:44:15+00:00,NYC,2026-09-05,79.9,81.93225806451613,1.3145309716161842,
2026-09-05T18:44:17+00:00,NYC,2026-09-06,70.6,75.57096774193548,2.0243985245144276,
2026-09-05T18:44:19+00:00,CHI,2026-09-05,80.4,82.80967741935486,1.7678773199864213,
2026-09-05T18:44:21+00:00,CHI,2026-09-06,80.1,80.2322580645161,1.7156560104828509,
2026-09-05T18:45:15+00:00,NYC,2026-09-05,79.9,81.93225806451613,1.3145309716161842,
2026-09-05T18:45:17+00:00,NYC,2026-09-06,70.6,75.57096774193548,2.0243985245144276,
2026-09-05T18:45:19+00:00,CHI,2026-09-05,80.4,82.80967741935486,1.7678773199864213,
2026-09-05T18:45:22+00:00,CHI,2026-09-06,80.1,80.2322580645161,1.7156560104828509,
2026-09-05T18:46:15+00:00,NYC,2026-09-05,79.9,81.93225806451613,1.3145309716161842,
2026-09-05T18:46:17+00:00,NYC,2026-09-06,70.6,75.57096774193548,2.0243985245144276,
2026-09-05T18:46:19+00:00,CHI,2026-09-05,80.4,82.80967741935486,1.7678773199864213,
2026-09-05T18:46:21+00:00,CHI,2026-09-06,80.1,80.2322580645161,1.7156560104828509,
2026-09-05T18:47:15+00:00,NYC,2026-09-05,79.9,81.93225806451613,1.3145309716161842,
2026-09-05T18:47:17+00:00,NYC,2026-09-06,70.6,75.57096774193548,2.0243985245144276,
2026-09-05T18:47:19+00:00,CHI,2026-09-05,80.4,82.80967741935486,1.7678773199864213,
2026-09-05T18:47:22+00:00,CHI,2026-09-06,80.1,80.2322580645161,1.7156560104828509,
2026-09-05T18:48:15+00:00,NYC,2026-09-05,79.9,81.93225806451613,1.3145309716161842,
2026-09-05T18:48:17+00:00,NYC,2026-09-06,70.6,75.57096774193548,2.0243985245144276,
2026-09-05T18:48:19+00:00,CHI,2026-09-05,80.4,82.80967741935486,1.7678773199864213,
2026-09-05T18:48:21+00:00,CHI,2026-09-06,80.1,80.2322580645161,1.7156560104828509,
2026-09-05T18:49:15+00:00,NYC,2026-09-05,79.9,81.93225806451613,1.3145309716161842,
2026-09-05T18:49:17+00:00,NYC,2026-09-06,70.6,75.57096774193548,2.0243985245144276,
2026-09-05T18:49:19+00:00,CHI,2026-09-05,80.4,82.80967741935486,1.7678773199864213,
2026-09-05T18:49:21+00:00,CHI,2026-09-06,80.1,80.2322580645161,1.7156560104828509,
2026-09-05T18:50:15+00:00,NYC,2026-09-05,79.9,81.93225806451613,1.3145309716161842,
2026-09-05T18:50:18+00:00,NYC,2026-09-06,70.6,75.57096774193548,2.0243985245144276,
2026-09-05T18:50:20+00:00,CHI,2026-09-05,80.4,82.80967741935486,1.7678773199864213,
2026-09-05T18:50:23+00:00,CHI,2026-09-06,80.1,80.2322580645161,1.7156560104828509,
2026-09-05T18:51:15+00:00,NYC,2026-09-05,79.9,81.93225806451613,1.3145309716161842,
2026-09-05T18:51:17+00:00,NYC,2026-09-06,70.6,75.57096774193548,2.0243985245144276,
2026-09-05T18:51:19+00:00,CHI,2026-09-05,80.4,82.80967741935486,1.7678773199864213,
2026-09-05T18:51:21+00:00,CHI,2026-09-06,80.1,80.2322580645161,1.7156560104828509,
2026-09-05T18:52:15+00:00,NYC,2026-09-05,79.9,81.93225806451613,1.3145309716161842,
2026-09-05T18:52:17+00:00,NYC,2026-09-06,70.6,75.57096774193548,2.0243985245144276,
2026-09-05T18:52:19+00:00,CHI,2026-09-05,80.4,82.80967741935486,1.7678773199864213,
2026-09-05T18:52:21+00:00,CHI,2026-09-06,80.1,80.2322580645161,1.7156560104828509,
2026-09-05T18:53:15+00:00,NYC,2026-09-05,79.9,81.93225806451613,1.3145309716161842,
2026-09-05T18:53:17+00:00,NYC,2026-09-06,70.6,75.57096774193548,2.0243985245144276,
2026-09-05T18:53:19+00:00,CHI,2026-09-05,80.4,82.80967741935486,1.7678773199864213,
2026-09-05T18:53:21+00:00,CHI,2026-09-06,80.1,80.2322580645161,1.7156560104828509,
2026-09-05T18:54:15+00:00,NYC,2026-09-05,79.9,81.93225806451613,1.3145309716161842,
2026-09-05T18:54:17+00:00,NYC,2026-09-06,70.6,75.57096774193548,2.0243985245144276,
2026-09-05T18:54:19+00:00,CHI,2026-09-05,80.4,82.80967741935486,1.7678773199864213,
2026-09-05T18:54:21+00:00,CHI,2026-09-06,80.1,80.2322580645161,1.7156560104828509,
2026-09-05T18:55:15+00:00,NYC,2026-09-05,79.9,81.93225806451613,1.3145309716161842,
2026-09-05T18:55:17+00:00,NYC,2026-09-06,70.6,75.57096774193548,2.0243985245144276,
2026-09-05T18:55:19+00:00,CHI,2026-09-05,80.4,82.80967741935486,1.7678773199864213,
2026-09-05T18:55:21+00:00,CHI,2026-09-06,80.1,80.2322580645161,1.7156560104828509,
2026-09-05T18:56:15+00:00,NYC,2026-09-05,79.9,81.93225806451613,1.3145309716161842,
2026-09-05T18:56:17+00:00,NYC,2026-09-06,70.6,75.57096774193548,2.0243985245144276,
2026-09-05T18:56:19+00:00,CHI,2026-09-05,80.4,82.80967741935486,1.7678773199864213,
2026-09-05T18:56:21+00:00,CHI,2026-09-06,80.1,80.2322580645161,1.7156560104828509,
2026-09-05T18:57:15+00:00,NYC,2026-09-05,79.9,81.93225806451613,1.3145309716161842,
2026-09-05T18:57:17+00:00,NYC,2026-09-06,70.6,75.57096774193548,2.0243985245144276,
2026-09-05T18:57:19+00:00,CHI,2026-09-05,80.4,82.80967741935486,1.7678773199864213,
2026-09-05T18:57:22+00:00,CHI,2026-09-06,80.1,80.2322580645161,1.7156560104828509,
2026-09-05T18:58:15+00:00,NYC,2026-09-05,79.9,81.93225806451613,1.3145309716161842,
2026-09-05T18:58:17+00:00,NYC,2026-09-06,70.6,75.57096774193548,2.0243985245144276,
2026-09-05T18:58:19+00:00,CHI,2026-09-05,80.4,82.80967741935486,1.7678773199864213,
2026-09-05T18:58:22+00:00,CHI,2026-09-06,80.1,80.2322580645161,1.7156560104828509,
2026-09-05T18:59:15+00:00,NYC,2026-09-05,79.9,81.93225806451613,1.3145309716161842,
2026-09-05T18:59:17+00:00,NYC,2026-09-06,70.6,75.57096774193548,2.0243985245144276,
2026-09-05T18:59:19+00:00,CHI,2026-09-05,80.4,82.80967741935486,1.7678773199864213,
2026-09-05T18:59:22+00:00,CHI,2026-09-06,80.1,80.2322580645161,1.7156560104828509,
2026-09-05T19:00:15+00:00,NYC,2026-09-05,79.9,81.93225806451613,1.3145309716161842,
2026-09-05T19:00:19+00:00,NYC,2026-09-06,70.6,75.57096774193548,2.0243985245144276,
2026-09-05T19:00:21+00:00,CHI,2026-09-05,80.4,82.80967741935486,1.7678773199864213,
2026-09-05T19:00:25+00:00,CHI,2026-09-06,80.1,80.2322580645161,1.7156560104828509,
2026-09-05T19:01:15+00:00,NYC,2026-09-05,79.9,81.93225806451613,1.3145309716161842,
2026-09-05T19:01:17+00:00,NYC,2026-09-06,70.6,75.57096774193548,2.0243985245144276,
2026-09-05T19:01:19+00:00,CHI,2026-09-05,80.4,82.80967741935486,1.7678773199864213,
2026-09-05T19:01:22+00:00,CHI,2026-09-06,80.1,80.2322580645161,1.7156560104828509,
2026-09-05T19:02:15+00:00,NYC,2026-09-05,79.9,81.93225806451613,1.3145309716161842,
2026-09-05T19:02:17+00:00,NYC,2026-09-06,70.6,75.57096774193548,2.0243985245144276,
2026-09-05T19:02:19+00:00,CHI,2026-09-05,80.4,82.80967741935486,1.7678773199864213,
2026-09-05T19:02:21+00:00,CHI,2026-09-06,80.1,80.2322580645161,1.7156560104828509,
2026-09-05T19:03:15+00:00,NYC,2026-09-05,79.9,81.93225806451613,1.3145309716161842,
2026-09-05T19:03:17+00:00,NYC,2026-09-06,70.6,75.57096774193548,2.0243985245144276,
2026-09-05T19:03:19+00:00,CHI,2026-09-05,80.4,82.80967741935486,1.7678773199864213,
2026-09-05T19:03:21+00:00,CHI,2026-09-06,80.1,80.2322580645161,1.7156560104828509,
2026-09-05T19:04:15+00:00,NYC,2026-09-05,79.9,81.93225806451613,1.3145309716161842,
2026-09-05T19:04:17+00:00,NYC,2026-09-06,70.6,75.57096774193548,2.0243985245144276,
2026-09-05T19:04:20+00:00,CHI,2026-09-05,80.4,82.80967741935486,1.7678773199864213,
2026-09-05T19:04:22+00:00,CHI,2026-09-06,80.1,80.2322580645161,1.7156560104828509,
2026-09-05T19:05:15+00:00,NYC,2026-09-05,79.9,81.93225806451613,1.3145309716161842,
2026-09-05T19:05:17+00:00,NYC,2026-09-06,70.6,75.57096774193548,2.0243985245144276,
2026-09-05T19:05:19+00:00,CHI,2026-09-05,80.4,82.80967741935486,1.7678773199864213,
2026-09-05T19:05:21+00:00,CHI,2026-09-06,80.1,80.2322580645161,1.7156560104828509,
2026-09-05T19:06:15+00:00,NYC,2026-09-05,79.9,81.93225806451613,1.3145309716161842,
2026-09-05T19:06:17+00:00,NYC,2026-09-06,70.6,75.57096774193548,2.0243985245144276,
2026-09-05T19:06:19+00:00,CHI,2026-09-05,80.4,82.80967741935486,1.7678773199864213,
2026-09-05T19:06:22+00:00,CHI,2026-09-06,80.1,80.2322580645161,1.7156560104828509,
2026-09-05T19:07:15+00:00,NYC,2026-09-05,79.9,81.93225806451613,1.3145309716161842,
2026-09-05T19:07:17+00:00,NYC,2026-09-06,70.6,75.57096774193548,2.0243985245144276,
2026-09-05T19:07:19+00:00,CHI,2026-09-05,80.4,82.80967741935486,1.7678773199864213,
2026-09-05T19:07:21+00:00,CHI,2026-09-06,80.1,80.2322580645161,1.7156560104828509,
2026-09-05T19:08:15+00:00,NYC,2026-09-05,79.9,81.93225806451613,1.3145309716161842,
2026-09-05T19:08:17+00:00,NYC,2026-09-06,70.6,75.57096774193548,2.0243985245144276,
2026-09-05T19:08:19+00:00,CHI,2026-09-05,80.4,82.80967741935486,1.7678773199864213,
2026-09-05T19:08:21+00:00,CHI,2026-09-06,80.1,80.2322580645161,1.7156560104828509,
2026-09-05T19:09:15+00:00,NYC,2026-09-05,79.9,81.93225806451613,1.3145309716161842,
2026-09-05T19:09:17+00:00,NYC,2026-09-06,70.6,75.57096774193548,2.0243985245144276,
2026-09-05T19:09:19+00:00,CHI,2026-09-05,80.4,82.80967741935486,1.7678773199864213,
2026-09-05T19:09:21+00:00,CHI,2026-09-06,80.1,80.2322580645161,1.7156560104828509,
2026-09-05T19:10:15+00:00,NYC,2026-09-05,79.9,81.93225806451613,1.3145309716161842,
2026-09-05T19:10:17+00:00,NYC,2026-09-06,70.6,75.57096774193548,2.0243985245144276,
2026-09-05T19:10:19+00:00,CHI,2026-09-05,80.4,82.80967741935486,1.7678773199864213,
2026-09-05T19:10:22+00:00,CHI,2026-09-06,80.1,80.2322580645161,1.7156560104828509,
2026-09-05T19:11:15+00:00,NYC,2026-09-05,79.9,81.93225806451613,1.3145309716161842,
2026-09-05T19:11:17+00:00,NYC,2026-09-06,70.6,75.57096774193548,2.0243985245144276,
2026-09-05T19:11:19+00:00,CHI,2026-09-05,80.4,82.80967741935486,1.7678773199864213,
2026-09-05T19:11:22+00:00,CHI,2026-09-06,80.1,80.2322580645161,1.7156560104828509,
2026-09-05T19:12:15+00:00,NYC,2026-09-05,79.9,81.93225806451613,1.3145309716161842,
2026-09-05T19:12:17+00:00,NYC,2026-09-06,70.6,75.57096774193548,2.0243985245144276,
2026-09-05T19:12:19+00:00,CHI,2026-09-05,80.4,82.80967741935486,1.7678773199864213,
2026-09-05T19:12:21+00:00,CHI,2026-09-06,80.1,80.2322580645161,1.7156560104828509,
2026-09-05T19:13:15+00:00,NYC,2026-09-05,79.9,81.93225806451613,1.3145309716161842,
2026-09-05T19:13:17+00:00,NYC,2026-09-06,70.6,75.57096774193548,2.0243985245144276,
2026-09-05T19:13:19+00:00,CHI,2026-09-05,80.4,82.80967741935486,1.7678773199864213,
2026-09-05T19:13:21+00:00,CHI,2026-09-06,80.1,80.2322580645161,1.7156560104828509,
2026-09-05T19:14:15+00:00,NYC,2026-09-05,79.9,81.93225806451613,1.3145309716161842,
2026-09-05T19:14:17+00:00,NYC,2026-09-06,70.6,75.57096774193548,2.0243985245144276,
2026-09-05T19:14:19+00:00,CHI,2026-09-05,80.4,82.80967741935486,1.7678773199864213,
2026-09-05T19:14:21+00:00,CHI,2026-09-06,80.1,80.2322580645161,1.7156560104828509,
2026-09-05T19:15:15+00:00,NYC,2026-09-05,79.9,81.93225806451613,1.3145309716161842,
2026-09-05T19:15:17+00:00,NYC,2026-09-06,70.6,75.57096774193548,2.0243985245144276,
2026-09-05T19:15:19+00:00,CHI,2026-09-05,80.4,82.80967741935486,1.7678773199864213,
2026-09-05T19:15:21+00:00,CHI,2026-09-06,80.1,80.2322580645161,1.7156560104828509,
2026-09-05T19:16:15+00:00,NYC,2026-09-05,79.9,81.93225806451613,1.3145309716161842,
2026-09-05T19:16:17+00:00,NYC,2026-09-06,70.6,75.57096774193548,2.0243985245144276,
2026-09-05T19:16:19+00:00,CHI,2026-09-05,80.4,82.80967741935486,1.7678773199864213,
2026-09-05T19:16:21+00:00,CHI,2026-09-06,80.1,80.2322580645161,1.7156560104828509,
2026-09-05T19:17:15+00:00,NYC,2026-09-05,79.9,81.93225806451613,1.3145309716161842,
2026-09-05T19:17:17+00:00,NYC,2026-09-06,70.6,75.57096774193548,2.0243985245144276,
2026-09-05T19:17:19+00:00,CHI,2026-09-05,80.4,82.80967741935486,1.7678773199864213,
2026-09-05T19:17:21+00:00,CHI,2026-09-06,80.1,80.2322580645161,1.7156560104828509,
2026-09-05T19:18:20+00:00,NYC,2026-09-05,79.9,81.93225806451613,1.3145309716161842,
2026-09-05T19:18:22+00:00,NYC,2026-09-06,70.6,75.57096774193548,2.0243985245144276,
2026-09-05T19:18:24+00:00,CHI,2026-09-05,80.4,82.80967741935486,1.7678773199864213,
2026-09-05T19:18:26+00:00,CHI,2026-09-06,80.1,80.2322580645161,1.7156560104828509,
2026-09-05T19:19:15+00:00,NYC,2026-09-05,79.9,81.93225806451613,1.3145309716161842,
2026-09-05T19:19:17+00:00,NYC,2026-09-06,70.6,75.57096774193548,2.0243985245144276,
2026-09-05T19:19:19+00:00,CHI,2026-09-05,80.4,82.80967741935486,1.7678773199864213,
2026-09-05T19:19:22+00:00,CHI,2026-09-06,80.1,80.2322580645161,1.7156560104828509,
2026-09-05T19:20:15+00:00,NYC,2026-09-05,79.9,81.93225806451613,1.3145309716161842,
2026-09-05T19:20:17+00:00,NYC,2026-09-06,70.6,75.57096774193548,2.0243985245144276,
2026-09-05T19:20:19+00:00,CHI,2026-09-05,80.4,82.80967741935486,1.7678773199864213,
2026-09-05T19:20:22+00:00,CHI,2026-09-06,80.1,80.2322580645161,1.7156560104828509,
2026-09-05T19:21:15+00:00,NYC,2026-09-05,79.9,81.93225806451613,1.3145309716161842,
2026-09-05T19:21:17+00:00,NYC,2026-09-06,70.6,75.57096774193548,2.0243985245144276,
2026-09-05T19:21:19+00:00,CHI,2026-09-05,80.4,82.80967741935486,1.7678773199864213,
2026-09-05T19:21:22+00:00,CHI,2026-09-06,80.1,80.2322580645161,1.7156560104828509,
2026-09-05T19:22:15+00:00,NYC,2026-09-05,79.9,81.93225806451613,1.3145309716161842,
2026-09-05T19:22:17+00:00,NYC,2026-09-06,70.6,75.57096774193548,2.0243985245144276,
2026-09-05T19:22:20+00:00,CHI,2026-09-05,80.4,82.80967741935486,1.7678773199864213,
2026-09-05T19:22:22+00:00,CHI,2026-09-06,80.1,80.2322580645161,1.7156560104828509,
2026-09-05T19:24:02+00:00,NYC,2026-09-05,79.9,81.93225806451613,1.3145309716161842,
2026-09-05T19:24:05+00:00,NYC,2026-09-06,70.6,75.57096774193548,2.0243985245144276,
2026-09-05T19:24:07+00:00,CHI,2026-09-05,80.4,82.80967741935486,1.7678773199864213,
2026-09-05T19:24:09+00:00,CHI,2026-09-06,80.1,80.2322580645161,1.7156560104828509,
2026-09-05T19:25:01+00:00,NYC,2026-09-05,79.9,81.93225806451613,1.3145309716161842,
2026-09-05T19:25:03+00:00,NYC,2026-09-06,70.6,75.57096774193548,2.0243985245144276,
2026-09-05T19:25:05+00:00,CHI,2026-09-05,80.4,82.80967741935486,1.7678773199864213,
2026-09-05T19:25:08+00:00,CHI,2026-09-06,80.1,80.2322580645161,1.7156560104828509,
2026-09-05T19:26:16+00:00,NYC,2026-09-05,79.9,81.93225806451613,1.3145309716161842,
2026-09-05T19:26:19+00:00,NYC,2026-09-06,70.6,75.57096774193548,2.0243985245144276,
2026-09-05T19:26:21+00:00,CHI,2026-09-05,80.4,82.80967741935486,1.7678773199864213,
2026-09-05T19:26:23+00:00,CHI,2026-09-06,80.1,80.2322580645161,1.7156560104828509,
2026-09-05T19:27:01+00:00,NYC,2026-09-05,79.9,81.93225806451613,1.3145309716161842,
2026-09-05T19:27:03+00:00,NYC,2026-09-06,70.6,75.57096774193548,2.0243985245144276,
2026-09-05T19:27:07+00:00,CHI,2026-09-05,80.4,82.80967741935486,1.7678773199864213,
2026-09-05T19:27:09+00:00,CHI,2026-09-06,80.1,80.2322580645161,1.7156560104828509,
2026-09-05T19:28:09+00:00,NYC,2026-09-05,79.9,81.93225806451613,1.3145309716161842,
2026-09-05T19:28:11+00:00,NYC,2026-09-06,70.6,75.57096774193548,2.0243985245144276,
2026-09-05T19:28:13+00:00,CHI,2026-09-05,80.4,82.80967741935486,1.7678773199864213,
2026-09-05T19:28:16+00:00,CHI,2026-09-06,80.1,80.2322580645161,1.7156560104828509,
2026-09-05T19:29:01+00:00,NYC,2026-09-05,79.9,81.93225806451613,1.3145309716161842,
2026-09-05T19:29:04+00:00,NYC,2026-09-06,70.6,75.57096774193548,2.0243985245144276,
2026-09-05T19:29:06+00:00,CHI,2026-09-05,80.4,82.80967741935486,1.7678773199864213,
2026-09-05T19:29:09+00:00,CHI,2026-09-06,80.1,80.2322580645161,1.7156560104828509,
2026-09-05T19:30:01+00:00,NYC,2026-09-05,79.9,81.93225806451613,1.3145309716161842,
2026-09-05T19:30:03+00:00,NYC,2026-09-06,70.6,75.57096774193548,2.0243985245144276,
2026-09-05T19:30:06+00:00,CHI,2026-09-05,80.4,82.80967741935486,1.7678773199864213,
2026-09-05T19:30:08+00:00,CHI,2026-09-06,80.1,80.2322580645161,1.7156560104828509,
2026-09-05T19:31:02+00:00,NYC,2026-09-05,79.9,81.93225806451613,1.3145309716161842,
2026-09-05T19:31:04+00:00,NYC,2026-09-06,70.6,75.57096774193548,2.0243985245144276,
2026-09-05T19:31:07+00:00,CHI,2026-09-05,80.4,82.80967741935486,1.7678773199864213,
2026-09-05T19:31:10+00:00,CHI,2026-09-06,80.1,80.2322580645161,1.7156560104828509,
2026-09-05T19:32:01+00:00,NYC,2026-09-05,79.9,81.93225806451613,1.3145309716161842,
2026-09-05T19:32:03+00:00,NYC,2026-09-06,70.6,75.57096774193548,2.0243985245144276,
2026-09-05T19:32:05+00:00,CHI,2026-09-05,80.4,82.80967741935486,1.7678773199864213,
2026-09-05T19:32:08+00:00,CHI,2026-09-06,80.1,80.2322580645161,1.7156560104828509,
2026-09-05T19:33:01+00:00,NYC,2026-09-05,79.9,81.93225806451613,1.3145309716161842,
2026-09-05T19:33:04+00:00,NYC,2026-09-06,70.6,75.57096774193548,2.0243985245144276,
2026-09-05T19:33:06+00:00,CHI,2026-09-05,80.4,82.80967741935486,1.7678773199864213,
2026-09-05T19:33:08+00:00,CHI,2026-09-06,80.1,80.2322580645161,1.7156560104828509,
2026-09-05T19:34:01+00:00,NYC,2026-09-05,79.9,81.93225806451613,1.3145309716161842,
2026-09-05T19:34:03+00:00,NYC,2026-09-06,70.6,75.57096774193548,2.0243985245144276,
2026-09-05T19:34:05+00:00,CHI,2026-09-05,80.4,82.80967741935486,1.7678773199864213,
2026-09-05T19:34:08+00:00,CHI,2026-09-06,80.1,80.2322580645161,1.7156560104828509,
2026-09-05T19:35:01+00:00,NYC,2026-09-05,79.9,81.93225806451613,1.3145309716161842,
2026-09-05T19:35:03+00:00,NYC,2026-09-06,70.6,75.57096774193548,2.0243985245144276,
2026-09-05T19:35:05+00:00,CHI,2026-09-05,80.4,82.80967741935486,1.7678773199864213,
2026-09-05T19:35:08+00:00,CHI,2026-09-06,80.1,80.2322580645161,1.7156560104828509,
2026-09-05T19:36:26+00:00,NYC,2026-09-05,79.9,81.93225806451613,1.3145309716161842,
2026-09-05T19:36:29+00:00,NYC,2026-09-06,70.6,75.57096774193548,2.0243985245144276,
2026-09-05T19:36:31+00:00,CHI,2026-09-05,80.4,82.80967741935486,1.7678773199864213,
2026-09-05T19:36:33+00:00,CHI,2026-09-06,80.1,80.2322580645161,1.7156560104828509,
2026-09-05T19:37:16+00:00,NYC,2026-09-05,79.9,81.93225806451613,1.3145309716161842,
2026-09-05T19:37:21+00:00,NYC,2026-09-06,70.6,75.57096774193548,2.0243985245144276,
2026-09-05T19:37:23+00:00,CHI,2026-09-05,80.4,82.80967741935486,1.7678773199864213,
2026-09-05T19:37:25+00:00,CHI,2026-09-06,80.1,80.2322580645161,1.7156560104828509,
2026-09-05T19:38:01+00:00,NYC,2026-09-05,79.9,81.93225806451613,1.3145309716161842,
2026-09-05T19:38:04+00:00,NYC,2026-09-06,70.6,75.57096774193548,2.0243985245144276,
2026-09-05T19:38:06+00:00,CHI,2026-09-05,80.4,82.80967741935486,1.7678773199864213,
2026-09-05T19:38:08+00:00,CHI,2026-09-06,80.1,80.2322580645161,1.7156560104828509,
2026-09-05T19:39:01+00:00,NYC,2026-09-05,79.9,81.93225806451613,1.3145309716161842,
2026-09-05T19:39:03+00:00,NYC,2026-09-06,70.6,75.57096774193548,2.0243985245144276,
2026-09-05T19:39:05+00:00,CHI,2026-09-05,80.4,82.80967741935486,1.7678773199864213,
2026-09-05T19:39:08+00:00,CHI,2026-09-06,80.1,80.2322580645161,1.7156560104828509,
2026-09-05T19:40:01+00:00,NYC,2026-09-05,79.9,81.93225806451613,1.3145309716161842,
2026-09-05T19:40:03+00:00,NYC,2026-09-06,70.6,75.57096774193548,2.0243985245144276,
2026-09-05T19:40:05+00:00,CHI,2026-09-05,80.4,82.80967741935486,1.7678773199864213,
2026-09-05T19:40:08+00:00,CHI,2026-09-06,80.1,80.2322580645161,1.7156560104828509,
2026-09-05T19:41:01+00:00,NYC,2026-09-05,79.9,81.93225806451613,1.3145309716161842,
2026-09-05T19:41:03+00:00,NYC,2026-09-06,70.6,75.57096774193548,2.0243985245144276,
2026-09-05T19:41:05+00:00,CHI,2026-09-05,80.4,82.80967741935486,1.7678773199864213,
2026-09-05T19:41:08+00:00,CHI,2026-09-06,80.1,80.2322580645161,1.7156560104828509,
2026-09-05T19:42:01+00:00,NYC,2026-09-05,79.9,81.93225806451613,1.3145309716161842,
2026-09-05T19:42:03+00:00,NYC,2026-09-06,70.6,75.57096774193548,2.0243985245144276,
2026-09-05T19:42:05+00:00,CHI,2026-09-05,80.4,82.80967741935486,1.7678773199864213,
2026-09-05T19:42:08+00:00,CHI,2026-09-06,80.1,80.2322580645161,1.7156560104828509,
2026-09-05T19:43:01+00:00,NYC,2026-09-05,79.9,81.93225806451613,1.3145309716161842,
2026-09-05T19:43:04+00:00,NYC,2026-09-06,70.6,75.57096774193548,2.0243985245144276,
2026-09-05T19:43:06+00:00,CHI,2026-09-05,80.4,82.80967741935486,1.7678773199864213,
2026-09-05T19:43:09+00:00,CHI,2026-09-06,80.1,80.2322580645161,1.7156560104828509,
2026-09-05T19:44:01+00:00,NYC,2026-09-05,79.9,81.93225806451613,1.3145309716161842,
2026-09-05T19:44:04+00:00,NYC,2026-09-06,70.6,75.57096774193548,2.0243985245144276,
2026-09-05T19:44:06+00:00,CHI,2026-09-05,80.4,82.80967741935486,1.7678773199864213,
2026-09-05T19:44:08+00:00,CHI,2026-09-06,80.1,80.2322580645161,1.7156560104828509,
2026-09-05T19:45:01+00:00,NYC,2026-09-05,79.9,81.93225806451613,1.3145309716161842,
2026-09-05T19:45:03+00:00,NYC,2026-09-06,70.6,75.57096774193548,2.0243985245144276,
2026-09-05T19:45:05+00:00,CHI,2026-09-05,80.4,82.80967741935486,1.7678773199864213,
2026-09-05T19:45:08+00:00,CHI,2026-09-06,80.1,80.2322580645161,1.7156560104828509,
2026-09-05T19:46:02+00:00,NYC,2026-09-05,79.9,81.93225806451613,1.3145309716161842,
2026-09-05T19:46:04+00:00,NYC,2026-09-06,70.6,75.57096774193548,2.0243985245144276,
2026-09-05T19:46:06+00:00,CHI,2026-09-05,80.4,82.80967741935486,1.7678773199864213,
2026-09-05T19:46:09+00:00,CHI,2026-09-06,80.1,80.2322580645161,1.7156560104828509,
2026-09-05T19:47:01+00:00,NYC,2026-09-05,79.9,81.93225806451613,1.3145309716161842,
2026-09-05T19:47:03+00:00,NYC,2026-09-06,70.6,75.57096774193548,2.0243985245144276,
2026-09-05T19:47:05+00:00,CHI,2026-09-05,80.4,82.80967741935486,1.7678773199864213,
2026-09-05T19:47:08+00:00,CHI,2026-09-06,80.1,80.2322580645161,1.7156560104828509,
2026-09-05T19:48:01+00:00,NYC,2026-09-05,79.9,81.93225806451613,1.3145309716161842,
2026-09-05T19:48:03+00:00,NYC,2026-09-06,70.6,75.57096774193548,2.0243985245144276,
2026-09-05T19:48:05+00:00,CHI,2026-09-05,80.4,82.80967741935486,1.7678773199864213,
2026-09-05T19:48:08+00:00,CHI,2026-09-06,80.1,80.2322580645161,1.7156560104828509,
2026-09-05T19:49:01+00:00,NYC,2026-09-05,79.9,81.93225806451613,1.3145309716161842,
2026-09-05T19:49:03+00:00,NYC,2026-09-06,70.6,75.57096774193548,2.0243985245144276,
2026-09-05T19:49:05+00:00,CHI,2026-09-05,80.4,82.80967741935486,1.7678773199864213,
2026-09-05T19:49:08+00:00,CHI,2026-09-06,80.1,80.2322580645161,1.7156560104828509,
2026-09-05T19:50:01+00:00,NYC,2026-09-05,79.9,81.93225806451613,1.3145309716161842,
2026-09-05T19:50:03+00:00,NYC,2026-09-06,70.6,75.57096774193548,2.0243985245144276,
2026-09-05T19:50:05+00:00,CHI,2026-09-05,80.4,82.80967741935486,1.7678773199864213,
2026-09-05T19:50:08+00:00,CHI,2026-09-06,80.1,80.2322580645161,1.7156560104828509,
2026-09-05T19:51:01+00:00,NYC,2026-09-05,79.9,81.93225806451613,1.3145309716161842,
2026-09-05T19:51:04+00:00,NYC,2026-09-06,70.6,75.57096774193548,2.0243985245144276,
2026-09-05T19:51:06+00:00,CHI,2026-09-05,80.4,82.80967741935486,1.7678773199864213,
2026-09-05T19:51:08+00:00,CHI,2026-09-06,80.1,80.2322580645161,1.7156560104828509,
2026-09-05T19:52:01+00:00,NYC,2026-09-05,79.9,81.93225806451613,1.3145309716161842,
2026-09-05T19:52:04+00:00,NYC,2026-09-06,70.6,75.57096774193548,2.0243985245144276,
2026-09-05T19:52:06+00:00,CHI,2026-09-05,80.4,82.80967741935486,1.7678773199864213,
2026-09-05T19:52:08+00:00,CHI,2026-09-06,80.1,80.2322580645161,1.7156560104828509,
2026-09-05T19:53:01+00:00,NYC,2026-09-05,79.9,81.93225806451613,1.3145309716161842,
2026-09-05T19:53:04+00:00,NYC,2026-09-06,70.6,75.57096774193548,2.0243985245144276,
2026-09-05T19:53:06+00:00,CHI,2026-09-05,80.4,82.80967741935486,1.7678773199864213,
2026-09-05T19:53:08+00:00,CHI,2026-09-06,80.1,80.2322580645161,1.7156560104828509,
2026-09-05T19:54:01+00:00,NYC,2026-09-05,79.9,81.93225806451613,1.3145309716161842,
2026-09-05T19:54:03+00:00,NYC,2026-09-06,70.6,75.57096774193548,2.0243985245144276,
2026-09-05T19:54:05+00:00,CHI,2026-09-05,80.4,82.80967741935486,1.7678773199864213,
2026-09-05T19:54:08+00:00,CHI,2026-09-06,80.1,80.2322580645161,1.7156560104828509,
2026-09-05T19:55:01+00:00,NYC,2026-09-05,79.9,81.93225806451613,1.3145309716161842,
2026-09-05T19:55:04+00:00,NYC,2026-09-06,70.6,75.57096774193548,2.0243985245144276,
2026-09-05T19:55:05+00:00,CHI,2026-09-05,80.4,82.80967741935486,1.7678773199864213,
2026-09-05T19:55:08+00:00,CHI,2026-09-06,80.1,80.2322580645161,1.7156560104828509,
2026-09-05T19:56:01+00:00,NYC,2026-09-05,79.9,81.93225806451613,1.3145309716161842,
2026-09-05T19:56:04+00:00,NYC,2026-09-06,70.6,75.57096774193548,2.0243985245144276,
2026-09-05T19:56:06+00:00,CHI,2026-09-05,80.4,82.80967741935486,1.7678773199864213,
2026-09-05T19:56:08+00:00,CHI,2026-09-06,80.1,80.2322580645161,1.7156560104828509,
2026-09-05T19:57:01+00:00,NYC,2026-09-05,79.9,81.93225806451613,1.3145309716161842,
2026-09-05T19:57:04+00:00,NYC,2026-09-06,70.6,75.57096774193548,2.0243985245144276,
2026-09-05T19:57:06+00:00,CHI,2026-09-05,80.4,82.80967741935486,1.7678773199864213,
2026-09-05T19:57:08+00:00,CHI,2026-09-06,80.1,80.2322580645161,1.7156560104828509,
2026-09-05T19:58:01+00:00,NYC,2026-09-05,79.9,81.93225806451613,1.3145309716161842,
2026-09-05T19:58:04+00:00,NYC,2026-09-06,70.6,75.57096774193548,2.0243985245144276,
2026-09-05T19:58:06+00:00,CHI,2026-09-05,80.4,82.80967741935486,1.7678773199864213,
2026-09-05T19:58:08+00:00,CHI,2026-09-06,80.1,80.2322580645161,1.7156560104828509,
2026-09-05T19:59:01+00:00,NYC,2026-09-05,79.9,81.93225806451613,1.3145309716161842,
2026-09-05T19:59:03+00:00,NYC,2026-09-06,70.6,75.57096774193548,2.0243985245144276,
2026-09-05T19:59:05+00:00,CHI,2026-09-05,80.4,82.80967741935486,1.7678773199864213,
2026-09-05T19:59:08+00:00,CHI,2026-09-06,80.1,80.2322580645161,1.7156560104828509,
2026-09-05T20:00:01+00:00,NYC,2026-09-05,78.7,81.93225806451613,1.3145309716161842,
2026-09-05T20:00:03+00:00,NYC,2026-09-06,73.8,75.57096774193548,2.0243985245144276,
2026-09-05T20:00:06+00:00,CHI,2026-09-05,80.4,82.80967741935486,1.7678773199864213,
2026-09-05T20:00:08+00:00,CHI,2026-09-06,78.9,80.2322580645161,1.7156560104828509,
2026-09-05T20:01:02+00:00,NYC,2026-09-05,78.7,81.93225806451613,1.3145309716161842,
2026-09-05T20:01:04+00:00,NYC,2026-09-06,73.8,75.57096774193548,2.0243985245144276,
2026-09-05T20:01:07+00:00,CHI,2026-09-05,80.4,82.80967741935486,1.7678773199864213,
2026-09-05T20:01:09+00:00,CHI,2026-09-06,78.9,80.2322580645161,1.7156560104828509,
2026-09-05T20:02:01+00:00,NYC,2026-09-05,78.7,81.93225806451613,1.3145309716161842,
2026-09-05T20:02:03+00:00,NYC,2026-09-06,73.8,75.57096774193548,2.0243985245144276,
2026-09-05T20:02:05+00:00,CHI,2026-09-05,80.4,82.80967741935486,1.7678773199864213,
2026-09-05T20:02:08+00:00,CHI,2026-09-06,78.9,80.2322580645161,1.7156560104828509,
2026-09-05T20:03:01+00:00,NYC,2026-09-05,78.7,81.93225806451613,1.3145309716161842,
2026-09-05T20:03:03+00:00,NYC,2026-09-06,73.8,75.57096774193548,2.0243985245144276,
2026-09-05T20:03:05+00:00,CHI,2026-09-05,80.4,82.80967741935486,1.7678773199864213,
2026-09-05T20:03:08+00:00,CHI,2026-09-06,78.9,80.2322580645161,1.7156560104828509,
2026-09-05T20:04:01+00:00,NYC,2026-09-05,78.7,81.93225806451613,1.3145309716161842,
2026-09-05T20:04:03+00:00,NYC,2026-09-06,73.8,75.57096774193548,2.0243985245144276,
2026-09-05T20:04:05+00:00,CHI,2026-09-05,80.4,82.80967741935486,1.7678773199864213,
2026-09-05T20:04:08+00:00,CHI,2026-09-06,78.9,80.2322580645161,1.7156560104828509,
2026-09-05T20:05:01+00:00,NYC,2026-09-05,78.7,81.93225806451613,1.3145309716161842,
2026-09-05T20:05:03+00:00,NYC,2026-09-06,73.8,75.57096774193548,2.0243985245144276,
2026-09-05T20:05:05+00:00,CHI,2026-09-05,80.4,82.80967741935486,1.7678773199864213,
2026-09-05T20:05:08+00:00,CHI,2026-09-06,78.9,80.2322580645161,1.7156560104828509,
2026-09-05T20:06:01+00:00,NYC,2026-09-05,78.7,81.93225806451613,1.3145309716161842,
2026-09-05T20:06:04+00:00,NYC,2026-09-06,73.8,75.57096774193548,2.0243985245144276,
2026-09-05T20:06:06+00:00,CHI,2026-09-05,80.4,82.80967741935486,1.7678773199864213,
2026-09-05T20:06:08+00:00,CHI,2026-09-06,78.9,80.2322580645161,1.7156560104828509,
2026-09-05T20:07:01+00:00,NYC,2026-09-05,78.7,81.93225806451613,1.3145309716161842,
2026-09-05T20:07:04+00:00,NYC,2026-09-06,73.8,75.57096774193548,2.0243985245144276,
2026-09-05T20:07:06+00:00,CHI,2026-09-05,80.4,82.80967741935486,1.7678773199864213,
2026-09-05T20:07:09+00:00,CHI,2026-09-06,78.9,80.2322580645161,1.7156560104828509,
2026-09-05T20:08:01+00:00,NYC,2026-09-05,78.7,81.93225806451613,1.3145309716161842,
2026-09-05T20:08:04+00:00,NYC,2026-09-06,73.8,75.57096774193548,2.0243985245144276,
2026-09-05T20:08:06+00:00,CHI,2026-09-05,80.4,82.80967741935486,1.7678773199864213,
2026-09-05T20:08:09+00:00,CHI,2026-09-06,78.9,80.2322580645161,1.7156560104828509,
2026-09-05T20:09:01+00:00,NYC,2026-09-05,78.7,81.93225806451613,1.3145309716161842,
2026-09-05T20:09:03+00:00,NYC,2026-09-06,73.8,75.57096774193548,2.0243985245144276,
2026-09-05T20:09:05+00:00,CHI,2026-09-05,80.4,82.80967741935486,1.7678773199864213,
2026-09-05T20:09:08+00:00,CHI,2026-09-06,78.9,80.2322580645161,1.7156560104828509,
2026-09-05T20:10:01+00:00,NYC,2026-09-05,78.7,81.93225806451613,1.3145309716161842,
2026-09-05T20:10:04+00:00,NYC,2026-09-06,73.8,75.57096774193548,2.0243985245144276,
2026-09-05T20:10:06+00:00,CHI,2026-09-05,80.4,82.80967741935486,1.7678773199864213,
2026-09-05T20:10:08+00:00,CHI,2026-09-06,78.9,80.2322580645161,1.7156560104828509,
2026-09-05T20:11:01+00:00,NYC,2026-09-05,78.7,81.93225806451613,1.3145309716161842,
2026-09-05T20:11:04+00:00,NYC,2026-09-06,73.8,75.57096774193548,2.0243985245144276,
2026-09-05T20:11:06+00:00,CHI,2026-09-05,80.4,82.80967741935486,1.7678773199864213,
2026-09-05T20:11:08+00:00,CHI,2026-09-06,78.9,80.2322580645161,1.7156560104828509,
2026-09-05T20:12:01+00:00,NYC,2026-09-05,78.7,81.93225806451613,1.3145309716161842,
2026-09-05T20:12:04+00:00,NYC,2026-09-06,73.8,75.57096774193548,2.0243985245144276,
2026-09-05T20:12:06+00:00,CHI,2026-09-05,80.4,82.80967741935486,1.7678773199864213,
2026-09-05T20:12:08+00:00,CHI,2026-09-06,78.9,80.2322580645161,1.7156560104828509,
2026-09-05T20:13:01+00:00,NYC,2026-09-05,78.7,81.93225806451613,1.3145309716161842,
2026-09-05T20:13:04+00:00,NYC,2026-09-06,73.8,75.57096774193548,2.0243985245144276,
2026-09-05T20:13:06+00:00,CHI,2026-09-05,80.4,82.80967741935486,1.7678773199864213,
2026-09-05T20:13:08+00:00,CHI,2026-09-06,78.9,80.2322580645161,1.7156560104828509,
2026-09-05T20:14:01+00:00,NYC,2026-09-05,78.7,81.93225806451613,1.3145309716161842,
2026-09-05T20:14:04+00:00,NYC,2026-09-06,73.8,75.57096774193548,2.0243985245144276,
2026-09-05T20:14:06+00:00,CHI,2026-09-05,80.4,82.80967741935486,1.7678773199864213,
2026-09-05T20:14:08+00:00,CHI,2026-09-06,78.9,80.2322580645161,1.7156560104828509,
2026-09-05T20:15:01+00:00,NYC,2026-09-05,78.7,81.93225806451613,1.3145309716161842,
2026-09-05T20:15:04+00:00,NYC,2026-09-06,73.8,75.57096774193548,2.0243985245144276,
2026-09-05T20:15:06+00:00,CHI,2026-09-05,80.4,82.80967741935486,1.7678773199864213,
2026-09-05T20:15:09+00:00,CHI,2026-09-06,78.9,80.2322580645161,1.7156560104828509,
2026-09-05T20:16:02+00:00,NYC,2026-09-05,78.7,81.93225806451613,1.3145309716161842,
2026-09-05T20:16:04+00:00,NYC,2026-09-06,73.8,75.57096774193548,2.0243985245144276,
2026-09-05T20:16:07+00:00,CHI,2026-09-05,80.4,82.80967741935486,1.7678773199864213,
2026-09-05T20:16:09+00:00,CHI,2026-09-06,78.9,80.2322580645161,1.7156560104828509,
2026-09-05T20:17:01+00:00,NYC,2026-09-05,78.7,81.93225806451613,1.3145309716161842,
2026-09-05T20:17:04+00:00,NYC,2026-09-06,73.8,75.57096774193548,2.0243985245144276,
2026-09-05T20:17:06+00:00,CHI,2026-09-05,80.4,82.80967741935486,1.7678773199864213,
2026-09-05T20:17:09+00:00,CHI,2026-09-06,78.9,80.2322580645161,1.7156560104828509,
2026-09-05T20:18:01+00:00,NYC,2026-09-05,78.7,81.93225806451613,1.3145309716161842,
2026-09-05T20:18:04+00:00,NYC,2026-09-06,73.8,75.57096774193548,2.0243985245144276,
2026-09-05T20:18:06+00:00,CHI,2026-09-05,80.4,82.80967741935486,1.7678773199864213,
2026-09-05T20:18:08+00:00,CHI,2026-09-06,78.9,80.2322580645161,1.7156560104828509,
2026-09-05T20:19:01+00:00,NYC,2026-09-05,78.7,81.93225806451613,1.3145309716161842,
2026-09-05T20:19:03+00:00,NYC,2026-09-06,73.8,75.57096774193548,2.0243985245144276,
2026-09-05T20:19:05+00:00,CHI,2026-09-05,80.4,82.80967741935486,1.7678773199864213,
2026-09-05T20:19:08+00:00,CHI,2026-09-06,78.9,80.2322580645161,1.7156560104828509,
2026-09-05T20:20:01+00:00,NYC,2026-09-05,78.7,81.93225806451613,1.3145309716161842,
2026-09-05T20:20:03+00:00,NYC,2026-09-06,73.8,75.57096774193548,2.0243985245144276,
2026-09-05T20:20:05+00:00,CHI,2026-09-05,80.4,82.80967741935486,1.7678773199864213,
2026-09-05T20:20:08+00:00,CHI,2026-09-06,78.9,80.2322580645161,1.7156560104828509,
2026-09-05T20:21:01+00:00,NYC,2026-09-05,78.7,81.93225806451613,1.3145309716161842,
2026-09-05T20:21:04+00:00,NYC,2026-09-06,73.8,75.57096774193548,2.0243985245144276,
2026-09-05T20:21:06+00:00,CHI,2026-09-05,80.4,82.80967741935486,1.7678773199864213,
2026-09-05T20:21:09+00:00,CHI,2026-09-06,78.9,80.2322580645161,1.7156560104828509,
2026-09-05T20:22:01+00:00,NYC,2026-09-05,78.7,81.93225806451613,1.3145309716161842,
2026-09-05T20:22:04+00:00,NYC,2026-09-06,73.8,75.57096774193548,2.0243985245144276,
2026-09-05T20:22:06+00:00,CHI,2026-09-05,80.4,82.80967741935486,1.7678773199864213,
2026-09-05T20:22:09+00:00,CHI,2026-09-06,78.9,80.2322580645161,1.7156560104828509,
2026-09-05T20:23:01+00:00,NYC,2026-09-05,78.7,81.93225806451613,1.3145309716161842,
2026-09-05T20:23:04+00:00,NYC,2026-09-06,73.8,75.57096774193548,2.0243985245144276,
2026-09-05T20:23:06+00:00,CHI,2026-09-05,80.4,82.80967741935486,1.7678773199864213,
2026-09-05T20:23:08+00:00,CHI,2026-09-06,78.9,80.2322580645161,1.7156560104828509,
2026-09-05T20:24:01+00:00,NYC,2026-09-05,78.7,81.93225806451613,1.3145309716161842,
2026-09-05T20:24:04+00:00,NYC,2026-09-06,73.8,75.57096774193548,2.0243985245144276,
2026-09-05T20:24:06+00:00,CHI,2026-09-05,80.4,82.80967741935486,1.7678773199864213,
2026-09-05T20:24:08+00:00,CHI,2026-09-06,78.9,80.2322580645161,1.7156560104828509,
2026-09-05T20:25:02+00:00,NYC,2026-09-05,78.7,81.93225806451613,1.3145309716161842,
2026-09-05T20:25:05+00:00,NYC,2026-09-06,73.8,75.57096774193548,2.0243985245144276,
2026-09-05T20:25:08+00:00,CHI,2026-09-05,80.4,82.80967741935486,1.7678773199864213,
2026-09-05T20:25:12+00:00,CHI,2026-09-06,78.9,80.2322580645161,1.7156560104828509,
2026-09-05T20:26:02+00:00,NYC,2026-09-05,78.7,81.93225806451613,1.3145309716161842,
2026-09-05T20:26:06+00:00,NYC,2026-09-06,73.8,75.57096774193548,2.0243985245144276,
2026-09-05T20:26:09+00:00,CHI,2026-09-05,80.4,82.80967741935486,1.7678773199864213,
2026-09-05T20:26:13+00:00,CHI,2026-09-06,78.9,80.2322580645161,1.7156560104828509,
2026-09-05T20:27:02+00:00,NYC,2026-09-05,78.7,81.93225806451613,1.3145309716161842,
2026-09-05T20:27:06+00:00,NYC,2026-09-06,73.8,75.57096774193548,2.0243985245144276,
2026-09-05T20:27:09+00:00,CHI,2026-09-05,80.4,82.80967741935486,1.7678773199864213,
2026-09-05T20:27:13+00:00,CHI,2026-09-06,78.9,80.2322580645161,1.7156560104828509,
2026-09-05T20:28:02+00:00,NYC,2026-09-05,78.7,81.93225806451613,1.3145309716161842,
2026-09-05T20:28:06+00:00,NYC,2026-09-06,73.8,75.57096774193548,2.0243985245144276,
2026-09-05T20:28:09+00:00,CHI,2026-09-05,80.4,82.80967741935486,1.7678773199864213,
2026-09-05T20:28:12+00:00,CHI,2026-09-06,78.9,80.2322580645161,1.7156560104828509,
2026-09-05T20:29:02+00:00,NYC,2026-09-05,78.7,81.93225806451613,1.3145309716161842,
2026-09-05T20:29:05+00:00,NYC,2026-09-06,73.8,75.57096774193548,2.0243985245144276,
2026-09-05T20:29:09+00:00,CHI,2026-09-05,80.4,82.80967741935486,1.7678773199864213,
2026-09-05T20:29:12+00:00,CHI,2026-09-06,78.9,80.2322580645161,1.7156560104828509,
2026-09-05T20:30:03+00:00,NYC,2026-09-05,78.7,81.93225806451613,1.3145309716161842,
2026-09-05T20:30:06+00:00,NYC,2026-09-06,73.8,75.57096774193548,2.0243985245144276,
2026-09-05T20:30:09+00:00,CHI,2026-09-05,80.4,82.80967741935486,1.7678773199864213,
2026-09-05T20:30:13+00:00,CHI,2026-09-06,78.9,80.2322580645161,1.7156560104828509,
2026-09-05T20:31:02+00:00,NYC,2026-09-05,78.7,81.93225806451613,1.3145309716161842,
2026-09-05T20:31:06+00:00,NYC,2026-09-06,73.8,75.57096774193548,2.0243985245144276,
2026-09-05T20:31:09+00:00,CHI,2026-09-05,80.4,82.80967741935486,1.7678773199864213,
2026-09-05T20:31:13+00:00,CHI,2026-09-06,78.9,80.2322580645161,1.7156560104828509,
2026-09-05T20:32:02+00:00,NYC,2026-09-05,78.7,81.93225806451613,1.3145309716161842,
2026-09-05T20:32:05+00:00,NYC,2026-09-06,73.8,75.57096774193548,2.0243985245144276,
2026-09-05T20:32:08+00:00,CHI,2026-09-05,80.4,82.80967741935486,1.7678773199864213,
2026-09-05T20:32:12+00:00,CHI,2026-09-06,78.9,80.2322580645161,1.7156560104828509,
2026-09-05T20:33:02+00:00,NYC,2026-09-05,78.7,81.93225806451613,1.3145309716161842,
2026-09-05T20:33:06+00:00,NYC,2026-09-06,73.8,75.57096774193548,2.0243985245144276,
2026-09-05T20:33:09+00:00,CHI,2026-09-05,80.4,82.80967741935486,1.7678773199864213,
2026-09-05T20:33:13+00:00,CHI,2026-09-06,78.9,80.2322580645161,1.7156560104828509,
2026-09-05T20:34:02+00:00,NYC,2026-09-05,78.7,81.93225806451613,1.3145309716161842,
2026-09-05T20:34:06+00:00,NYC,2026-09-06,73.8,75.57096774193548,2.0243985245144276,
2026-09-05T20:34:09+00:00,CHI,2026-09-05,80.4,82.80967741935486,1.7678773199864213,
2026-09-05T20:34:12+00:00,CHI,2026-09-06,78.9,80.2322580645161,1.7156560104828509,
2026-09-05T20:35:02+00:00,NYC,2026-09-05,78.7,81.93225806451613,1.3145309716161842,
2026-09-05T20:35:06+00:00,NYC,2026-09-06,73.8,75.57096774193548,2.0243985245144276,
2026-09-05T20:35:09+00:00,CHI,2026-09-05,80.4,82.80967741935486,1.7678773199864213,
2026-09-05T20:35:12+00:00,CHI,2026-09-06,78.9,80.2322580645161,1.7156560104828509,
2026-09-05T20:36:02+00:00,NYC,2026-09-05,78.7,81.93225806451613,1.3145309716161842,
2026-09-05T20:36:06+00:00,NYC,2026-09-06,73.8,75.57096774193548,2.0243985245144276,
2026-09-05T20:36:09+00:00,CHI,2026-09-05,80.4,82.80967741935486,1.7678773199864213,
2026-09-05T20:36:13+00:00,CHI,2026-09-06,78.9,80.2322580645161,1.7156560104828509,
2026-09-05T20:37:02+00:00,NYC,2026-09-05,79.5,81.93225806451613,1.3145309716161842,
2026-09-05T20:37:05+00:00,NYC,2026-09-06,73.8,75.57096774193548,2.0243985245144276,
2026-09-05T20:37:08+00:00,CHI,2026-09-05,80.4,82.80967741935486,1.7678773199864213,
2026-09-05T20:37:12+00:00,CHI,2026-09-06,78.9,80.2322580645161,1.7156560104828509,
2026-09-05T20:38:02+00:00,NYC,2026-09-05,79.5,81.93225806451613,1.3145309716161842,
2026-09-05T20:38:05+00:00,NYC,2026-09-06,73.8,75.57096774193548,2.0243985245144276,
2026-09-05T20:38:08+00:00,CHI,2026-09-05,80.4,82.80967741935486,1.7678773199864213,
2026-09-05T20:38:12+00:00,CHI,2026-09-06,78.9,80.2322580645161,1.7156560104828509,
2026-09-05T20:39:02+00:00,NYC,2026-09-05,79.5,81.93225806451613,1.3145309716161842,
2026-09-05T20:39:05+00:00,NYC,2026-09-06,73.8,75.57096774193548,2.0243985245144276,
2026-09-05T20:39:08+00:00,CHI,2026-09-05,80.4,82.80967741935486,1.7678773199864213,
2026-09-05T20:39:12+00:00,CHI,2026-09-06,78.9,80.2322580645161,1.7156560104828509,
2026-09-05T20:40:02+00:00,NYC,2026-09-05,79.5,81.93225806451613,1.3145309716161842,
2026-09-05T20:40:06+00:00,NYC,2026-09-06,73.8,75.57096774193548,2.0243985245144276,
2026-09-05T20:40:09+00:00,CHI,2026-09-05,80.4,82.80967741935486,1.7678773199864213,
2026-09-05T20:40:13+00:00,CHI,2026-09-06,78.9,80.2322580645161,1.7156560104828509,
2026-09-05T20:41:02+00:00,NYC,2026-09-05,79.5,81.93225806451613,1.3145309716161842,
2026-09-05T20:41:05+00:00,NYC,2026-09-06,73.8,75.57096774193548,2.0243985245144276,
2026-09-05T20:41:09+00:00,CHI,2026-09-05,80.4,82.80967741935486,1.7678773199864213,
2026-09-05T20:41:12+00:00,CHI,2026-09-06,78.9,80.2322580645161,1.7156560104828509,
2026-09-05T20:42:02+00:00,NYC,2026-09-05,79.5,81.93225806451613,1.3145309716161842,
2026-09-05T20:42:05+00:00,NYC,2026-09-06,73.8,75.57096774193548,2.0243985245144276,
2026-09-05T20:42:08+00:00,CHI,2026-09-05,80.4,82.80967741935486,1.7678773199864213,
2026-09-05T20:42:12+00:00,CHI,2026-09-06,78.9,80.2322580645161,1.7156560104828509,
2026-09-05T20:43:02+00:00,NYC,2026-09-05,79.5,81.93225806451613,1.3145309716161842,
2026-09-05T20:43:06+00:00,NYC,2026-09-06,73.8,75.57096774193548,2.0243985245144276,
2026-09-05T20:43:09+00:00,CHI,2026-09-05,80.4,82.80967741935486,1.7678773199864213,
2026-09-05T20:43:12+00:00,CHI,2026-09-06,78.9,80.2322580645161,1.7156560104828509,
2026-09-05T20:44:07+00:00,NYC,2026-09-05,79.5,81.93225806451613,1.3145309716161842,
2026-09-05T20:44:10+00:00,NYC,2026-09-06,73.8,75.57096774193548,2.0243985245144276,
2026-09-05T20:44:14+00:00,CHI,2026-09-05,80.4,82.80967741935486,1.7678773199864213,
2026-09-05T20:44:17+00:00,CHI,2026-09-06,78.9,80.2322580645161,1.7156560104828509,
2026-09-05T20:45:02+00:00,NYC,2026-09-05,79.5,81.93225806451613,1.3145309716161842,
2026-09-05T20:45:06+00:00,NYC,2026-09-06,73.8,75.57096774193548,2.0243985245144276,
2026-09-05T20:45:09+00:00,CHI,2026-09-05,80.4,82.80967741935486,1.7678773199864213,
2026-09-05T20:45:13+00:00,CHI,2026-09-06,78.9,80.2322580645161,1.7156560104828509,
2026-09-05T20:46:02+00:00,NYC,2026-09-05,79.5,81.93225806451613,1.3145309716161842,
2026-09-05T20:46:06+00:00,NYC,2026-09-06,73.8,75.57096774193548,2.0243985245144276,
2026-09-05T20:46:10+00:00,CHI,2026-09-05,80.4,82.80967741935486,1.7678773199864213,
2026-09-05T20:46:14+00:00,CHI,2026-09-06,78.9,80.2322580645161,1.7156560104828509,
2026-09-05T20:47:02+00:00,NYC,2026-09-05,79.5,81.93225806451613,1.3145309716161842,
2026-09-05T20:47:06+00:00,NYC,2026-09-06,73.8,75.57096774193548,2.0243985245144276,
2026-09-05T20:47:09+00:00,CHI,2026-09-05,80.4,82.80967741935486,1.7678773199864213,
2026-09-05T20:47:12+00:00,CHI,2026-09-06,78.9,80.2322580645161,1.7156560104828509,
2026-09-05T20:48:02+00:00,NYC,2026-09-05,79.5,81.93225806451613,1.3145309716161842,
2026-09-05T20:48:06+00:00,NYC,2026-09-06,73.8,75.57096774193548,2.0243985245144276,
2026-09-05T20:48:09+00:00,CHI,2026-09-05,80.4,82.80967741935486,1.7678773199864213,
2026-09-05T20:48:12+00:00,CHI,2026-09-06,78.9,80.2322580645161,1.7156560104828509,
2026-09-05T20:49:02+00:00,NYC,2026-09-05,79.5,81.93225806451613,1.3145309716161842,
2026-09-05T20:49:06+00:00,NYC,2026-09-06,73.8,75.57096774193548,2.0243985245144276,
2026-09-05T20:49:09+00:00,CHI,2026-09-05,80.4,82.80967741935486,1.7678773199864213,
2026-09-05T20:49:12+00:00,CHI,2026-09-06,78.9,80.2322580645161,1.7156560104828509,
2026-09-05T20:50:02+00:00,NYC,2026-09-05,79.5,81.93225806451613,1.3145309716161842,
2026-09-05T20:50:05+00:00,NYC,2026-09-06,73.8,75.57096774193548,2.0243985245144276,
2026-09-05T20:50:08+00:00,CHI,2026-09-05,80.4,82.80967741935486,1.7678773199864213,
2026-09-05T20:50:12+00:00,CHI,2026-09-06,78.9,80.2322580645161,1.7156560104828509,
2026-09-05T20:51:02+00:00,NYC,2026-09-05,79.5,81.93225806451613,1.3145309716161842,
2026-09-05T20:51:05+00:00,NYC,2026-09-06,73.8,75.57096774193548,2.0243985245144276,
2026-09-05T20:51:09+00:00,CHI,2026-09-05,80.4,82.80967741935486,1.7678773199864213,
2026-09-05T20:51:12+00:00,CHI,2026-09-06,78.9,80.2322580645161,1.7156560104828509,
2026-09-05T20:52:02+00:00,NYC,2026-09-05,79.5,81.93225806451613,1.3145309716161842,
2026-09-05T20:52:06+00:00,NYC,2026-09-06,73.8,75.57096774193548,2.0243985245144276,
2026-09-05T20:52:09+00:00,CHI,2026-09-05,80.4,82.80967741935486,1.7678773199864213,
2026-09-05T20:52:12+00:00,CHI,2026-09-06,78.9,80.2322580645161,1.7156560104828509,
2026-09-05T20:53:02+00:00,NYC,2026-09-05,79.5,81.93225806451613,1.3145309716161842,
2026-09-05T20:53:06+00:00,NYC,2026-09-06,73.8,75.57096774193548,2.0243985245144276,
2026-09-05T20:53:09+00:00,CHI,2026-09-05,80.4,82.80967741935486,1.7678773199864213,
2026-09-05T20:53:13+00:00,CHI,2026-09-06,78.9,80.2322580645161,1.7156560104828509,
2026-09-05T20:54:02+00:00,NYC,2026-09-05,79.5,81.93225806451613,1.3145309716161842,
2026-09-05T20:54:06+00:00,NYC,2026-09-06,73.8,75.57096774193548,2.0243985245144276,
2026-09-05T20:54:09+00:00,CHI,2026-09-05,80.4,82.80967741935486,1.7678773199864213,
2026-09-05T20:54:12+00:00,CHI,2026-09-06,78.9,80.2322580645161,1.7156560104828509,
2026-09-05T20:55:02+00:00,NYC,2026-09-05,79.5,81.93225806451613,1.3145309716161842,
2026-09-05T20:55:05+00:00,NYC,2026-09-06,73.8,75.57096774193548,2.0243985245144276,
2026-09-05T20:55:08+00:00,CHI,2026-09-05,80.4,82.80967741935486,1.7678773199864213,
2026-09-05T20:55:12+00:00,CHI,2026-09-06,78.9,80.2322580645161,1.7156560104828509,
2026-09-05T20:56:02+00:00,NYC,2026-09-05,79.5,81.93225806451613,1.3145309716161842,
2026-09-05T20:56:05+00:00,NYC,2026-09-06,73.8,75.57096774193548,2.0243985245144276,
2026-09-05T20:56:09+00:00,CHI,2026-09-05,80.4,82.80967741935486,1.7678773199864213,
2026-09-05T20:56:12+00:00,CHI,2026-09-06,78.9,80.2322580645161,1.7156560104828509,
2026-09-05T20:57:02+00:00,NYC,2026-09-05,79.5,81.93225806451613,1.3145309716161842,
2026-09-05T20:57:05+00:00,NYC,2026-09-06,73.8,75.57096774193548,2.0243985245144276,
2026-09-05T20:57:08+00:00,CHI,2026-09-05,80.4,82.80967741935486,1.7678773199864213,
2026-09-05T20:57:12+00:00,CHI,2026-09-06,78.9,80.2322580645161,1.7156560104828509,
2026-09-05T20:58:02+00:00,NYC,2026-09-05,79.5,81.93225806451613,1.3145309716161842,
2026-09-05T20:58:06+00:00,NYC,2026-09-06,73.8,75.57096774193548,2.0243985245144276,
2026-09-05T20:58:09+00:00,CHI,2026-09-05,80.4,82.80967741935486,1.7678773199864213,
2026-09-05T20:58:13+00:00,CHI,2026-09-06,78.9,80.2322580645161,1.7156560104828509,
2026-09-05T20:59:02+00:00,NYC,2026-09-05,79.5,81.93225806451613,1.3145309716161842,
2026-09-05T20:59:05+00:00,NYC,2026-09-06,73.8,75.57096774193548,2.0243985245144276,
2026-09-05T20:59:08+00:00,CHI,2026-09-05,80.4,82.80967741935486,1.7678773199864213,
2026-09-05T20:59:12+00:00,CHI,2026-09-06,78.9,80.2322580645161,1.7156560104828509,
2026-09-05T21:00:03+00:00,NYC,2026-09-05,79.5,81.93225806451613,1.3145309716161842,
2026-09-05T21:00:08+00:00,NYC,2026-09-06,73.8,75.57096774193548,2.0243985245144276,
2026-09-05T21:00:12+00:00,CHI,2026-09-05,80.4,82.80967741935486,1.7678773199864213,
2026-09-05T21:00:16+00:00,CHI,2026-09-06,78.9,80.2322580645161,1.7156560104828509,
2026-09-05T21:01:02+00:00,NYC,2026-09-05,79.5,81.93225806451613,1.3145309716161842,
2026-09-05T21:01:06+00:00,NYC,2026-09-06,73.8,75.57096774193548,2.0243985245144276,
2026-09-05T21:01:10+00:00,CHI,2026-09-05,80.4,82.80967741935486,1.7678773199864213,
2026-09-05T21:01:13+00:00,CHI,2026-09-06,78.9,80.2322580645161,1.7156560104828509,
2026-09-05T21:02:02+00:00,NYC,2026-09-05,79.5,81.93225806451613,1.3145309716161842,
2026-09-05T21:02:05+00:00,NYC,2026-09-06,73.8,75.57096774193548,2.0243985245144276,
2026-09-05T21:02:08+00:00,CHI,2026-09-05,80.4,82.80967741935486,1.7678773199864213,
2026-09-05T21:02:12+00:00,CHI,2026-09-06,78.9,80.2322580645161,1.7156560104828509,
2026-09-05T21:03:02+00:00,NYC,2026-09-05,79.5,81.93225806451613,1.3145309716161842,
2026-09-05T21:03:05+00:00,NYC,2026-09-06,73.8,75.57096774193548,2.0243985245144276,
2026-09-05T21:03:08+00:00,CHI,2026-09-05,80.4,82.80967741935486,1.7678773199864213,
2026-09-05T21:03:12+00:00,CHI,2026-09-06,78.9,80.2322580645161,1.7156560104828509,
2026-09-05T21:04:02+00:00,NYC,2026-09-05,79.5,81.93225806451613,1.3145309716161842,
2026-09-05T21:04:05+00:00,NYC,2026-09-06,73.8,75.57096774193548,2.0243985245144276,
2026-09-05T21:04:09+00:00,CHI,2026-09-05,80.4,82.80967741935486,1.7678773199864213,
2026-09-05T21:04:12+00:00,CHI,2026-09-06,78.9,80.2322580645161,1.7156560104828509,
2026-09-05T21:05:02+00:00,NYC,2026-09-05,79.5,81.93225806451613,1.3145309716161842,
2026-09-05T21:05:06+00:00,NYC,2026-09-06,73.8,75.57096774193548,2.0243985245144276,
2026-09-05T21:05:09+00:00,CHI,2026-09-05,80.4,82.80967741935486,1.7678773199864213,
2026-09-05T21:05:13+00:00,CHI,2026-09-06,78.9,80.2322580645161,1.7156560104828509,
2026-09-05T21:06:02+00:00,NYC,2026-09-05,79.5,81.93225806451613,1.3145309716161842,
2026-09-05T21:06:06+00:00,NYC,2026-09-06,73.8,75.57096774193548,2.0243985245144276,
2026-09-05T21:06:09+00:00,CHI,2026-09-05,80.4,82.80967741935486,1.7678773199864213,
2026-09-05T21:06:12+00:00,CHI,2026-09-06,78.9,80.2322580645161,1.7156560104828509,
2026-09-05T21:07:02+00:00,NYC,2026-09-05,79.5,81.93225806451613,1.3145309716161842,
2026-09-05T21:07:06+00:00,NYC,2026-09-06,73.8,75.57096774193548,2.0243985245144276,
2026-09-05T21:07:09+00:00,CHI,2026-09-05,80.4,82.80967741935486,1.7678773199864213,
2026-09-05T21:07:12+00:00,CHI,2026-09-06,78.9,80.2322580645161,1.7156560104828509,
2026-09-05T21:08:02+00:00,NYC,2026-09-05,79.5,81.93225806451613,1.3145309716161842,
2026-09-05T21:08:06+00:00,NYC,2026-09-06,73.8,75.57096774193548,2.0243985245144276,
2026-09-05T21:08:09+00:00,CHI,2026-09-05,80.4,82.80967741935486,1.7678773199864213,
2026-09-05T21:08:13+00:00,CHI,2026-09-06,78.9,80.2322580645161,1.7156560104828509,
2026-09-05T21:09:02+00:00,NYC,2026-09-05,79.5,81.93225806451613,1.3145309716161842,
2026-09-05T21:09:05+00:00,NYC,2026-09-06,73.8,75.57096774193548,2.0243985245144276,
2026-09-05T21:09:08+00:00,CHI,2026-09-05,80.4,82.80967741935486,1.7678773199864213,
2026-09-05T21:09:12+00:00,CHI,2026-09-06,78.9,80.2322580645161,1.7156560104828509,
2026-09-05T21:10:02+00:00,NYC,2026-09-05,79.5,81.93225806451613,1.3145309716161842,
2026-09-05T21:10:06+00:00,NYC,2026-09-06,73.8,75.57096774193548,2.0243985245144276,
2026-09-05T21:10:09+00:00,CHI,2026-09-05,80.4,82.80967741935486,1.7678773199864213,
2026-09-05T21:10:13+00:00,CHI,2026-09-06,78.9,80.2322580645161,1.7156560104828509,
2026-09-05T21:11:02+00:00,NYC,2026-09-05,79.5,81.93225806451613,1.3145309716161842,
2026-09-05T21:11:06+00:00,NYC,2026-09-06,73.8,75.57096774193548,2.0243985245144276,
2026-09-05T21:11:09+00:00,CHI,2026-09-05,80.4,82.80967741935486,1.7678773199864213,
2026-09-05T21:11:12+00:00,CHI,2026-09-06,78.9,80.2322580645161,1.7156560104828509,
2026-09-05T21:12:02+00:00,NYC,2026-09-05,79.5,81.93225806451613,1.3145309716161842,
2026-09-05T21:12:11+00:00,NYC,2026-09-06,73.8,75.57096774193548,2.0243985245144276,
2026-09-05T21:12:14+00:00,CHI,2026-09-05,80.4,82.80967741935486,1.7678773199864213,
2026-09-05T21:12:17+00:00,CHI,2026-09-06,78.9,80.2322580645161,1.7156560104828509,
2026-09-05T21:13:02+00:00,NYC,2026-09-05,79.5,81.93225806451613,1.3145309716161842,
2026-09-05T21:13:06+00:00,NYC,2026-09-06,73.8,75.57096774193548,2.0243985245144276,
2026-09-05T21:13:09+00:00,CHI,2026-09-05,80.4,82.80967741935486,1.7678773199864213,
2026-09-05T21:13:12+00:00,CHI,2026-09-06,78.9,80.2322580645161,1.7156560104828509,
2026-09-05T21:14:03+00:00,NYC,2026-09-05,79.5,81.93225806451613,1.3145309716161842,
2026-09-05T21:14:07+00:00,NYC,2026-09-06,73.8,75.57096774193548,2.0243985245144276,
2026-09-05T21:14:10+00:00,CHI,2026-09-05,80.4,82.80967741935486,1.7678773199864213,
2026-09-05T21:14:14+00:00,CHI,2026-09-06,78.9,80.2322580645161,1.7156560104828509,
2026-09-05T21:15:02+00:00,NYC,2026-09-05,79.5,81.93225806451613,1.3145309716161842,
2026-09-05T21:15:05+00:00,NYC,2026-09-06,73.8,75.57096774193548,2.0243985245144276,
2026-09-05T21:15:09+00:00,CHI,2026-09-05,80.4,82.80967741935486,1.7678773199864213,
2026-09-05T21:15:12+00:00,CHI,2026-09-06,78.9,80.2322580645161,1.7156560104828509,
2026-09-05T21:16:03+00:00,NYC,2026-09-05,79.5,81.93225806451613,1.3145309716161842,
2026-09-05T21:16:06+00:00,NYC,2026-09-06,73.8,75.57096774193548,2.0243985245144276,
2026-09-05T21:16:10+00:00,CHI,2026-09-05,80.4,82.80967741935486,1.7678773199864213,
2026-09-05T21:16:13+00:00,CHI,2026-09-06,78.9,80.2322580645161,1.7156560104828509,
2026-09-05T21:17:02+00:00,NYC,2026-09-05,79.5,81.93225806451613,1.3145309716161842,
2026-09-05T21:17:05+00:00,NYC,2026-09-06,73.8,75.57096774193548,2.0243985245144276,
2026-09-05T21:17:08+00:00,CHI,2026-09-05,80.4,82.80967741935486,1.7678773199864213,
2026-09-05T21:17:12+00:00,CHI,2026-09-06,78.9,80.2322580645161,1.7156560104828509,
2026-09-05T21:18:02+00:00,NYC,2026-09-05,79.5,81.93225806451613,1.3145309716161842,
2026-09-05T21:18:05+00:00,NYC,2026-09-06,73.8,75.57096774193548,2.0243985245144276,
2026-09-05T21:18:08+00:00,CHI,2026-09-05,80.4,82.80967741935486,1.7678773199864213,
2026-09-05T21:18:13+00:00,CHI,2026-09-06,78.9,80.2322580645161,1.7156560104828509,
2026-09-05T21:19:02+00:00,NYC,2026-09-05,79.5,81.93225806451613,1.3145309716161842,
2026-09-05T21:19:05+00:00,NYC,2026-09-06,73.8,75.57096774193548,2.0243985245144276,
2026-09-05T21:19:08+00:00,CHI,2026-09-05,80.4,82.80967741935486,1.7678773199864213,
2026-09-05T21:19:12+00:00,CHI,2026-09-06,78.9,80.2322580645161,1.7156560104828509,
2026-09-05T21:20:02+00:00,NYC,2026-09-05,79.5,81.93225806451613,1.3145309716161842,
2026-09-05T21:20:06+00:00,NYC,2026-09-06,73.8,75.57096774193548,2.0243985245144276,
2026-09-05T21:20:09+00:00,CHI,2026-09-05,80.4,82.80967741935486,1.7678773199864213,
2026-09-05T21:20:13+00:00,CHI,2026-09-06,78.9,80.2322580645161,1.7156560104828509,
2026-09-05T21:21:02+00:00,NYC,2026-09-05,79.5,81.93225806451613,1.3145309716161842,
2026-09-05T21:21:05+00:00,NYC,2026-09-06,73.8,75.57096774193548,2.0243985245144276,
2026-09-05T21:21:08+00:00,CHI,2026-09-05,80.4,82.80967741935486,1.7678773199864213,
2026-09-05T21:21:12+00:00,CHI,2026-09-06,78.9,80.2322580645161,1.7156560104828509,
2026-09-05T21:22:03+00:00,NYC,2026-09-05,79.5,81.93225806451613,1.3145309716161842,
2026-09-05T21:22:06+00:00,NYC,2026-09-06,73.8,75.57096774193548,2.0243985245144276,
2026-09-05T21:22:09+00:00,CHI,2026-09-05,80.4,82.80967741935486,1.7678773199864213,
2026-09-05T21:22:13+00:00,CHI,2026-09-06,78.9,80.2322580645161,1.7156560104828509,
2026-09-05T21:23:02+00:00,NYC,2026-09-05,79.5,81.93225806451613,1.3145309716161842,
2026-09-05T21:23:05+00:00,NYC,2026-09-06,73.8,75.57096774193548,2.0243985245144276,
2026-09-05T21:23:08+00:00,CHI,2026-09-05,80.4,82.80967741935486,1.7678773199864213,
2026-09-05T21:23:12+00:00,CHI,2026-09-06,78.9,80.2322580645161,1.7156560104828509,
2026-09-05T21:24:02+00:00,NYC,2026-09-05,79.5,81.93225806451613,1.3145309716161842,
2026-09-05T21:24:05+00:00,NYC,2026-09-06,73.8,75.57096774193548,2.0243985245144276,
2026-09-05T21:24:08+00:00,CHI,2026-09-05,80.4,82.80967741935486,1.7678773199864213,
2026-09-05T21:24:13+00:00,CHI,2026-09-06,78.9,80.2322580645161,1.7156560104828509,
2026-09-05T21:25:02+00:00,NYC,2026-09-05,79.5,81.93225806451613,1.3145309716161842,
2026-09-05T21:25:05+00:00,NYC,2026-09-06,73.8,75.57096774193548,2.0243985245144276,
2026-09-05T21:25:08+00:00,CHI,2026-09-05,80.4,82.80967741935486,1.7678773199864213,
2026-09-05T21:25:12+00:00,CHI,2026-09-06,78.9,80.2322580645161,1.7156560104828509,
2026-09-05T21:26:02+00:00,NYC,2026-09-05,79.5,81.93225806451613,1.3145309716161842,
2026-09-05T21:26:06+00:00,NYC,2026-09-06,73.8,75.57096774193548,2.0243985245144276,
2026-09-05T21:26:09+00:00,CHI,2026-09-05,80.4,82.80967741935486,1.7678773199864213,
2026-09-05T21:26:12+00:00,CHI,2026-09-06,78.9,80.2322580645161,1.7156560104828509,
2026-09-05T21:27:02+00:00,NYC,2026-09-05,79.5,81.93225806451613,1.3145309716161842,
2026-09-05T21:27:05+00:00,NYC,2026-09-06,73.8,75.57096774193548,2.0243985245144276,
2026-09-05T21:27:09+00:00,CHI,2026-09-05,80.4,82.80967741935486,1.7678773199864213,
2026-09-05T21:27:13+00:00,CHI,2026-09-06,78.9,80.2322580645161,1.7156560104828509,
2026-09-05T21:28:02+00:00,NYC,2026-09-05,79.5,81.93225806451613,1.3145309716161842,
2026-09-05T21:28:06+00:00,NYC,2026-09-06,73.8,75.57096774193548,2.0243985245144276,
2026-09-05T21:28:10+00:00,CHI,2026-09-05,80.4,82.80967741935486,1.7678773199864213,
2026-09-05T21:28:14+00:00,CHI,2026-09-06,78.9,80.2322580645161,1.7156560104828509,
2026-09-05T21:29:02+00:00,NYC,2026-09-05,79.5,81.93225806451613,1.3145309716161842,
2026-09-05T21:29:06+00:00,NYC,2026-09-06,73.8,75.57096774193548,2.0243985245144276,
2026-09-05T21:29:09+00:00,CHI,2026-09-05,80.4,82.80967741935486,1.7678773199864213,
2026-09-05T21:29:13+00:00,CHI,2026-09-06,78.9,80.2322580645161,1.7156560104828509,
2026-09-05T21:30:03+00:00,NYC,2026-09-05,79.5,81.93225806451613,1.3145309716161842,
2026-09-05T21:30:08+00:00,NYC,2026-09-06,73.8,75.57096774193548,2.0243985245144276,
2026-09-05T21:30:12+00:00,CHI,2026-09-05,80.4,82.80967741935486,1.7678773199864213,
2026-09-05T21:30:16+00:00,CHI,2026-09-06,78.9,80.2322580645161,1.7156560104828509,
2026-09-05T21:31:03+00:00,NYC,2026-09-05,79.5,81.93225806451613,1.3145309716161842,
2026-09-05T21:31:06+00:00,NYC,2026-09-06,73.8,75.57096774193548,2.0243985245144276,
2026-09-05T21:31:10+00:00,CHI,2026-09-05,80.4,82.80967741935486,1.7678773199864213,
2026-09-05T21:31:13+00:00,CHI,2026-09-06,78.9,80.2322580645161,1.7156560104828509,
2026-09-05T21:32:02+00:00,NYC,2026-09-05,79.5,81.93225806451613,1.3145309716161842,
2026-09-05T21:32:05+00:00,NYC,2026-09-06,73.8,75.57096774193548,2.0243985245144276,
2026-09-05T21:32:08+00:00,CHI,2026-09-05,80.4,82.80967741935486,1.7678773199864213,
2026-09-05T21:32:12+00:00,CHI,2026-09-06,78.9,80.2322580645161,1.7156560104828509,
2026-09-05T21:33:02+00:00,NYC,2026-09-05,79.5,81.93225806451613,1.3145309716161842,
2026-09-05T21:33:06+00:00,NYC,2026-09-06,73.8,75.57096774193548,2.0243985245144276,
2026-09-05T21:33:10+00:00,CHI,2026-09-05,80.4,82.80967741935486,1.7678773199864213,
2026-09-05T21:33:14+00:00,CHI,2026-09-06,78.9,80.2322580645161,1.7156560104828509,
2026-09-05T21:34:02+00:00,NYC,2026-09-05,79.5,81.93225806451613,1.3145309716161842,
2026-09-05T21:34:06+00:00,NYC,2026-09-06,73.8,75.57096774193548,2.0243985245144276,
2026-09-05T21:34:09+00:00,CHI,2026-09-05,80.4,82.80967741935486,1.7678773199864213,
2026-09-05T21:34:18+00:00,CHI,2026-09-06,78.9,80.2322580645161,1.7156560104828509,
2026-09-05T21:35:02+00:00,NYC,2026-09-05,79.5,81.93225806451613,1.3145309716161842,
2026-09-05T21:35:06+00:00,NYC,2026-09-06,73.8,75.57096774193548,2.0243985245144276,
2026-09-05T21:35:09+00:00,CHI,2026-09-05,80.4,82.80967741935486,1.7678773199864213,
2026-09-05T21:35:12+00:00,CHI,2026-09-06,78.9,80.2322580645161,1.7156560104828509,
2026-09-05T21:36:02+00:00,NYC,2026-09-05,79.5,81.93225806451613,1.3145309716161842,
2026-09-05T21:36:06+00:00,NYC,2026-09-06,73.8,75.57096774193548,2.0243985245144276,
2026-09-05T21:36:09+00:00,CHI,2026-09-05,80.4,82.80967741935486,1.7678773199864213,
2026-09-05T21:36:13+00:00,CHI,2026-09-06,78.9,80.2322580645161,1.7156560104828509,
2026-09-05T21:37:02+00:00,NYC,2026-09-05,79.5,81.93225806451613,1.3145309716161842,
2026-09-05T21:37:06+00:00,NYC,2026-09-06,73.8,75.57096774193548,2.0243985245144276,
2026-09-05T21:37:09+00:00,CHI,2026-09-05,80.4,82.80967741935486,1.7678773199864213,
2026-09-05T21:37:13+00:00,CHI,2026-09-06,78.9,80.2322580645161,1.7156560104828509,
2026-09-05T21:38:02+00:00,NYC,2026-09-05,79.5,81.93225806451613,1.3145309716161842,
2026-09-05T21:38:06+00:00,NYC,2026-09-06,73.8,75.57096774193548,2.0243985245144276,
2026-09-05T21:38:10+00:00,CHI,2026-09-05,80.4,82.80967741935486,1.7678773199864213,
2026-09-05T21:38:14+00:00,CHI,2026-09-06,78.9,80.2322580645161,1.7156560104828509,
2026-09-05T21:39:02+00:00,NYC,2026-09-05,79.1,81.93225806451613,1.3145309716161842,
2026-09-05T21:39:06+00:00,NYC,2026-09-06,73.8,75.57096774193548,2.0243985245144276,
2026-09-05T21:39:09+00:00,CHI,2026-09-05,80.4,82.80967741935486,1.7678773199864213,
2026-09-05T21:39:13+00:00,CHI,2026-09-06,78.9,80.2322580645161,1.7156560104828509,
2026-09-05T21:40:03+00:00,NYC,2026-09-05,79.1,81.93225806451613,1.3145309716161842,
2026-09-05T21:40:06+00:00,NYC,2026-09-06,73.8,75.57096774193548,2.0243985245144276,
2026-09-05T21:40:10+00:00,CHI,2026-09-05,80.4,82.80967741935486,1.7678773199864213,
2026-09-05T21:40:13+00:00,CHI,2026-09-06,78.9,80.2322580645161,1.7156560104828509,
2026-09-05T21:41:02+00:00,NYC,2026-09-05,79.1,81.93225806451613,1.3145309716161842,
2026-09-05T21:41:06+00:00,NYC,2026-09-06,73.8,75.57096774193548,2.0243985245144276,
2026-09-05T21:41:09+00:00,CHI,2026-09-05,80.4,82.80967741935486,1.7678773199864213,
2026-09-05T21:41:12+00:00,CHI,2026-09-06,78.9,80.2322580645161,1.7156560104828509,
2026-09-05T21:42:02+00:00,NYC,2026-09-05,79.1,81.93225806451613,1.3145309716161842,
2026-09-05T21:42:05+00:00,NYC,2026-09-06,73.8,75.57096774193548,2.0243985245144276,
2026-09-05T21:42:08+00:00,CHI,2026-09-05,80.4,82.80967741935486,1.7678773199864213,
2026-09-05T21:42:12+00:00,CHI,2026-09-06,78.9,80.2322580645161,1.7156560104828509,
2026-09-05T21:43:02+00:00,NYC,2026-09-05,79.1,81.93225806451613,1.3145309716161842,
2026-09-05T21:43:05+00:00,NYC,2026-09-06,73.8,75.57096774193548,2.0243985245144276,
2026-09-05T21:43:08+00:00,CHI,2026-09-05,80.4,82.80967741935486,1.7678773199864213,
2026-09-05T21:43:12+00:00,CHI,2026-09-06,78.9,80.2322580645161,1.7156560104828509,
2026-09-05T21:44:02+00:00,NYC,2026-09-05,79.1,81.93225806451613,1.3145309716161842,
2026-09-05T21:44:05+00:00,NYC,2026-09-06,73.8,75.57096774193548,2.0243985245144276,
2026-09-05T21:44:09+00:00,CHI,2026-09-05,80.4,82.80967741935486,1.7678773199864213,
2026-09-05T21:44:12+00:00,CHI,2026-09-06,78.9,80.2322580645161,1.7156560104828509,
2026-09-05T21:45:02+00:00,NYC,2026-09-05,79.1,81.93225806451613,1.3145309716161842,
2026-09-05T21:45:06+00:00,NYC,2026-09-06,73.8,75.57096774193548,2.0243985245144276,
2026-09-05T21:45:09+00:00,CHI,2026-09-05,80.4,82.80967741935486,1.7678773199864213,
2026-09-05T21:45:13+00:00,CHI,2026-09-06,78.9,80.2322580645161,1.7156560104828509,
2026-09-05T21:46:02+00:00,NYC,2026-09-05,79.1,81.93225806451613,1.3145309716161842,
2026-09-05T21:46:06+00:00,NYC,2026-09-06,73.8,75.57096774193548,2.0243985245144276,
2026-09-05T21:46:10+00:00,CHI,2026-09-05,80.4,82.80967741935486,1.7678773199864213,
2026-09-05T21:46:13+00:00,CHI,2026-09-06,78.9,80.2322580645161,1.7156560104828509,
2026-09-05T21:47:02+00:00,NYC,2026-09-05,79.1,81.93225806451613,1.3145309716161842,
2026-09-05T21:47:05+00:00,NYC,2026-09-06,73.8,75.57096774193548,2.0243985245144276,
2026-09-05T21:47:08+00:00,CHI,2026-09-05,80.4,82.80967741935486,1.7678773199864213,
2026-09-05T21:47:12+00:00,CHI,2026-09-06,78.9,80.2322580645161,1.7156560104828509,
2026-09-05T21:48:02+00:00,NYC,2026-09-05,79.1,81.93225806451613,1.3145309716161842,
2026-09-05T21:48:06+00:00,NYC,2026-09-06,73.8,75.57096774193548,2.0243985245144276,
2026-09-05T21:48:09+00:00,CHI,2026-09-05,80.4,82.80967741935486,1.7678773199864213,
2026-09-05T21:48:13+00:00,CHI,2026-09-06,78.9,80.2322580645161,1.7156560104828509,
2026-09-05T21:49:02+00:00,NYC,2026-09-05,79.1,81.93225806451613,1.3145309716161842,
2026-09-05T21:49:06+00:00,NYC,2026-09-06,73.8,75.57096774193548,2.0243985245144276,
2026-09-05T21:49:09+00:00,CHI,2026-09-05,80.4,82.80967741935486,1.7678773199864213,
2026-09-05T21:49:13+00:00,CHI,2026-09-06,78.9,80.2322580645161,1.7156560104828509,
2026-09-05T21:50:02+00:00,NYC,2026-09-05,79.1,81.93225806451613,1.3145309716161842,
2026-09-05T21:50:06+00:00,NYC,2026-09-06,73.8,75.57096774193548,2.0243985245144276,
2026-09-05T21:50:09+00:00,CHI,2026-09-05,80.4,82.80967741935486,1.7678773199864213,
2026-09-05T21:50:12+00:00,CHI,2026-09-06,78.9,80.2322580645161,1.7156560104828509,
2026-09-05T21:51:02+00:00,NYC,2026-09-05,79.1,81.93225806451613,1.3145309716161842,
2026-09-05T21:51:05+00:00,NYC,2026-09-06,73.8,75.57096774193548,2.0243985245144276,
2026-09-05T21:51:09+00:00,CHI,2026-09-05,80.4,82.80967741935486,1.7678773199864213,
2026-09-05T21:51:12+00:00,CHI,2026-09-06,78.9,80.2322580645161,1.7156560104828509,
2026-09-05T21:52:02+00:00,NYC,2026-09-05,79.1,81.93225806451613,1.3145309716161842,
2026-09-05T21:52:05+00:00,NYC,2026-09-06,73.8,75.57096774193548,2.0243985245144276,
2026-09-05T21:52:09+00:00,CHI,2026-09-05,80.4,82.80967741935486,1.7678773199864213,
2026-09-05T21:52:12+00:00,CHI,2026-09-06,78.9,80.2322580645161,1.7156560104828509,
2026-09-05T21:53:02+00:00,NYC,2026-09-05,79.1,81.93225806451613,1.3145309716161842,
2026-09-05T21:53:05+00:00,NYC,2026-09-06,73.8,75.57096774193548,2.0243985245144276,
2026-09-05T21:53:08+00:00,CHI,2026-09-05,80.4,82.80967741935486,1.7678773199864213,
2026-09-05T21:53:12+00:00,CHI,2026-09-06,78.9,80.2322580645161,1.7156560104828509,
2026-09-05T21:54:02+00:00,NYC,2026-09-05,79.1,81.93225806451613,1.3145309716161842,
2026-09-05T21:54:05+00:00,NYC,2026-09-06,73.8,75.57096774193548,2.0243985245144276,
2026-09-05T21:54:09+00:00,CHI,2026-09-05,80.4,82.80967741935486,1.7678773199864213,
2026-09-05T21:54:13+00:00,CHI,2026-09-06,78.9,80.2322580645161,1.7156560104828509,
2026-09-05T21:55:02+00:00,NYC,2026-09-05,79.1,81.93225806451613,1.3145309716161842,
2026-09-05T21:55:05+00:00,NYC,2026-09-06,73.8,75.57096774193548,2.0243985245144276,
2026-09-05T21:55:08+00:00,CHI,2026-09-05,80.4,82.80967741935486,1.7678773199864213,
2026-09-05T21:55:12+00:00,CHI,2026-09-06,78.9,80.2322580645161,1.7156560104828509,
2026-09-05T21:56:02+00:00,NYC,2026-09-05,79.1,81.93225806451613,1.3145309716161842,
2026-09-05T21:56:05+00:00,NYC,2026-09-06,73.8,75.57096774193548,2.0243985245144276,
2026-09-05T21:56:08+00:00,CHI,2026-09-05,80.4,82.80967741935486,1.7678773199864213,
2026-09-05T21:56:12+00:00,CHI,2026-09-06,78.9,80.2322580645161,1.7156560104828509,
2026-09-05T21:57:02+00:00,NYC,2026-09-05,79.1,81.93225806451613,1.3145309716161842,
2026-09-05T21:57:05+00:00,NYC,2026-09-06,73.8,75.57096774193548,2.0243985245144276,
2026-09-05T21:57:08+00:00,CHI,2026-09-05,80.4,82.80967741935486,1.7678773199864213,
2026-09-05T21:57:12+00:00,CHI,2026-09-06,78.9,80.2322580645161,1.7156560104828509,
2026-09-05T21:58:02+00:00,NYC,2026-09-05,79.1,81.93225806451613,1.3145309716161842,
2026-09-05T21:58:06+00:00,NYC,2026-09-06,73.8,75.57096774193548,2.0243985245144276,
2026-09-05T21:58:09+00:00,CHI,2026-09-05,80.4,82.80967741935486,1.7678773199864213,
2026-09-05T21:58:13+00:00,CHI,2026-09-06,78.9,80.2322580645161,1.7156560104828509,
2026-09-05T21:59:02+00:00,NYC,2026-09-05,79.1,81.93225806451613,1.3145309716161842,
2026-09-05T21:59:05+00:00,NYC,2026-09-06,73.8,75.57096774193548,2.0243985245144276,
2026-09-05T21:59:09+00:00,CHI,2026-09-05,80.4,82.80967741935486,1.7678773199864213,
2026-09-05T21:59:12+00:00,CHI,2026-09-06,78.9,80.2322580645161,1.7156560104828509,
2026-09-05T22:00:03+00:00,NYC,2026-09-05,79.1,81.93225806451613,1.3145309716161842,
2026-09-05T22:00:08+00:00,NYC,2026-09-06,73.8,75.57096774193548,2.0243985245144276,
2026-09-05T22:00:13+00:00,CHI,2026-09-05,80.4,82.80967741935486,1.7678773199864213,
2026-09-05T22:00:17+00:00,CHI,2026-09-06,78.9,80.2322580645161,1.7156560104828509,
2026-09-05T22:01:03+00:00,NYC,2026-09-05,79.1,81.93225806451613,1.3145309716161842,
2026-09-05T22:01:06+00:00,NYC,2026-09-06,73.8,75.57096774193548,2.0243985245144276,
2026-09-05T22:01:10+00:00,CHI,2026-09-05,80.4,82.80967741935486,1.7678773199864213,
2026-09-05T22:01:14+00:00,CHI,2026-09-06,78.9,80.2322580645161,1.7156560104828509,
2026-09-05T22:02:02+00:00,NYC,2026-09-05,79.1,81.93225806451613,1.3145309716161842,
2026-09-05T22:02:05+00:00,NYC,2026-09-06,73.8,75.57096774193548,2.0243985245144276,
2026-09-05T22:02:09+00:00,CHI,2026-09-05,80.4,82.80967741935486,1.7678773199864213,
2026-09-05T22:02:12+00:00,CHI,2026-09-06,78.9,80.2322580645161,1.7156560104828509,
2026-09-05T22:03:02+00:00,NYC,2026-09-05,79.1,81.93225806451613,1.3145309716161842,
2026-09-05T22:03:06+00:00,NYC,2026-09-06,73.8,75.57096774193548,2.0243985245144276,
2026-09-05T22:03:09+00:00,CHI,2026-09-05,80.4,82.80967741935486,1.7678773199864213,
2026-09-05T22:03:12+00:00,CHI,2026-09-06,78.9,80.2322580645161,1.7156560104828509,
2026-09-05T22:04:02+00:00,NYC,2026-09-05,79.1,81.93225806451613,1.3145309716161842,
2026-09-05T22:04:05+00:00,NYC,2026-09-06,73.8,75.57096774193548,2.0243985245144276,
2026-09-05T22:04:08+00:00,CHI,2026-09-05,80.4,82.80967741935486,1.7678773199864213,
2026-09-05T22:04:12+00:00,CHI,2026-09-06,78.9,80.2322580645161,1.7156560104828509,
2026-09-05T22:05:02+00:00,NYC,2026-09-05,79.1,81.93225806451613,1.3145309716161842,
2026-09-05T22:05:06+00:00,NYC,2026-09-06,73.8,75.57096774193548,2.0243985245144276,
2026-09-05T22:05:09+00:00,CHI,2026-09-05,80.4,82.80967741935486,1.7678773199864213,
2026-09-05T22:05:13+00:00,CHI,2026-09-06,78.9,80.2322580645161,1.7156560104828509,
2026-09-05T22:06:02+00:00,NYC,2026-09-05,79.1,81.93225806451613,1.3145309716161842,
2026-09-05T22:06:05+00:00,NYC,2026-09-06,73.8,75.57096774193548,2.0243985245144276,
2026-09-05T22:06:08+00:00,CHI,2026-09-05,80.4,82.80967741935486,1.7678773199864213,
2026-09-05T22:06:12+00:00,CHI,2026-09-06,78.9,80.2322580645161,1.7156560104828509,
2026-09-05T22:07:02+00:00,NYC,2026-09-05,79.1,81.93225806451613,1.3145309716161842,
2026-09-05T22:07:05+00:00,NYC,2026-09-06,73.8,75.57096774193548,2.0243985245144276,
2026-09-05T22:07:08+00:00,CHI,2026-09-05,80.4,82.80967741935486,1.7678773199864213,
2026-09-05T22:07:12+00:00,CHI,2026-09-06,78.9,80.2322580645161,1.7156560104828509,
2026-09-05T22:08:02+00:00,NYC,2026-09-05,79.1,81.93225806451613,1.3145309716161842,
2026-09-05T22:08:06+00:00,NYC,2026-09-06,73.8,75.57096774193548,2.0243985245144276,
2026-09-05T22:08:09+00:00,CHI,2026-09-05,80.4,82.80967741935486,1.7678773199864213,
2026-09-05T22:08:13+00:00,CHI,2026-09-06,78.9,80.2322580645161,1.7156560104828509,
2026-09-05T22:09:02+00:00,NYC,2026-09-05,79.1,81.93225806451613,1.3145309716161842,
2026-09-05T22:09:06+00:00,NYC,2026-09-06,73.8,75.57096774193548,2.0243985245144276,
2026-09-05T22:09:09+00:00,CHI,2026-09-05,80.4,82.80967741935486,1.7678773199864213,
2026-09-05T22:09:12+00:00,CHI,2026-09-06,78.9,80.2322580645161,1.7156560104828509,
2026-09-05T22:10:02+00:00,NYC,2026-09-05,79.1,81.93225806451613,1.3145309716161842,
2026-09-05T22:10:07+00:00,NYC,2026-09-06,73.8,75.57096774193548,2.0243985245144276,
2026-09-05T22:10:10+00:00,CHI,2026-09-05,80.4,82.80967741935486,1.7678773199864213,
2026-09-05T22:10:13+00:00,CHI,2026-09-06,78.9,80.2322580645161,1.7156560104828509,
2026-09-05T22:11:02+00:00,NYC,2026-09-05,79.1,81.93225806451613,1.3145309716161842,
2026-09-05T22:11:05+00:00,NYC,2026-09-06,73.8,75.57096774193548,2.0243985245144276,
2026-09-05T22:11:08+00:00,CHI,2026-09-05,80.4,82.80967741935486,1.7678773199864213,
2026-09-05T22:11:12+00:00,CHI,2026-09-06,78.9,80.2322580645161,1.7156560104828509,
2026-09-05T22:12:02+00:00,NYC,2026-09-05,79.1,81.93225806451613,1.3145309716161842,
2026-09-05T22:12:05+00:00,NYC,2026-09-06,73.8,75.57096774193548,2.0243985245144276,
2026-09-05T22:12:09+00:00,CHI,2026-09-05,80.4,82.80967741935486,1.7678773199864213,
2026-09-05T22:12:12+00:00,CHI,2026-09-06,78.9,80.2322580645161,1.7156560104828509,
2026-09-05T22:13:02+00:00,NYC,2026-09-05,79.1,81.93225806451613,1.3145309716161842,
2026-09-05T22:13:06+00:00,NYC,2026-09-06,73.8,75.57096774193548,2.0243985245144276,
2026-09-05T22:13:09+00:00,CHI,2026-09-05,80.4,82.80967741935486,1.7678773199864213,
2026-09-05T22:13:12+00:00,CHI,2026-09-06,78.9,80.2322580645161,1.7156560104828509,
2026-09-05T22:14:02+00:00,NYC,2026-09-05,79.1,81.93225806451613,1.3145309716161842,
2026-09-05T22:14:05+00:00,NYC,2026-09-06,73.8,75.57096774193548,2.0243985245144276,
2026-09-05T22:14:09+00:00,CHI,2026-09-05,80.4,82.80967741935486,1.7678773199864213,
2026-09-05T22:14:12+00:00,CHI,2026-09-06,78.9,80.2322580645161,1.7156560104828509,
2026-09-05T22:15:02+00:00,NYC,2026-09-05,79.1,81.93225806451613,1.3145309716161842,
2026-09-05T22:15:05+00:00,NYC,2026-09-06,73.8,75.57096774193548,2.0243985245144276,
2026-09-05T22:15:09+00:00,CHI,2026-09-05,80.4,82.80967741935486,1.7678773199864213,
2026-09-05T22:15:12+00:00,CHI,2026-09-06,78.9,80.2322580645161,1.7156560104828509,
2026-09-05T22:16:02+00:00,NYC,2026-09-05,79.1,81.93225806451613,1.3145309716161842,
2026-09-05T22:16:06+00:00,NYC,2026-09-06,73.8,75.57096774193548,2.0243985245144276,
2026-09-05T22:16:09+00:00,CHI,2026-09-05,80.4,82.80967741935486,1.7678773199864213,
2026-09-05T22:16:13+00:00,CHI,2026-09-06,78.9,80.2322580645161,1.7156560104828509,
2026-09-05T22:17:02+00:00,NYC,2026-09-05,79.1,81.93225806451613,1.3145309716161842,
2026-09-05T22:17:06+00:00,NYC,2026-09-06,73.8,75.57096774193548,2.0243985245144276,
2026-09-05T22:17:09+00:00,CHI,2026-09-05,80.4,82.80967741935486,1.7678773199864213,
2026-09-05T22:17:12+00:00,CHI,2026-09-06,78.9,80.2322580645161,1.7156560104828509,
2026-09-05T22:18:02+00:00,NYC,2026-09-05,79.1,81.93225806451613,1.3145309716161842,
2026-09-05T22:18:06+00:00,NYC,2026-09-06,73.8,75.57096774193548,2.0243985245144276,
2026-09-05T22:18:09+00:00,CHI,2026-09-05,80.4,82.80967741935486,1.7678773199864213,
2026-09-05T22:18:13+00:00,CHI,2026-09-06,78.9,80.2322580645161,1.7156560104828509,
2026-09-05T22:19:02+00:00,NYC,2026-09-05,79.1,81.93225806451613,1.3145309716161842,
2026-09-05T22:19:06+00:00,NYC,2026-09-06,73.8,75.57096774193548,2.0243985245144276,
2026-09-05T22:19:09+00:00,CHI,2026-09-05,80.4,82.80967741935486,1.7678773199864213,
2026-09-05T22:19:12+00:00,CHI,2026-09-06,78.9,80.2322580645161,1.7156560104828509,
2026-09-05T22:20:02+00:00,NYC,2026-09-05,79.1,81.93225806451613,1.3145309716161842,
2026-09-05T22:20:06+00:00,NYC,2026-09-06,73.8,75.57096774193548,2.0243985245144276,
2026-09-05T22:20:09+00:00,CHI,2026-09-05,80.4,82.80967741935486,1.7678773199864213,
2026-09-05T22:20:12+00:00,CHI,2026-09-06,78.9,80.2322580645161,1.7156560104828509,
2026-09-05T22:21:02+00:00,NYC,2026-09-05,79.1,81.93225806451613,1.3145309716161842,
2026-09-05T22:21:05+00:00,NYC,2026-09-06,73.8,75.57096774193548,2.0243985245144276,
2026-09-05T22:21:08+00:00,CHI,2026-09-05,80.4,82.80967741935486,1.7678773199864213,
2026-09-05T22:21:12+00:00,CHI,2026-09-06,78.9,80.2322580645161,1.7156560104828509,
2026-09-05T22:22:02+00:00,NYC,2026-09-05,79.1,81.93225806451613,1.3145309716161842,
2026-09-05T22:22:05+00:00,NYC,2026-09-06,73.8,75.57096774193548,2.0243985245144276,
2026-09-05T22:22:08+00:00,CHI,2026-09-05,80.4,82.80967741935486,1.7678773199864213,
2026-09-05T22:22:12+00:00,CHI,2026-09-06,78.9,80.2322580645161,1.7156560104828509,
2026-09-05T22:23:02+00:00,NYC,2026-09-05,79.1,81.93225806451613,1.3145309716161842,
2026-09-05T22:23:06+00:00,NYC,2026-09-06,73.8,75.57096774193548,2.0243985245144276,
2026-09-05T22:23:09+00:00,CHI,2026-09-05,80.4,82.80967741935486,1.7678773199864213,
2026-09-05T22:23:14+00:00,CHI,2026-09-06,78.9,80.2322580645161,1.7156560104828509,
2026-09-05T22:24:02+00:00,NYC,2026-09-05,79.1,81.93225806451613,1.3145309716161842,
2026-09-05T22:24:06+00:00,NYC,2026-09-06,73.8,75.57096774193548,2.0243985245144276,
2026-09-05T22:24:09+00:00,CHI,2026-09-05,80.4,82.80967741935486,1.7678773199864213,
2026-09-05T22:24:12+00:00,CHI,2026-09-06,78.9,80.2322580645161,1.7156560104828509,
2026-09-05T22:25:02+00:00,NYC,2026-09-05,79.1,81.93225806451613,1.3145309716161842,
2026-09-05T22:25:05+00:00,NYC,2026-09-06,73.8,75.57096774193548,2.0243985245144276,
2026-09-05T22:25:09+00:00,CHI,2026-09-05,80.4,82.80967741935486,1.7678773199864213,
2026-09-05T22:25:12+00:00,CHI,2026-09-06,78.9,80.2322580645161,1.7156560104828509,
2026-09-05T22:26:02+00:00,NYC,2026-09-05,79.1,81.93225806451613,1.3145309716161842,
2026-09-05T22:26:05+00:00,NYC,2026-09-06,73.8,75.57096774193548,2.0243985245144276,
2026-09-05T22:26:09+00:00,CHI,2026-09-05,80.4,82.80967741935486,1.7678773199864213,
2026-09-05T22:26:12+00:00,CHI,2026-09-06,78.9,80.2322580645161,1.7156560104828509,
2026-09-05T22:27:02+00:00,NYC,2026-09-05,79.1,81.93225806451613,1.3145309716161842,
2026-09-05T22:27:05+00:00,NYC,2026-09-06,73.8,75.57096774193548,2.0243985245144276,
2026-09-05T22:27:09+00:00,CHI,2026-09-05,80.4,82.80967741935486,1.7678773199864213,
2026-09-05T22:27:12+00:00,CHI,2026-09-06,78.9,80.2322580645161,1.7156560104828509,
2026-09-05T22:28:02+00:00,NYC,2026-09-05,79.1,81.93225806451613,1.3145309716161842,
2026-09-05T22:28:06+00:00,NYC,2026-09-06,73.8,75.57096774193548,2.0243985245144276,
2026-09-05T22:28:09+00:00,CHI,2026-09-05,80.4,82.80967741935486,1.7678773199864213,
2026-09-05T22:28:12+00:00,CHI,2026-09-06,78.9,80.2322580645161,1.7156560104828509,
2026-09-05T22:29:02+00:00,NYC,2026-09-05,79.1,81.93225806451613,1.3145309716161842,
2026-09-05T22:29:05+00:00,NYC,2026-09-06,73.8,75.57096774193548,2.0243985245144276,
2026-09-05T22:29:08+00:00,CHI,2026-09-05,80.4,82.80967741935486,1.7678773199864213,
2026-09-05T22:29:12+00:00,CHI,2026-09-06,78.9,80.2322580645161,1.7156560104828509,
2026-09-05T22:30:03+00:00,NYC,2026-09-05,79.1,81.93225806451613,1.3145309716161842,
2026-09-05T22:30:08+00:00,NYC,2026-09-06,73.8,75.57096774193548,2.0243985245144276,
2026-09-05T22:30:12+00:00,CHI,2026-09-05,80.4,82.80967741935486,1.7678773199864213,
2026-09-05T22:30:16+00:00,CHI,2026-09-06,78.9,80.2322580645161,1.7156560104828509,
2026-09-05T22:31:02+00:00,NYC,2026-09-05,79.1,81.93225806451613,1.3145309716161842,
2026-09-05T22:31:06+00:00,NYC,2026-09-06,73.8,75.57096774193548,2.0243985245144276,
2026-09-05T22:31:10+00:00,CHI,2026-09-05,80.4,82.80967741935486,1.7678773199864213,
2026-09-05T22:31:13+00:00,CHI,2026-09-06,78.9,80.2322580645161,1.7156560104828509,
2026-09-05T22:32:02+00:00,NYC,2026-09-05,79.1,81.93225806451613,1.3145309716161842,
2026-09-05T22:32:11+00:00,NYC,2026-09-06,73.8,75.57096774193548,2.0243985245144276,
2026-09-05T22:32:14+00:00,CHI,2026-09-05,80.4,82.80967741935486,1.7678773199864213,
2026-09-05T22:32:17+00:00,CHI,2026-09-06,78.9,80.2322580645161,1.7156560104828509,
2026-09-05T22:33:02+00:00,NYC,2026-09-05,79.1,81.93225806451613,1.3145309716161842,
2026-09-05T22:33:05+00:00,NYC,2026-09-06,73.8,75.57096774193548,2.0243985245144276,
2026-09-05T22:33:08+00:00,CHI,2026-09-05,80.4,82.80967741935486,1.7678773199864213,
2026-09-05T22:33:12+00:00,CHI,2026-09-06,78.9,80.2322580645161,1.7156560104828509,
2026-09-05T22:34:02+00:00,NYC,2026-09-05,79.1,81.93225806451613,1.3145309716161842,
2026-09-05T22:34:05+00:00,NYC,2026-09-06,73.8,75.57096774193548,2.0243985245144276,
2026-09-05T22:34:08+00:00,CHI,2026-09-05,80.4,82.80967741935486,1.7678773199864213,
2026-09-05T22:34:12+00:00,CHI,2026-09-06,78.9,80.2322580645161,1.7156560104828509,
2026-09-05T22:35:02+00:00,NYC,2026-09-05,79.1,81.93225806451613,1.3145309716161842,
2026-09-05T22:35:05+00:00,NYC,2026-09-06,73.8,75.57096774193548,2.0243985245144276,
2026-09-05T22:35:08+00:00,CHI,2026-09-05,80.4,82.80967741935486,1.7678773199864213,
2026-09-05T22:35:12+00:00,CHI,2026-09-06,78.9,80.2322580645161,1.7156560104828509,
2026-09-05T22:36:02+00:00,NYC,2026-09-05,79.1,81.93225806451613,1.3145309716161842,
2026-09-05T22:36:05+00:00,NYC,2026-09-06,73.8,75.57096774193548,2.0243985245144276,
2026-09-05T22:36:08+00:00,CHI,2026-09-05,80.4,82.80967741935486,1.7678773199864213,
2026-09-05T22:36:12+00:00,CHI,2026-09-06,78.9,80.2322580645161,1.7156560104828509,
2026-09-05T22:37:02+00:00,NYC,2026-09-05,78.6,81.93225806451613,1.3145309716161842,
2026-09-05T22:37:05+00:00,NYC,2026-09-06,73.8,75.57096774193548,2.0243985245144276,
2026-09-05T22:37:08+00:00,CHI,2026-09-05,80.4,82.80967741935486,1.7678773199864213,
2026-09-05T22:37:12+00:00,CHI,2026-09-06,78.9,80.2322580645161,1.7156560104828509,
2026-09-05T22:38:02+00:00,NYC,2026-09-05,78.6,81.93225806451613,1.3145309716161842,
2026-09-05T22:38:05+00:00,NYC,2026-09-06,73.8,75.57096774193548,2.0243985245144276,
2026-09-05T22:38:08+00:00,CHI,2026-09-05,80.4,82.80967741935486,1.7678773199864213,
2026-09-05T22:38:12+00:00,CHI,2026-09-06,78.9,80.2322580645161,1.7156560104828509,
2026-09-05T22:39:02+00:00,NYC,2026-09-05,78.6,81.93225806451613,1.3145309716161842,
2026-09-05T22:39:05+00:00,NYC,2026-09-06,73.8,75.57096774193548,2.0243985245144276,
2026-09-05T22:39:08+00:00,CHI,2026-09-05,80.4,82.80967741935486,1.7678773199864213,
2026-09-05T22:39:12+00:00,CHI,2026-09-06,78.9,80.2322580645161,1.7156560104828509,
2026-09-05T22:40:02+00:00,NYC,2026-09-05,78.6,81.93225806451613,1.3145309716161842,
2026-09-05T22:40:05+00:00,NYC,2026-09-06,73.8,75.57096774193548,2.0243985245144276,
2026-09-05T22:40:08+00:00,CHI,2026-09-05,80.4,82.80967741935486,1.7678773199864213,
2026-09-05T22:40:12+00:00,CHI,2026-09-06,78.9,80.2322580645161,1.7156560104828509,
2026-09-05T22:41:02+00:00,NYC,2026-09-05,78.6,81.93225806451613,1.3145309716161842,
2026-09-05T22:41:05+00:00,NYC,2026-09-06,73.8,75.57096774193548,2.0243985245144276,
2026-09-05T22:41:08+00:00,CHI,2026-09-05,80.4,82.80967741935486,1.7678773199864213,
2026-09-05T22:41:12+00:00,CHI,2026-09-06,78.9,80.2322580645161,1.7156560104828509,
2026-09-05T22:42:02+00:00,NYC,2026-09-05,78.6,81.93225806451613,1.3145309716161842,
2026-09-05T22:42:05+00:00,NYC,2026-09-06,73.8,75.57096774193548,2.0243985245144276,
2026-09-05T22:42:08+00:00,CHI,2026-09-05,80.4,82.80967741935486,1.7678773199864213,
2026-09-05T22:42:12+00:00,CHI,2026-09-06,78.9,80.2322580645161,1.7156560104828509,
2026-09-05T22:43:02+00:00,NYC,2026-09-05,78.6,81.93225806451613,1.3145309716161842,
2026-09-05T22:43:06+00:00,NYC,2026-09-06,73.8,75.57096774193548,2.0243985245144276,
2026-09-05T22:43:09+00:00,CHI,2026-09-05,80.4,82.80967741935486,1.7678773199864213,
2026-09-05T22:43:13+00:00,CHI,2026-09-06,78.9,80.2322580645161,1.7156560104828509,
2026-09-05T22:44:02+00:00,NYC,2026-09-05,78.6,81.93225806451613,1.3145309716161842,
2026-09-05T22:44:05+00:00,NYC,2026-09-06,73.8,75.57096774193548,2.0243985245144276,
2026-09-05T22:44:08+00:00,CHI,2026-09-05,80.4,82.80967741935486,1.7678773199864213,
2026-09-05T22:44:12+00:00,CHI,2026-09-06,78.9,80.2322580645161,1.7156560104828509,
2026-09-05T22:45:02+00:00,NYC,2026-09-05,78.6,81.93225806451613,1.3145309716161842,
2026-09-05T22:45:05+00:00,NYC,2026-09-06,73.8,75.57096774193548,2.0243985245144276,
2026-09-05T22:45:09+00:00,CHI,2026-09-05,80.4,82.80967741935486,1.7678773199864213,
2026-09-05T22:45:12+00:00,CHI,2026-09-06,78.9,80.2322580645161,1.7156560104828509,
2026-09-05T22:46:03+00:00,NYC,2026-09-05,78.6,81.93225806451613,1.3145309716161842,
2026-09-05T22:46:06+00:00,NYC,2026-09-06,73.8,75.57096774193548,2.0243985245144276,
2026-09-05T22:46:10+00:00,CHI,2026-09-05,80.4,82.80967741935486,1.7678773199864213,
2026-09-05T22:46:13+00:00,CHI,2026-09-06,78.9,80.2322580645161,1.7156560104828509,
2026-09-05T22:47:02+00:00,NYC,2026-09-05,78.6,81.93225806451613,1.3145309716161842,
2026-09-05T22:47:05+00:00,NYC,2026-09-06,73.8,75.57096774193548,2.0243985245144276,
2026-09-05T22:47:08+00:00,CHI,2026-09-05,80.4,82.80967741935486,1.7678773199864213,
2026-09-05T22:47:12+00:00,CHI,2026-09-06,78.9,80.2322580645161,1.7156560104828509,
2026-09-05T22:48:02+00:00,NYC,2026-09-05,78.6,81.93225806451613,1.3145309716161842,
2026-09-05T22:48:05+00:00,NYC,2026-09-06,73.8,75.57096774193548,2.0243985245144276,
2026-09-05T22:48:09+00:00,CHI,2026-09-05,80.4,82.80967741935486,1.7678773199864213,
2026-09-05T22:48:12+00:00,CHI,2026-09-06,78.9,80.2322580645161,1.7156560104828509,
2026-09-05T22:49:02+00:00,NYC,2026-09-05,78.6,81.93225806451613,1.3145309716161842,
2026-09-05T22:49:06+00:00,NYC,2026-09-06,73.8,75.57096774193548,2.0243985245144276,
2026-09-05T22:49:09+00:00,CHI,2026-09-05,80.4,82.80967741935486,1.7678773199864213,
2026-09-05T22:49:12+00:00,CHI,2026-09-06,78.9,80.2322580645161,1.7156560104828509,
2026-09-05T22:50:02+00:00,NYC,2026-09-05,78.6,81.93225806451613,1.3145309716161842,
2026-09-05T22:50:05+00:00,NYC,2026-09-06,73.8,75.57096774193548,2.0243985245144276,
2026-09-05T22:50:09+00:00,CHI,2026-09-05,80.4,82.80967741935486,1.7678773199864213,
2026-09-05T22:50:12+00:00,CHI,2026-09-06,78.9,80.2322580645161,1.7156560104828509,
2026-09-05T22:51:02+00:00,NYC,2026-09-05,78.6,81.93225806451613,1.3145309716161842,
2026-09-05T22:51:05+00:00,NYC,2026-09-06,73.8,75.57096774193548,2.0243985245144276,
2026-09-05T22:51:09+00:00,CHI,2026-09-05,80.4,82.80967741935486,1.7678773199864213,
2026-09-05T22:51:12+00:00,CHI,2026-09-06,78.9,80.2322580645161,1.7156560104828509,
2026-09-05T22:52:02+00:00,NYC,2026-09-05,78.6,81.93225806451613,1.3145309716161842,
2026-09-05T22:52:06+00:00,NYC,2026-09-06,73.8,75.57096774193548,2.0243985245144276,
2026-09-05T22:52:09+00:00,CHI,2026-09-05,80.4,82.80967741935486,1.7678773199864213,
2026-09-05T22:52:13+00:00,CHI,2026-09-06,78.9,80.2322580645161,1.7156560104828509,
2026-09-05T22:53:02+00:00,NYC,2026-09-05,78.6,81.93225806451613,1.3145309716161842,
2026-09-05T22:53:06+00:00,NYC,2026-09-06,73.8,75.57096774193548,2.0243985245144276,
2026-09-05T22:53:09+00:00,CHI,2026-09-05,80.4,82.80967741935486,1.7678773199864213,
2026-09-05T22:53:12+00:00,CHI,2026-09-06,78.9,80.2322580645161,1.7156560104828509,
2026-09-05T22:54:02+00:00,NYC,2026-09-05,78.6,81.93225806451613,1.3145309716161842,
2026-09-05T22:54:05+00:00,NYC,2026-09-06,73.8,75.57096774193548,2.0243985245144276,
2026-09-05T22:54:08+00:00,CHI,2026-09-05,80.4,82.80967741935486,1.7678773199864213,
2026-09-05T22:54:12+00:00,CHI,2026-09-06,78.9,80.2322580645161,1.7156560104828509,
2026-09-05T22:55:02+00:00,NYC,2026-09-05,78.6,81.93225806451613,1.3145309716161842,
2026-09-05T22:55:06+00:00,NYC,2026-09-06,73.8,75.57096774193548,2.0243985245144276,
2026-09-05T22:55:09+00:00,CHI,2026-09-05,80.4,82.80967741935486,1.7678773199864213,
2026-09-05T22:55:12+00:00,CHI,2026-09-06,78.9,80.2322580645161,1.7156560104828509,
2026-09-05T22:56:02+00:00,NYC,2026-09-05,78.6,81.93225806451613,1.3145309716161842,
2026-09-05T22:56:05+00:00,NYC,2026-09-06,73.8,75.57096774193548,2.0243985245144276,
2026-09-05T22:56:08+00:00,CHI,2026-09-05,80.4,82.80967741935486,1.7678773199864213,
2026-09-05T22:56:12+00:00,CHI,2026-09-06,78.9,80.2322580645161,1.7156560104828509,
2026-09-05T22:57:02+00:00,NYC,2026-09-05,78.6,81.93225806451613,1.3145309716161842,
2026-09-05T22:57:04+00:00,NYC,2026-09-06,73.8,75.57096774193548,2.0243985245144276,
2026-09-05T22:57:06+00:00,CHI,2026-09-05,80.4,82.80967741935486,1.7678773199864213,
2026-09-05T22:57:09+00:00,CHI,2026-09-06,78.9,80.2322580645161,1.7156560104828509,
2026-09-05T22:58:01+00:00,NYC,2026-09-05,78.6,81.93225806451613,1.3145309716161842,
2026-09-05T22:58:03+00:00,NYC,2026-09-06,73.8,75.57096774193548,2.0243985245144276,
2026-09-05T22:58:06+00:00,CHI,2026-09-05,80.4,82.80967741935486,1.7678773199864213,
2026-09-05T22:58:08+00:00,CHI,2026-09-06,78.9,80.2322580645161,1.7156560104828509,
2026-09-05T22:59:01+00:00,NYC,2026-09-05,78.6,81.93225806451613,1.3145309716161842,
2026-09-05T22:59:04+00:00,NYC,2026-09-06,73.8,75.57096774193548,2.0243985245144276,
2026-09-05T22:59:06+00:00,CHI,2026-09-05,80.4,82.80967741935486,1.7678773199864213,
2026-09-05T22:59:08+00:00,CHI,2026-09-06,78.9,80.2322580645161,1.7156560104828509,
2026-09-05T23:00:01+00:00,NYC,2026-09-05,78.6,81.93225806451613,1.3145309716161842,
2026-09-05T23:00:04+00:00,NYC,2026-09-06,73.8,75.57096774193548,2.0243985245144276,
2026-09-05T23:00:06+00:00,CHI,2026-09-05,80.4,82.80967741935486,1.7678773199864213,
2026-09-05T23:00:09+00:00,CHI,2026-09-06,78.9,80.2322580645161,1.7156560104828509,
2026-09-05T23:01:02+00:00,NYC,2026-09-05,78.6,81.93225806451613,1.3145309716161842,
2026-09-05T23:01:04+00:00,NYC,2026-09-06,73.8,75.57096774193548,2.0243985245144276,
2026-09-05T23:01:06+00:00,CHI,2026-09-05,80.4,82.80967741935486,1.7678773199864213,
2026-09-05T23:01:09+00:00,CHI,2026-09-06,78.9,80.2322580645161,1.7156560104828509,
2026-09-05T23:02:01+00:00,NYC,2026-09-05,78.6,81.93225806451613,1.3145309716161842,
2026-09-05T23:02:04+00:00,NYC,2026-09-06,73.8,75.57096774193548,2.0243985245144276,
2026-09-05T23:02:06+00:00,CHI,2026-09-05,80.4,82.80967741935486,1.7678773199864213,
2026-09-05T23:02:08+00:00,CHI,2026-09-06,78.9,80.2322580645161,1.7156560104828509,
2026-09-05T23:03:01+00:00,NYC,2026-09-05,78.6,81.93225806451613,1.3145309716161842,
2026-09-05T23:03:04+00:00,NYC,2026-09-06,73.8,75.57096774193548,2.0243985245144276,
2026-09-05T23:03:06+00:00,CHI,2026-09-05,80.4,82.80967741935486,1.7678773199864213,
2026-09-05T23:03:08+00:00,CHI,2026-09-06,78.9,80.2322580645161,1.7156560104828509,
2026-09-05T23:04:02+00:00,NYC,2026-09-05,78.6,81.93225806451613,1.3145309716161842,
2026-09-05T23:04:04+00:00,NYC,2026-09-06,73.8,75.57096774193548,2.0243985245144276,
2026-09-05T23:04:06+00:00,CHI,2026-09-05,80.4,82.80967741935486,1.7678773199864213,
2026-09-05T23:04:09+00:00,CHI,2026-09-06,78.9,80.2322580645161,1.7156560104828509,
2026-09-05T23:05:01+00:00,NYC,2026-09-05,78.6,81.93225806451613,1.3145309716161842,
2026-09-05T23:05:04+00:00,NYC,2026-09-06,73.8,75.57096774193548,2.0243985245144276,
2026-09-05T23:05:07+00:00,CHI,2026-09-05,80.4,82.80967741935486,1.7678773199864213,
2026-09-05T23:05:10+00:00,CHI,2026-09-06,78.9,80.2322580645161,1.7156560104828509,
2026-09-05T23:06:01+00:00,NYC,2026-09-05,78.6,81.93225806451613,1.3145309716161842,
2026-09-05T23:06:04+00:00,NYC,2026-09-06,73.8,75.57096774193548,2.0243985245144276,
2026-09-05T23:06:06+00:00,CHI,2026-09-05,80.4,82.80967741935486,1.7678773199864213,
2026-09-05T23:06:09+00:00,CHI,2026-09-06,78.9,80.2322580645161,1.7156560104828509,
2026-09-05T23:07:01+00:00,NYC,2026-09-05,78.6,81.93225806451613,1.3145309716161842,
2026-09-05T23:07:04+00:00,NYC,2026-09-06,73.8,75.57096774193548,2.0243985245144276,
2026-09-05T23:07:06+00:00,CHI,2026-09-05,80.4,82.80967741935486,1.7678773199864213,
2026-09-05T23:07:08+00:00,CHI,2026-09-06,78.9,80.2322580645161,1.7156560104828509,
2026-09-05T23:08:01+00:00,NYC,2026-09-05,78.6,81.93225806451613,1.3145309716161842,
2026-09-05T23:08:04+00:00,NYC,2026-09-06,73.8,75.57096774193548,2.0243985245144276,
2026-09-05T23:08:06+00:00,CHI,2026-09-05,80.4,82.80967741935486,1.7678773199864213,
2026-09-05T23:08:09+00:00,CHI,2026-09-06,78.9,80.2322580645161,1.7156560104828509,
2026-09-05T23:09:01+00:00,NYC,2026-09-05,78.6,81.93225806451613,1.3145309716161842,
2026-09-05T23:09:03+00:00,NYC,2026-09-06,73.8,75.57096774193548,2.0243985245144276,
2026-09-05T23:09:06+00:00,CHI,2026-09-05,80.4,82.80967741935486,1.7678773199864213,
2026-09-05T23:09:08+00:00,CHI,2026-09-06,78.9,80.2322580645161,1.7156560104828509,
2026-09-05T23:10:01+00:00,NYC,2026-09-05,78.6,81.93225806451613,1.3145309716161842,
2026-09-05T23:10:03+00:00,NYC,2026-09-06,73.8,75.57096774193548,2.0243985245144276,
2026-09-05T23:10:05+00:00,CHI,2026-09-05,80.4,82.80967741935486,1.7678773199864213,
2026-09-05T23:10:08+00:00,CHI,2026-09-06,78.9,80.2322580645161,1.7156560104828509,
2026-09-05T23:11:01+00:00,NYC,2026-09-05,78.6,81.93225806451613,1.3145309716161842,
2026-09-05T23:11:04+00:00,NYC,2026-09-06,73.8,75.57096774193548,2.0243985245144276,
2026-09-05T23:11:06+00:00,CHI,2026-09-05,80.4,82.80967741935486,1.7678773199864213,
2026-09-05T23:11:08+00:00,CHI,2026-09-06,78.9,80.2322580645161,1.7156560104828509,
2026-09-05T23:12:01+00:00,NYC,2026-09-05,78.6,81.93225806451613,1.3145309716161842,
2026-09-05T23:12:04+00:00,NYC,2026-09-06,73.8,75.57096774193548,2.0243985245144276,
2026-09-05T23:12:06+00:00,CHI,2026-09-05,80.4,82.80967741935486,1.7678773199864213,
2026-09-05T23:12:09+00:00,CHI,2026-09-06,78.9,80.2322580645161,1.7156560104828509,
2026-09-05T23:13:01+00:00,NYC,2026-09-05,78.6,81.93225806451613,1.3145309716161842,
2026-09-05T23:13:04+00:00,NYC,2026-09-06,73.8,75.57096774193548,2.0243985245144276,
2026-09-05T23:13:06+00:00,CHI,2026-09-05,80.4,82.80967741935486,1.7678773199864213,
2026-09-05T23:13:08+00:00,CHI,2026-09-06,78.9,80.2322580645161,1.7156560104828509,
2026-09-05T23:14:01+00:00,NYC,2026-09-05,78.6,81.93225806451613,1.3145309716161842,
2026-09-05T23:14:04+00:00,NYC,2026-09-06,73.8,75.57096774193548,2.0243985245144276,
2026-09-05T23:14:06+00:00,CHI,2026-09-05,80.4,82.80967741935486,1.7678773199864213,
2026-09-05T23:14:08+00:00,CHI,2026-09-06,78.9,80.2322580645161,1.7156560104828509,
2026-09-05T23:15:01+00:00,NYC,2026-09-05,78.6,81.93225806451613,1.3145309716161842,
2026-09-05T23:15:04+00:00,NYC,2026-09-06,73.8,75.57096774193548,2.0243985245144276,
2026-09-05T23:15:06+00:00,CHI,2026-09-05,80.4,82.80967741935486,1.7678773199864213,
2026-09-05T23:15:08+00:00,CHI,2026-09-06,78.9,80.2322580645161,1.7156560104828509,
2026-09-05T23:16:02+00:00,NYC,2026-09-05,78.6,81.93225806451613,1.3145309716161842,
2026-09-05T23:16:04+00:00,NYC,2026-09-06,73.8,75.57096774193548,2.0243985245144276,
2026-09-05T23:16:06+00:00,CHI,2026-09-05,80.4,82.80967741935486,1.7678773199864213,
2026-09-05T23:16:09+00:00,CHI,2026-09-06,78.9,80.2322580645161,1.7156560104828509,
2026-09-05T23:17:01+00:00,NYC,2026-09-05,78.6,81.93225806451613,1.3145309716161842,
2026-09-05T23:17:04+00:00,NYC,2026-09-06,73.8,75.57096774193548,2.0243985245144276,
2026-09-05T23:17:06+00:00,CHI,2026-09-05,80.4,82.80967741935486,1.7678773199864213,
2026-09-05T23:17:09+00:00,CHI,2026-09-06,78.9,80.2322580645161,1.7156560104828509,
2026-09-05T23:18:01+00:00,NYC,2026-09-05,78.6,81.93225806451613,1.3145309716161842,
2026-09-05T23:18:05+00:00,NYC,2026-09-06,73.8,75.57096774193548,2.0243985245144276,
2026-09-05T23:18:07+00:00,CHI,2026-09-05,80.4,82.80967741935486,1.7678773199864213,
2026-09-05T23:18:10+00:00,CHI,2026-09-06,78.9,80.2322580645161,1.7156560104828509,
2026-09-05T23:19:01+00:00,NYC,2026-09-05,78.6,81.93225806451613,1.3145309716161842,
2026-09-05T23:19:04+00:00,NYC,2026-09-06,73.8,75.57096774193548,2.0243985245144276,
2026-09-05T23:19:06+00:00,CHI,2026-09-05,80.4,82.80967741935486,1.7678773199864213,
2026-09-05T23:19:09+00:00,CHI,2026-09-06,78.9,80.2322580645161,1.7156560104828509,
2026-09-05T23:19:44+00:00,NYC,2026-09-05,78.6,81.93225806451613,1.3145309716161842,
2026-09-05T23:19:47+00:00,NYC,2026-09-06,73.8,75.57096774193548,2.0243985245144276,
2026-09-05T23:19:49+00:00,CHI,2026-09-05,80.4,82.80967741935486,1.7678773199864213,
2026-09-05T23:19:51+00:00,CHI,2026-09-06,78.9,80.2322580645161,1.7156560104828509,
2026-09-05T23:20:15+00:00,NYC,2026-09-05,78.6,81.93225806451613,1.3145309716161842,
2026-09-05T23:20:17+00:00,NYC,2026-09-06,73.8,75.57096774193548,2.0243985245144276,
2026-09-05T23:20:20+00:00,CHI,2026-09-05,80.4,82.80967741935486,1.7678773199864213,
2026-09-05T23:20:22+00:00,CHI,2026-09-06,78.9,80.2322580645161,1.7156560104828509,
2026-09-05T23:20:40+00:00,NYC,2026-09-05,78.6,81.93225806451613,1.3145309716161842,
2026-09-05T23:20:42+00:00,NYC,2026-09-06,73.8,75.57096774193548,2.0243985245144276,
2026-09-05T23:20:44+00:00,CHI,2026-09-05,80.4,82.80967741935486,1.7678773199864213,
2026-09-05T23:20:47+00:00,CHI,2026-09-06,78.9,80.2322580645161,1.7156560104828509,
2026-09-05T23:22:40+00:00,NYC,2026-09-05,78.6,81.93225806451613,1.3145309716161842,
2026-09-05T23:22:42+00:00,NYC,2026-09-06,73.8,75.57096774193548,2.0243985245144276,
2026-09-05T23:22:44+00:00,CHI,2026-09-05,80.4,82.80967741935486,1.7678773199864213,
2026-09-05T23:22:47+00:00,CHI,2026-09-06,78.9,80.2322580645161,1.7156560104828509,
2026-09-05T23:23:40+00:00,NYC,2026-09-05,78.6,81.93225806451613,1.3145309716161842,
2026-09-05T23:23:42+00:00,NYC,2026-09-06,73.8,75.57096774193548,2.0243985245144276,
2026-09-05T23:23:45+00:00,CHI,2026-09-05,80.4,82.80967741935486,1.7678773199864213,
2026-09-05T23:23:48+00:00,CHI,2026-09-06,78.9,80.2322580645161,1.7156560104828509,
2026-09-05T23:24:40+00:00,NYC,2026-09-05,78.6,81.93225806451613,1.3145309716161842,
2026-09-05T23:24:42+00:00,NYC,2026-09-06,73.8,75.57096774193548,2.0243985245144276,
2026-09-05T23:24:44+00:00,CHI,2026-09-05,80.4,82.80967741935486,1.7678773199864213,
2026-09-05T23:24:47+00:00,CHI,2026-09-06,78.9,80.2322580645161,1.7156560104828509,
2026-09-05T23:25:40+00:00,NYC,2026-09-05,78.6,81.93225806451613,1.3145309716161842,
2026-09-05T23:25:43+00:00,NYC,2026-09-06,73.8,75.57096774193548,2.0243985245144276,
2026-09-05T23:25:45+00:00,CHI,2026-09-05,80.4,82.80967741935486,1.7678773199864213,
2026-09-05T23:25:49+00:00,CHI,2026-09-06,78.9,80.2322580645161,1.7156560104828509,
2026-09-05T23:26:40+00:00,NYC,2026-09-05,78.6,81.93225806451613,1.3145309716161842,
2026-09-05T23:26:44+00:00,NYC,2026-09-06,73.8,75.57096774193548,2.0243985245144276,
2026-09-05T23:26:47+00:00,CHI,2026-09-05,80.4,82.80967741935486,1.7678773199864213,
2026-09-05T23:26:51+00:00,CHI,2026-09-06,78.9,80.2322580645161,1.7156560104828509,
2026-09-05T23:27:40+00:00,NYC,2026-09-05,78.6,81.93225806451613,1.3145309716161842,
2026-09-05T23:27:44+00:00,NYC,2026-09-06,73.8,75.57096774193548,2.0243985245144276,
2026-09-05T23:27:47+00:00,CHI,2026-09-05,80.4,82.80967741935486,1.7678773199864213,
2026-09-05T23:27:50+00:00,CHI,2026-09-06,78.9,80.2322580645161,1.7156560104828509,
2026-09-05T23:28:40+00:00,NYC,2026-09-05,78.6,81.93225806451613,1.3145309716161842,
2026-09-05T23:28:44+00:00,NYC,2026-09-06,73.8,75.57096774193548,2.0243985245144276,
2026-09-05T23:28:47+00:00,CHI,2026-09-05,80.4,82.80967741935486,1.7678773199864213,
2026-09-05T23:28:51+00:00,CHI,2026-09-06,78.9,80.2322580645161,1.7156560104828509,
2026-09-05T23:29:40+00:00,NYC,2026-09-05,78.6,81.93225806451613,1.3145309716161842,
2026-09-05T23:29:44+00:00,NYC,2026-09-06,73.8,75.57096774193548,2.0243985245144276,
2026-09-05T23:29:47+00:00,CHI,2026-09-05,80.4,82.80967741935486,1.7678773199864213,
2026-09-05T23:29:51+00:00,CHI,2026-09-06,78.9,80.2322580645161,1.7156560104828509,
2026-09-05T23:30:40+00:00,NYC,2026-09-05,78.6,81.93225806451613,1.3145309716161842,
2026-09-05T23:30:44+00:00,NYC,2026-09-06,73.8,75.57096774193548,2.0243985245144276,
2026-09-05T23:30:47+00:00,CHI,2026-09-05,80.4,82.80967741935486,1.7678773199864213,
2026-09-05T23:30:52+00:00,CHI,2026-09-06,78.9,80.2322580645161,1.7156560104828509,
2026-09-05T23:31:41+00:00,NYC,2026-09-05,78.6,81.93225806451613,1.3145309716161842,
2026-09-05T23:31:45+00:00,NYC,2026-09-06,73.8,75.57096774193548,2.0243985245144276,
2026-09-05T23:31:48+00:00,CHI,2026-09-05,80.4,82.80967741935486,1.7678773199864213,
2026-09-05T23:31:52+00:00,CHI,2026-09-06,78.9,80.2322580645161,1.7156560104828509,
2026-09-05T23:33:02+00:00,NYC,2026-09-05,78.6,81.93225806451613,1.3145309716161842,
2026-09-05T23:33:06+00:00,NYC,2026-09-06,73.8,75.57096774193548,2.0243985245144276,
2026-09-05T23:33:09+00:00,CHI,2026-09-05,80.4,82.80967741935486,1.7678773199864213,
2026-09-05T23:33:14+00:00,CHI,2026-09-06,78.9,80.2322580645161,1.7156560104828509,
2026-09-05T23:34:02+00:00,NYC,2026-09-05,78.6,81.93225806451613,1.3145309716161842,
2026-09-05T23:34:06+00:00,NYC,2026-09-06,73.8,75.57096774193548,2.0243985245144276,
2026-09-05T23:34:10+00:00,CHI,2026-09-05,80.4,82.80967741935486,1.7678773199864213,
2026-09-05T23:34:14+00:00,CHI,2026-09-06,78.9,80.2322580645161,1.7156560104828509,
2026-09-05T23:35:08+00:00,NYC,2026-09-05,78.6,81.93225806451613,1.3145309716161842,
2026-09-05T23:35:13+00:00,NYC,2026-09-06,73.8,75.57096774193548,2.0243985245144276,
2026-09-05T23:35:17+00:00,CHI,2026-09-05,80.4,82.80967741935486,1.7678773199864213,
2026-09-05T23:35:24+00:00,CHI,2026-09-06,78.9,80.2322580645161,1.7156560104828509,
2026-09-05T23:36:05+00:00,NYC,2026-09-05,78.6,81.93225806451613,1.3145309716161842,
2026-09-05T23:36:11+00:00,NYC,2026-09-06,73.8,75.57096774193548,2.0243985245144276,
2026-09-05T23:36:16+00:00,CHI,2026-09-05,80.4,82.80967741935486,1.7678773199864213,
2026-09-05T23:36:20+00:00,CHI,2026-09-06,78.9,80.2322580645161,1.7156560104828509,
2026-09-05T23:37:02+00:00,NYC,2026-09-05,78.6,81.93225806451613,1.3145309716161842,
2026-09-05T23:37:05+00:00,NYC,2026-09-06,73.8,75.57096774193548,2.0243985245144276,
2026-09-05T23:37:08+00:00,CHI,2026-09-05,80.4,82.80967741935486,1.7678773199864213,
2026-09-05T23:37:12+00:00,CHI,2026-09-06,78.9,80.2322580645161,1.7156560104828509,
2026-09-05T23:38:02+00:00,NYC,2026-09-05,78.6,81.93225806451613,1.3145309716161842,
2026-09-05T23:38:06+00:00,NYC,2026-09-06,73.8,75.57096774193548,2.0243985245144276,
2026-09-05T23:38:10+00:00,CHI,2026-09-05,80.4,82.80967741935486,1.7678773199864213,
2026-09-05T23:38:14+00:00,CHI,2026-09-06,78.9,80.2322580645161,1.7156560104828509,
2026-09-05T23:39:02+00:00,NYC,2026-09-05,78.6,81.93225806451613,1.3145309716161842,
2026-09-05T23:39:05+00:00,NYC,2026-09-06,73.8,75.57096774193548,2.0243985245144276,
2026-09-05T23:39:08+00:00,CHI,2026-09-05,80.4,82.80967741935486,1.7678773199864213,
2026-09-05T23:39:12+00:00,CHI,2026-09-06,78.9,80.2322580645161,1.7156560104828509,
2026-09-05T23:40:04+00:00,NYC,2026-09-05,78.6,81.93225806451613,1.3145309716161842,
2026-09-05T23:40:08+00:00,NYC,2026-09-06,73.8,75.57096774193548,2.0243985245144276,
2026-09-05T23:40:11+00:00,CHI,2026-09-05,80.4,82.80967741935486,1.7678773199864213,
2026-09-05T23:40:15+00:00,CHI,2026-09-06,78.9,80.2322580645161,1.7156560104828509,
2026-09-05T23:41:02+00:00,NYC,2026-09-05,78.6,81.93225806451613,1.3145309716161842,
2026-09-05T23:41:05+00:00,NYC,2026-09-06,73.8,75.57096774193548,2.0243985245144276,
2026-09-05T23:41:09+00:00,CHI,2026-09-05,80.4,82.80967741935486,1.7678773199864213,
2026-09-05T23:41:12+00:00,CHI,2026-09-06,78.9,80.2322580645161,1.7156560104828509,
2026-09-05T23:42:02+00:00,NYC,2026-09-05,78.6,81.93225806451613,1.3145309716161842,
2026-09-05T23:42:06+00:00,NYC,2026-09-06,73.8,75.57096774193548,2.0243985245144276,
2026-09-05T23:42:10+00:00,CHI,2026-09-05,80.4,82.80967741935486,1.7678773199864213,
2026-09-05T23:42:14+00:00,CHI,2026-09-06,78.9,80.2322580645161,1.7156560104828509,
2026-09-05T23:43:02+00:00,NYC,2026-09-05,78.6,81.93225806451613,1.3145309716161842,
2026-09-05T23:43:06+00:00,NYC,2026-09-06,73.8,75.57096774193548,2.0243985245144276,
2026-09-05T23:43:10+00:00,CHI,2026-09-05,80.4,82.80967741935486,1.7678773199864213,
2026-09-05T23:43:14+00:00,CHI,2026-09-06,78.9,80.2322580645161,1.7156560104828509,
2026-09-05T23:44:02+00:00,NYC,2026-09-05,78.6,81.93225806451613,1.3145309716161842,
2026-09-05T23:44:05+00:00,NYC,2026-09-06,73.8,75.57096774193548,2.0243985245144276,
2026-09-05T23:44:08+00:00,CHI,2026-09-05,80.4,82.80967741935486,1.7678773199864213,
2026-09-05T23:44:12+00:00,CHI,2026-09-06,78.9,80.2322580645161,1.7156560104828509,
2026-09-05T23:45:02+00:00,NYC,2026-09-05,78.6,79.70645161290322,0.5718873585632872,
2026-09-05T23:45:06+00:00,NYC,2026-09-06,73.8,75.4483870967742,2.3424375183930604,
2026-09-05T23:45:10+00:00,CHI,2026-09-05,80.4,80.80645161290323,0.9171961073138039,
2026-09-05T23:45:14+00:00,CHI,2026-09-06,78.9,79.5290322580645,1.527425315926645,
2026-09-05T23:46:02+00:00,NYC,2026-09-05,78.6,79.70645161290322,0.5718873585632872,
2026-09-05T23:46:08+00:00,NYC,2026-09-06,73.8,75.4483870967742,2.3424375183930604,
2026-09-05T23:46:11+00:00,CHI,2026-09-05,80.4,80.80645161290323,0.9171961073138039,
2026-09-05T23:46:16+00:00,CHI,2026-09-06,78.9,79.5290322580645,1.527425315926645,
2026-09-05T23:47:02+00:00,NYC,2026-09-05,78.6,79.70645161290322,0.5718873585632872,
2026-09-05T23:47:06+00:00,NYC,2026-09-06,73.8,75.4483870967742,2.3424375183930604,
2026-09-05T23:47:09+00:00,CHI,2026-09-05,80.4,80.80645161290323,0.9171961073138039,
2026-09-05T23:47:14+00:00,CHI,2026-09-06,78.9,79.5290322580645,1.527425315926645,
2026-09-05T23:48:02+00:00,NYC,2026-09-05,78.6,79.70645161290322,0.5718873585632872,
2026-09-05T23:48:06+00:00,NYC,2026-09-06,73.8,75.4483870967742,2.3424375183930604,
2026-09-05T23:48:14+00:00,CHI,2026-09-05,80.4,80.80645161290323,0.9171961073138039,
2026-09-05T23:48:18+00:00,CHI,2026-09-06,78.9,79.5290322580645,1.527425315926645,
2026-09-05T23:48:21+00:00,NYC,2026-09-05,78.6,79.70645161290322,0.5718873585632872,
2026-09-05T23:48:25+00:00,NYC,2026-09-06,73.8,75.4483870967742,2.3424375183930604,
2026-09-05T23:48:29+00:00,CHI,2026-09-05,80.4,80.80645161290323,0.9171961073138039,
2026-09-05T23:48:33+00:00,CHI,2026-09-06,78.9,79.5290322580645,1.527425315926645,
2026-09-05T23:49:02+00:00,NYC,2026-09-05,78.6,79.70645161290322,0.5718873585632872,
2026-09-05T23:49:06+00:00,NYC,2026-09-06,73.8,75.4483870967742,2.3424375183930604,
2026-09-05T23:49:09+00:00,CHI,2026-09-05,80.4,80.80645161290323,0.9171961073138039,
2026-09-05T23:49:13+00:00,CHI,2026-09-06,78.9,79.5290322580645,1.527425315926645,
2026-09-05T23:50:02+00:00,NYC,2026-09-05,78.6,79.70645161290322,0.5718873585632872,
2026-09-05T23:50:07+00:00,NYC,2026-09-06,73.8,75.4483870967742,2.3424375183930604,
2026-09-05T23:50:10+00:00,CHI,2026-09-05,80.4,80.80645161290323,0.9171961073138039,
2026-09-05T23:50:14+00:00,CHI,2026-09-06,78.9,79.5290322580645,1.527425315926645,
2026-09-05T23:50:17+00:00,NYC,2026-09-05,78.6,79.70645161290322,0.5718873585632872,
2026-09-05T23:50:21+00:00,NYC,2026-09-06,73.8,75.4483870967742,2.3424375183930604,
2026-09-05T23:50:24+00:00,CHI,2026-09-05,80.4,80.80645161290323,0.9171961073138039,
2026-09-05T23:50:32+00:00,CHI,2026-09-06,78.9,79.5290322580645,1.527425315926645,
2026-09-05T23:51:02+00:00,NYC,2026-09-05,78.6,79.70645161290322,0.5718873585632872,
2026-09-05T23:51:05+00:00,NYC,2026-09-06,73.8,75.4483870967742,2.3424375183930604,
2026-09-05T23:51:08+00:00,CHI,2026-09-05,80.4,80.80645161290323,0.9171961073138039,
2026-09-05T23:51:12+00:00,CHI,2026-09-06,78.9,79.5290322580645,1.527425315926645,
2026-09-05T23:51:15+00:00,NYC,2026-09-05,78.6,79.70645161290322,0.5718873585632872,
2026-09-05T23:51:18+00:00,NYC,2026-09-06,73.8,75.4483870967742,2.3424375183930604,
2026-09-05T23:51:21+00:00,CHI,2026-09-05,80.4,80.80645161290323,0.9171961073138039,
2026-09-05T23:51:24+00:00,CHI,2026-09-06,78.9,79.5290322580645,1.527425315926645,
2026-09-05T23:52:02+00:00,NYC,2026-09-05,78.6,79.70645161290322,0.5718873585632872,
2026-09-05T23:52:05+00:00,NYC,2026-09-06,73.8,75.4483870967742,2.3424375183930604,
2026-09-05T23:52:08+00:00,CHI,2026-09-05,80.4,80.80645161290323,0.9171961073138039,
2026-09-05T23:52:12+00:00,CHI,2026-09-06,78.9,79.5290322580645,1.527425315926645,
2026-09-05T23:52:15+00:00,NYC,2026-09-05,78.6,79.70645161290322,0.5718873585632872,
2026-09-05T23:52:19+00:00,NYC,2026-09-06,73.8,75.4483870967742,2.3424375183930604,
2026-09-05T23:52:22+00:00,CHI,2026-09-05,80.4,80.80645161290323,0.9171961073138039,
2026-09-05T23:52:26+00:00,CHI,2026-09-06,78.9,79.5290322580645,1.527425315926645,
2026-09-05T23:53:02+00:00,NYC,2026-09-05,78.6,79.70645161290322,0.5718873585632872,
2026-09-05T23:53:05+00:00,NYC,2026-09-06,73.8,75.4483870967742,2.3424375183930604,
2026-09-05T23:53:08+00:00,CHI,2026-09-05,80.4,80.80645161290323,0.9171961073138039,
2026-09-05T23:53:11+00:00,CHI,2026-09-06,78.9,79.5290322580645,1.527425315926645,
2026-09-05T23:53:14+00:00,NYC,2026-09-05,78.6,79.70645161290322,0.5718873585632872,
2026-09-05T23:53:18+00:00,NYC,2026-09-06,73.8,75.4483870967742,2.3424375183930604,
2026-09-05T23:53:21+00:00,CHI,2026-09-05,80.4,80.80645161290323,0.9171961073138039,
2026-09-05T23:53:24+00:00,CHI,2026-09-06,78.9,79.5290322580645,1.527425315926645,
2026-09-05T23:54:02+00:00,NYC,2026-09-05,78.6,79.70645161290322,0.5718873585632872,
2026-09-05T23:54:06+00:00,NYC,2026-09-06,73.8,75.4483870967742,2.3424375183930604,
2026-09-05T23:54:09+00:00,CHI,2026-09-05,80.4,80.80645161290323,0.9171961073138039,
2026-09-05T23:54:12+00:00,CHI,2026-09-06,78.9,79.5290322580645,1.527425315926645,
2026-09-05T23:54:16+00:00,NYC,2026-09-05,78.6,79.70645161290322,0.5718873585632872,
2026-09-05T23:54:19+00:00,NYC,2026-09-06,73.8,75.4483870967742,2.3424375183930604,
2026-09-05T23:54:22+00:00,CHI,2026-09-05,80.4,80.80645161290323,0.9171961073138039,
2026-09-05T23:54:26+00:00,CHI,2026-09-06,78.9,79.5290322580645,1.527425315926645,
2026-09-05T23:55:02+00:00,NYC,2026-09-05,78.6,79.70645161290322,0.5718873585632872,
2026-09-05T23:55:05+00:00,NYC,2026-09-06,73.8,75.4483870967742,2.3424375183930604,
2026-09-05T23:55:08+00:00,CHI,2026-09-05,80.4,80.80645161290323,0.9171961073138039,
2026-09-05T23:55:11+00:00,CHI,2026-09-06,78.9,79.5290322580645,1.527425315926645,
2026-09-05T23:55:14+00:00,NYC,2026-09-05,78.6,79.70645161290322,0.5718873585632872,
2026-09-05T23:55:18+00:00,NYC,2026-09-06,73.8,75.4483870967742,2.3424375183930604,
2026-09-05T23:55:21+00:00,CHI,2026-09-05,80.4,80.80645161290323,0.9171961073138039,
2026-09-05T23:55:24+00:00,CHI,2026-09-06,78.9,79.5290322580645,1.527425315926645,
2026-09-05T23:56:02+00:00,NYC,2026-09-05,78.6,79.70645161290322,0.5718873585632872,
2026-09-05T23:56:04+00:00,NYC,2026-09-06,73.8,75.4483870967742,2.3424375183930604,
2026-09-05T23:56:06+00:00,CHI,2026-09-05,80.4,80.80645161290323,0.9171961073138039,
2026-09-05T23:56:09+00:00,CHI,2026-09-06,78.9,79.5290322580645,1.527425315926645,
2026-09-05T23:56:11+00:00,NYC,2026-09-05,78.6,79.70645161290322,0.5718873585632872,
2026-09-05T23:56:13+00:00,NYC,2026-09-06,73.8,75.4483870967742,2.3424375183930604,
2026-09-05T23:56:15+00:00,CHI,2026-09-05,80.4,80.80645161290323,0.9171961073138039,
2026-09-05T23:56:17+00:00,CHI,2026-09-06,78.9,79.5290322580645,1.527425315926645,
2026-09-05T23:57:01+00:00,NYC,2026-09-05,78.6,79.70645161290322,0.5718873585632872,
2026-09-05T23:57:03+00:00,NYC,2026-09-06,73.8,75.4483870967742,2.3424375183930604,
2026-09-05T23:57:05+00:00,CHI,2026-09-05,80.4,80.80645161290323,0.9171961073138039,
2026-09-05T23:57:07+00:00,CHI,2026-09-06,78.9,79.5290322580645,1.527425315926645,
2026-09-05T23:57:09+00:00,NYC,2026-09-05,78.6,79.70645161290322,0.5718873585632872,
2026-09-05T23:57:11+00:00,NYC,2026-09-06,73.8,75.4483870967742,2.3424375183930604,
2026-09-05T23:57:13+00:00,CHI,2026-09-05,80.4,80.80645161290323,0.9171961073138039,
2026-09-05T23:57:15+00:00,CHI,2026-09-06,78.9,79.5290322580645,1.527425315926645,
2026-09-05T23:58:01+00:00,NYC,2026-09-05,78.6,79.70645161290322,0.5718873585632872,
2026-09-05T23:58:03+00:00,NYC,2026-09-06,73.8,75.4483870967742,2.3424375183930604,
2026-09-05T23:58:05+00:00,CHI,2026-09-05,80.4,80.80645161290323,0.9171961073138039,
2026-09-05T23:58:08+00:00,CHI,2026-09-06,78.9,79.5290322580645,1.527425315926645,
2026-09-05T23:58:10+00:00,NYC,2026-09-05,78.6,79.70645161290322,0.5718873585632872,
2026-09-05T23:58:12+00:00,NYC,2026-09-06,73.8,75.4483870967742,2.3424375183930604,
2026-09-05T23:58:14+00:00,CHI,2026-09-05,80.4,80.80645161290323,0.9171961073138039,
2026-09-05T23:58:16+00:00,CHI,2026-09-06,78.9,79.5290322580645,1.527425315926645,
2026-09-05T23:59:01+00:00,NYC,2026-09-05,78.6,79.70645161290322,0.5718873585632872,
2026-09-05T23:59:04+00:00,NYC,2026-09-06,73.8,75.4483870967742,2.3424375183930604,
2026-09-05T23:59:06+00:00,CHI,2026-09-05,80.4,80.80645161290323,0.9171961073138039,
2026-09-05T23:59:08+00:00,CHI,2026-09-06,78.9,79.5290322580645,1.527425315926645,
2026-09-05T23:59:10+00:00,NYC,2026-09-05,78.6,79.70645161290322,0.5718873585632872,
2026-09-05T23:59:12+00:00,NYC,2026-09-06,73.8,75.4483870967742,2.3424375183930604,
2026-09-05T23:59:14+00:00,CHI,2026-09-05,80.4,80.80645161290323,0.9171961073138039,
2026-09-05T23:59:17+00:00,CHI,2026-09-06,78.9,79.5290322580645,1.527425315926645,
2026-09-06T00:00:02+00:00,NYC,2026-09-05,78.6,79.70645161290322,0.5718873585632872,
2026-09-06T00:00:04+00:00,NYC,2026-09-06,73.8,75.4483870967742,2.3424375183930604,
2026-09-06T00:00:08+00:00,CHI,2026-09-05,80.4,80.80645161290323,0.9171961073138039,
2026-09-06T00:00:11+00:00,CHI,2026-09-06,78.9,79.5290322580645,1.527425315926645,
2026-09-06T00:00:13+00:00,NYC,2026-09-05,78.6,79.70645161290322,0.5718873585632872,
2026-09-06T00:00:16+00:00,NYC,2026-09-06,73.8,75.4483870967742,2.3424375183930604,
2026-09-06T00:00:18+00:00,CHI,2026-09-05,80.4,80.80645161290323,0.9171961073138039,
2026-09-06T00:00:21+00:00,CHI,2026-09-06,78.9,79.5290322580645,1.527425315926645,
2026-09-06T00:01:02+00:00,NYC,2026-09-05,78.6,79.70645161290322,0.5718873585632872,
2026-09-06T00:01:06+00:00,NYC,2026-09-06,73.8,75.4483870967742,2.3424375183930604,
2026-09-06T00:01:08+00:00,CHI,2026-09-05,80.4,80.80645161290323,0.9171961073138039,
2026-09-06T00:01:10+00:00,CHI,2026-09-06,78.9,79.5290322580645,1.527425315926645,
2026-09-06T00:01:12+00:00,NYC,2026-09-05,78.6,79.70645161290322,0.5718873585632872,
2026-09-06T00:01:14+00:00,NYC,2026-09-06,73.8,75.4483870967742,2.3424375183930604,
2026-09-06T00:01:16+00:00,CHI,2026-09-05,80.4,80.80645161290323,0.9171961073138039,
2026-09-06T00:01:18+00:00,CHI,2026-09-06,78.9,79.5290322580645,1.527425315926645,
2026-09-06T00:02:05+00:00,NYC,2026-09-05,78.6,79.70645161290322,0.5718873585632872,
2026-09-06T00:02:07+00:00,NYC,2026-09-06,73.8,75.4483870967742,2.3424375183930604,
2026-09-06T00:02:09+00:00,CHI,2026-09-05,80.4,80.80645161290323,0.9171961073138039,
2026-09-06T00:02:12+00:00,CHI,2026-09-06,78.9,79.5290322580645,1.527425315926645,
2026-09-06T00:03:05+00:00,NYC,2026-09-05,78.6,79.70645161290322,0.5718873585632872,
2026-09-06T00:03:07+00:00,NYC,2026-09-06,73.8,75.4483870967742,2.3424375183930604,
2026-09-06T00:03:09+00:00,CHI,2026-09-05,80.4,80.80645161290323,0.9171961073138039,
2026-09-06T00:03:12+00:00,CHI,2026-09-06,78.9,79.5290322580645,1.527425315926645,
2026-09-06T00:04:05+00:00,NYC,2026-09-05,78.6,79.70645161290322,0.5718873585632872,
2026-09-06T00:04:08+00:00,NYC,2026-09-06,73.8,75.4483870967742,2.3424375183930604,
2026-09-06T00:04:09+00:00,CHI,2026-09-05,80.4,80.80645161290323,0.9171961073138039,
2026-09-06T00:04:12+00:00,CHI,2026-09-06,78.9,79.5290322580645,1.527425315926645,
2026-09-06T00:05:05+00:00,NYC,2026-09-05,78.6,79.70645161290322,0.5718873585632872,
2026-09-06T00:05:07+00:00,NYC,2026-09-06,73.8,75.4483870967742,2.3424375183930604,
2026-09-06T00:05:09+00:00,CHI,2026-09-05,80.4,80.80645161290323,0.9171961073138039,
2026-09-06T00:05:12+00:00,CHI,2026-09-06,78.9,79.5290322580645,1.527425315926645,
2026-09-06T00:06:05+00:00,NYC,2026-09-05,78.6,79.70645161290322,0.5718873585632872,
2026-09-06T00:06:08+00:00,NYC,2026-09-06,73.8,75.4483870967742,2.3424375183930604,
2026-09-06T00:06:10+00:00,CHI,2026-09-05,80.4,80.80645161290323,0.9171961073138039,
2026-09-06T00:06:12+00:00,CHI,2026-09-06,78.9,79.5290322580645,1.527425315926645,
2026-09-06T00:07:05+00:00,NYC,2026-09-05,78.6,79.70645161290322,0.5718873585632872,
2026-09-06T00:07:07+00:00,NYC,2026-09-06,73.8,75.4483870967742,2.3424375183930604,
2026-09-06T00:07:09+00:00,CHI,2026-09-05,80.4,80.80645161290323,0.9171961073138039,
2026-09-06T00:07:11+00:00,CHI,2026-09-06,78.9,79.5290322580645,1.527425315926645,
2026-09-06T00:08:05+00:00,NYC,2026-09-05,78.6,79.70645161290322,0.5718873585632872,
2026-09-06T00:08:07+00:00,NYC,2026-09-06,73.8,75.4483870967742,2.3424375183930604,
2026-09-06T00:08:09+00:00,CHI,2026-09-05,80.4,80.80645161290323,0.9171961073138039,
2026-09-06T00:08:11+00:00,CHI,2026-09-06,78.9,79.5290322580645,1.527425315926645,
2026-09-06T00:09:06+00:00,NYC,2026-09-05,78.6,79.70645161290322,0.5718873585632872,
2026-09-06T00:09:09+00:00,NYC,2026-09-06,73.8,75.4483870967742,2.3424375183930604,
2026-09-06T00:09:13+00:00,CHI,2026-09-05,80.4,80.80645161290323,0.9171961073138039,
2026-09-06T00:09:15+00:00,CHI,2026-09-06,78.9,79.5290322580645,1.527425315926645,
2026-09-06T00:10:05+00:00,NYC,2026-09-05,78.6,79.70645161290322,0.5718873585632872,
2026-09-06T00:10:08+00:00,NYC,2026-09-06,73.8,75.4483870967742,2.3424375183930604,
2026-09-06T00:10:10+00:00,CHI,2026-09-05,80.4,80.80645161290323,0.9171961073138039,
2026-09-06T00:10:15+00:00,CHI,2026-09-06,78.9,79.5290322580645,1.527425315926645,
2026-09-06T00:11:06+00:00,NYC,2026-09-05,78.6,79.70645161290322,0.5718873585632872,
2026-09-06T00:11:08+00:00,NYC,2026-09-06,73.8,75.4483870967742,2.3424375183930604,
2026-09-06T00:11:10+00:00,CHI,2026-09-05,80.4,80.80645161290323,0.9171961073138039,
2026-09-06T00:11:13+00:00,CHI,2026-09-06,78.9,79.5290322580645,1.527425315926645,
2026-09-06T00:12:05+00:00,NYC,2026-09-05,78.6,79.70645161290322,0.5718873585632872,
2026-09-06T00:12:08+00:00,NYC,2026-09-06,73.8,75.4483870967742,2.3424375183930604,
2026-09-06T00:12:10+00:00,CHI,2026-09-05,80.4,80.80645161290323,0.9171961073138039,
2026-09-06T00:12:12+00:00,CHI,2026-09-06,78.9,79.5290322580645,1.527425315926645,
2026-09-06T00:13:05+00:00,NYC,2026-09-05,78.6,79.70645161290322,0.5718873585632872,
2026-09-06T00:13:07+00:00,NYC,2026-09-06,73.8,75.4483870967742,2.3424375183930604,
2026-09-06T00:13:09+00:00,CHI,2026-09-05,80.4,80.80645161290323,0.9171961073138039,
2026-09-06T00:13:12+00:00,CHI,2026-09-06,78.9,79.5290322580645,1.527425315926645,
2026-09-06T00:14:06+00:00,NYC,2026-09-05,78.6,79.70645161290322,0.5718873585632872,
2026-09-06T00:14:08+00:00,NYC,2026-09-06,73.8,75.4483870967742,2.3424375183930604,
2026-09-06T00:14:10+00:00,CHI,2026-09-05,80.4,80.80645161290323,0.9171961073138039,
2026-09-06T00:14:13+00:00,CHI,2026-09-06,78.9,79.5290322580645,1.527425315926645,
2026-09-06T00:16:02+00:00,NYC,2026-09-05,78.6,79.70645161290322,0.5718873585632872,
2026-09-06T00:16:04+00:00,NYC,2026-09-06,73.8,75.4483870967742,2.3424375183930604,
2026-09-06T00:16:07+00:00,CHI,2026-09-05,80.4,80.80645161290323,0.9171961073138039,
2026-09-06T00:16:09+00:00,CHI,2026-09-06,78.9,79.5290322580645,1.527425315926645,
2026-09-06T00:17:01+00:00,NYC,2026-09-05,78.6,79.70645161290322,0.5718873585632872,
2026-09-06T00:17:03+00:00,NYC,2026-09-06,73.8,75.4483870967742,2.3424375183930604,
2026-09-06T00:17:05+00:00,CHI,2026-09-05,80.4,80.80645161290323,0.9171961073138039,
2026-09-06T00:17:07+00:00,CHI,2026-09-06,78.9,79.5290322580645,1.527425315926645,
2026-09-06T00:18:01+00:00,NYC,2026-09-05,78.6,79.70645161290322,0.5718873585632872,
2026-09-06T00:18:03+00:00,NYC,2026-09-06,73.8,75.4483870967742,2.3424375183930604,
2026-09-06T00:18:05+00:00,CHI,2026-09-05,80.4,80.80645161290323,0.9171961073138039,
2026-09-06T00:18:07+00:00,CHI,2026-09-06,78.9,79.5290322580645,1.527425315926645,
2026-09-06T00:18:39+00:00,NYC,2026-09-05,78.6,79.70645161290322,0.5718873585632872,
2026-09-06T00:18:41+00:00,NYC,2026-09-06,73.8,75.4483870967742,2.3424375183930604,
2026-09-06T00:18:44+00:00,CHI,2026-09-05,80.4,80.80645161290323,0.9171961073138039,
2026-09-06T00:18:47+00:00,CHI,2026-09-06,78.9,79.5290322580645,1.527425315926645,
2026-09-06T00:22:54+00:00,NYC,2026-09-05,78.6,79.70645161290322,0.5718873585632872,
2026-09-06T00:22:58+00:00,NYC,2026-09-06,73.8,75.4483870967742,2.3424375183930604,
2026-09-06T00:23:00+00:00,CHI,2026-09-05,80.4,80.80645161290323,0.9171961073138039,
2026-09-06T00:23:02+00:00,CHI,2026-09-06,78.9,79.5290322580645,1.527425315926645,
2026-09-06T00:23:15+00:00,NYC,2026-09-05,78.6,79.70645161290322,0.5718873585632872,
2026-09-06T00:23:17+00:00,NYC,2026-09-06,73.8,75.4483870967742,2.3424375183930604,
2026-09-06T00:23:20+00:00,CHI,2026-09-05,80.4,80.80645161290323,0.9171961073138039,
2026-09-06T00:23:22+00:00,CHI,2026-09-06,78.9,79.5290322580645,1.527425315926645,
2026-09-06T00:24:15+00:00,NYC,2026-09-05,78.6,79.70645161290322,0.5718873585632872,
2026-09-06T00:24:18+00:00,NYC,2026-09-06,73.8,75.4483870967742,2.3424375183930604,
2026-09-06T00:24:20+00:00,CHI,2026-09-05,80.4,80.80645161290323,0.9171961073138039,
2026-09-06T00:24:22+00:00,CHI,2026-09-06,78.9,79.5290322580645,1.527425315926645,
2026-09-06T00:32:13+00:00,NYC,2026-09-05,78.6,79.70645161290322,0.5718873585632872,
2026-09-06T00:32:15+00:00,NYC,2026-09-06,73.8,75.4483870967742,2.3424375183930604,
2026-09-06T00:32:18+00:00,CHI,2026-09-05,80.4,80.80645161290323,0.9171961073138039,
2026-09-06T00:32:21+00:00,CHI,2026-09-06,78.9,79.5290322580645,1.527425315926645,
2026-09-06T00:33:54+00:00,NYC,2026-09-05,78.6,79.70645161290322,0.5718873585632872,
2026-09-06T00:33:56+00:00,NYC,2026-09-06,73.8,75.4483870967742,2.3424375183930604,
2026-09-06T00:33:59+00:00,CHI,2026-09-05,80.4,80.80645161290323,0.9171961073138039,
2026-09-06T00:34:02+00:00,CHI,2026-09-06,78.9,79.5290322580645,1.527425315926645,
2026-09-06T00:34:25+00:00,NYC,2026-09-06,73.8,75.4483870967742,2.3424375183930604,
2026-09-06T00:35:52+00:00,NYC,2026-09-05,78.6,79.70645161290322,0.5718873585632872,
2026-09-06T00:35:56+00:00,NYC,2026-09-06,73.8,75.4483870967742,2.3424375183930604,
2026-09-06T00:35:59+00:00,CHI,2026-09-05,80.4,80.80645161290323,0.9171961073138039,
2026-09-06T00:36:02+00:00,CHI,2026-09-06,78.9,79.5290322580645,1.527425315926645,
2026-09-06T01:59:47+00:00,NYC,2026-09-05,78.6,79.70645161290322,0.5718873585632872,
2026-09-06T01:59:53+00:00,NYC,2026-09-06,77.1,75.4483870967742,2.3424375183930604,
2026-09-06T01:59:57+00:00,CHI,2026-09-05,80.4,80.80645161290323,0.9171961073138039,
2026-09-06T02:00:04+00:00,CHI,2026-09-06,79.6,79.5290322580645,1.527425315926645,
2026-09-06T02:00:47+00:00,NYC,2026-09-05,78.6,79.70645161290322,0.5718873585632872,
2026-09-06T02:00:53+00:00,NYC,2026-09-06,77.1,75.4483870967742,2.3424375183930604,
2026-09-06T02:00:59+00:00,CHI,2026-09-05,80.4,80.80645161290323,0.9171961073138039,
2026-09-06T02:01:03+00:00,CHI,2026-09-06,79.6,79.5290322580645,1.527425315926645,
2026-09-06T02:39:30+00:00,NYC,2026-09-05,78.6,79.70645161290322,0.5718873585632872,
2026-09-06T02:39:34+00:00,NYC,2026-09-06,77.1,75.4483870967742,2.3424375183930604,
2026-09-06T02:39:42+00:00,CHI,2026-09-05,80.4,80.80645161290323,0.9171961073138039,
2026-09-06T02:39:45+00:00,CHI,2026-09-06,79.6,79.5290322580645,1.527425315926645,
2026-09-06T02:40:30+00:00,NYC,2026-09-05,78.6,79.70645161290322,0.5718873585632872,
2026-09-06T02:40:34+00:00,NYC,2026-09-06,77.1,75.4483870967742,2.3424375183930604,
2026-09-06T02:40:37+00:00,CHI,2026-09-05,80.4,80.80645161290323,0.9171961073138039,
2026-09-06T02:40:40+00:00,CHI,2026-09-06,79.6,79.5290322580645,1.527425315926645,
2026-09-06T02:53:22+00:00,NYC,2026-09-05,78.6,79.70645161290322,0.5718873585632872,
2026-09-06T02:53:26+00:00,NYC,2026-09-06,77.1,75.4483870967742,2.3424375183930604,
2026-09-06T02:53:30+00:00,CHI,2026-09-05,80.4,80.80645161290323,0.9171961073138039,
2026-09-06T02:53:33+00:00,CHI,2026-09-06,79.9,79.5290322580645,1.527425315926645,
2026-09-06T02:54:22+00:00,NYC,2026-09-05,78.6,79.70645161290322,0.5718873585632872,
2026-09-06T02:54:26+00:00,NYC,2026-09-06,77.1,75.4483870967742,2.3424375183930604,
2026-09-06T02:54:29+00:00,CHI,2026-09-05,80.4,80.80645161290323,0.9171961073138039,
2026-09-06T02:54:31+00:00,CHI,2026-09-06,79.9,79.5290322580645,1.527425315926645,
2026-09-06T02:55:22+00:00,NYC,2026-09-05,78.6,79.70645161290322,0.5718873585632872,
2026-09-06T02:55:26+00:00,NYC,2026-09-06,77.1,75.4483870967742,2.3424375183930604,
2026-09-06T02:55:29+00:00,CHI,2026-09-05,80.4,80.80645161290323,0.9171961073138039,
2026-09-06T02:55:31+00:00,CHI,2026-09-06,79.9,79.5290322580645,1.527425315926645,
2026-09-06T02:56:22+00:00,NYC,2026-09-05,78.6,79.70645161290322,0.5718873585632872,
2026-09-06T02:56:26+00:00,NYC,2026-09-06,77.1,75.4483870967742,2.3424375183930604,
2026-09-06T02:56:29+00:00,CHI,2026-09-05,80.4,80.80645161290323,0.9171961073138039,
2026-09-06T02:56:31+00:00,CHI,2026-09-06,79.9,79.5290322580645,1.527425315926645,
2026-09-06T02:56:50+00:00,NYC,2026-09-05,78.6,79.70645161290322,0.5718873585632872,
2026-09-06T02:56:54+00:00,NYC,2026-09-06,77.1,75.4483870967742,2.3424375183930604,
2026-09-06T02:56:57+00:00,CHI,2026-09-05,80.4,80.80645161290323,0.9171961073138039,
2026-09-06T02:57:00+00:00,CHI,2026-09-06,79.9,79.5290322580645,1.527425315926645,
2026-09-06T02:57:22+00:00,NYC,2026-09-05,78.6,79.70645161290322,0.5718873585632872,
2026-09-06T02:57:27+00:00,NYC,2026-09-06,77.1,75.4483870967742,2.3424375183930604,
2026-09-06T02:57:31+00:00,CHI,2026-09-05,80.4,80.80645161290323,0.9171961073138039,
2026-09-06T02:57:35+00:00,CHI,2026-09-06,79.9,79.5290322580645,1.527425315926645,
2026-09-06T02:58:23+00:00,NYC,2026-09-05,78.6,79.70645161290322,0.5718873585632872,
2026-09-06T02:58:27+00:00,NYC,2026-09-06,77.1,75.4483870967742,2.3424375183930604,
2026-09-06T02:58:32+00:00,CHI,2026-09-05,80.4,80.80645161290323,0.9171961073138039,
2026-09-06T02:58:36+00:00,CHI,2026-09-06,79.9,79.5290322580645,1.527425315926645,
2026-09-06T02:59:23+00:00,NYC,2026-09-05,78.6,79.70645161290322,0.5718873585632872,
2026-09-06T02:59:28+00:00,NYC,2026-09-06,77.1,75.4483870967742,2.3424375183930604,
2026-09-06T02:59:32+00:00,CHI,2026-09-05,80.4,80.80645161290323,0.9171961073138039,
2026-09-06T02:59:36+00:00,CHI,2026-09-06,79.9,79.5290322580645,1.527425315926645,
2026-09-06T03:00:23+00:00,NYC,2026-09-05,78.6,79.70645161290322,0.5718873585632872,
2026-09-06T03:00:28+00:00,NYC,2026-09-06,77.1,75.4483870967742,2.3424375183930604,
2026-09-06T03:00:33+00:00,CHI,2026-09-05,80.4,80.80645161290323,0.9171961073138039,
2026-09-06T03:00:36+00:00,CHI,2026-09-06,79.9,79.5290322580645,1.527425315926645,
2026-09-06T03:01:23+00:00,NYC,2026-09-05,78.6,79.70645161290322,0.5718873585632872,
2026-09-06T03:01:27+00:00,NYC,2026-09-06,77.1,75.4483870967742,2.3424375183930604,
2026-09-06T03:01:32+00:00,CHI,2026-09-05,80.4,80.80645161290323,0.9171961073138039,
2026-09-06T03:01:35+00:00,CHI,2026-09-06,79.9,79.5290322580645,1.527425315926645,
2026-09-06T03:02:23+00:00,NYC,2026-09-05,78.6,79.70645161290322,0.5718873585632872,
2026-09-06T03:02:27+00:00,NYC,2026-09-06,77.1,75.4483870967742,2.3424375183930604,
2026-09-06T03:02:32+00:00,CHI,2026-09-05,80.4,80.80645161290323,0.9171961073138039,
2026-09-06T03:02:35+00:00,CHI,2026-09-06,79.9,79.5290322580645,1.527425315926645,
2026-09-06T03:03:23+00:00,NYC,2026-09-05,78.6,79.70645161290322,0.5718873585632872,
2026-09-06T03:03:28+00:00,NYC,2026-09-06,77.1,75.4483870967742,2.3424375183930604,
2026-09-06T03:03:32+00:00,CHI,2026-09-05,80.4,80.80645161290323,0.9171961073138039,
2026-09-06T03:03:37+00:00,NYC,2026-09-05,78.6,79.70645161290322,0.5718873585632872,
2026-09-06T03:03:37+00:00,CHI,2026-09-06,79.9,79.5290322580645,1.527425315926645,
2026-09-06T03:03:42+00:00,NYC,2026-09-06,77.1,75.4483870967742,2.3424375183930604,
2026-09-06T03:03:46+00:00,CHI,2026-09-05,80.4,80.80645161290323,0.9171961073138039,
2026-09-06T03:03:50+00:00,CHI,2026-09-06,79.9,79.5290322580645,1.527425315926645,
2026-09-06T03:04:47+00:00,NYC,2026-09-05,78.6,79.70645161290322,0.5718873585632872,
2026-09-06T03:04:53+00:00,NYC,2026-09-06,77.1,75.4483870967742,2.3424375183930604,
2026-09-06T03:04:57+00:00,CHI,2026-09-05,80.4,80.80645161290323,0.9171961073138039,
2026-09-06T03:05:03+00:00,CHI,2026-09-06,79.9,79.5290322580645,1.527425315926645,
2026-09-06T03:05:08+00:00,NYC,2026-09-05,78.6,79.70645161290322,0.5718873585632872,
2026-09-06T03:05:12+00:00,NYC,2026-09-06,77.1,75.4483870967742,2.3424375183930604,
2026-09-06T03:05:17+00:00,CHI,2026-09-05,80.4,80.80645161290323,0.9171961073138039,
2026-09-06T03:05:21+00:00,CHI,2026-09-06,79.9,79.5290322580645,1.527425315926645,
2026-09-06T03:20:26+00:00,NYC,2026-09-05,78.6,79.70645161290322,0.5718873585632872,
2026-09-06T03:20:32+00:00,NYC,2026-09-06,77.1,75.4483870967742,2.3424375183930604,
2026-09-06T03:20:36+00:00,CHI,2026-09-05,80.4,80.80645161290323,0.9171961073138039,
2026-09-06T03:20:41+00:00,CHI,2026-09-06,79.9,79.5290322580645,1.527425315926645,
2026-09-06T03:21:26+00:00,NYC,2026-09-05,78.6,79.70645161290322,0.5718873585632872,
2026-09-06T03:21:31+00:00,NYC,2026-09-06,77.1,75.4483870967742,2.3424375183930604,
2026-09-06T03:21:35+00:00,CHI,2026-09-05,80.4,80.80645161290323,0.9171961073138039,
2026-09-06T03:21:39+00:00,CHI,2026-09-06,79.9,79.5290322580645,1.527425315926645,
2026-09-06T03:22:26+00:00,NYC,2026-09-05,78.6,79.70645161290322,0.5718873585632872,
2026-09-06T03:22:31+00:00,NYC,2026-09-06,77.1,75.4483870967742,2.3424375183930604,
2026-09-06T03:22:36+00:00,CHI,2026-09-05,80.4,80.80645161290323,0.9171961073138039,
2026-09-06T03:22:39+00:00,CHI,2026-09-06,79.9,79.5290322580645,1.527425315926645,
2026-09-06T03:23:26+00:00,NYC,2026-09-05,78.6,79.70645161290322,0.5718873585632872,
2026-09-06T03:23:31+00:00,NYC,2026-09-06,77.1,75.4483870967742,2.3424375183930604,
2026-09-06T03:23:36+00:00,CHI,2026-09-05,80.4,80.80645161290323,0.9171961073138039,
2026-09-06T03:23:39+00:00,CHI,2026-09-06,79.9,79.5290322580645,1.527425315926645,
2026-09-06T03:24:26+00:00,NYC,2026-09-05,78.6,79.70645161290322,0.5718873585632872,
2026-09-06T03:24:31+00:00,NYC,2026-09-06,77.1,75.4483870967742,2.3424375183930604,
2026-09-06T03:24:36+00:00,CHI,2026-09-05,80.4,80.80645161290323,0.9171961073138039,
2026-09-06T03:24:39+00:00,CHI,2026-09-06,79.9,79.5290322580645,1.527425315926645,
2026-09-06T03:25:26+00:00,NYC,2026-09-05,78.6,79.70645161290322,0.5718873585632872,
2026-09-06T03:25:31+00:00,NYC,2026-09-06,77.1,75.4483870967742,2.3424375183930604,
2026-09-06T03:25:37+00:00,CHI,2026-09-05,80.4,80.80645161290323,0.9171961073138039,
2026-09-06T03:25:40+00:00,CHI,2026-09-06,79.9,79.5290322580645,1.527425315926645,
2026-09-06T06:40:18+00:00,NYC,2026-09-06,77.5,77.3225806451613,1.3832429584877826,
2026-09-06T06:40:36+00:00,CHI,2026-09-06,80.3,79.63225806451612,1.7369582416980291,
2026-09-06T12:40:02+00:00,NYC,2026-09-06,76.9,77.56129032258065,1.3656328839689353,
2026-09-06T12:40:08+00:00,CHI,2026-09-06,79.7,80.09354838709677,1.3628564603543742,
2026-09-06T15:21:37+00:00,NYC,2026-09-06,75.5,77.56129032258065,1.3656328839689353,
2026-09-06T15:21:42+00:00,NYC,2026-09-07,79.0,81.59032258064515,1.329165355064228,
2026-09-06T15:22:08+00:00,CHI,2026-09-06,78.6,80.09354838709677,1.3628564603543742,
2026-09-06T15:22:13+00:00,CHI,2026-09-07,79.2,81.07741935483872,1.803528741361144,
2026-09-06T15:22:19+00:00,NYC,2026-09-06,75.5,77.56129032258065,1.3656328839689353,
2026-09-06T15:22:25+00:00,NYC,2026-09-07,79.0,81.59032258064515,1.329165355064228,
2026-09-06T15:22:29+00:00,CHI,2026-09-06,78.6,80.09354838709677,1.3628564603543742,
2026-09-06T15:22:33+00:00,CHI,2026-09-07,79.2,81.07741935483872,1.803528741361144,
2026-09-06T15:23:19+00:00,NYC,2026-09-06,75.5,77.56129032258065,1.3656328839689353,
2026-09-06T15:23:25+00:00,NYC,2026-09-07,79.0,81.59032258064515,1.329165355064228,
2026-09-06T15:23:29+00:00,CHI,2026-09-06,78.6,80.09354838709677,1.3628564603543742,
2026-09-06T15:23:33+00:00,CHI,2026-09-07,79.2,81.07741935483872,1.803528741361144,
2026-09-06T15:24:19+00:00,NYC,2026-09-06,75.5,77.56129032258065,1.3656328839689353,
2026-09-06T15:24:25+00:00,NYC,2026-09-07,79.0,81.59032258064515,1.329165355064228,
2026-09-06T15:24:29+00:00,CHI,2026-09-06,78.6,80.09354838709677,1.3628564603543742,
2026-09-06T15:24:33+00:00,CHI,2026-09-07,79.2,81.07741935483872,1.803528741361144,
2026-09-06T15:33:17+00:00,NYC,2026-09-06,75.5,77.56129032258065,1.3656328839689353,
2026-09-06T15:33:22+00:00,NYC,2026-09-07,79.0,81.59032258064515,1.329165355064228,
2026-09-06T15:33:27+00:00,CHI,2026-09-06,78.6,80.09354838709677,1.3628564603543742,
2026-09-06T15:33:31+00:00,CHI,2026-09-07,79.2,81.07741935483872,1.803528741361144,
2026-09-06T15:34:16+00:00,NYC,2026-09-06,75.5,77.56129032258065,1.3656328839689353,
2026-09-06T15:34:21+00:00,NYC,2026-09-07,79.0,81.59032258064515,1.329165355064228,
2026-09-06T15:34:26+00:00,CHI,2026-09-06,78.6,80.09354838709677,1.3628564603543742,
2026-09-06T15:34:29+00:00,CHI,2026-09-07,79.2,81.07741935483872,1.803528741361144,
2026-09-06T15:35:16+00:00,NYC,2026-09-06,75.5,77.56129032258065,1.3656328839689353,
2026-09-06T15:35:21+00:00,NYC,2026-09-07,79.0,81.59032258064515,1.329165355064228,
2026-09-06T15:35:26+00:00,CHI,2026-09-06,78.6,80.09354838709677,1.3628564603543742,
2026-09-06T15:35:29+00:00,CHI,2026-09-07,79.2,81.07741935483872,1.803528741361144,
2026-09-06T15:36:17+00:00,NYC,2026-09-06,75.5,77.56129032258065,1.3656328839689353,
2026-09-06T15:36:21+00:00,NYC,2026-09-07,79.0,81.59032258064515,1.329165355064228,
2026-09-06T15:36:26+00:00,CHI,2026-09-06,78.6,80.09354838709677,1.3628564603543742,
2026-09-06T15:36:29+00:00,CHI,2026-09-07,79.2,81.07741935483872,1.803528741361144,
2026-09-06T15:37:17+00:00,NYC,2026-09-06,75.1,77.56129032258065,1.3656328839689353,
2026-09-06T15:37:22+00:00,NYC,2026-09-07,79.0,81.59032258064515,1.329165355064228,
2026-09-06T15:37:26+00:00,CHI,2026-09-06,78.8,80.09354838709677,1.3628564603543742,
2026-09-06T15:37:30+00:00,CHI,2026-09-07,79.2,81.07741935483872,1.803528741361144,
2026-09-06T15:38:17+00:00,NYC,2026-09-06,75.1,77.56129032258065,1.3656328839689353,
2026-09-06T15:38:23+00:00,NYC,2026-09-07,79.0,81.59032258064515,1.329165355064228,
2026-09-06T15:38:27+00:00,CHI,2026-09-06,78.8,80.09354838709677,1.3628564603543742,
2026-09-06T15:38:30+00:00,CHI,2026-09-07,79.2,81.07741935483872,1.803528741361144,
2026-09-06T15:39:34+00:00,NYC,2026-09-06,75.5,77.56129032258065,1.3656328839689353,
2026-09-06T15:39:38+00:00,NYC,2026-09-07,79.0,81.59032258064515,1.329165355064228,
2026-09-06T15:40:01+00:00,CHI,2026-09-06,78.6,80.09354838709677,1.3628564603543742,
2026-09-06T15:40:03+00:00,CHI,2026-09-07,79.2,81.07741935483872,1.803528741361144,
2026-09-06T15:40:16+00:00,NYC,2026-09-06,75.5,77.56129032258065,1.3656328839689353,
2026-09-06T15:40:20+00:00,NYC,2026-09-07,79.0,81.59032258064515,1.329165355064228,
2026-09-06T15:40:23+00:00,CHI,2026-09-06,78.6,80.09354838709677,1.3628564603543742,
2026-09-06T15:40:25+00:00,CHI,2026-09-07,79.2,81.07741935483872,1.803528741361144,
2026-09-06T15:41:31+00:00,NYC,2026-09-06,75.5,77.56129032258065,1.3656328839689353,
2026-09-06T15:41:35+00:00,NYC,2026-09-07,79.0,81.59032258064515,1.329165355064228,
2026-09-06T15:41:43+00:00,CHI,2026-09-06,78.6,80.09354838709677,1.3628564603543742,
2026-09-06T15:41:46+00:00,CHI,2026-09-07,79.2,81.07741935483872,1.803528741361144,
2026-09-06T15:42:50+00:00,NYC,2026-09-06,75.1,77.56129032258065,1.3656328839689353,
2026-09-06T15:43:03+00:00,NYC,2026-09-07,79.0,81.59032258064515,1.329165355064228,
2026-09-06T15:43:12+00:00,CHI,2026-09-06,78.8,80.09354838709677,1.3628564603543742,
2026-09-06T15:43:14+00:00,CHI,2026-09-07,79.2,81.07741935483872,1.803528741361144,
2026-09-06T15:43:16+00:00,NYC,2026-09-06,75.1,77.56129032258065,1.3656328839689353,
2026-09-06T15:43:20+00:00,NYC,2026-09-07,79.0,81.59032258064515,1.329165355064228,
2026-09-06T15:43:25+00:00,CHI,2026-09-06,78.8,80.09354838709677,1.3628564603543742,
2026-09-06T15:43:27+00:00,CHI,2026-09-07,79.2,81.07741935483872,1.803528741361144,
2026-09-06T15:44:16+00:00,NYC,2026-09-06,75.1,77.56129032258065,1.3656328839689353,
2026-09-06T15:44:20+00:00,NYC,2026-09-07,79.0,81.59032258064515,1.329165355064228,
2026-09-06T15:44:24+00:00,CHI,2026-09-06,78.8,80.09354838709677,1.3628564603543742,
2026-09-06T15:44:27+00:00,CHI,2026-09-07,79.2,81.07741935483872,1.803528741361144,
2026-09-06T15:45:16+00:00,NYC,2026-09-06,75.1,77.56129032258065,1.3656328839689353,
2026-09-06T15:45:20+00:00,NYC,2026-09-07,79.0,81.59032258064515,1.329165355064228,
2026-09-06T15:45:24+00:00,CHI,2026-09-06,78.8,80.09354838709677,1.3628564603543742,
2026-09-06T15:45:26+00:00,CHI,2026-09-07,79.2,81.07741935483872,1.803528741361144,
2026-09-06T15:46:16+00:00,NYC,2026-09-06,75.1,77.56129032258065,1.3656328839689353,
2026-09-06T15:46:20+00:00,NYC,2026-09-07,79.0,81.59032258064515,1.329165355064228,
2026-09-06T15:46:24+00:00,CHI,2026-09-06,78.8,80.09354838709677,1.3628564603543742,
2026-09-06T15:46:26+00:00,CHI,2026-09-07,79.2,81.07741935483872,1.803528741361144,
2026-09-06T15:47:16+00:00,NYC,2026-09-06,75.1,77.56129032258065,1.3656328839689353,
2026-09-06T15:47:20+00:00,NYC,2026-09-07,79.0,81.59032258064515,1.329165355064228,
2026-09-06T15:47:24+00:00,CHI,2026-09-06,78.8,80.09354838709677,1.3628564603543742,
2026-09-06T15:47:26+00:00,CHI,2026-09-07,79.2,81.07741935483872,1.803528741361144,
2026-09-06T15:48:16+00:00,NYC,2026-09-06,75.1,77.56129032258065,1.3656328839689353,
2026-09-06T15:48:20+00:00,NYC,2026-09-07,79.0,81.59032258064515,1.329165355064228,
2026-09-06T15:48:25+00:00,CHI,2026-09-06,78.8,80.09354838709677,1.3628564603543742,
2026-09-06T15:48:28+00:00,CHI,2026-09-07,79.2,81.07741935483872,1.803528741361144,
2026-09-06T15:49:16+00:00,NYC,2026-09-06,75.1,77.56129032258065,1.3656328839689353,
2026-09-06T15:49:20+00:00,NYC,2026-09-07,79.0,81.59032258064515,1.329165355064228,
2026-09-06T15:49:24+00:00,CHI,2026-09-06,78.8,80.09354838709677,1.3628564603543742,
2026-09-06T15:49:26+00:00,CHI,2026-09-07,79.2,81.07741935483872,1.803528741361144,
2026-09-06T15:50:16+00:00,NYC,2026-09-06,75.1,77.56129032258065,1.3656328839689353,
2026-09-06T15:50:20+00:00,NYC,2026-09-07,79.0,81.59032258064515,1.329165355064228,
2026-09-06T15:50:24+00:00,CHI,2026-09-06,78.8,80.09354838709677,1.3628564603543742,
2026-09-06T15:50:27+00:00,CHI,2026-09-07,79.2,81.07741935483872,1.803528741361144,
2026-09-06T15:51:16+00:00,NYC,2026-09-06,75.1,77.56129032258065,1.3656328839689353,
2026-09-06T15:51:20+00:00,NYC,2026-09-07,79.0,81.59032258064515,1.329165355064228,
2026-09-06T15:51:24+00:00,CHI,2026-09-06,78.8,80.09354838709677,1.3628564603543742,
2026-09-06T15:51:26+00:00,CHI,2026-09-07,79.2,81.07741935483872,1.803528741361144,
2026-09-06T15:52:17+00:00,NYC,2026-09-06,75.1,77.56129032258065,1.3656328839689353,
2026-09-06T15:52:20+00:00,NYC,2026-09-07,79.0,81.59032258064515,1.329165355064228,
2026-09-06T15:52:24+00:00,CHI,2026-09-06,78.8,80.09354838709677,1.3628564603543742,
2026-09-06T15:52:26+00:00,CHI,2026-09-07,79.2,81.07741935483872,1.803528741361144,
2026-09-06T15:53:16+00:00,NYC,2026-09-06,75.1,77.56129032258065,1.3656328839689353,
2026-09-06T15:53:20+00:00,NYC,2026-09-07,79.0,81.59032258064515,1.329165355064228,
2026-09-06T15:53:24+00:00,CHI,2026-09-06,78.8,80.09354838709677,1.3628564603543742,
2026-09-06T15:53:26+00:00,CHI,2026-09-07,79.2,81.07741935483872,1.803528741361144,
2026-09-06T16:11:18+00:00,NYC,2026-09-06,75.1,77.56129032258065,1.3656328839689353,
2026-09-06T16:11:26+00:00,NYC,2026-09-07,79.0,81.59032258064515,1.329165355064228,
2026-09-06T16:11:32+00:00,CHI,2026-09-06,78.8,80.09354838709677,1.3628564603543742,
2026-09-06T16:11:36+00:00,CHI,2026-09-07,79.2,81.07741935483872,1.803528741361144,
2026-09-06T16:12:18+00:00,NYC,2026-09-06,75.1,77.56129032258065,1.3656328839689353,
2026-09-06T16:12:23+00:00,NYC,2026-09-07,79.0,81.59032258064515,1.329165355064228,
2026-09-06T16:12:28+00:00,CHI,2026-09-06,78.8,80.09354838709677,1.3628564603543742,
2026-09-06T16:12:31+00:00,CHI,2026-09-07,79.2,81.07741935483872,1.803528741361144,
2026-09-06T16:13:18+00:00,NYC,2026-09-06,75.1,77.56129032258065,1.3656328839689353,
2026-09-06T16:13:24+00:00,NYC,2026-09-07,79.0,81.59032258064515,1.329165355064228,
2026-09-06T16:13:29+00:00,CHI,2026-09-06,78.8,80.09354838709677,1.3628564603543742,
2026-09-06T16:13:32+00:00,CHI,2026-09-07,79.2,81.07741935483872,1.803528741361144,
2026-09-06T16:14:18+00:00,NYC,2026-09-06,75.1,77.56129032258065,1.3656328839689353,
2026-09-06T16:14:23+00:00,NYC,2026-09-07,79.0,81.59032258064515,1.329165355064228,
2026-09-06T16:14:28+00:00,CHI,2026-09-06,78.8,80.09354838709677,1.3628564603543742,
2026-09-06T16:14:32+00:00,CHI,2026-09-07,79.2,81.07741935483872,1.803528741361144,
2026-09-06T16:15:18+00:00,NYC,2026-09-06,75.1,77.56129032258065,1.3656328839689353,
2026-09-06T16:15:23+00:00,NYC,2026-09-07,79.0,81.59032258064515,1.329165355064228,
2026-09-06T16:15:28+00:00,CHI,2026-09-06,78.8,80.09354838709677,1.3628564603543742,
2026-09-06T16:15:32+00:00,CHI,2026-09-07,79.2,81.07741935483872,1.803528741361144,
2026-09-06T16:16:18+00:00,NYC,2026-09-06,75.1,77.56129032258065,1.3656328839689353,
2026-09-06T16:16:23+00:00,NYC,2026-09-07,79.0,81.59032258064515,1.329165355064228,
2026-09-06T16:16:28+00:00,CHI,2026-09-06,78.8,80.09354838709677,1.3628564603543742,
2026-09-06T16:16:32+00:00,CHI,2026-09-07,79.2,81.07741935483872,1.803528741361144,
2026-09-06T16:17:18+00:00,NYC,2026-09-06,75.1,77.56129032258065,1.3656328839689353,
2026-09-06T16:17:23+00:00,NYC,2026-09-07,79.0,81.59032258064515,1.329165355064228,
2026-09-06T16:17:28+00:00,CHI,2026-09-06,78.8,80.09354838709677,1.3628564603543742,
2026-09-06T16:17:32+00:00,CHI,2026-09-07,79.2,81.07741935483872,1.803528741361144,
2026-09-06T16:18:55+00:00,NYC,2026-09-06,75.1,77.56129032258065,1.3656328839689353,
2026-09-06T16:19:00+00:00,NYC,2026-09-07,79.0,81.59032258064515,1.329165355064228,
2026-09-06T16:19:06+00:00,CHI,2026-09-06,78.8,80.09354838709677,1.3628564603543742,
2026-09-06T16:19:10+00:00,CHI,2026-09-07,79.2,81.07741935483872,1.803528741361144,
2026-09-06T16:19:54+00:00,NYC,2026-09-06,75.1,77.56129032258065,1.3656328839689353,
2026-09-06T16:19:59+00:00,NYC,2026-09-07,79.0,81.59032258064515,1.329165355064228,
2026-09-06T16:20:04+00:00,CHI,2026-09-06,78.8,80.09354838709677,1.3628564603543742,
2026-09-06T16:20:08+00:00,CHI,2026-09-07,79.2,81.07741935483872,1.803528741361144,
2026-09-06T16:20:55+00:00,NYC,2026-09-06,75.1,77.56129032258065,1.3656328839689353,
2026-09-06T16:21:00+00:00,NYC,2026-09-07,79.0,81.59032258064515,1.329165355064228,
2026-09-06T16:21:06+00:00,CHI,2026-09-06,78.8,80.09354838709677,1.3628564603543742,
2026-09-06T16:21:10+00:00,CHI,2026-09-07,79.2,81.07741935483872,1.803528741361144,
2026-09-06T17:14:10+00:00,NYC,2026-09-06,74.8,77.56129032258065,1.3656328839689353,
2026-09-06T17:14:16+00:00,NYC,2026-09-07,79.0,81.59032258064515,1.329165355064228,
2026-09-06T17:14:20+00:00,CHI,2026-09-06,78.9,80.09354838709677,1.3628564603543742,
2026-09-06T17:14:24+00:00,CHI,2026-09-07,79.2,81.07741935483872,1.803528741361144,
2026-09-06T20:21:53+00:00,NYC,2026-09-06,75.8,77.08387096774193,1.2949272676532695,
2026-09-06T20:22:00+00:00,NYC,2026-09-07,79.2,81.69677419354836,1.4238711139044329,
2026-09-06T20:22:06+00:00,CHI,2026-09-06,79.4,79.96451612903226,1.714745986473493,
2026-09-06T20:22:13+00:00,CHI,2026-09-07,78.8,81.04516129032257,1.99512934493423,
2026-09-06T22:11:37+00:00,NYC,2026-09-06,76.5,77.08387096774193,1.2949272676532695,
2026-09-06T22:11:44+00:00,NYC,2026-09-07,79.2,81.69677419354836,1.4238711139044329,
2026-09-06T22:12:02+00:00,CHI,2026-09-06,79.8,79.96451612903226,1.714745986473493,
2026-09-06T22:12:08+00:00,CHI,2026-09-07,78.8,81.04516129032257,1.99512934493423,
2026-09-06T22:16:39+00:00,NYC,2026-09-06,76.5,77.08387096774193,1.2949272676532695,
2026-09-06T22:16:48+00:00,NYC,2026-09-07,79.2,81.69677419354836,1.4238711139044329,
2026-09-06T22:16:54+00:00,CHI,2026-09-06,79.8,79.96451612903226,1.714745986473493,
2026-09-06T22:17:00+00:00,CHI,2026-09-07,78.8,81.04516129032257,1.99512934493423,
2026-09-06T22:17:39+00:00,NYC,2026-09-06,76.5,77.08387096774193,1.2949272676532695,
2026-09-06T22:17:45+00:00,NYC,2026-09-07,79.2,81.69677419354836,1.4238711139044329,
2026-09-06T22:17:51+00:00,CHI,2026-09-06,79.8,79.96451612903226,1.714745986473493,
2026-09-06T22:17:56+00:00,CHI,2026-09-07,78.8,81.04516129032257,1.99512934493423,
2026-09-06T22:20:04+00:00,CHI,2026-09-07,78.8,81.04516129032257,1.99512934493423,
2026-09-07T00:41:53+00:00,CHI,2026-09-07,78.8,81.14516129032258,1.5214252040126008,
2026-09-07T06:40:16+00:00,NYC,2026-09-07,78.9,82.17096774193546,1.1865356317494353,
2026-09-07T06:40:39+00:00,CHI,2026-09-07,80.5,81.09354838709676,1.5933198216649116,
2026-09-07T12:40:01+00:00,NYC,2026-09-07,80.0,82.26451612903226,1.3681983413791865,
2026-09-07T12:40:07+00:00,CHI,2026-09-07,79.4,81.73225806451612,1.6582904327074781,
2026-09-07T17:10:00+00:00,NYC,2026-09-07,80.9,82.26451612903226,1.3681983413791865,
2026-09-07T17:10:06+00:00,NYC,2026-09-08,82.9,84.54838709677418,1.4537761658792832,
2026-09-07T17:10:26+00:00,CHI,2026-09-07,80.0,81.73225806451612,1.6582904327074781,
2026-09-07T17:10:30+00:00,CHI,2026-09-08,86.0,85.48387096774194,1.9001013171956744,
2026-09-07T17:10:47+00:00,NYC,2026-09-07,80.9,82.26451612903226,1.3681983413791865,
2026-09-07T17:10:52+00:00,NYC,2026-09-08,82.9,84.54838709677418,1.4537761658792832,
2026-09-07T17:10:56+00:00,CHI,2026-09-07,80.0,81.73225806451612,1.6582904327074781,
2026-09-07T17:11:00+00:00,CHI,2026-09-08,86.0,85.48387096774194,1.9001013171956744,
2026-09-07T17:11:02+00:00,NYC,2026-09-07,80.9,82.26451612903226,1.3681983413791865,
2026-09-07T17:11:07+00:00,NYC,2026-09-08,82.9,84.54838709677418,1.4537761658792832,
2026-09-07T17:11:11+00:00,CHI,2026-09-07,80.0,81.73225806451612,1.6582904327074781,
2026-09-07T17:11:14+00:00,CHI,2026-09-08,86.0,85.48387096774194,1.9001013171956744,
2026-09-07T18:40:02+00:00,NYC,2026-09-07,81.1,82.28064516129032,1.4206811984530077,
2026-09-07T18:40:14+00:00,NYC,2026-09-08,82.9,84.01290322580645,1.4077531710618725,
2026-09-07T18:40:20+00:00,CHI,2026-09-07,80.3,82.0548387096774,1.4868973346074867,
2026-09-07T18:40:27+00:00,CHI,2026-09-08,86.0,85.87419354838708,2.3106998998258397,
2026-09-07T19:47:47+00:00,NYC,2026-09-07,81.1,82.28064516129032,1.4206811984530077,
2026-09-07T19:49:13+00:00,NYC,2026-09-07,81.1,82.28064516129032,1.4206811984530077,
2026-09-07T19:49:25+00:00,NYC,2026-09-08,82.9,84.01290322580645,1.4077531710618725,
2026-09-07T19:49:31+00:00,CHI,2026-09-07,80.3,82.0548387096774,1.4868973346074867,
2026-09-07T19:49:37+00:00,CHI,2026-09-08,86.0,85.87419354838708,2.3106998998258397,
2026-09-07T20:12:01+00:00,NYC,2026-09-07,80.5,82.28064516129032,1.4206811984530077,78.1
2026-09-07T20:12:10+00:00,NYC,2026-09-08,82.9,84.01290322580645,1.4077531710618725,80.2
2026-09-07T20:12:18+00:00,CHI,2026-09-07,80.2,82.0548387096774,1.4868973346074867,76.7
2026-09-07T20:12:25+00:00,CHI,2026-09-08,88.4,85.87419354838708,2.3106998998258397,83.5
2026-09-07T20:12:50+00:00,NYC,2026-09-07,80.5,82.28064516129032,1.4206811984530077,78.1
2026-09-07T20:12:58+00:00,NYC,2026-09-08,82.9,84.01290322580645,1.4077531710618725,80.2
2026-09-07T20:13:06+00:00,CHI,2026-09-07,80.2,82.0548387096774,1.4868973346074867,76.7
2026-09-07T20:13:12+00:00,CHI,2026-09-08,88.4,85.87419354838708,2.3106998998258397,83.5
2026-09-07T20:13:33+00:00,NYC,2026-09-07,80.5,82.28064516129032,1.4206811984530077,78.1
2026-09-07T20:13:41+00:00,NYC,2026-09-08,82.9,84.01290322580645,1.4077531710618725,80.2
2026-09-07T20:13:49+00:00,CHI,2026-09-07,80.2,82.0548387096774,1.4868973346074867,76.7
2026-09-07T20:13:55+00:00,CHI,2026-09-08,88.4,85.87419354838708,2.3106998998258397,83.5
2026-09-07T20:15:47+00:00,NYC,2026-09-07,80.5,82.28064516129032,1.4206811984530077,78.1
2026-09-07T20:15:57+00:00,NYC,2026-09-08,82.9,84.01290322580645,1.4077531710618725,80.2
2026-09-07T20:16:08+00:00,CHI,2026-09-07,80.2,82.0548387096774,1.4868973346074867,76.7
2026-09-07T20:16:16+00:00,CHI,2026-09-08,88.4,85.87419354838708,2.3106998998258397,83.5
2026-09-07T20:18:21+00:00,NYC,2026-09-07,80.5,82.28064516129032,1.4206811984530077,78.1
2026-09-07T20:18:23+00:00,NYC,2026-09-07,80.5,82.28064516129032,1.4206811984530077,78.1
2026-09-07T20:18:36+00:00,NYC,2026-09-08,82.9,84.01290322580645,1.4077531710618725,80.2
2026-09-07T20:18:36+00:00,NYC,2026-09-08,82.9,84.01290322580645,1.4077531710618725,80.2
2026-09-07T20:18:46+00:00,CHI,2026-09-07,80.2,82.0548387096774,1.4868973346074867,76.7
2026-09-07T20:18:46+00:00,CHI,2026-09-07,80.2,82.0548387096774,1.4868973346074867,76.7
2026-09-07T20:18:57+00:00,CHI,2026-09-08,88.4,85.87419354838708,2.3106998998258397,83.5
2026-09-07T20:18:57+00:00,CHI,2026-09-08,88.4,85.87419354838708,2.3106998998258397,83.5
2026-09-07T20:19:23+00:00,NYC,2026-09-07,80.5,82.28064516129032,1.4206811984530077,78.1
2026-09-07T20:19:32+00:00,NYC,2026-09-08,82.9,84.01290322580645,1.4077531710618725,80.2
2026-09-07T20:19:40+00:00,CHI,2026-09-07,80.2,82.0548387096774,1.4868973346074867,76.7
2026-09-07T20:19:48+00:00,CHI,2026-09-08,88.4,85.87419354838708,2.3106998998258397,83.5
2026-09-07T20:20:23+00:00,NYC,2026-09-07,80.5,82.28064516129032,1.4206811984530077,78.1
2026-09-07T20:20:32+00:00,NYC,2026-09-08,82.9,84.01290322580645,1.4077531710618725,80.2
2026-09-07T20:20:40+00:00,CHI,2026-09-07,80.2,82.0548387096774,1.4868973346074867,76.7
2026-09-07T20:20:47+00:00,CHI,2026-09-08,88.4,85.87419354838708,2.3106998998258397,83.5
2026-09-07T20:21:23+00:00,NYC,2026-09-07,80.5,82.28064516129032,1.4206811984530077,78.1
2026-09-07T20:21:34+00:00,NYC,2026-09-08,82.9,84.01290322580645,1.4077531710618725,80.2
2026-09-07T20:21:42+00:00,CHI,2026-09-07,80.2,82.0548387096774,1.4868973346074867,76.7
2026-09-07T20:21:50+00:00,CHI,2026-09-08,88.4,85.87419354838708,2.3106998998258397,83.5
2026-09-07T20:22:23+00:00,NYC,2026-09-07,80.5,82.28064516129032,1.4206811984530077,78.1
2026-09-07T20:22:32+00:00,NYC,2026-09-08,82.9,84.01290322580645,1.4077531710618725,80.2
2026-09-07T20:22:40+00:00,CHI,2026-09-07,80.2,82.0548387096774,1.4868973346074867,76.7
2026-09-07T20:22:48+00:00,CHI,2026-09-08,88.4,85.87419354838708,2.3106998998258397,83.5
2026-09-07T20:23:28+00:00,NYC,2026-09-07,80.5,82.28064516129032,1.4206811984530077,78.1
2026-09-07T20:23:37+00:00,NYC,2026-09-08,82.9,84.01290322580645,1.4077531710618725,80.2
2026-09-07T20:23:45+00:00,CHI,2026-09-07,80.2,82.0548387096774,1.4868973346074867,76.7
2026-09-07T20:23:53+00:00,CHI,2026-09-08,88.4,85.87419354838708,2.3106998998258397,83.5
2026-09-07T23:19:59+00:00,NYC,2026-09-07,81.0,82.28064516129032,1.4206811984530077,78.1
2026-09-07T23:20:10+00:00,NYC,2026-09-08,82.9,84.01290322580645,1.4077531710618725,80.2
2026-09-07T23:20:41+00:00,CHI,2026-09-07,80.5,82.0548387096774,1.4868973346074867,76.7
2026-09-07T23:20:49+00:00,CHI,2026-09-08,88.4,85.87419354838708,2.3106998998258397,83.5
2026-09-08T00:40:03+00:00,NYC,2026-09-07,81.0,81.16451612903224,0.5083486148854781,78.3
2026-09-08T00:40:14+00:00,NYC,2026-09-08,82.9,84.19999999999997,1.4359441088952476,80.4
2026-09-08T00:40:23+00:00,CHI,2026-09-07,80.5,80.95806451612903,0.6121217428712483,78.1
2026-09-08T00:40:31+00:00,CHI,2026-09-08,88.4,85.7967741935484,1.6586982597065023,83.6
2026-09-08T17:25:19+00:00,NYC,2026-09-08,83.3,83.79677419354839,1.2483495868333232,79.2
2026-09-08T17:25:26+00:00,NYC,2026-09-09,86.0,85.74838709677417,1.9225102823235973,87.2
2026-09-08T17:25:43+00:00,CHI,2026-09-08,88.3,85.41290322580645,1.2450526444327366,81.1
2026-09-08T17:25:49+00:00,CHI,2026-09-09,80.8,82.79032258064515,3.1076757042906684,80.2
2026-09-09T00:40:06+00:00,NYC,2026-09-08,81.9,82.96774193548386,0.5816478797204959,79.8
2026-09-09T00:40:45+00:00,NYC,2026-09-09,85.8,86.46451612903229,1.2637752931891566,87.0
2026-09-09T00:41:14+00:00,CHI,2026-09-08,85.5,84.89032258064515,0.7437285486024069,82.2
2026-09-09T00:43:01+00:00,CHI,2026-09-09,81.3,82.3516129032258,2.857798720619674,80.5
2026-09-09T21:35:53+00:00,NYC,2026-09-09,84.3,86.8483870967742,0.7179140786679402,87.2
2026-09-09T21:36:01+00:00,NYC,2026-09-10,89.4,88.91935483870968,2.0800774419266377,86.7
2026-09-09T21:36:42+00:00,CHI,2026-09-09,78.4,81.00967741935483,1.2293073944849093,77.8
2026-09-09T21:36:49+00:00,CHI,2026-09-10,79.4,81.10645161290321,2.891917042921972,76.5
2026-09-12T01:22:17+00:00,NYC,2026-09-11,82.0,81.33548387096774,1.0381585394175885,79.5
2026-09-12T01:22:27+00:00,NYC,2026-09-12,79.9,78.33225806451614,1.1487404313264153,79.9
2026-09-12T01:22:37+00:00,CHI,2026-09-11,82.2,81.17096774193548,0.7371232436836956,77.6
2026-09-12T01:22:47+00:00,CHI,2026-09-12,87.5,85.10322580645162,1.038138492522365,83.1
