time,station,t850,dpd850,t700,t500,z500s
2020-01-01 12:00:00+00:00,KOKX,-8.0,4.6,-9.3,-24.8,5352.0
2020-01-02 12:00:00+00:00,KOKX,1.3,24.1,-6.7,-20.9,5512.0
2020-01-03 12:00:00+00:00,KOKX,6.8,0.5,-0.9,-12.1,5629.0
2020-01-04 12:00:00+00:00,KOKX,7.2,0.0,-1.3,-11.4,5608.0
2020-01-05 12:00:00+00:00,KOKX,-8.7,1.1000000000000014,-12.5,-33.1,5296.0
2020-01-06 12:00:00+00:00,KOKX,-6.5,0.09999999999999964,-11.3,-27.8,5391.0
2020-01-07 12:00:00+00:00,KOKX,-1.4,34.300000000000004,-9.6,-25.5,5471.0
2020-01-08 12:00:00+00:00,KOKX,-6.6,3.5999999999999996,-17.8,-36.7,5299.0
2020-01-09 12:00:00+00:00,KOKX,-9.5,23.1,-7.3,-23.4,5573.0
2020-01-10 12:00:00+00:00,KOKX,4.3,14.3,-2.0,-19.7,5750.0
2020-01-11 12:00:00+00:00,KOKX,7.1,3.4999999999999996,3.7,-14.7,5805.0
2020-01-12 12:00:00+00:00,KOKX,11.4,0.7000000000000011,3.9,-11.9,5734.0
2020-01-13 12:00:00+00:00,KOKX,4.7,6.2,3.2,-16.2,5783.0
2020-01-14 12:00:00+00:00,KOKX,5.2,33.300000000000004,1.0,-16.8,5726.0
2020-01-15 12:00:00+00:00,KOKX,0.6,11.9,0.6,-19.0,5646.0
2020-01-16 12:00:00+00:00,KOKX,3.6,1.9000000000000001,-6.6,-20.6,5536.0
2020-01-17 12:00:00+00:00,KOKX,-11.9,10.499999999999998,-18.8,-36.2,5363.0
2020-01-18 12:00:00+00:00,KOKX,-7.0,31.200000000000003,-5.5,-20.7,5608.0
2020-01-19 12:00:00+00:00,KOKX,-1.1,11.0,-8.5,-20.0,5441.0
2020-01-20 12:00:00+00:00,KOKX,-13.0,4.5,-14.1,-25.7,5383.0
2020-01-21 12:00:00+00:00,KOKX,-7.2,30.500000000000004,-11.2,-29.6,5487.0
2020-01-22 12:00:00+00:00,KOKX,-2.9,13.799999999999999,-8.4,-24.0,5578.0
2020-01-23 12:00:00+00:00,KOKX,2.4,18.2,-2.2,-20.2,5685.0
2020-01-24 12:00:00+00:00,KOKX,2.9,24.299999999999997,-4.3,-21.3,5657.0
2020-01-25 12:00:00+00:00,KOKX,4.4,16.0,-2.8,-18.9,5634.0
2020-01-26 12:00:00+00:00,KOKX,-2.0,6.1,-6.7,-23.9,5448.0
2020-01-27 12:00:00+00:00,KOKX,-6.0,1.5999999999999996,-10.3,-24.5,5371.0
2020-01-28 12:00:00+00:00,KOKX,-7.6,2.200000000000001,-7.5,-27.2,5380.0
2020-01-29 12:00:00+00:00,KOKX,-12.5,0.3000000000000007,-12.6,-32.0,5365.0
2020-01-30 12:00:00+00:00,KOKX,-4.6,24.4,-10.2,-26.4,5491.0
2020-01-31 12:00:00+00:00,KOKX,-2.8,34.2,-9.3,-23.4,5563.0
2020-02-01 12:00:00+00:00,KOKX,-0.8,5.0,-7.6,-22.2,5529.0
2020-02-02 12:00:00+00:00,KOKX,-6.6,1.3000000000000007,-13.7,-33.4,5262.0
2020-02-03 12:00:00+00:00,KOKX,-4.1,2.1000000000000005,-5.4,-18.0,5448.0
2020-02-04 12:00:00+00:00,KOKX,7.6,9.4,-2.1,-13.1,5614.0
2020-02-05 12:00:00+00:00,KOKX,5.3,0.20000000000000018,-2.7,-16.5,5594.0
2020-02-06 12:00:00+00:00,KOKX,7.7,0.10000000000000053,0.3,-13.9,5608.0
2020-02-07 12:00:00+00:00,KOKX,9.6,2.8,2.5,-14.1,5482.0
2020-02-08 12:00:00+00:00,KOKX,-10.2,13.3,-17.7,-31.9,5310.0
2020-02-09 12:00:00+00:00,KOKX,-9.3,2.3999999999999986,-19.2,-32.2,5453.0
2020-02-10 12:00:00+00:00,KOKX,-2.9,2.1,-5.0,-19.6,5623.0
2020-02-11 12:00:00+00:00,KOKX,5.7,0.0,-1.3,-17.1,5642.0
2020-02-12 12:00:00+00:00,KOKX,-8.8,2.5,-7.9,-21.0,5528.0
2020-02-13 12:00:00+00:00,KOKX,9.0,1.9000000000000004,0.5,-14.1,5610.0
2020-02-14 12:00:00+00:00,KOKX,-8.8,2.5,-14.4,-19.8,5459.0
2020-02-15 12:00:00+00:00,KOKX,-10.8,30.2,-10.6,-20.4,5585.0
2020-02-16 12:00:00+00:00,KOKX,-1.9,25.3,-4.9,-21.4,5583.0
2020-02-17 12:00:00+00:00,KOKX,-2.0,27.8,-12.5,-25.1,5507.0
2020-02-18 12:00:00+00:00,KOKX,-0.9,18.900000000000002,-7.8,-20.5,5622.0
2020-02-19 12:00:00+00:00,KOKX,-1.7,33.5,-4.4,-18.7,5580.0
2020-02-20 12:00:00+00:00,KOKX,-10.3,15.0,-14.9,-26.3,5467.0
2020-02-21 12:00:00+00:00,KOKX,-12.9,18.700000000000003,-18.5,-31.2,5391.0
2020-02-22 12:00:00+00:00,KOKX,-1.3,33.5,-7.8,-25.4,5555.0
2020-02-23 12:00:00+00:00,KOKX,1.7,23.5,-6.3,-22.3,5597.0
2020-02-24 12:00:00+00:00,KOKX,1.7,18.4,-3.2,-20.1,5591.0
2020-02-25 12:00:00+00:00,KOKX,2.0,7.8,-1.9,-17.4,5574.0
2020-02-26 12:00:00+00:00,KOKX,1.7,0.0,-0.6,-20.6,5576.0
2020-02-27 12:00:00+00:00,KOKX,5.6,3.0999999999999996,-2.3,-19.1,5420.0
2020-02-28 12:00:00+00:00,KOKX,-13.3,5.099999999999998,-16.4,-28.5,5295.0
2020-02-29 12:00:00+00:00,KOKX,-12.0,9.0,-21.1,-31.9,5233.0
2020-03-01 12:00:00+00:00,KOKX,-13.7,9.5,-20.7,-29.5,5313.0
2020-03-02 12:00:00+00:00,KOKX,0.1,15.2,-8.2,-24.2,5544.0
2020-03-03 12:00:00+00:00,KOKX,3.8,2.8,-4.5,-21.9,5531.0
2020-03-04 12:00:00+00:00,KOKX,-3.6,2.6999999999999997,-12.2,-18.0,5396.0
2020-03-05 12:00:00+00:00,KOKX,-4.0,17.7,-10.2,-21.2,5484.0
2020-03-06 12:00:00+00:00,KOKX,-1.2,26.8,-6.6,-23.2,5500.0
2020-03-07 12:00:00+00:00,KOKX,-8.1,3.5,-14.5,-29.0,5371.0
2020-03-08 12:00:00+00:00,KOKX,-1.8,41.300000000000004,-9.5,-23.9,5602.0
2020-03-09 12:00:00+00:00,KOKX,6.4,20.4,-3.8,-21.4,5706.0
2020-03-10 12:00:00+00:00,KOKX,9.1,26.4,-2.9,-17.7,5691.0
2020-03-11 12:00:00+00:00,KOKX,5.6,24.799999999999997,-2.4,-21.7,5618.0
2020-03-12 12:00:00+00:00,KOKX,-0.2,3.0,-6.1,-19.9,5593.0
2020-03-13 12:00:00+00:00,KOKX,8.3,2.700000000000001,-3.8,-16.0,5644.0
2020-03-14 12:00:00+00:00,KOKX,-5.2,11.7,2.4,-16.8,5676.0
2020-03-15 12:00:00+00:00,KOKX,-6.0,7.199999999999999,-10.0,-20.6,5587.0
2020-03-16 12:00:00+00:00,KOKX,-7.7,11.100000000000001,-8.9,-23.0,5621.0
2020-03-17 12:00:00+00:00,KOKX,1.2,0.29999999999999993,-5.4,-20.0,5630.0
2020-03-18 12:00:00+00:00,KOKX,2.7,51.400000000000006,-3.0,-19.3,5677.0
2020-03-19 12:00:00+00:00,KOKX,7.1,0.1999999999999993,-1.3,-16.3,5721.0
2020-03-20 12:00:00+00:00,KOKX,13.7,3.6999999999999993,2.6,-12.9,5768.0
2020-03-21 12:00:00+00:00,KOKX,4.1,13.1,-1.4,-15.1,5657.0
2020-03-22 12:00:00+00:00,KOKX,-8.2,0.3000000000000007,-7.6,-21.6,5603.0
2020-03-23 12:00:00+00:00,KOKX,-5.9,1.5,-5.3,-19.6,5666.0
2020-03-24 12:00:00+00:00,KOKX,1.3,3.9000000000000004,-4.9,-18.9,5581.0
2020-03-25 12:00:00+00:00,KOKX,-0.6,10.3,-7.3,-18.0,5581.0
2020-03-26 12:00:00+00:00,KOKX,0.4,8.9,-4.5,-22.2,5558.0
2020-03-27 12:00:00+00:00,KOKX,4.9,3.3000000000000003,-5.1,-22.1,5528.0
2020-03-28 12:00:00+00:00,KOKX,3.7,13.3,-2.2,-14.7,5666.0
2020-03-29 12:00:00+00:00,KOKX,,,3.4,-13.2,5745.0
2020-03-30 12:00:00+00:00,KOKX,6.0,7.7,-2.5,-18.8,5598.0
2020-03-31 12:00:00+00:00,KOKX,-3.0,0.20000000000000018,-9.5,-23.9,5492.0
2020-04-01 12:00:00+00:00,KOKX,-2.3,42.0,-8.0,-22.4,5438.0
2020-04-02 12:00:00+00:00,KOKX,-0.7,5.3999999999999995,-5.9,-21.4,5434.0
2020-04-03 12:00:00+00:00,KOKX,0.5,0.2,-2.1,-19.1,5465.0
2020-04-04 12:00:00+00:00,KOKX,4.0,1.4,-4.9,-19.1,5550.0
2020-04-05 12:00:00+00:00,KOKX,2.6,0.3999999999999999,-4.5,-18.3,5611.0
2020-04-06 12:00:00+00:00,KOKX,3.4,0.10000000000000009,-5.4,-22.0,5576.0
2020-04-07 12:00:00+00:00,KOKX,0.0,5.8,-9.0,-21.4,5527.0
2020-04-08 12:00:00+00:00,KOKX,6.4,2.1000000000000005,-2.9,-17.0,5500.0
2020-04-09 12:00:00+00:00,KOKX,4.5,0.09999999999999964,-3.5,-19.9,5484.0
2020-04-10 12:00:00+00:00,KOKX,-6.2,4.6000000000000005,-16.2,-35.2,5170.0
2020-04-11 12:00:00+00:00,KOKX,-6.8,6.3,-13.7,-25.3,5384.0
2020-04-12 12:00:00+00:00,KOKX,-1.1,7.700000000000001,-5.5,-22.0,5592.0
2020-04-13 12:00:00+00:00,KOKX,7.3,4.1,1.6,-12.4,5701.0
2020-04-14 12:00:00+00:00,KOKX,7.3,50.099999999999994,-1.6,-18.3,5624.0
2020-04-15 12:00:00+00:00,KOKX,-5.0,1.5,-9.1,-20.7,5496.0
2020-04-16 12:00:00+00:00,KOKX,-4.1,8.1,-15.6,-29.2,5399.0
2020-04-17 12:00:00+00:00,KOKX,-9.0,12.100000000000001,-15.2,-27.5,5458.0
2020-04-18 12:00:00+00:00,KOKX,2.3,3.1999999999999997,-7.2,-21.1,5485.0
2020-04-19 12:00:00+00:00,KOKX,-2.8,5.500000000000001,-6.9,-19.8,5514.0
2020-04-20 12:00:00+00:00,KOKX,2.7,6.1,-6.5,-17.3,5511.0
2020-04-21 12:00:00+00:00,KOKX,2.2,2.1,-9.2,-24.1,5435.0
2020-04-22 12:00:00+00:00,KOKX,-10.2,1.4000000000000004,-18.1,-34.6,5256.0
2020-04-23 12:00:00+00:00,KOKX,-0.9,36.300000000000004,-6.8,-22.3,5535.0
2020-04-24 12:00:00+00:00,KOKX,6.1,0.7999999999999998,-0.1,-15.6,5589.0
2020-04-25 12:00:00+00:00,KOKX,3.4,6.0,-2.4,-18.7,5609.0
2020-04-26 12:00:00+00:00,KOKX,3.7,11.3,-2.0,-17.8,5631.0
2020-04-27 12:00:00+00:00,KOKX,-0.4,0.09999999999999998,-3.6,-19.9,5513.0
2020-04-28 12:00:00+00:00,KOKX,-4.8,1.6000000000000005,-8.5,-21.9,5526.0
2020-04-29 12:00:00+00:00,KOKX,3.2,9.0,-4.0,-15.2,5669.0
2020-04-30 12:00:00+00:00,KOKX,7.5,0.7999999999999998,-0.2,-14.9,5730.0
2020-05-01 12:00:00+00:00,KOKX,8.0,3.4000000000000004,-0.6,-12.9,5619.0
2020-05-02 12:00:00+00:00,KOKX,4.2,20.7,-3.4,-18.3,5592.0
2020-05-03 12:00:00+00:00,KOKX,8.9,1.0,0.7,-14.3,5662.0
2020-05-04 12:00:00+00:00,KOKX,6.9,9.7,-2.7,-14.6,5570.0
2020-05-05 12:00:00+00:00,KOKX,-3.0,9.3,-3.8,-15.9,5539.0
2020-05-06 12:00:00+00:00,KOKX,0.8,8.0,-4.2,-18.6,5554.0
2020-05-07 12:00:00+00:00,KOKX,0.3,7.0,-12.1,-25.1,5420.0
2020-05-08 12:00:00+00:00,KOKX,1.3,2.7,-9.2,-24.6,5471.0
2020-05-09 12:00:00+00:00,KOKX,,,-16.8,-28.7,5282.0
2020-05-10 12:00:00+00:00,KOKX,-4.3,8.5,-11.3,-24.6,5473.0
2020-05-11 12:00:00+00:00,KOKX,5.0,8.5,-8.3,-26.4,5515.0
2020-05-12 12:00:00+00:00,KOKX,-3.4,4.5,-11.1,-26.7,5455.0
2020-05-13 12:00:00+00:00,KOKX,-5.9,12.999999999999998,-11.4,-23.8,5534.0
2020-05-14 12:00:00+00:00,KOKX,2.6,13.299999999999999,-5.5,-17.6,5683.0
2020-05-15 12:00:00+00:00,KOKX,11.8,3.3000000000000007,1.7,-14.5,5744.0
2020-05-16 12:00:00+00:00,KOKX,10.7,2.3999999999999986,2.8,-12.2,5737.0
2020-05-17 12:00:00+00:00,KOKX,7.0,3.3,2.8,-14.1,5789.0
2020-05-18 12:00:00+00:00,KOKX,8.2,6.3999999999999995,1.2,-11.6,5784.0
2020-05-19 12:00:00+00:00,KOKX,5.8,14.0,4.6,-10.5,5780.0
2020-05-20 12:00:00+00:00,KOKX,4.4,29.299999999999997,1.5,-14.5,5790.0
2020-05-21 12:00:00+00:00,KOKX,11.9,22.700000000000003,2.2,-11.1,5843.0
2020-05-22 12:00:00+00:00,KOKX,7.2,2.5,5.8,-10.4,5834.0
2020-05-23 12:00:00+00:00,KOKX,12.2,2.0,3.4,-13.0,5769.0
2020-05-24 12:00:00+00:00,KOKX,12.3,11.4,3.9,-10.0,5819.0
2020-05-25 12:00:00+00:00,KOKX,10.8,0.0,4.6,-10.8,5828.0
2020-05-26 12:00:00+00:00,KOKX,14.4,2.4000000000000004,5.2,-7.3,5876.0
2020-05-27 12:00:00+00:00,KOKX,15.5,12.1,6.1,-7.7,5899.0
2020-05-28 12:00:00+00:00,KOKX,13.5,0.9000000000000004,6.2,-7.5,5900.0
2020-05-29 12:00:00+00:00,KOKX,15.8,1.9000000000000004,7.1,-7.5,5869.0
2020-05-30 12:00:00+00:00,KOKX,15.3,6.300000000000001,5.4,-10.3,5773.0
2020-05-31 12:00:00+00:00,KOKX,5.0,21.4,-0.1,-16.2,5665.0
2020-06-01 12:00:00+00:00,KOKX,0.3,6.7,-9.8,-24.7,5565.0
2020-06-02 12:00:00+00:00,KOKX,7.8,10.3,,-13.9,5674.0
2020-06-03 12:00:00+00:00,KOKX,14.8,4.200000000000001,5.1,-10.9,5714.0
2020-06-04 12:00:00+00:00,KOKX,13.9,6.300000000000001,6.6,-11.7,5760.0
2020-06-05 12:00:00+00:00,KOKX,17.6,9.100000000000001,5.2,-9.0,5806.0
2020-06-06 12:00:00+00:00,KOKX,15.7,3.8999999999999986,6.1,-7.5,5785.0
2020-06-07 12:00:00+00:00,KOKX,8.0,6.0,-0.3,-19.1,5636.0
2020-06-08 12:00:00+00:00,KOKX,6.3,5.7,4.0,-9.0,5746.0
2020-06-09 12:00:00+00:00,KOKX,11.8,7.700000000000001,6.5,-9.6,5796.0
2020-06-10 12:00:00+00:00,KOKX,17.0,4.300000000000001,8.6,-7.7,5871.0
2020-06-11 12:00:00+00:00,KOKX,17.2,2.799999999999999,9.5,-6.6,5881.0
2020-06-12 12:00:00+00:00,KOKX,12.9,7.300000000000001,6.3,-9.1,5840.0
2020-06-13 12:00:00+00:00,KOKX,9.5,3.7,3.6,-12.4,5770.0
2020-06-14 12:00:00+00:00,KOKX,6.2,5.6000000000000005,1.5,-17.2,5768.0
2020-06-15 12:00:00+00:00,KOKX,7.3,5.8,1.8,-12.9,5830.0
2020-06-16 12:00:00+00:00,KOKX,7.3,9.3,5.7,-11.6,5868.0
2020-06-17 12:00:00+00:00,KOKX,14.0,18.0,5.6,-11.3,5871.0
2020-06-18 12:00:00+00:00,KOKX,14.4,2.5999999999999996,5.6,-11.2,5874.0
2020-06-19 12:00:00+00:00,KOKX,13.3,6.300000000000001,7.3,-11.4,5852.0
2020-06-20 12:00:00+00:00,KOKX,13.3,2.200000000000001,4.7,-11.7,5823.0
2020-06-21 12:00:00+00:00,KOKX,15.2,8.1,5.4,-10.6,5829.0
2020-06-22 12:00:00+00:00,KOKX,14.9,3.3000000000000007,5.6,-8.5,5832.0
2020-06-23 12:00:00+00:00,KOKX,16.1,3.8000000000000007,6.3,-7.8,5810.0
2020-06-24 12:00:00+00:00,KOKX,14.1,3.1999999999999993,5.0,-10.1,5715.0
2020-06-25 12:00:00+00:00,KOKX,12.8,4.100000000000001,1.9,-8.3,5784.0
2020-06-26 12:00:00+00:00,KOKX,12.6,4.4,1.6,-14.3,5749.0
2020-06-27 12:00:00+00:00,KOKX,14.5,9.7,5.6,-9.4,5788.0
2020-06-28 12:00:00+00:00,KOKX,15.9,3.5,5.4,-9.9,5770.0
2020-06-29 12:00:00+00:00,KOKX,15.2,7.199999999999999,3.4,-10.7,5746.0
2020-06-30 12:00:00+00:00,KOKX,11.1,1.299999999999999,3.9,-11.3,5744.0
2020-07-01 12:00:00+00:00,KOKX,12.0,2.5,2.7,-12.9,5738.0
2020-07-02 12:00:00+00:00,KOKX,12.8,4.800000000000001,2.9,-12.0,5739.0
2020-07-03 12:00:00+00:00,KOKX,18.5,7.4,6.5,-7.3,5822.0
2020-07-04 12:00:00+00:00,KOKX,15.7,6.1,6.7,-8.7,5798.0
2020-07-05 12:00:00+00:00,KOKX,14.9,2.9000000000000004,4.4,-10.3,5799.0
2020-07-06 12:00:00+00:00,KOKX,17.2,7.199999999999999,5.5,-11.1,5830.0
2020-07-07 12:00:00+00:00,KOKX,15.0,4.1,5.7,-8.7,5872.0
2020-07-08 12:00:00+00:00,KOKX,15.1,0.5999999999999996,5.9,-5.6,5870.0
2020-07-09 12:00:00+00:00,KOKX,17.5,12.4,7.6,-5.6,5881.0
2020-07-10 12:00:00+00:00,KOKX,16.6,2.400000000000002,9.1,-8.2,5883.0
2020-07-11 12:00:00+00:00,KOKX,18.3,4.4,9.3,-5.6,5827.0
2020-07-12 12:00:00+00:00,KOKX,15.2,3.6999999999999993,9.2,-6.1,5793.0
2020-07-13 12:00:00+00:00,KOKX,15.9,5.5,5.1,-9.3,5772.0
2020-07-14 12:00:00+00:00,KOKX,14.0,6.4,3.8,-12.7,5765.0
2020-07-15 12:00:00+00:00,KOKX,12.8,5.000000000000001,3.8,-7.7,5851.0
2020-07-16 12:00:00+00:00,KOKX,12.3,5.300000000000001,8.2,-7.8,5912.0
2020-07-17 12:00:00+00:00,KOKX,16.0,0.40000000000000036,7.8,-6.5,5909.0
2020-07-18 12:00:00+00:00,KOKX,17.6,21.200000000000003,7.8,-7.1,5898.0
2020-07-19 12:00:00+00:00,KOKX,18.1,5.300000000000001,8.2,-6.9,5886.0
2020-07-20 12:00:00+00:00,KOKX,20.3,4.100000000000001,8.8,-6.3,5878.0
2020-07-21 12:00:00+00:00,KOKX,15.7,4.899999999999999,9.9,-7.6,5885.0
2020-07-22 12:00:00+00:00,KOKX,17.4,1.4999999999999982,8.3,-6.3,5898.0
2020-07-23 12:00:00+00:00,KOKX,17.1,2.700000000000001,8.2,-7.0,5893.0
2020-07-24 12:00:00+00:00,KOKX,17.2,4.5,6.8,-8.0,5880.0
2020-07-25 12:00:00+00:00,KOKX,15.5,10.8,8.0,-6.2,5888.0
2020-07-26 12:00:00+00:00,KOKX,17.3,6.100000000000001,8.8,-4.9,5919.0
2020-07-27 12:00:00+00:00,KOKX,19.3,14.600000000000001,11.6,-2.9,5902.0
2020-07-28 12:00:00+00:00,KOKX,20.1,5.700000000000001,9.2,-4.6,5862.0
2020-07-29 12:00:00+00:00,KOKX,16.1,5.900000000000002,8.5,-7.3,5846.0
2020-07-30 12:00:00+00:00,KOKX,18.2,6.799999999999999,6.2,-7.1,5832.0
2020-07-31 12:00:00+00:00,KOKX,15.5,5.4,6.2,-7.7,5801.0
2020-08-01 12:00:00+00:00,KOKX,14.9,6.0,6.6,-6.1,5833.0
2020-08-02 12:00:00+00:00,KOKX,17.8,14.200000000000001,8.5,-6.6,5876.0
2020-08-03 12:00:00+00:00,KOKX,18.4,5.099999999999998,8.2,-7.6,5883.0
2020-08-04 12:00:00+00:00,KOKX,17.4,10.2,7.5,-7.8,5859.0
2020-08-05 12:00:00+00:00,KOKX,15.6,3.6999999999999993,6.9,-8.2,5852.0
2020-08-06 12:00:00+00:00,KOKX,13.4,6.2,6.2,-8.8,5859.0
2020-08-07 12:00:00+00:00,KOKX,13.8,3.5,5.3,-10.1,5857.0
2020-08-08 12:00:00+00:00,KOKX,14.8,2.6000000000000014,5.1,-10.5,5856.0
2020-08-09 12:00:00+00:00,KOKX,13.5,0.9000000000000004,6.1,-7.8,5883.0
2020-08-10 12:00:00+00:00,KOKX,16.4,5.099999999999998,6.1,-8.0,5871.0
2020-08-11 12:00:00+00:00,KOKX,16.6,1.8000000000000007,7.4,-7.4,5871.0
2020-08-12 12:00:00+00:00,KOKX,18.0,3.9000000000000004,7.0,-6.6,5889.0
2020-08-13 12:00:00+00:00,KOKX,17.3,4.800000000000001,7.0,-7.0,5893.0
2020-08-14 12:00:00+00:00,KOKX,15.4,2.200000000000001,5.9,-7.4,5861.0
2020-08-15 12:00:00+00:00,KOKX,14.0,9.3,6.4,-8.4,5824.0
2020-08-16 12:00:00+00:00,KOKX,11.9,0.0,2.9,-6.9,5812.0
2020-08-17 12:00:00+00:00,KOKX,12.1,3.9000000000000004,5.5,-5.8,5799.0
2020-08-18 12:00:00+00:00,KOKX,14.6,9.899999999999999,1.3,-11.9,5727.0
2020-08-19 12:00:00+00:00,KOKX,12.8,4.100000000000001,0.9,-11.2,5747.0
2020-08-20 12:00:00+00:00,KOKX,10.8,11.5,6.6,-10.9,5803.0
2020-08-21 12:00:00+00:00,KOKX,12.0,4.7,5.9,-10.0,5808.0
2020-08-22 12:00:00+00:00,KOKX,16.3,8.200000000000001,4.8,-10.0,5806.0
2020-08-23 12:00:00+00:00,KOKX,16.2,6.5,5.3,-9.4,5854.0
2020-08-24 12:00:00+00:00,KOKX,16.1,4.800000000000001,7.1,-9.7,5855.0
2020-08-25 12:00:00+00:00,KOKX,17.3,6.600000000000001,6.7,-8.4,5811.0
2020-08-26 12:00:00+00:00,KOKX,8.9,12.600000000000001,5.7,-10.3,5758.0
2020-08-27 12:00:00+00:00,KOKX,14.0,1.9000000000000004,5.8,-8.6,5796.0
2020-08-28 12:00:00+00:00,KOKX,15.4,10.5,7.8,-6.6,5806.0
2020-08-29 12:00:00+00:00,KOKX,17.1,2.400000000000002,7.6,-7.1,5794.0
2020-08-30 12:00:00+00:00,KOKX,12.1,10.0,8.9,-7.9,5726.0
2020-09-03 12:00:00+00:00,KOKX,17.7,0.0,10.8,-5.4,5856.0
2020-09-04 12:00:00+00:00,KOKX,19.0,26.3,10.8,-3.7,5856.0
2020-09-05 12:00:00+00:00,KOKX,10.3,4.9,2.5,-6.9,5831.0
2020-09-06 12:00:00+00:00,KOKX,11.6,7.1,0.6,-10.9,5824.0
2020-09-07 12:00:00+00:00,KOKX,12.6,9.3,3.0,-8.8,5831.0
2020-09-08 12:00:00+00:00,KOKX,18.4,15.899999999999999,7.5,-7.4,5891.0
2020-09-09 12:00:00+00:00,KOKX,18.6,31.900000000000002,8.8,-9.1,5933.0
2020-09-10 12:00:00+00:00,KOKX,17.0,2.0,6.3,,
2020-09-11 12:00:00+00:00,KOKX,15.4,2.5,7.3,-7.9,5893.0
2020-09-12 12:00:00+00:00,KOKX,11.2,31.4,7.0,-6.9,5889.0
2020-09-13 12:00:00+00:00,KOKX,13.9,27.200000000000003,9.2,-5.5,5887.0
2020-09-14 12:00:00+00:00,KOKX,13.5,9.0,7.8,-8.5,5853.0
2020-09-15 12:00:00+00:00,KOKX,9.5,44.8,5.6,-10.4,5836.0
2020-09-16 12:00:00+00:00,KOKX,12.9,42.2,6.1,-10.4,5853.0
2020-09-17 12:00:00+00:00,KOKX,9.4,2.4000000000000004,7.9,-8.5,5837.0
2020-09-18 12:00:00+00:00,KOKX,10.7,2.799999999999999,5.4,-8.2,5758.0
2020-09-19 12:00:00+00:00,KOKX,0.3,6.2,1.2,-11.2,5731.0
2020-09-20 12:00:00+00:00,KOKX,0.0,5.5,-2.1,-17.1,5734.0
2020-09-21 12:00:00+00:00,KOKX,2.9,38.9,-0.6,-14.5,5804.0
2020-09-22 12:00:00+00:00,KOKX,6.3,37.3,2.1,-12.3,5756.0
2020-09-23 12:00:00+00:00,KOKX,9.8,5.1000000000000005,1.6,-14.4,5690.0
2020-09-24 12:00:00+00:00,KOKX,12.9,23.1,4.5,-11.7,5760.0
2020-09-25 12:00:00+00:00,KOKX,11.1,5.8999999999999995,2.3,-13.0,5786.0
2020-09-26 12:00:00+00:00,KOKX,11.5,1.5,3.9,-11.8,5809.0
2020-09-27 12:00:00+00:00,KOKX,15.8,6.700000000000001,6.1,-7.6,5840.0
2020-09-28 12:00:00+00:00,KOKX,12.8,4.4,8.0,-7.4,5823.0
2020-09-29 12:00:00+00:00,KOKX,14.8,6.200000000000001,5.2,-5.4,5817.0
2020-09-30 12:00:00+00:00,KOKX,12.9,1.8000000000000007,6.0,-5.7,5713.0
2020-10-01 12:00:00+00:00,KOKX,11.3,11.3,1.1,-12.0,5715.0
2020-10-02 12:00:00+00:00,KOKX,7.1,2.5,-0.6,-14.1,5670.0
2020-10-03 12:00:00+00:00,KOKX,3.4,5.2,-2.4,-14.0,5681.0
2020-10-04 12:00:00+00:00,KOKX,3.0,7.4,0.1,-12.8,5734.0
2020-10-05 12:00:00+00:00,KOKX,6.3,0.2999999999999998,-2.7,-19.8,5662.0
2020-10-06 12:00:00+00:00,KOKX,6.0,3.4,5.3,-10.6,5793.0
2020-10-07 12:00:00+00:00,KOKX,12.2,13.5,0.8,-16.2,5676.0
2020-10-08 12:00:00+00:00,KOKX,2.8,6.699999999999999,-2.2,-9.5,5633.0
2020-10-09 12:00:00+00:00,KOKX,2.1,3.5,2.2,-13.2,5717.0
2020-10-10 12:00:00+00:00,KOKX,17.1,24.200000000000003,4.3,-14.3,5780.0
2020-10-11 12:00:00+00:00,KOKX,12.3,3.6000000000000014,2.8,-8.9,5796.0
2020-10-12 12:00:00+00:00,KOKX,10.6,0.0,2.3,-10.4,5797.0
2020-10-13 12:00:00+00:00,KOKX,13.8,0.0,6.8,-6.9,5789.0
2020-10-14 12:00:00+00:00,KOKX,10.6,51.5,1.0,-13.4,5696.0
2020-10-15 12:00:00+00:00,KOKX,9.8,16.4,3.8,-10.2,5782.0
2020-10-16 12:00:00+00:00,KOKX,11.4,1.0,4.4,-10.3,5792.0
2020-10-17 12:00:00+00:00,KOKX,-0.5,10.7,-5.5,-21.5,5589.0
2020-10-18 12:00:00+00:00,KOKX,2.7,28.5,1.2,-12.1,5816.0
2020-10-19 12:00:00+00:00,KOKX,,,,,
2020-10-20 12:00:00+00:00,KOKX,12.0,0.0,3.2,-11.3,5851.0
2020-10-21 12:00:00+00:00,KOKX,11.9,1.9000000000000004,5.9,-10.3,5871.0
2020-10-22 12:00:00+00:00,KOKX,13.5,5.300000000000001,6.1,-11.2,5868.0
2020-10-23 12:00:00+00:00,KOKX,11.1,0.1999999999999993,6.7,-11.3,5851.0
2020-10-24 12:00:00+00:00,KOKX,13.5,6.2,5.6,-12.4,5762.0
2020-10-25 12:00:00+00:00,KOKX,7.0,32.2,3.6,-12.6,5744.0
2020-10-26 12:00:00+00:00,KOKX,9.7,1.6999999999999993,1.1,-11.1,5776.0
2020-10-27 12:00:00+00:00,KOKX,9.4,1.6000000000000005,5.6,-12.3,5787.0
2020-10-28 12:00:00+00:00,KOKX,7.1,0.0,1.0,-11.8,5728.0
2020-10-29 12:00:00+00:00,KOKX,9.5,1.3000000000000007,2.9,-8.9,5713.0
2020-10-30 12:00:00+00:00,KOKX,-0.7,0.10000000000000009,-0.6,-13.2,5546.0
2020-10-31 12:00:00+00:00,KOKX,-2.8,40.900000000000006,-6.7,-15.0,5669.0
2020-11-01 12:00:00+00:00,KOKX,2.9,10.8,-1.0,-14.4,5696.0
2020-11-02 12:00:00+00:00,KOKX,-6.8,0.7999999999999998,-16.7,-31.3,5270.0
2020-11-03 12:00:00+00:00,KOKX,-2.8,3.3,-5.9,-19.3,5473.0
2020-11-04 12:00:00+00:00,KOKX,3.5,10.5,-1.4,-11.7,5774.0
2020-11-05 12:00:00+00:00,KOKX,9.5,12.5,1.5,-13.2,5830.0
2020-11-06 12:00:00+00:00,KOKX,8.7,6.1,2.8,-17.2,5791.0
2020-11-07 12:00:00+00:00,KOKX,13.4,25.700000000000003,6.2,-13.5,5843.0
2020-11-08 12:00:00+00:00,KOKX,16.1,31.3,8.2,-10.9,5900.0
2020-11-09 12:00:00+00:00,KOKX,15.5,37.0,5.7,-12.4,5892.0
2020-11-10 12:00:00+00:00,KOKX,16.5,28.1,4.9,-11.4,5849.0
2020-11-11 12:00:00+00:00,KOKX,11.7,1.6999999999999993,10.0,-9.3,5848.0
2020-11-12 12:00:00+00:00,KOKX,13.4,2.700000000000001,3.4,-8.9,5776.0
2020-11-13 12:00:00+00:00,KOKX,7.5,0.0,-1.1,-13.1,5719.0
2020-11-14 12:00:00+00:00,KOKX,-2.1,5.4,-4.0,-20.9,5573.0
2020-11-15 12:00:00+00:00,KOKX,4.8,33.6,-0.1,-13.4,5701.0
2020-11-16 12:00:00+00:00,KOKX,-2.7,4.6,-6.9,-19.4,5500.0
2020-11-17 12:00:00+00:00,KOKX,-3.8,6.7,-12.2,-32.0,5404.0
2020-11-18 12:00:00+00:00,KOKX,-12.4,1.6999999999999993,-17.0,-31.6,5415.0
2020-11-19 12:00:00+00:00,KOKX,0.0,44.8,-1.5,-18.5,5726.0
2020-11-20 12:00:00+00:00,KOKX,11.6,17.5,-0.4,-15.3,5807.0
2020-11-21 12:00:00+00:00,KOKX,9.2,7.699999999999999,-0.4,-15.5,5776.0
2020-11-22 12:00:00+00:00,KOKX,4.5,30.1,-1.2,-16.8,5744.0
2020-11-23 12:00:00+00:00,KOKX,7.8,0.7000000000000002,-0.7,-17.2,5645.0
2020-11-24 12:00:00+00:00,KOKX,-6.2,2.8,-4.5,-20.8,5581.0
2020-11-25 12:00:00+00:00,KOKX,,,-0.7,-15.8,5715.0
2020-11-26 12:00:00+00:00,KOKX,8.3,0.0,-0.8,-16.3,5715.0
2020-11-27 12:00:00+00:00,KOKX,2.4,1.0999999999999999,4.1,-11.8,5730.0
2020-11-28 12:00:00+00:00,KOKX,-1.6,2.4999999999999996,-6.4,-18.0,5563.0
2020-11-29 12:00:00+00:00,KOKX,3.6,11.3,-4.8,-18.5,5628.0
2020-11-30 12:00:00+00:00,KOKX,4.7,0.5,0.2,-15.0,5643.0
2020-12-01 12:00:00+00:00,KOKX,5.6,2.4999999999999996,1.7,-15.2,5556.0
2020-12-02 12:00:00+00:00,KOKX,-6.4,5.4,-13.9,-26.3,5392.0
2020-12-03 12:00:00+00:00,KOKX,3.5,34.3,-4.8,-21.4,5601.0
2020-12-04 12:00:00+00:00,KOKX,2.9,18.2,-6.9,-22.7,5592.0
2020-12-05 12:00:00+00:00,KOKX,2.9,1.0999999999999999,-2.2,-16.6,5536.0
2020-12-06 12:00:00+00:00,KOKX,-8.7,0.3000000000000007,-8.4,-21.7,5398.0
2020-12-07 12:00:00+00:00,KOKX,-4.6,12.799999999999999,-4.7,-20.2,5465.0
2020-12-08 12:00:00+00:00,KOKX,-11.5,0.09999999999999964,-9.4,-23.7,5354.0
2020-12-09 12:00:00+00:00,KOKX,-3.5,12.1,-6.4,-21.9,5448.0
2020-12-10 12:00:00+00:00,KOKX,-4.9,1.6999999999999993,-10.1,-20.4,5461.0
2020-12-11 12:00:00+00:00,KOKX,4.0,21.7,-1.8,-18.7,5686.0
2020-12-12 12:00:00+00:00,KOKX,6.4,0.8000000000000007,-2.0,-15.5,5717.0
2020-12-13 12:00:00+00:00,KOKX,7.9,5.800000000000001,0.2,-16.2,5663.0
2020-12-14 12:00:00+00:00,KOKX,2.1,0.7000000000000002,-3.0,-14.4,5605.0
2020-12-15 12:00:00+00:00,KOKX,-8.5,9.3,-4.3,-21.3,5542.0
2020-12-16 12:00:00+00:00,KOKX,-8.5,26.200000000000003,-6.5,-19.6,5586.0
2020-12-17 12:00:00+00:00,KOKX,-1.5,0.30000000000000004,-5.3,-18.9,5452.0
2020-12-18 12:00:00+00:00,KOKX,-7.0,0.7999999999999998,-8.4,-24.6,5482.0
2020-12-19 12:00:00+00:00,KOKX,-1.9,30.9,-7.9,-19.4,5599.0
2020-12-20 12:00:00+00:00,KOKX,-1.3,12.899999999999999,-7.6,-20.8,5581.0
2020-12-21 12:00:00+00:00,KOKX,-1.5,2.0,-7.3,-21.6,5517.0
2020-12-22 12:00:00+00:00,KOKX,-3.2,4.2,-12.2,-30.7,5339.0
2020-12-23 12:00:00+00:00,KOKX,-1.9,35.0,-4.5,-19.8,5613.0
2020-12-24 12:00:00+00:00,KOKX,2.7,0.9000000000000001,-0.7,-18.7,5693.0
2020-12-25 12:00:00+00:00,KOKX,10.4,0.0,2.0,-11.7,5626.0
2020-12-26 12:00:00+00:00,KOKX,-11.7,7.5,-20.9,-28.9,5249.0
2020-12-27 12:00:00+00:00,KOKX,-10.0,6.399999999999999,-9.9,-19.4,5514.0
2020-12-28 12:00:00+00:00,KOKX,0.7,12.1,-4.6,-19.6,5616.0
2020-12-29 12:00:00+00:00,KOKX,-8.8,6.699999999999999,-13.8,-30.5,5435.0
2020-12-30 12:00:00+00:00,KOKX,-1.7,23.2,-7.5,-20.1,5635.0
2020-12-31 12:00:00+00:00,KOKX,4.8,1.5,-2.3,-16.8,5626.0
2021-01-01 12:00:00+00:00,KOKX,1.1,35.4,-3.4,-16.7,5712.0
2021-01-02 12:00:00+00:00,KOKX,10.8,4.6000000000000005,1.4,-15.0,5617.0
2021-01-03 12:00:00+00:00,KOKX,2.6,19.8,1.6,-15.1,5645.0
2021-01-04 12:00:00+00:00,KOKX,-1.0,4.3,-8.7,-26.7,5459.0
2021-01-05 12:00:00+00:00,KOKX,-4.1,9.3,-9.8,-23.1,5449.0
2021-01-06 12:00:00+00:00,KOKX,-3.6,9.3,-11.4,-24.8,5441.0
2021-01-07 12:00:00+00:00,KOKX,1.6,26.900000000000002,-7.7,-25.6,5507.0
2021-01-08 12:00:00+00:00,KOKX,2.3,15.3,-4.1,-22.9,5556.0
2021-01-09 12:00:00+00:00,KOKX,-0.9,7.1,-6.9,-22.7,5446.0
2021-01-10 12:00:00+00:00,KOKX,-2.4,2.3000000000000003,-7.0,-23.3,5516.0
2021-01-11 12:00:00+00:00,KOKX,-1.6,30.6,-9.6,-24.2,5569.0
2021-01-12 12:00:00+00:00,KOKX,-3.4,14.6,-7.7,-22.1,5520.0
2021-01-13 12:00:00+00:00,KOKX,-8.4,2.299999999999999,-6.0,-22.4,5516.0
2021-01-14 12:00:00+00:00,KOKX,-1.6,5.199999999999999,-8.6,-21.6,5479.0
2021-01-15 12:00:00+00:00,KOKX,-0.4,4.3999999999999995,-4.4,-21.1,5539.0
2021-01-16 12:00:00+00:00,KOKX,3.8,2.5,-3.2,-18.3,5472.0
2021-01-17 12:00:00+00:00,KOKX,-7.7,3.6000000000000005,-16.8,-29.3,5248.0
2021-01-18 12:00:00+00:00,KOKX,-4.9,5.299999999999999,-16.6,-32.2,5300.0
2021-01-19 12:00:00+00:00,KOKX,-7.1,7.1,-19.1,-27.6,5360.0
2021-01-20 12:00:00+00:00,KOKX,-8.0,2.4000000000000004,-16.7,-36.5,5302.0
2021-01-21 12:00:00+00:00,KOKX,-7.1,32.3,-11.6,-19.8,5410.0
2021-01-22 12:00:00+00:00,KOKX,-5.1,6.800000000000001,-17.2,-25.6,5301.0
2021-01-23 12:00:00+00:00,KOKX,-14.0,2.8999999999999986,-17.5,-30.5,5286.0
2021-01-24 12:00:00+00:00,KOKX,-12.7,10.3,-14.0,-26.1,5398.0
2021-01-25 12:00:00+00:00,KOKX,-6.6,14.9,-11.0,-25.6,5461.0
2021-01-26 12:00:00+00:00,KOKX,-0.3,21.599999999999998,-6.6,-19.3,5532.0
2021-01-27 12:00:00+00:00,KOKX,-3.7,1.2999999999999998,-13.1,-23.1,5433.0
2021-01-28 12:00:00+00:00,KOKX,-8.2,0.9000000000000004,-10.3,-26.0,5421.0
2021-01-29 12:00:00+00:00,KOKX,-21.5,5.300000000000001,-29.1,-36.8,5121.0
2021-01-30 12:00:00+00:00,KOKX,-16.7,7.100000000000001,-17.9,-33.0,5321.0
2021-01-31 12:00:00+00:00,KOKX,-5.5,17.4,-11.3,-22.0,5507.0
2021-02-01 12:00:00+00:00,KOKX,-0.4,0.09999999999999998,-6.1,-23.1,5506.0
2021-02-02 12:00:00+00:00,KOKX,0.8,0.0,-4.6,-23.3,5368.0
2021-02-03 12:00:00+00:00,KOKX,-6.3,0.2999999999999998,-10.7,-26.6,5271.0
2021-02-04 12:00:00+00:00,KOKX,-9.4,3.5,-14.7,-21.5,5347.0
2021-02-05 12:00:00+00:00,KOKX,0.3,10.4,-8.1,-19.0,5492.0
2021-02-06 12:00:00+00:00,KOKX,-9.0,3.1999999999999993,-13.7,-25.9,5371.0
2021-02-07 12:00:00+00:00,KOKX,-5.2,6.8999999999999995,-11.8,-20.3,5513.0
2021-02-08 12:00:00+00:00,KOKX,-5.9,47.5,-12.8,-30.5,5440.0
2021-02-09 12:00:00+00:00,KOKX,-5.2,1.5999999999999996,-10.6,-23.2,5540.0
2021-02-10 12:00:00+00:00,KOKX,-5.8,21.5,-16.2,-21.9,5500.0
2021-02-11 12:00:00+00:00,KOKX,-8.1,0.8000000000000007,-8.7,-20.9,5513.0
2021-02-12 12:00:00+00:00,KOKX,-8.2,29.900000000000002,-9.7,-22.1,5516.0
2021-02-13 12:00:00+00:00,KOKX,-4.1,0.3000000000000007,-6.2,-19.5,5587.0
2021-02-14 12:00:00+00:00,KOKX,1.9,0.09999999999999987,-1.6,-16.3,5624.0
2021-02-15 12:00:00+00:00,KOKX,2.9,0.0,-4.0,-16.0,5632.0
2021-02-16 12:00:00+00:00,KOKX,10.5,0.9000000000000004,2.1,-13.8,5633.0
2021-02-17 12:00:00+00:00,KOKX,-7.5,12.100000000000001,-3.8,-18.6,5557.0
2021-02-18 12:00:00+00:00,KOKX,-5.1,13.4,-4.7,-15.6,5653.0
2021-02-19 12:00:00+00:00,KOKX,0.3,0.09999999999999998,-4.4,-15.0,5606.0
2021-02-20 12:00:00+00:00,KOKX,-10.7,0.5,-16.5,-24.6,5362.0
2021-02-21 12:00:00+00:00,KOKX,-15.4,4.4,-19.4,-32.3,5381.0
2021-02-22 12:00:00+00:00,KOKX,-4.3,30.099999999999998,-8.5,-19.7,5541.0
2021-02-23 12:00:00+00:00,KOKX,-6.2,1.0999999999999996,-8.0,-22.9,5403.0
2021-02-24 12:00:00+00:00,KOKX,-4.2,5.499999999999999,-6.1,-24.2,5516.0
2021-02-25 12:00:00+00:00,KOKX,-4.0,10.8,-6.7,-21.9,5492.0
2021-02-26 12:00:00+00:00,KOKX,-8.2,8.3,-16.1,-33.0,5437.0
2021-02-27 12:00:00+00:00,KOKX,0.2,0.1,-4.1,-16.4,5645.0
2021-02-28 12:00:00+00:00,KOKX,7.0,43.9,-3.9,-19.6,5669.0
2021-03-01 12:00:00+00:00,KOKX,7.5,1.5999999999999996,0.2,-12.6,5617.0
2021-03-02 12:00:00+00:00,KOKX,-18.5,5.399999999999999,-18.5,-31.1,5280.0
2021-03-03 12:00:00+00:00,KOKX,-1.9,49.800000000000004,-8.9,-22.7,5485.0
2021-03-04 12:00:00+00:00,KOKX,-5.3,5.3999999999999995,-9.3,-22.0,5430.0
2021-03-05 12:00:00+00:00,KOKX,-9.5,28.6,-19.4,-33.3,5250.0
2021-03-06 12:00:00+00:00,KOKX,-13.6,1.8000000000000007,-15.2,-30.7,5312.0
2021-03-07 12:00:00+00:00,KOKX,-15.4,0.5,-16.0,-32.2,5386.0
2021-03-08 12:00:00+00:00,KOKX,-8.0,35.3,-9.2,-25.8,5518.0
2021-03-09 12:00:00+00:00,KOKX,2.9,5.3,-7.9,-20.4,5637.0
2021-03-10 12:00:00+00:00,KOKX,2.7,33.2,-0.9,-20.6,5729.0
2021-03-11 12:00:00+00:00,KOKX,7.7,15.3,-1.0,-17.4,5755.0
2021-03-12 12:00:00+00:00,KOKX,7.7,4.2,-0.5,-16.6,5695.0
2021-03-13 12:00:00+00:00,KOKX,-7.1,25.4,-7.6,-24.4,5507.0
2021-03-14 12:00:00+00:00,KOKX,-4.0,5.4,-7.5,-22.1,5474.0
2021-03-15 12:00:00+00:00,KOKX,-15.5,26.200000000000003,-18.1,-25.2,5363.0
2021-03-16 12:00:00+00:00,KOKX,-4.9,11.700000000000001,-5.9,-18.8,5584.0
2021-03-17 12:00:00+00:00,KOKX,0.4,1.7000000000000002,-7.5,-23.9,5557.0
2021-03-18 12:00:00+00:00,KOKX,7.5,18.8,-1.2,-15.5,5645.0
2021-03-19 12:00:00+00:00,KOKX,-5.4,29.300000000000004,-5.4,-19.5,5501.0
2021-03-20 12:00:00+00:00,KOKX,-0.8,17.599999999999998,-8.2,-24.0,5635.0
2021-03-21 12:00:00+00:00,KOKX,1.6,21.700000000000003,-5.9,-23.2,5694.0
2021-03-22 12:00:00+00:00,KOKX,3.9,23.5,-6.1,-24.1,5682.0
2021-03-23 12:00:00+00:00,KOKX,4.5,9.8,-0.5,-17.0,5719.0
2021-03-24 12:00:00+00:00,KOKX,7.8,11.2,-1.1,-15.9,5737.0
2021-03-25 12:00:00+00:00,KOKX,11.4,9.100000000000001,2.4,-14.7,5751.0
2021-03-26 12:00:00+00:00,KOKX,13.3,6.200000000000001,3.4,-13.3,5711.0
2021-03-27 12:00:00+00:00,KOKX,6.7,10.5,-0.9,-18.0,5657.0
2021-03-28 12:00:00+00:00,KOKX,6.4,0.6000000000000005,-1.3,-16.2,5690.0
2021-03-29 12:00:00+00:00,KOKX,-5.7,2.7,-11.2,-28.2,5398.0
2021-03-30 12:00:00+00:00,KOKX,4.5,48.6,-2.9,-15.6,5731.0
2021-03-31 12:00:00+00:00,KOKX,5.4,0.3000000000000007,3.1,-12.9,5753.0
2021-04-01 12:00:00+00:00,KOKX,6.3,0.0,-0.7,-14.5,5580.0
2021-04-02 12:00:00+00:00,KOKX,-11.4,2.6999999999999993,-16.5,-27.2,5359.0
2021-04-03 12:00:00+00:00,KOKX,-11.5,10.0,-14.7,-27.7,5449.0
2021-04-04 12:00:00+00:00,KOKX,-2.6,11.8,-9.7,-25.1,5517.0
2021-04-05 12:00:00+00:00,KOKX,-0.7,12.5,-6.3,-23.9,5512.0
2021-04-06 12:00:00+00:00,KOKX,0.6,17.700000000000003,-5.9,-24.0,5530.0
2021-04-07 12:00:00+00:00,KOKX,5.0,11.9,-2.7,-19.5,5626.0
2021-04-08 12:00:00+00:00,KOKX,3.0,1.7,-1.0,-18.0,5670.0
2021-04-09 12:00:00+00:00,KOKX,6.7,14.5,0.0,-15.3,5717.0
2021-04-10 12:00:00+00:00,KOKX,8.2,3.0999999999999996,-2.3,-17.3,5672.0
2021-04-11 12:00:00+00:00,KOKX,11.3,12.8,0.5,-13.5,5632.0
2021-04-12 12:00:00+00:00,KOKX,6.6,0.09999999999999964,-0.7,-18.1,5562.0
2021-04-13 12:00:00+00:00,KOKX,1.6,27.700000000000003,-1.7,-20.7,5591.0
2021-04-14 12:00:00+00:00,KOKX,4.4,3.8000000000000003,-4.4,-20.0,5631.0
2021-04-15 12:00:00+00:00,KOKX,4.7,0.0,-4.0,-19.6,5564.0
2021-04-16 12:00:00+00:00,KOKX,-3.5,2.3,-13.3,-29.8,5332.0
2021-04-17 12:00:00+00:00,KOKX,-4.4,2.0999999999999996,-10.3,-27.3,5395.0
2021-04-18 12:00:00+00:00,KOKX,-1.1,7.0,-8.2,-23.9,5459.0
2021-04-19 12:00:00+00:00,KOKX,2.3,4.699999999999999,-8.8,-24.5,5500.0
2021-04-20 12:00:00+00:00,KOKX,5.4,11.3,-5.0,-22.9,5571.0
2021-04-21 12:00:00+00:00,KOKX,7.0,8.4,-3.2,-22.4,5557.0
2021-04-22 12:00:00+00:00,KOKX,-9.1,6.4,-16.6,-32.6,5277.0
2021-04-23 12:00:00+00:00,KOKX,-5.8,7.3999999999999995,-12.3,-31.0,5403.0
2021-04-24 12:00:00+00:00,KOKX,3.7,12.8,-5.5,-21.1,5574.0
2021-04-25 12:00:00+00:00,KOKX,4.1,1.2999999999999998,-3.2,-16.9,5558.0
2021-04-26 12:00:00+00:00,KOKX,2.6,45.6,-1.8,-20.6,5565.0
2021-04-27 12:00:00+00:00,KOKX,4.3,2.0,-2.8,-17.0,5668.0
2021-04-28 12:00:00+00:00,KOKX,14.9,9.2,4.3,-15.6,5732.0
2021-04-29 12:00:00+00:00,KOKX,13.4,2.700000000000001,2.2,-12.2,5714.0
2021-04-30 12:00:00+00:00,KOKX,7.4,5.0,-2.4,-15.1,5497.0
2021-05-01 12:00:00+00:00,KOKX,1.8,3.8,-7.6,-24.1,5464.0
2021-05-02 12:00:00+00:00,KOKX,9.7,7.799999999999999,0.2,-16.4,5633.0
2021-05-03 12:00:00+00:00,KOKX,13.8,8.600000000000001,1.5,-14.3,5712.0
2021-05-04 12:00:00+00:00,KOKX,12.3,0.7000000000000011,4.2,-12.1,5677.0
2021-05-05 12:00:00+00:00,KOKX,14.5,4.6,6.4,-10.0,5717.0
2021-05-06 12:00:00+00:00,KOKX,2.5,8.0,-1.5,-19.8,5580.0
2021-05-07 12:00:00+00:00,KOKX,2.5,8.3,-6.5,-24.1,5530.0
2021-05-08 12:00:00+00:00,KOKX,-0.6,4.4,-8.5,-25.8,5467.0
2021-05-09 12:00:00+00:00,KOKX,0.8,6.8999999999999995,-7.3,-22.8,5538.0
2021-05-10 12:00:00+00:00,KOKX,5.9,1.1000000000000005,2.2,-15.0,5627.0
2021-05-11 12:00:00+00:00,KOKX,1.3,10.0,-7.2,-19.6,5570.0
2021-05-12 12:00:00+00:00,KOKX,0.3,5.5,-8.7,-23.1,5527.0
2021-05-13 12:00:00+00:00,KOKX,2.1,9.0,-10.9,-24.6,5582.0
2021-05-14 12:00:00+00:00,KOKX,5.5,13.7,-7.7,-22.5,5630.0
2021-05-15 12:00:00+00:00,KOKX,7.5,12.7,-6.8,-23.6,5655.0
2021-05-16 12:00:00+00:00,KOKX,7.2,12.2,-6.7,-24.5,5666.0
2021-05-17 12:00:00+00:00,KOKX,6.8,9.7,-5.6,-24.2,5677.0
2021-05-18 12:00:00+00:00,KOKX,8.7,7.799999999999999,-4.1,-19.6,5733.0
2021-05-19 12:00:00+00:00,KOKX,10.6,6.8999999999999995,-0.3,-14.9,5801.0
2021-05-20 12:00:00+00:00,KOKX,12.0,9.1,1.0,-14.6,5860.0
2021-05-21 12:00:00+00:00,KOKX,13.9,13.0,1.9,-14.1,5889.0
2021-05-22 12:00:00+00:00,KOKX,16.3,9.3,2.5,-11.1,5876.0
2021-05-23 12:00:00+00:00,KOKX,13.0,2.5999999999999996,5.3,-7.8,5812.0
2021-05-24 12:00:00+00:00,KOKX,3.8,2.8,4.9,-11.3,5793.0
2021-05-25 12:00:00+00:00,KOKX,10.0,1.6999999999999993,4.8,-9.1,5855.0
2021-05-26 12:00:00+00:00,KOKX,16.6,4.900000000000002,5.0,-10.6,5856.0
2021-05-27 12:00:00+00:00,KOKX,11.3,2.1000000000000014,4.1,-10.6,5764.0
2021-05-28 12:00:00+00:00,KOKX,8.2,11.799999999999999,1.3,-10.4,5749.0
2021-05-29 12:00:00+00:00,KOKX,7.2,0.0,3.9,-10.6,5707.0
2021-05-30 12:00:00+00:00,KOKX,10.3,0.0,2.7,-12.9,5754.0
2021-05-31 12:00:00+00:00,KOKX,8.4,0.7000000000000002,0.4,-17.9,5716.0
2021-06-01 12:00:00+00:00,KOKX,8.1,8.7,1.0,-13.3,5798.0
2021-06-02 12:00:00+00:00,KOKX,10.2,5.3999999999999995,3.3,-13.5,5804.0
2021-06-03 12:00:00+00:00,KOKX,11.9,0.40000000000000036,3.0,-11.4,5805.0
2021-06-04 12:00:00+00:00,KOKX,13.9,4.200000000000001,3.7,-11.3,5771.0
2021-06-05 12:00:00+00:00,KOKX,14.5,7.4,4.0,-10.7,5795.0
2021-06-06 12:00:00+00:00,KOKX,17.1,7.000000000000002,5.2,-9.3,5861.0
2021-06-07 12:00:00+00:00,KOKX,17.1,3.900000000000002,7.9,-8.0,5902.0
2021-06-08 12:00:00+00:00,KOKX,19.2,13.5,7.0,-7.6,5905.0
2021-06-09 12:00:00+00:00,KOKX,16.7,3.799999999999999,7.3,-8.5,5858.0
2021-06-10 12:00:00+00:00,KOKX,15.7,7.5,6.6,-9.2,5847.0
2021-06-11 12:00:00+00:00,KOKX,11.6,10.1,6.3,-8.8,5805.0
2021-06-12 12:00:00+00:00,KOKX,11.3,8.8,4.4,-7.9,5741.0
2021-06-13 12:00:00+00:00,KOKX,10.1,12.8,4.9,-10.6,5758.0
2021-06-14 12:00:00+00:00,KOKX,12.9,1.4000000000000004,4.6,-12.0,5744.0
2021-06-15 12:00:00+00:00,KOKX,14.3,7.200000000000001,3.5,-12.1,5705.0
2021-06-16 12:00:00+00:00,KOKX,10.4,9.5,1.5,,
2021-06-17 12:00:00+00:00,KOKX,7.2,19.0,-0.7,-17.6,5657.0
2021-06-18 12:00:00+00:00,KOKX,9.5,8.7,3.8,-11.0,5781.0
2021-06-19 12:00:00+00:00,KOKX,16.1,1.5000000000000018,6.1,-9.5,5784.0
2021-06-20 12:00:00+00:00,KOKX,15.1,10.2,4.7,-9.4,5767.0
2021-06-21 12:00:00+00:00,KOKX,18.2,7.6,7.3,,
2021-06-22 12:00:00+00:00,KOKX,17.3,5.600000000000001,7.9,-8.3,5778.0
2021-06-23 12:00:00+00:00,KOKX,4.8,9.2,3.4,-11.2,5745.0
2021-06-24 12:00:00+00:00,KOKX,6.4,5.9,6.3,-11.5,5868.0
2021-06-25 12:00:00+00:00,KOKX,11.7,0.5,8.8,-9.5,5909.0
2021-06-26 12:00:00+00:00,KOKX,14.3,2.6000000000000014,6.2,-8.4,5914.0
2021-06-27 12:00:00+00:00,KOKX,16.1,2.900000000000002,6.9,-5.5,5926.0
2021-06-28 12:00:00+00:00,KOKX,16.9,2.6999999999999993,7.5,-5.3,5950.0
2021-06-29 12:00:00+00:00,KOKX,18.2,2.8999999999999986,8.9,-7.2,5966.0
2021-06-30 12:00:00+00:00,KOKX,20.8,8.8,8.8,-6.0,5923.0
2021-07-01 12:00:00+00:00,KOKX,17.3,6.300000000000001,8.1,-7.9,5832.0
2021-07-02 12:00:00+00:00,KOKX,13.4,2.0999999999999996,6.0,-8.5,5741.0
2021-07-03 12:00:00+00:00,KOKX,10.4,,1.4,-12.2,5674.0
2021-07-04 12:00:00+00:00,KOKX,8.6,0.7999999999999998,-0.1,-15.7,5669.0
2021-07-05 12:00:00+00:00,KOKX,11.5,3.1999999999999993,3.9,-10.9,5789.0
2021-07-06 12:00:00+00:00,KOKX,17.3,1.8000000000000007,7.3,-10.2,5860.0
2021-07-07 12:00:00+00:00,KOKX,16.9,4.599999999999998,8.0,-7.5,5862.0
2021-07-08 12:00:00+00:00,KOKX,17.1,5.300000000000001,8.4,-9.2,5860.0
2021-07-10 12:00:00+00:00,KOKX,15.6,2.299999999999999,7.3,-8.7,5816.0
2021-07-11 12:00:00+00:00,KOKX,14.1,4.799999999999999,7.6,-8.9,5867.0
2021-07-12 12:00:00+00:00,KOKX,18.0,4.9,8.4,-6.9,5911.0
2021-07-13 12:00:00+00:00,KOKX,17.7,2.299999999999999,9.1,-6.7,5955.0
2021-07-14 12:00:00+00:00,KOKX,18.8,9.8,7.1,-9.6,5914.0
2021-07-15 12:00:00+00:00,KOKX,16.8,5.9,5.8,-9.9,5889.0
2021-07-16 12:00:00+00:00,KOKX,17.5,5.699999999999999,6.7,-6.7,5891.0
2021-07-17 12:00:00+00:00,KOKX,17.5,3.0999999999999996,7.3,-7.0,5899.0
2021-07-18 12:00:00+00:00,KOKX,16.1,0.10000000000000142,7.4,-6.8,5865.0
2021-07-19 12:00:00+00:00,KOKX,13.8,1.3000000000000007,7.3,-10.2,5822.0
2021-07-20 12:00:00+00:00,KOKX,15.5,5.5,6.4,-10.1,5809.0
2021-07-21 12:00:00+00:00,KOKX,16.3,5.100000000000001,5.6,-10.4,5779.0
2021-07-22 12:00:00+00:00,KOKX,11.3,10.100000000000001,5.6,-10.4,5786.0
2021-07-23 12:00:00+00:00,KOKX,10.0,4.9,0.1,-12.5,5768.0
2021-07-24 12:00:00+00:00,KOKX,11.9,9.0,-0.4,-15.9,5761.0
2021-07-25 12:00:00+00:00,KOKX,13.7,0.29999999999999893,5.2,-8.7,5816.0
2021-07-26 12:00:00+00:00,KOKX,16.5,5.1,6.9,-8.7,5832.0
2021-07-27 12:00:00+00:00,KOKX,16.0,11.3,4.7,-8.6,5833.0
2021-07-28 12:00:00+00:00,KOKX,14.6,5.0,3.9,-10.4,5779.0
2021-07-29 12:00:00+00:00,KOKX,11.3,2.4000000000000004,4.5,-11.0,5799.0
2021-07-30 12:00:00+00:00,KOKX,15.9,9.0,5.1,-10.9,5745.0
2021-07-31 12:00:00+00:00,KOKX,11.7,36.2,4.1,-11.5,5758.0
2021-08-01 12:00:00+00:00,KOKX,10.6,3.3999999999999995,3.8,-14.3,5757.0
2021-08-02 12:00:00+00:00,KOKX,11.5,6.5,2.2,-11.2,5724.0
2021-08-03 12:00:00+00:00,KOKX,10.4,4.4,5.6,-9.9,5822.0
2021-08-04 12:00:00+00:00,KOKX,10.3,4.200000000000001,4.9,-9.0,5835.0
2021-08-05 12:00:00+00:00,KOKX,13.9,0.0,7.6,-7.7,5854.0
2021-08-06 12:00:00+00:00,KOKX,13.2,5.499999999999999,5.1,-10.4,5855.0
2021-08-07 12:00:00+00:00,KOKX,16.4,9.999999999999998,4.4,-6.3,5881.0
2021-08-08 12:00:00+00:00,KOKX,13.7,2.8999999999999986,5.6,-7.9,5856.0
2021-08-09 12:00:00+00:00,KOKX,14.8,2.200000000000001,8.8,-8.5,5886.0
2021-08-10 12:00:00+00:00,KOKX,14.6,0.1999999999999993,5.6,-8.2,5902.0
2021-08-11 12:00:00+00:00,KOKX,18.0,3.0,7.7,-6.9,5903.0
2021-08-12 12:00:00+00:00,KOKX,19.4,5.499999999999998,8.3,-7.2,5897.0
2021-08-13 12:00:00+00:00,KOKX,21.1,7.000000000000002,8.8,-6.2,5919.0
2021-08-14 12:00:00+00:00,KOKX,19.5,9.5,7.4,-7.7,5900.0
2021-08-15 12:00:00+00:00,KOKX,14.8,2.9000000000000004,5.5,-7.6,5897.0
2021-08-16 12:00:00+00:00,KOKX,12.2,8.1,8.4,-8.0,5898.0
2021-08-17 12:00:00+00:00,KOKX,14.4,1.200000000000001,7.5,-7.2,5922.0
2021-08-18 12:00:00+00:00,KOKX,16.8,4.0,7.5,-5.9,5944.0
2021-08-19 12:00:00+00:00,KOKX,17.1,0.40000000000000213,9.5,-5.7,5897.0
2021-08-20 12:00:00+00:00,KOKX,17.1,5.800000000000001,10.0,-5.9,5859.0
2021-08-21 12:00:00+00:00,KOKX,16.2,3.5,9.0,-5.3,5867.0
2021-08-22 12:00:00+00:00,KOKX,14.9,3.700000000000001,7.9,-4.4,5826.0
2021-08-23 12:00:00+00:00,KOKX,15.1,2.0,6.8,-6.2,5810.0
2021-08-24 12:00:00+00:00,KOKX,16.8,4.700000000000001,8.7,-6.0,5859.0
2021-08-25 12:00:00+00:00,KOKX,17.4,14.499999999999998,12.4,-6.2,5933.0
2021-08-26 12:00:00+00:00,KOKX,17.4,4.099999999999998,6.8,-6.3,5927.0
2021-08-27 12:00:00+00:00,KOKX,18.2,3.6999999999999993,8.3,-7.2,5914.0
2021-08-28 12:00:00+00:00,KOKX,16.0,2.1999999999999993,6.5,-7.0,5924.0
2021-08-29 12:00:00+00:00,KOKX,13.9,0.0,8.0,-5.4,5918.0
2021-08-30 12:00:00+00:00,KOKX,15.8,1.6000000000000014,8.9,-6.6,5868.0
2021-08-31 12:00:00+00:00,KOKX,17.0,14.0,7.1,-7.2,5808.0
2021-09-01 12:00:00+00:00,KOKX,14.3,3.8000000000000007,3.9,-7.4,5783.0
2021-09-02 12:00:00+00:00,KOKX,11.9,5.6000000000000005,6.0,-6.3,5731.0
2021-09-03 12:00:00+00:00,KOKX,8.8,6.6000000000000005,-0.2,-14.4,5705.0
2021-09-04 12:00:00+00:00,KOKX,9.6,7.6,5.6,-8.8,5791.0
2021-09-05 12:00:00+00:00,KOKX,10.9,8.2,5.8,-6.2,5790.0
2021-09-06 12:00:00+00:00,KOKX,14.5,3.0999999999999996,4.5,-8.4,5765.0
2021-09-07 12:00:00+00:00,KOKX,10.4,4.7,4.8,-10.2,5789.0
2021-09-08 12:00:00+00:00,KOKX,13.5,5.6,8.5,-8.5,5822.0
2021-09-09 12:00:00+00:00,KOKX,14.7,5.699999999999999,5.4,-9.5,5774.0
2021-09-10 12:00:00+00:00,KOKX,10.6,4.6,1.1,-15.1,5676.0
2021-09-11 12:00:00+00:00,KOKX,8.1,6.3,4.1,-11.2,5809.0
2021-09-12 12:00:00+00:00,KOKX,13.5,7.4,6.9,-8.2,5862.0
2021-09-13 12:00:00+00:00,KOKX,18.0,9.3,8.0,-10.1,5869.0
2021-09-14 12:00:00+00:00,KOKX,17.2,9.1,7.1,-11.3,5854.0
2021-09-15 12:00:00+00:00,KOKX,16.5,4.800000000000001,8.8,-10.2,5851.0
2021-09-16 12:00:00+00:00,KOKX,15.1,2.6999999999999993,4.9,-11.5,5856.0
2021-09-17 12:00:00+00:00,KOKX,14.0,1.5,6.9,-8.0,5903.0
2021-09-18 12:00:00+00:00,KOKX,14.3,8.0,5.9,-7.8,5849.0
2021-09-19 12:00:00+00:00,KOKX,14.0,33.1,7.6,-9.4,5843.0
2021-09-20 12:00:00+00:00,KOKX,10.8,19.9,7.9,-7.6,5909.0
2021-09-21 12:00:00+00:00,KOKX,15.4,42.9,9.3,-6.6,5935.0
2021-09-22 12:00:00+00:00,KOKX,13.8,2.0,7.9,-7.0,5898.0
2021-09-23 12:00:00+00:00,KOKX,13.6,3.4000000000000004,7.8,-6.4,5860.0
2021-09-24 12:00:00+00:00,KOKX,14.8,3.5,6.3,-9.4,5826.0
2021-09-25 12:00:00+00:00,KOKX,13.8,29.5,5.5,-11.7,5809.0
2021-09-26 12:00:00+00:00,KOKX,8.8,4.700000000000001,0.7,-14.3,5678.0
2021-09-27 12:00:00+00:00,KOKX,10.8,6.6000000000000005,1.9,-12.7,5736.0
2021-09-28 12:00:00+00:00,KOKX,14.9,5.300000000000001,6.2,-14.5,5749.0
2021-09-29 12:00:00+00:00,KOKX,5.5,10.3,0.5,-18.6,5647.0
2021-09-30 12:00:00+00:00,KOKX,3.5,2.1,-7.5,-16.6,5627.0
2021-10-01 12:00:00+00:00,KOKX,2.1,3.4000000000000004,-0.9,-18.4,5685.0
2021-10-02 12:00:00+00:00,KOKX,10.7,34.9,5.4,-12.0,5811.0
2021-10-03 12:00:00+00:00,KOKX,14.5,24.6,4.3,-10.7,5792.0
2021-10-04 12:00:00+00:00,KOKX,14.1,0.9000000000000004,4.3,-10.5,5789.0
2021-10-05 12:00:00+00:00,KOKX,13.3,3.0,4.2,-11.7,5821.0
2021-10-06 12:00:00+00:00,KOKX,11.6,3.5999999999999996,4.2,-11.8,5870.0
2021-10-07 12:00:00+00:00,KOKX,7.4,3.2,7.5,-10.1,5889.0
2021-10-08 12:00:00+00:00,KOKX,9.1,0.5999999999999996,7.8,-10.0,5852.0
2021-10-09 12:00:00+00:00,KOKX,,,6.3,-12.2,5829.0
2021-10-10 12:00:00+00:00,KOKX,10.6,3.3999999999999995,2.7,-11.4,5811.0
2021-10-11 12:00:00+00:00,KOKX,11.8,0.10000000000000142,5.6,-8.1,5823.0
2021-10-12 12:00:00+00:00,KOKX,15.0,18.0,7.8,-8.1,5855.0
2021-10-13 12:00:00+00:00,KOKX,13.9,14.8,6.5,-11.1,5815.0
2021-10-14 12:00:00+00:00,KOKX,11.0,2.4000000000000004,4.8,-7.1,5784.0
2021-10-15 12:00:00+00:00,KOKX,12.3,5.500000000000001,7.9,-9.7,5815.0
2021-10-16 12:00:00+00:00,KOKX,14.1,2.0,6.2,-9.7,5776.0
2021-10-17 12:00:00+00:00,KOKX,5.2,6.1000000000000005,-2.3,-16.6,5571.0
2021-10-18 12:00:00+00:00,KOKX,1.0,6.5,-8.1,-26.2,5469.0
2021-10-19 12:00:00+00:00,KOKX,0.7,5.8,-3.0,-19.4,5577.0
2021-10-20 12:00:00+00:00,KOKX,12.7,18.4,1.6,-18.0,5704.0
2021-10-21 12:00:00+00:00,KOKX,13.3,26.6,2.5,-12.9,5753.0
2021-10-22 12:00:00+00:00,KOKX,12.3,5.1000000000000005,1.4,-15.0,5676.0
2021-10-23 12:00:00+00:00,KOKX,5.6,5.199999999999999,-2.1,-16.7,5635.0
2021-10-24 12:00:00+00:00,KOKX,2.2,5.9,-3.1,-18.6,5622.0
2021-10-25 12:00:00+00:00,KOKX,10.2,1.6999999999999993,2.1,-12.9,5755.0
2021-10-26 12:00:00+00:00,KOKX,10.6,0.0,3.0,-12.1,5610.0
2021-10-27 12:00:00+00:00,KOKX,4.4,0.10000000000000053,1.0,-11.2,5551.0
2021-10-28 12:00:00+00:00,KOKX,6.5,2.0,1.5,-13.9,5665.0
2021-10-29 12:00:00+00:00,KOKX,7.1,28.200000000000003,1.6,-9.8,5691.0
2021-10-30 12:00:00+00:00,KOKX,8.5,2.8,1.7,-13.2,5622.0
2021-10-31 12:00:00+00:00,KOKX,7.0,2.5,-2.7,-19.3,5511.0
2021-11-01 12:00:00+00:00,KOKX,2.9,1.5999999999999999,2.0,-13.6,5661.0
2021-11-02 12:00:00+00:00,KOKX,-0.7,4.1,-4.0,-18.4,5640.0
2021-11-03 12:00:00+00:00,KOKX,-3.4,9.9,-10.6,-24.1,5515.0
2021-11-04 12:00:00+00:00,KOKX,-4.6,8.1,-10.4,-23.9,5568.0
2021-11-05 12:00:00+00:00,KOKX,-5.1,6.300000000000001,-11.8,-27.7,5516.0
2021-11-06 12:00:00+00:00,KOKX,1.3,31.6,-3.4,-18.2,5695.0
2021-11-07 12:00:00+00:00,KOKX,3.9,29.599999999999998,2.7,-15.0,5732.0
2021-11-08 12:00:00+00:00,KOKX,8.6,14.399999999999999,-0.2,-15.3,5709.0
2021-11-09 12:00:00+00:00,KOKX,9.5,14.5,3.8,-16.2,5751.0
2021-11-10 12:00:00+00:00,KOKX,7.5,7.4,-1.7,-18.4,5660.0
2021-11-11 12:00:00+00:00,KOKX,6.6,38.0,-1.5,-15.8,5731.0
2021-11-12 12:00:00+00:00,KOKX,8.9,2.5,0.6,-15.3,5730.0
2021-11-13 12:00:00+00:00,KOKX,5.2,12.3,-3.2,-18.2,5582.0
2021-11-14 12:00:00+00:00,KOKX,-1.6,9.5,-4.2,-17.5,5532.0
2021-11-15 12:00:00+00:00,KOKX,-1.7,8.5,-14.1,-27.1,5381.0
2021-11-16 12:00:00+00:00,KOKX,-6.1,5.800000000000001,-15.1,-29.1,5412.0
2021-11-17 12:00:00+00:00,KOKX,0.5,17.5,-1.8,-16.6,5688.0
2021-11-18 12:00:00+00:00,KOKX,10.8,10.5,3.3,-15.1,5754.0
2021-11-19 12:00:00+00:00,KOKX,-4.4,6.4,-8.2,-22.0,5515.0
2021-11-20 12:00:00+00:00,KOKX,-2.4,25.0,-7.6,-21.4,5650.0
2021-11-21 12:00:00+00:00,KOKX,0.3,19.2,-5.2,-21.0,5658.0
2021-11-22 12:00:00+00:00,KOKX,3.6,0.5,-4.7,-19.1,5561.0
2021-11-23 12:00:00+00:00,KOKX,-8.0,11.8,-15.0,-25.7,5379.0
2021-11-24 12:00:00+00:00,KOKX,-7.0,14.8,-7.6,-16.8,5559.0
2021-11-25 12:00:00+00:00,KOKX,6.2,19.8,-0.7,-15.4,5680.0
2021-11-26 12:00:00+00:00,KOKX,4.1,2.3999999999999995,-4.4,-18.8,5496.0
2021-11-27 12:00:00+00:00,KOKX,-5.7,4.8999999999999995,-11.5,-28.5,5340.0
2021-11-28 12:00:00+00:00,KOKX,-6.1,1.6000000000000005,-9.0,-26.2,5426.0
2021-11-29 12:00:00+00:00,KOKX,-6.7,1.4999999999999991,-12.8,-25.9,5376.0
2021-11-30 12:00:00+00:00,KOKX,-8.5,3.5999999999999996,-10.8,-26.7,5426.0
2021-12-01 12:00:00+00:00,KOKX,-4.7,5.8,-7.2,-23.1,5516.0
2021-12-02 12:00:00+00:00,KOKX,3.7,1.9000000000000001,-4.1,-21.7,5561.0
2021-12-03 12:00:00+00:00,KOKX,-1.9,13.1,-9.4,-20.8,5440.0
2021-12-04 12:00:00+00:00,KOKX,-1.5,4.6,-8.8,-19.9,5545.0
2021-12-05 12:00:00+00:00,KOKX,-1.4,42.0,-3.5,-17.5,5647.0
2021-12-06 12:00:00+00:00,KOKX,8.8,4.1000000000000005,1.7,-16.0,5686.0
2021-12-07 12:00:00+00:00,KOKX,-8.0,4.9,-0.4,-19.6,5557.0
2021-12-08 12:00:00+00:00,KOKX,-6.7,7.499999999999999,-7.9,-18.3,5522.0
2021-12-09 12:00:00+00:00,KOKX,-7.9,9.6,-9.8,-18.0,5505.0
2021-12-10 12:00:00+00:00,KOKX,-3.3,7.3,-5.3,-15.4,5618.0
2021-12-11 12:00:00+00:00,KOKX,10.2,0.0,1.7,-14.1,5720.0
2021-12-12 12:00:00+00:00,KOKX,-5.8,6.2,-4.4,-22.5,5511.0
2021-12-13 12:00:00+00:00,KOKX,1.8,16.5,-1.8,-20.0,5660.0
2021-12-14 12:00:00+00:00,KOKX,6.4,28.0,-1.5,-17.5,5726.0
2021-12-15 12:00:00+00:00,KOKX,0.1,42.800000000000004,-5.6,-16.5,5747.0
2021-12-16 12:00:00+00:00,KOKX,11.2,8.299999999999999,0.6,-13.9,5763.0
2021-12-17 12:00:00+00:00,KOKX,12.4,49.0,2.1,-16.5,5700.0
2021-12-18 12:00:00+00:00,KOKX,2.9,21.7,-1.0,-15.3,5691.0
2021-12-19 12:00:00+00:00,KOKX,3.7,7.6,0.1,-15.0,5596.0
2021-12-20 12:00:00+00:00,KOKX,-1.9,49.800000000000004,-7.7,-21.9,5570.0
2021-12-21 12:00:00+00:00,KOKX,1.6,38.0,-4.2,-19.5,5590.0
2021-12-22 12:00:00+00:00,KOKX,5.5,0.09999999999999964,-3.1,-18.5,5506.0
2021-12-23 12:00:00+00:00,KOKX,-12.6,3.799999999999999,-7.7,-19.7,5465.0
2021-12-24 12:00:00+00:00,KOKX,-5.3,4.8999999999999995,-10.3,-27.3,5468.0
2021-12-25 12:00:00+00:00,KOKX,5.4,2.6000000000000005,-1.8,-15.2,5565.0
2021-12-26 12:00:00+00:00,KOKX,-0.8,4.3,-5.3,-23.2,5483.0
2021-12-27 12:00:00+00:00,KOKX,-1.0,19.0,-8.1,-22.3,5536.0
2021-12-28 12:00:00+00:00,KOKX,4.4,1.7000000000000002,-4.4,-18.3,5538.0
2021-12-29 12:00:00+00:00,KOKX,-0.3,0.2,0.9,-14.4,5605.0
2021-12-30 12:00:00+00:00,KOKX,1.8,1.5,-2.9,-16.1,5595.0
2021-12-31 12:00:00+00:00,KOKX,2.0,1.7,-5.9,-20.2,5562.0
2022-01-01 12:00:00+00:00,KOKX,7.2,0.0,-2.5,-16.3,5620.0
2022-01-02 12:00:00+00:00,KOKX,10.8,4.9,0.2,-10.9,5610.0
2022-01-03 12:00:00+00:00,KOKX,-4.3,9.0,-4.7,-16.5,5550.0
2022-01-04 12:00:00+00:00,KOKX,-5.7,12.0,-9.3,-28.1,5510.0
2022-01-05 12:00:00+00:00,KOKX,-0.1,0.4,-4.9,-20.9,5570.0
2022-01-06 12:00:00+00:00,KOKX,-3.3,13.0,-6.5,-24.1,5450.0
2022-01-07 12:00:00+00:00,KOKX,-5.7,0.5999999999999996,-12.1,-26.9,5350.0
2022-01-08 12:00:00+00:00,KOKX,-11.3,12.0,-15.3,-24.1,5450.0
2022-01-09 12:00:00+00:00,KOKX,1.4,10.0,-1.9,-16.3,5710.0
2022-01-10 12:00:00+00:00,KOKX,-12.3,2.0,-7.9,-23.3,5460.0
2022-01-11 12:00:00+00:00,KOKX,-21.1,0.3999999999999986,-24.3,-34.9,5290.0
2022-01-12 12:00:00+00:00,KOKX,-4.3,30.999999999999996,-7.9,-21.3,5550.0
2022-01-13 12:00:00+00:00,KOKX,-0.5,7.0,-10.5,-26.1,5490.0
2022-01-14 12:00:00+00:00,KOKX,1.0,13.0,-7.9,-22.7,5460.0
2022-01-15 12:00:00+00:00,KOKX,-5.9,38.0,-11.3,-25.1,5410.0
2022-01-16 12:00:00+00:00,KOKX,-9.9,39.0,-13.3,-23.3,5500.0
2022-01-17 12:00:00+00:00,KOKX,1.2,0.6,-6.1,-22.1,5320.0
2022-01-18 12:00:00+00:00,KOKX,-8.5,11.0,-13.3,-31.5,5260.0
2022-01-19 12:00:00+00:00,KOKX,-2.3,11.0,-7.3,-23.1,5530.0
2022-01-20 12:00:00+00:00,KOKX,-1.7,0.10000000000000009,-5.5,-21.1,5540.0
2022-01-21 12:00:00+00:00,KOKX,-10.3,18.0,-12.1,-25.5,5490.0
2022-01-22 12:00:00+00:00,KOKX,-10.3,29.999999999999996,-13.7,-26.7,5460.0
2022-01-23 12:00:00+00:00,KOKX,-7.3,4.8999999999999995,-11.1,-26.7,5390.0
2022-01-24 12:00:00+00:00,KOKX,-10.9,2.4000000000000004,-18.5,-28.3,5300.0
2022-01-25 12:00:00+00:00,KOKX,-2.7,2.3,-12.3,-26.5,5420.0
2022-01-26 12:00:00+00:00,KOKX,-13.1,18.0,-13.3,-27.3,5420.0
2022-01-27 12:00:00+00:00,KOKX,-10.7,32.0,-11.1,-25.5,5500.0
2022-01-28 12:00:00+00:00,KOKX,-7.1,3.5,-12.5,-25.7,5460.0
2022-01-29 12:00:00+00:00,KOKX,-7.3,1.2999999999999998,-11.3,-22.7,5330.0
2022-01-30 12:00:00+00:00,KOKX,-13.7,16.0,-19.1,-30.3,5240.0
2022-01-31 12:00:00+00:00,KOKX,-11.7,5.0,-18.5,-28.1,5410.0
2022-02-01 12:00:00+00:00,KOKX,-7.3,10.0,-10.7,-26.7,5540.0
2022-02-02 12:00:00+00:00,KOKX,2.2,35.0,-4.5,-18.9,5700.0
2022-02-03 12:00:00+00:00,KOKX,3.4,1.1,-3.3,-16.3,5700.0
2022-02-04 12:00:00+00:00,KOKX,8.4,0.20000000000000107,2.4,-13.7,5700.0
2022-02-05 12:00:00+00:00,KOKX,-8.7,2.200000000000001,-14.5,-19.9,5410.0
2022-02-06 12:00:00+00:00,KOKX,-10.7,35.0,-9.5,-19.9,5590.0
2022-02-07 12:00:00+00:00,KOKX,-2.5,0.0,-7.3,-21.9,5600.0
2022-02-08 12:00:00+00:00,KOKX,0.0,0.1,-6.3,-21.1,5520.0
2022-02-09 12:00:00+00:00,KOKX,-2.9,7.0,-4.9,-20.5,5550.0
2022-02-10 12:00:00+00:00,KOKX,-0.5,4.9,-10.3,-28.5,5430.0
2022-02-11 12:00:00+00:00,KOKX,-2.1,14.000000000000002,-13.1,-23.7,5470.0
2022-02-12 12:00:00+00:00,KOKX,7.0,13.0,-6.9,-20.3,5550.0
2022-02-13 12:00:00+00:00,KOKX,-4.3,1.4000000000000004,-7.3,-22.1,5520.0
2022-02-14 12:00:00+00:00,KOKX,-15.1,13.000000000000002,-25.3,-28.9,5240.0
2022-02-15 12:00:00+00:00,KOKX,-17.7,19.000000000000004,-15.7,-27.9,5400.0
2022-02-16 12:00:00+00:00,KOKX,-6.3,23.0,-6.9,-23.9,5650.0
2022-02-17 12:00:00+00:00,KOKX,3.2,1.0,-3.3,-19.1,5700.0
2022-02-18 12:00:00+00:00,KOKX,10.6,0.0,2.2,-15.1,5560.0
2022-02-19 12:00:00+00:00,KOKX,-6.7,37.0,-12.3,-24.1,5440.0
2022-02-20 12:00:00+00:00,KOKX,-9.5,40.0,-8.1,-22.1,5540.0
2022-02-21 12:00:00+00:00,KOKX,2.0,14.0,-7.7,-21.1,5630.0
2022-02-22 12:00:00+00:00,KOKX,3.2,8.0,-3.9,-18.7,5700.0
2022-02-23 12:00:00+00:00,KOKX,8.8,1.5000000000000009,-0.9,-18.1,5680.0
2022-02-24 12:00:00+00:00,KOKX,0.4,26.0,-3.3,-19.7,5640.0
2022-02-25 12:00:00+00:00,KOKX,3.8,0.0,0.4,-15.1,5660.0
2022-02-26 12:00:00+00:00,KOKX,-8.9,9.999999999999998,-8.3,-20.5,5560.0
2022-02-27 12:00:00+00:00,KOKX,-6.7,26.000000000000004,-9.9,-23.1,5460.0
2022-02-28 12:00:00+00:00,KOKX,-15.1,6.000000000000002,-18.5,-20.9,5370.0
2022-03-01 12:00:00+00:00,KOKX,-9.9,10.999999999999998,-12.7,-24.7,5490.0
2022-03-02 12:00:00+00:00,KOKX,-4.1,4.4,-9.5,-27.5,5450.0
2022-04-20 12:00:00+00:00,KOKX,-6.2,3.2,-12.7,-21.7,5498.0
2022-04-21 12:00:00+00:00,KOKX,1.6,24.0,0.2,-15.9,5790.0
2022-04-22 12:00:00+00:00,KOKX,3.6,9.0,-0.7,-16.5,5740.0
2022-04-23 12:00:00+00:00,KOKX,3.8,32.0,-1.9,-15.5,5740.0
2022-04-24 12:00:00+00:00,KOKX,10.4,4.2,0.4,-14.3,5760.0
2022-04-25 12:00:00+00:00,KOKX,12.0,3.4000000000000004,1.6,-12.5,5790.0
2022-04-26 12:00:00+00:00,KOKX,9.2,0.0,2.2,-12.5,5780.0
2022-04-27 12:00:00+00:00,KOKX,0.2,3.4000000000000004,0.0,-17.5,5590.0
2022-04-28 12:00:00+00:00,KOKX,-1.7,12.0,-12.3,-24.1,5440.0
2022-04-29 12:00:00+00:00,KOKX,-3.7,25.0,-11.3,-26.7,5450.0
2022-04-30 12:00:00+00:00,KOKX,-2.5,12.0,-6.3,-24.7,5540.0
2022-05-01 12:00:00+00:00,KOKX,2.0,10.0,-2.7,-17.1,5650.0
2022-05-02 12:00:00+00:00,KOKX,8.2,0.0,-0.3,-16.7,5700.0
2022-05-03 12:00:00+00:00,KOKX,7.2,6.0,-1.1,-15.9,5710.0
2022-05-26 12:00:00+00:00,KOKX,9.4,24.0,5.8,-10.9,5860.0
2022-05-27 12:00:00+00:00,KOKX,13.2,5.999999999999999,7.6,-10.9,5820.0
2022-07-02 12:00:00+00:00,KOKX,17.8,5.0,6.0,-9.5,5820.0
2022-07-11 12:00:00+00:00,KOKX,11.8,7.000000000000001,4.8,-9.1,5800.0
2022-07-12 12:00:00+00:00,KOKX,15.2,7.0,8.4,-7.1,5820.0
2022-07-14 12:00:00+00:00,KOKX,15.6,4.9,3.4,-10.3,5790.0
2022-07-21 12:00:00+00:00,KOKX,18.0,4.0,10.4,-6.5,5820.0
2022-07-23 12:00:00+00:00,KOKX,18.0,7.0,5.8,-7.5,5870.0
2022-07-24 12:00:00+00:00,KOKX,19.4,12.999999999999998,8.0,-7.1,5880.0
2022-07-25 12:00:00+00:00,KOKX,20.0,8.0,8.0,-6.1,5870.0
2022-07-26 12:00:00+00:00,KOKX,15.0,6.0,8.8,-7.9,5850.0
2022-07-29 12:00:00+00:00,KOKX,15.6,7.0,7.2,-6.7,5840.0
2022-07-30 12:00:00+00:00,KOKX,13.2,3.0,5.2,-6.1,5820.0
2022-07-31 12:00:00+00:00,KOKX,13.6,6.0,7.8,-7.5,5890.0
2022-08-01 12:00:00+00:00,KOKX,13.0,0.3000000000000007,6.8,-8.3,5840.0
2022-08-02 12:00:00+00:00,KOKX,15.0,2.8000000000000007,8.4,-7.5,5810.0
2022-08-03 12:00:00+00:00,KOKX,15.6,2.9000000000000004,8.0,-6.5,5860.0
2022-08-04 12:00:00+00:00,KOKX,16.8,13.0,8.0,-5.3,5900.0
2022-08-05 12:00:00+00:00,KOKX,18.2,8.0,5.2,-8.9,5890.0
2022-08-06 12:00:00+00:00,KOKX,17.8,5.0,7.6,-8.1,5940.0
2022-08-07 12:00:00+00:00,KOKX,17.4,4.699999999999999,7.8,-7.3,5940.0
2022-08-08 12:00:00+00:00,KOKX,17.4,2.6999999999999993,8.4,-6.3,5910.0
2022-08-09 12:00:00+00:00,KOKX,19.2,6.0,9.8,-4.7,5900.0
2022-08-10 12:00:00+00:00,KOKX,17.2,1.6999999999999993,10.0,-5.3,5910.0
2022-08-11 12:00:00+00:00,KOKX,14.4,3.4000000000000004,6.8,-7.5,5830.0
2022-08-12 12:00:00+00:00,KOKX,13.8,8.0,2.0,-11.7,5750.0
2022-08-13 12:00:00+00:00,KOKX,9.0,7.0,1.0,-15.9,5730.0
2022-08-14 12:00:00+00:00,KOKX,9.4,7.0,3.4,-13.1,5770.0
2022-08-15 12:00:00+00:00,KOKX,11.2,6.999999999999999,2.4,-11.3,5750.0
2022-08-16 12:00:00+00:00,KOKX,11.6,11.0,2.4,-11.7,5760.0
2022-08-17 12:00:00+00:00,KOKX,8.8,1.6000000000000005,0.4,-13.9,5730.0
2022-08-18 12:00:00+00:00,KOKX,11.2,6.999999999999999,1.2,-12.9,5720.0
2022-08-19 12:00:00+00:00,KOKX,13.8,9.0,2.2,-12.9,5800.0
2022-08-20 12:00:00+00:00,KOKX,15.2,6.0,2.4,-10.7,5860.0
2022-08-21 12:00:00+00:00,KOKX,15.4,15.0,6.0,-8.9,5860.0
2022-08-22 12:00:00+00:00,KOKX,15.6,5.0,4.8,-9.5,5820.0
2022-08-23 12:00:00+00:00,KOKX,15.8,3.6000000000000014,4.2,-9.7,5770.0
2022-08-24 12:00:00+00:00,KOKX,16.6,10.000000000000002,5.0,-10.7,5810.0
2022-08-25 12:00:00+00:00,KOKX,14.6,6.0,6.6,-10.7,5830.0
2022-08-26 12:00:00+00:00,KOKX,15.4,6.0,4.8,-11.1,5820.0
2022-08-27 12:00:00+00:00,KOKX,15.8,3.5,6.0,-10.1,5820.0
2022-08-29 12:00:00+00:00,KOKX,16.0,5.0,8.2,-5.9,5900.0
2022-08-30 12:00:00+00:00,KOKX,17.4,11.999999999999998,7.2,-6.5,5870.0
2022-08-31 12:00:00+00:00,KOKX,14.8,5.0,6.0,-9.5,5770.0
2022-09-01 12:00:00+00:00,KOKX,13.4,8.0,3.4,-7.5,5790.0
2022-09-02 12:00:00+00:00,KOKX,15.0,49.0,9.4,-8.3,5880.0
2022-09-03 12:00:00+00:00,KOKX,12.8,12.0,8.4,-9.3,5900.0
2022-09-04 12:00:00+00:00,KOKX,14.2,1.799999999999999,9.0,-9.3,5880.0
2022-09-05 12:00:00+00:00,KOKX,15.0,2.0999999999999996,5.2,-8.1,5860.0
2022-09-06 12:00:00+00:00,KOKX,13.6,0.5999999999999996,5.4,-7.7,5830.0
2022-09-07 12:00:00+00:00,KOKX,11.4,1.4000000000000004,4.6,-9.7,5790.0
2022-09-08 12:00:00+00:00,KOKX,12.8,7.000000000000001,3.8,-10.5,5760.0
2022-09-09 12:00:00+00:00,KOKX,12.2,11.0,7.6,-10.7,5810.0
2022-09-10 12:00:00+00:00,KOKX,13.6,15.0,8.8,-6.1,5910.0
2022-09-11 12:00:00+00:00,KOKX,15.0,14.0,8.8,-7.1,5900.0
2022-09-12 12:00:00+00:00,KOKX,15.4,1.200000000000001,7.0,-7.3,5810.0
2022-09-13 12:00:00+00:00,KOKX,14.4,1.200000000000001,5.4,-7.1,5770.0
2022-09-14 12:00:00+00:00,KOKX,10.9,9.3,7.6,-9.3,5773.0
2022-09-15 12:00:00+00:00,KOKX,13.8,49.0,3.8,-9.7,5800.0
2022-09-16 12:00:00+00:00,KOKX,12.4,49.0,6.4,-9.9,5840.0
2022-09-17 12:00:00+00:00,KOKX,11.0,2.1999999999999993,5.0,-10.7,5840.0
2022-09-18 12:00:00+00:00,KOKX,13.6,4.9,5.0,-10.3,5830.0
2022-09-19 12:00:00+00:00,KOKX,14.0,5.0,4.8,-9.3,5800.0
2022-09-20 12:00:00+00:00,KOKX,12.2,4.699999999999999,3.4,-12.1,5730.0
2022-09-21 12:00:00+00:00,KOKX,12.2,5.999999999999999,5.0,-11.1,5760.0
2022-09-22 12:00:00+00:00,KOKX,16.6,4.700000000000001,5.4,-9.7,5740.0
2022-09-23 12:00:00+00:00,KOKX,2.0,8.0,-2.1,-20.7,5550.0
2022-09-24 12:00:00+00:00,KOKX,9.4,23.0,0.2,-12.7,5690.0
2022-09-25 12:00:00+00:00,KOKX,7.4,8.0,1.2,-13.7,5660.0
2022-09-26 12:00:00+00:00,KOKX,9.4,6.0,0.2,-15.7,5620.0
2022-09-27 12:00:00+00:00,KOKX,7.8,12.0,-1.9,-16.7,5610.0
2022-09-28 12:00:00+00:00,KOKX,5.4,9.0,-4.3,-14.9,5620.0
2022-09-29 12:00:00+00:00,KOKX,5.0,3.7,-3.3,-19.7,5710.0
2022-09-30 12:00:00+00:00,KOKX,7.4,29.0,4.4,-11.3,5810.0
2022-10-01 12:00:00+00:00,KOKX,12.2,0.0,4.2,-8.7,5810.0
2022-10-02 12:00:00+00:00,KOKX,10.6,0.0,3.4,-11.1,5750.0
2022-10-03 12:00:00+00:00,KOKX,9.2,49.0,0.0,-13.9,5730.0
2022-10-04 12:00:00+00:00,KOKX,11.0,0.0,3.2,-12.7,5740.0
2022-10-05 12:00:00+00:00,KOKX,11.2,0.0,1.0,-15.1,5690.0
2022-10-06 12:00:00+00:00,KOKX,11.2,4.999999999999999,1.6,-12.3,5720.0
2022-10-07 12:00:00+00:00,KOKX,10.4,7.0,0.8,-16.7,5690.0
2022-10-08 12:00:00+00:00,KOKX,0.6,3.9,-2.9,-17.9,5640.0
2022-10-09 12:00:00+00:00,KOKX,-0.7,4.8999999999999995,-1.1,-17.9,5650.0
2022-10-10 12:00:00+00:00,KOKX,3.6,6.0,-6.7,-20.5,5640.0
2022-10-11 12:00:00+00:00,KOKX,5.0,11.0,-2.1,-16.7,5720.0
2022-10-12 12:00:00+00:00,KOKX,6.6,8.0,1.8,-14.3,5780.0
2022-10-13 12:00:00+00:00,KOKX,10.2,4.299999999999999,1.4,-13.1,5730.0
2022-10-14 12:00:00+00:00,KOKX,12.6,2.0999999999999996,4.4,-11.1,5720.0
2022-10-15 12:00:00+00:00,KOKX,5.0,11.0,2.2,-12.9,5720.0
2022-10-16 12:00:00+00:00,KOKX,9.8,12.0,-1.5,-16.5,5670.0
2022-10-17 12:00:00+00:00,KOKX,7.2,8.0,-2.7,-17.7,5580.0
2022-10-18 12:00:00+00:00,KOKX,5.2,2.2,-2.3,-16.1,5530.0
2022-10-19 12:00:00+00:00,KOKX,-3.1,6.0,-9.5,-16.7,5490.0
2022-10-20 12:00:00+00:00,KOKX,-1.9,6.0,-5.7,-21.5,5540.0
2022-10-21 12:00:00+00:00,KOKX,2.4,13.0,-1.1,-16.7,5650.0
2022-10-22 12:00:00+00:00,KOKX,7.0,14.0,1.8,-15.1,5760.0
2022-10-23 12:00:00+00:00,KOKX,11.2,4.799999999999999,2.8,-11.7,5830.0
2022-10-24 12:00:00+00:00,KOKX,13.4,0.20000000000000107,4.2,-11.5,5840.0
2022-10-25 12:00:00+00:00,KOKX,11.8,2.1000000000000014,5.0,-10.3,5850.0
2022-10-26 12:00:00+00:00,KOKX,13.0,1.0,6.2,-12.1,5760.0
2022-10-27 12:00:00+00:00,KOKX,8.0,6.0,4.4,-10.1,5730.0
2022-10-28 12:00:00+00:00,KOKX,6.4,37.0,1.0,-14.5,5800.0
2022-10-29 12:00:00+00:00,KOKX,8.4,49.0,0.2,-17.9,5780.0
2022-10-30 12:00:00+00:00,KOKX,11.2,49.0,1.0,-11.7,5800.0
2022-10-31 12:00:00+00:00,KOKX,10.4,19.0,3.4,-13.5,5760.0
2022-11-01 12:00:00+00:00,KOKX,10.0,0.40000000000000036,1.6,-14.1,5720.0
2022-11-02 12:00:00+00:00,KOKX,11.0,37.0,3.0,-13.3,5800.0
2022-11-03 12:00:00+00:00,KOKX,8.2,33.0,1.0,-15.7,5800.0
2022-11-04 12:00:00+00:00,KOKX,10.6,45.0,3.4,-14.9,5820.0
2022-11-05 12:00:00+00:00,KOKX,10.6,2.8999999999999995,5.6,-9.7,5870.0
2022-11-06 12:00:00+00:00,KOKX,9.8,2.8000000000000007,6.2,-9.1,5860.0
2022-11-07 12:00:00+00:00,KOKX,13.0,0.8000000000000007,2.6,-8.9,5840.0
2022-11-08 12:00:00+00:00,KOKX,5.2,27.0,5.6,-11.1,5800.0
2022-11-09 12:00:00+00:00,KOKX,7.8,49.0,0.2,-12.9,5830.0
2022-11-10 12:00:00+00:00,KOKX,11.0,46.0,1.6,-12.3,5850.0
2022-11-11 12:00:00+00:00,KOKX,9.2,1.9999999999999991,5.4,-10.3,5820.0
2022-11-12 12:00:00+00:00,KOKX,13.8,0.8000000000000007,6.6,-8.5,5670.0
2022-11-13 12:00:00+00:00,KOKX,8.6,2.3,-0.9,-13.9,5620.0
2022-11-14 12:00:00+00:00,KOKX,-4.9,7.0,-1.9,-18.9,5610.0
2022-11-15 12:00:00+00:00,KOKX,-7.1,1.8000000000000007,-1.7,-18.3,5700.0
2022-11-16 12:00:00+00:00,KOKX,8.0,0.20000000000000018,2.0,-14.7,5650.0
2022-11-17 12:00:00+00:00,KOKX,-5.9,5.0,-14.1,-22.7,5410.0
2022-11-18 12:00:00+00:00,KOKX,-8.9,4.9,-14.9,-27.5,5400.0
2022-11-19 12:00:00+00:00,KOKX,-8.3,12.0,-14.1,-28.7,5430.0
2022-11-20 12:00:00+00:00,KOKX,-10.5,7.0,-18.9,-27.3,5360.0
2022-11-21 12:00:00+00:00,KOKX,-6.7,12.0,-9.1,-24.9,5540.0
2022-11-22 12:00:00+00:00,KOKX,1.2,16.0,-5.3,-21.7,5630.0
2022-11-23 12:00:00+00:00,KOKX,0.8,17.0,-6.3,-22.3,5590.0
2022-11-24 12:00:00+00:00,KOKX,-0.7,9.0,-5.9,-20.9,5650.0
2022-11-25 12:00:00+00:00,KOKX,3.8,17.0,-3.3,-18.1,5610.0
2022-11-26 12:00:00+00:00,KOKX,-5.7,4.1000000000000005,-0.9,-17.1,5580.0
2022-11-27 12:00:00+00:00,KOKX,8.2,17.0,3.8,-12.9,5700.0
2022-11-28 12:00:00+00:00,KOKX,5.2,5.0,0.4,-13.9,5530.0
2022-11-29 12:00:00+00:00,KOKX,1.6,28.0,-2.3,-19.1,5620.0
2022-11-30 12:00:00+00:00,KOKX,2.8,1.5999999999999999,-0.1,-14.5,5680.0
2022-12-01 12:00:00+00:00,KOKX,-9.7,5.0,-15.3,-31.5,5360.0
2022-12-02 12:00:00+00:00,KOKX,-1.1,32.0,-4.9,-21.3,5670.0
2022-12-03 12:00:00+00:00,KOKX,5.0,1.0,-2.1,-16.1,5720.0
2022-12-04 12:00:00+00:00,KOKX,2.0,33.0,-6.3,-25.9,5550.0
2022-12-05 12:00:00+00:00,KOKX,-0.7,21.0,-6.9,-22.7,5580.0
2022-12-06 12:00:00+00:00,KOKX,2.2,4.300000000000001,-3.5,-17.3,5700.0
2022-12-07 12:00:00+00:00,KOKX,9.0,0.1999999999999993,0.4,-16.7,5760.0
2022-12-08 12:00:00+00:00,KOKX,5.8,22.0,-1.1,-19.9,5670.0
2022-12-09 12:00:00+00:00,KOKX,-2.5,16.0,-4.7,-23.3,5580.0
2022-12-10 12:00:00+00:00,KOKX,0.8,35.0,-5.1,-23.3,5600.0
2022-12-11 12:00:00+00:00,KOKX,-4.7,2.0,-6.9,-21.5,5580.0
2022-12-12 12:00:00+00:00,KOKX,-6.1,1.8000000000000007,-14.7,-27.9,5410.0
2022-12-13 12:00:00+00:00,KOKX,-3.5,20.0,-13.1,-28.1,5480.0
2022-12-14 12:00:00+00:00,KOKX,-10.7,10.0,-8.7,-22.5,5460.0
2022-12-15 12:00:00+00:00,KOKX,-1.1,7.0,-2.3,-16.7,5630.0
2022-12-16 12:00:00+00:00,KOKX,1.4,0.7999999999999999,-1.3,-21.3,5510.0
2022-12-17 12:00:00+00:00,KOKX,-5.5,1.7000000000000002,-11.1,-22.9,5350.0
2022-12-18 12:00:00+00:00,KOKX,-9.1,6.0,-13.9,-28.1,5350.0
2022-12-19 12:00:00+00:00,KOKX,-7.9,8.0,-18.7,-32.3,5360.0
2022-12-20 12:00:00+00:00,KOKX,-5.7,15.0,-10.5,-24.7,5510.0
2022-12-21 12:00:00+00:00,KOKX,-3.1,18.0,-11.3,-24.1,5570.0
2022-12-22 12:00:00+00:00,KOKX,-2.3,11.0,-7.7,-23.3,5610.0
2022-12-23 12:00:00+00:00,KOKX,8.6,1.5,1.2,-16.1,5500.0
2022-12-24 12:00:00+00:00,KOKX,-14.9,6.999999999999998,-18.3,-32.5,5190.0
2022-12-25 12:00:00+00:00,KOKX,-11.9,4.999999999999998,-15.7,-25.7,5300.0
2022-12-26 12:00:00+00:00,KOKX,-9.1,11.000000000000002,-12.5,-21.3,5450.0
2022-12-27 12:00:00+00:00,KOKX,-8.7,3.200000000000001,-8.5,-26.1,5490.0
2022-12-28 12:00:00+00:00,KOKX,-5.1,3.5999999999999996,-4.1,-19.7,5610.0
2022-12-29 12:00:00+00:00,KOKX,8.8,49.0,1.6,-12.1,5780.0
2022-12-30 12:00:00+00:00,KOKX,6.6,4.1,4.2,-16.1,5800.0
2022-12-31 12:00:00+00:00,KOKX,6.8,2.2,2.0,-15.3,5750.0
2023-01-01 12:00:00+00:00,KOKX,,,,,
2023-01-02 12:00:00+00:00,KOKX,3.4,18.0,-2.9,-20.1,5620.0
2023-01-03 12:00:00+00:00,KOKX,7.6,1.8999999999999995,-2.7,-15.3,5700.0
2023-01-04 12:00:00+00:00,KOKX,12.4,6.0,1.4,-13.3,5700.0
2023-01-05 12:00:00+00:00,KOKX,6.8,9.0,1.6,-16.5,5650.0
2023-01-06 12:00:00+00:00,KOKX,-0.7,1.0,-10.9,-25.3,5470.0
2023-01-07 12:00:00+00:00,KOKX,-6.5,2.0,-12.7,-27.9,5450.0
2023-01-08 12:00:00+00:00,KOKX,-2.7,20.0,-10.7,-21.7,5550.0
2023-01-09 12:00:00+00:00,KOKX,-2.9,1.1,-8.5,-27.9,5460.0
2023-01-10 12:00:00+00:00,KOKX,-8.7,2.1000000000000014,-6.7,-23.3,5490.0
2023-01-11 12:00:00+00:00,KOKX,-10.5,1.8000000000000007,-8.3,-24.7,5510.0
2023-01-12 12:00:00+00:00,KOKX,-2.1,5.0,-7.9,-22.3,5570.0
2023-01-13 12:00:00+00:00,KOKX,6.6,4.3,-1.9,-17.9,5530.0
2023-01-14 12:00:00+00:00,KOKX,-0.5,0.0,-8.1,-24.5,5430.0
2023-01-15 12:00:00+00:00,KOKX,-0.5,0.30000000000000004,-4.7,-22.1,5480.0
2023-01-16 12:00:00+00:00,KOKX,-0.7,2.0,-4.9,-22.7,5490.0
2023-01-17 12:00:00+00:00,KOKX,6.4,44.0,-1.1,-17.5,5550.0
2023-01-18 12:00:00+00:00,KOKX,2.4,3.5,-6.7,-22.5,5460.0
2023-01-19 12:00:00+00:00,KOKX,2.6,7.0,-1.5,-16.3,5620.0
2023-01-20 12:00:00+00:00,KOKX,0.2,5.0,-9.3,-22.7,5400.0
2023-01-21 12:00:00+00:00,KOKX,-8.3,2.8999999999999986,-12.7,-26.9,5420.0
2023-01-22 12:00:00+00:00,KOKX,-3.5,13.0,-5.5,-22.9,5560.0
2023-01-23 12:00:00+00:00,KOKX,6.2,0.5,-1.7,-17.1,5490.0
2023-01-24 12:00:00+00:00,KOKX,-1.7,21.0,-4.9,-23.7,5520.0
2023-01-25 12:00:00+00:00,KOKX,-1.9,32.0,-3.7,-17.5,5620.0
2023-01-26 12:00:00+00:00,KOKX,4.0,4.3,-4.7,-16.3,5440.0
2023-01-27 12:00:00+00:00,KOKX,-7.7,6.999999999999999,-17.7,-28.7,5390.0
2023-01-28 12:00:00+00:00,KOKX,-4.3,6.000000000000001,-14.1,-30.1,5470.0
2023-01-29 12:00:00+00:00,KOKX,-0.5,6.0,-8.1,-21.5,5610.0
2023-01-30 12:00:00+00:00,KOKX,1.0,5.0,-5.7,-19.3,5620.0
2023-01-31 12:00:00+00:00,KOKX,1.4,0.0,-6.3,-22.1,5560.0
2023-02-01 12:00:00+00:00,KOKX,-9.9,1.6999999999999993,-7.5,-23.3,5500.0
2023-02-02 12:00:00+00:00,KOKX,-9.7,12.0,-11.7,-24.9,5480.0
2023-02-03 12:00:00+00:00,KOKX,-11.1,4.200000000000001,-21.7,-24.9,5311.0
2023-02-04 12:00:00+00:00,KOKX,-21.3,21.999999999999996,-19.1,-30.7,5340.0
2023-02-05 12:00:00+00:00,KOKX,-3.1,8.0,-6.3,-22.5,5576.0
2023-02-06 12:00:00+00:00,KOKX,0.6,6.0,-7.3,-25.3,5513.0
2023-02-07 12:00:00+00:00,KOKX,1.4,31.0,-3.5,-21.9,5626.0
2023-02-08 12:00:00+00:00,KOKX,2.2,8.0,-3.5,-22.9,5578.0
2023-02-09 12:00:00+00:00,KOKX,5.0,32.0,-2.7,-17.3,5689.0
2023-02-10 12:00:00+00:00,KOKX,8.8,10.0,1.8,-16.7,5622.0
2023-02-11 12:00:00+00:00,KOKX,-10.1,4.1,-10.1,-20.9,5460.0
2023-02-12 12:00:00+00:00,KOKX,1.8,28.0,-4.3,-18.3,5621.0
2023-02-13 12:00:00+00:00,KOKX,2.4,1.4,-2.5,-18.3,5493.0
2023-02-14 12:00:00+00:00,KOKX,-6.7,4.1000000000000005,-10.5,-26.1,5425.0
2023-02-15 12:00:00+00:00,KOKX,4.6,44.0,-2.7,-16.3,5676.0
2023-02-16 12:00:00+00:00,KOKX,8.0,11.0,0.0,-18.7,5687.0
2023-02-17 12:00:00+00:00,KOKX,12.2,4.999999999999999,4.2,-16.7,5653.0
2023-02-18 12:00:00+00:00,KOKX,-6.9,9.999999999999998,-7.5,-24.9,5497.0
2023-02-19 12:00:00+00:00,KOKX,0.2,17.0,-5.3,-24.3,5638.0
2023-02-20 12:00:00+00:00,KOKX,3.8,12.0,-2.5,-20.7,5555.0
2023-02-21 12:00:00+00:00,KOKX,-0.5,0.8999999999999999,-7.9,-25.9,5396.0
2023-02-22 12:00:00+00:00,KOKX,-2.5,29.0,-5.9,-19.9,5537.0
2023-02-23 12:00:00+00:00,KOKX,10.2,0.7999999999999989,1.4,-11.9,5653.0
2023-02-24 12:00:00+00:00,KOKX,1.6,6.0,-1.7,-14.1,5596.0
2023-02-25 12:00:00+00:00,KOKX,-5.9,21.0,-11.1,-23.9,5522.0
2023-02-26 12:00:00+00:00,KOKX,-6.7,4.999999999999999,-13.5,-27.9,5396.0
2023-02-27 12:00:00+00:00,KOKX,-9.7,7.0,-8.1,-20.9,5457.0
2023-02-28 12:00:00+00:00,KOKX,-2.3,0.6000000000000001,-5.3,-17.3,5444.0
2023-03-01 12:00:00+00:00,KOKX,2.2,49.0,-8.3,-25.9,5537.0
2023-03-02 12:00:00+00:00,KOKX,6.0,2.9,-1.7,-18.9,5538.0
2023-03-03 12:00:00+00:00,KOKX,-4.3,13.0,-8.9,-21.3,5491.0
2023-03-04 12:00:00+00:00,KOKX,6.0,0.9000000000000004,-2.5,-16.3,5453.0
2023-03-05 12:00:00+00:00,KOKX,-3.1,6.0,-7.5,-24.9,5480.0
2023-03-06 12:00:00+00:00,KOKX,-1.3,22.0,-6.9,-25.1,5533.0
2023-03-07 12:00:00+00:00,KOKX,-5.5,17.0,-9.7,-25.9,5380.0
2023-03-08 12:00:00+00:00,KOKX,-7.7,4.2,-9.9,-25.1,5443.0
2023-03-09 12:00:00+00:00,KOKX,-4.5,2.8,-8.7,-26.5,5497.0
2023-03-10 12:00:00+00:00,KOKX,-4.7,9.0,-7.1,-22.1,5522.0
2023-03-11 12:00:00+00:00,KOKX,-2.9,1.8000000000000003,-11.5,-29.9,5336.0
2023-03-12 12:00:00+00:00,KOKX,-2.3,30.999999999999996,-8.1,-23.7,5485.0
2023-03-13 12:00:00+00:00,KOKX,-2.9,10.0,-5.7,-23.9,5496.0
2023-03-14 12:00:00+00:00,KOKX,-2.3,2.2,-9.1,-26.9,5317.0
2023-03-15 12:00:00+00:00,KOKX,-8.3,2.5999999999999996,-14.5,-26.5,5291.0
2023-03-16 12:00:00+00:00,KOKX,-1.9,20.0,-8.5,-25.1,5485.0
2023-03-17 12:00:00+00:00,KOKX,5.6,22.0,-3.1,-16.3,5586.0
2023-03-18 12:00:00+00:00,KOKX,4.0,5.0,-2.7,-17.5,5518.0
2023-03-19 12:00:00+00:00,KOKX,-12.7,1.9000000000000004,-13.1,-21.7,5360.0
2023-03-20 12:00:00+00:00,KOKX,-5.9,9.0,-12.5,-28.7,5470.0
2023-03-21 12:00:00+00:00,KOKX,-0.9,30.0,-11.1,-29.3,5546.0
2023-03-22 12:00:00+00:00,KOKX,0.6,19.0,-9.5,-24.3,5596.0
2023-03-23 12:00:00+00:00,KOKX,6.0,7.0,-1.7,-19.9,5647.0
2023-03-24 12:00:00+00:00,KOKX,5.4,44.0,-1.1,-15.3,5612.0
2023-03-25 12:00:00+00:00,KOKX,2.6,27.0,-1.5,-14.9,5648.0
2023-03-26 12:00:00+00:00,KOKX,3.4,14.0,-4.5,-23.3,5500.0
2023-03-27 12:00:00+00:00,KOKX,0.8,13.0,-5.1,-23.1,5572.0
2023-03-28 12:00:00+00:00,KOKX,-2.9,1.4,-10.9,-24.1,5477.0
2023-03-29 12:00:00+00:00,KOKX,-7.1,4.6,-13.1,-31.7,5432.0
2023-03-30 12:00:00+00:00,KOKX,-10.3,18.0,-15.5,-30.1,5403.0
2023-03-31 12:00:00+00:00,KOKX,-4.3,15.0,-8.5,-22.9,5590.0
2023-04-01 12:00:00+00:00,KOKX,9.8,0.20000000000000107,1.2,,
2023-04-02 12:00:00+00:00,KOKX,-1.7,5.0,-6.3,-22.1,5447.0
2023-04-03 12:00:00+00:00,KOKX,-2.1,15.000000000000002,-4.9,-21.5,5575.0
2023-04-04 12:00:00+00:00,KOKX,7.6,5.0,-1.5,-18.5,5674.0
2023-04-05 12:00:00+00:00,KOKX,8.8,4.500000000000001,0.4,-15.5,5768.0
2023-04-06 12:00:00+00:00,KOKX,15.6,7.0,4.4,-11.9,5825.0
2023-04-07 12:00:00+00:00,KOKX,3.2,48.0,-0.7,-14.5,5709.0
2023-04-08 12:00:00+00:00,KOKX,-7.9,13.999999999999998,-7.5,-20.9,5610.0
2023-04-09 12:00:00+00:00,KOKX,-5.1,14.000000000000002,-14.5,-27.5,5540.0
2023-04-10 12:00:00+00:00,KOKX,-1.5,14.0,-7.3,-23.5,5641.0
2023-04-11 12:00:00+00:00,KOKX,6.0,21.0,-6.1,-22.1,5651.0
2023-04-12 12:00:00+00:00,KOKX,7.6,9.0,1.6,-17.7,5654.0
2023-04-13 12:00:00+00:00,KOKX,13.2,14.0,4.2,-12.9,5728.0
2023-04-14 12:00:00+00:00,KOKX,17.4,17.0,5.2,-12.7,5778.0
2023-04-15 12:00:00+00:00,KOKX,12.6,6.0,1.4,-14.3,5725.0
2023-04-16 12:00:00+00:00,KOKX,9.6,3.5,0.2,-14.1,5677.0
2023-04-17 12:00:00+00:00,KOKX,11.0,2.8000000000000007,2.6,-12.7,5637.0
2023-04-18 12:00:00+00:00,KOKX,0.4,8.0,-8.7,-16.5,5477.0
2023-04-19 12:00:00+00:00,KOKX,-4.9,5.0,-5.3,-19.1,5540.0
2023-04-20 12:00:00+00:00,KOKX,7.0,32.0,-0.9,-17.7,5700.0
2023-04-21 12:00:00+00:00,KOKX,13.6,9.0,0.2,-15.7,5740.0
2023-04-22 12:00:00+00:00,KOKX,12.0,16.0,-0.1,-17.1,5694.0
2023-04-23 12:00:00+00:00,KOKX,8.6,0.5999999999999996,-1.9,-16.3,5621.0
2023-04-24 12:00:00+00:00,KOKX,2.6,13.0,-8.3,-20.1,5551.0
2023-04-25 12:00:00+00:00,KOKX,-1.1,7.0,-11.1,-23.7,5520.0
2023-04-26 12:00:00+00:00,KOKX,-1.7,10.0,-10.3,-28.5,5541.0
2023-04-27 12:00:00+00:00,KOKX,-0.1,2.5,-10.5,-26.9,5563.0
2023-04-28 12:00:00+00:00,KOKX,1.8,8.0,-2.9,-18.1,5663.0
2023-04-29 12:00:00+00:00,KOKX,2.4,1.0,-1.1,-16.7,5631.0
2023-04-30 12:00:00+00:00,KOKX,10.2,5.999999999999999,0.4,-15.3,5622.0
2023-05-01 12:00:00+00:00,KOKX,4.4,5.0,-7.3,-16.3,5350.0
2023-05-02 12:00:00+00:00,KOKX,1.0,3.6,-9.3,-26.1,5342.0
2023-05-03 12:00:00+00:00,KOKX,-1.5,2.5999999999999996,-8.5,-20.9,5374.0
2023-05-04 12:00:00+00:00,KOKX,-0.9,4.8,-10.3,-26.3,5417.0
2023-05-05 12:00:00+00:00,KOKX,-0.5,5.0,-9.9,-22.1,5574.0
2023-05-06 12:00:00+00:00,KOKX,2.8,7.0,-5.7,-19.7,5650.0
2023-05-07 12:00:00+00:00,KOKX,4.8,8.0,-0.9,-19.3,5660.0
2023-05-08 12:00:00+00:00,KOKX,6.0,3.1,0.4,-16.7,5610.0
2023-05-09 12:00:00+00:00,KOKX,4.0,12.0,-1.1,-16.3,5620.0
2023-05-10 12:00:00+00:00,KOKX,2.4,10.0,-4.5,-19.5,5641.0
2023-05-11 12:00:00+00:00,KOKX,8.0,18.0,-1.1,-19.1,5706.0
2023-05-12 12:00:00+00:00,KOKX,10.6,7.0,-1.1,-15.1,5733.0
2023-05-13 12:00:00+00:00,KOKX,14.0,11.0,0.2,-15.3,5747.0
2023-05-14 12:00:00+00:00,KOKX,6.8,20.0,0.8,-14.3,5724.0
2023-05-15 12:00:00+00:00,KOKX,4.4,25.0,-1.1,-18.1,5712.0
2023-05-16 12:00:00+00:00,KOKX,10.8,36.0,3.6,-14.5,5697.0
2023-05-17 12:00:00+00:00,KOKX,6.8,6.0,-1.9,-15.1,5579.0
2023-05-18 12:00:00+00:00,KOKX,-0.9,12.0,-2.1,-16.1,5665.0
2023-05-19 12:00:00+00:00,KOKX,3.4,6.0,3.0,-13.9,5805.0
2023-05-20 12:00:00+00:00,KOKX,10.2,0.5999999999999996,1.0,,
2023-05-21 12:00:00+00:00,KOKX,11.0,18.0,3.4,-12.9,5706.0
2023-05-22 12:00:00+00:00,KOKX,9.0,11.0,-1.9,-16.7,5726.0
2023-05-23 12:00:00+00:00,KOKX,6.8,6.0,-1.5,-15.7,5771.0
2023-05-24 12:00:00+00:00,KOKX,9.0,4.0,1.4,-13.9,5753.0
2023-05-25 12:00:00+00:00,KOKX,4.6,34.0,-2.1,-14.9,5673.0
2023-05-26 12:00:00+00:00,KOKX,2.2,13.0,-2.3,-18.3,5675.0
2023-05-27 12:00:00+00:00,KOKX,5.8,9.0,2.4,-10.9,5826.0
2023-05-28 12:00:00+00:00,KOKX,10.6,11.0,5.0,-10.5,5837.0
2023-05-29 12:00:00+00:00,KOKX,13.8,8.0,5.4,-13.5,5778.0
2023-05-30 12:00:00+00:00,KOKX,11.5,32.1,4.6,-12.7,5796.0
2023-05-31 12:00:00+00:00,KOKX,,,,-12.1,5841.0
2023-06-01 12:00:00+00:00,KOKX,13.8,17.0,6.0,-13.3,5822.0
2023-06-02 12:00:00+00:00,KOKX,17.2,11.0,3.6,-12.1,5789.0
2023-06-03 12:00:00+00:00,KOKX,11.0,1.5999999999999996,2.8,-13.3,5731.0
2023-06-04 12:00:00+00:00,KOKX,1.4,2.7,-2.5,-21.7,5598.0
2023-06-05 12:00:00+00:00,KOKX,4.2,2.1,-2.9,-18.1,5609.0
2023-06-06 12:00:00+00:00,KOKX,9.0,11.0,-4.9,-20.1,5561.0
2023-06-07 12:00:00+00:00,KOKX,5.6,6.0,-5.3,-21.9,5499.0
2023-06-08 12:00:00+00:00,KOKX,5.2,7.0,-4.7,-21.3,5522.0
2023-06-09 12:00:00+00:00,KOKX,5.2,3.4000000000000004,-5.5,-19.7,5531.0
2023-06-10 12:00:00+00:00,KOKX,6.4,6.0,-3.5,-20.7,5556.0
2023-06-11 12:00:00+00:00,KOKX,12.4,7.0,-0.9,-13.7,5700.0
2023-06-12 12:00:00+00:00,KOKX,12.4,8.0,3.6,-10.5,5739.0
2023-06-13 12:00:00+00:00,KOKX,14.4,10.0,7.6,-10.5,5708.0
2023-06-14 12:00:00+00:00,KOKX,11.2,7.999999999999999,-0.3,-13.9,5635.0
2023-06-15 12:00:00+00:00,KOKX,9.4,3.3000000000000007,2.0,-14.1,5607.0
2023-06-16 12:00:00+00:00,KOKX,11.2,5.999999999999999,0.4,-13.5,5677.0
2023-06-17 12:00:00+00:00,KOKX,9.0,1.7000000000000002,-0.9,-14.7,5607.0
2023-06-18 12:00:00+00:00,KOKX,7.6,1.2999999999999998,1.6,-12.9,5658.0
2023-06-19 12:00:00+00:00,KOKX,11.0,5.0,3.0,-12.7,5751.0
2023-06-20 12:00:00+00:00,KOKX,11.6,6.0,0.4,-11.5,5799.0
2023-06-21 12:00:00+00:00,KOKX,10.6,8.0,1.8,-10.5,5822.0
2023-06-22 12:00:00+00:00,KOKX,11.8,0.8000000000000007,4.6,-8.9,5839.0
2023-06-23 12:00:00+00:00,KOKX,15.0,2.4000000000000004,6.8,-8.7,5852.0
2023-06-24 12:00:00+00:00,KOKX,13.8,2.0,4.4,-8.7,5784.0
2023-06-25 12:00:00+00:00,KOKX,15.0,3.0,6.2,-9.7,5786.0
2023-06-26 12:00:00+00:00,KOKX,14.8,1.8000000000000007,4.8,-8.9,5770.0
2023-06-27 12:00:00+00:00,KOKX,16.4,7.999999999999998,6.0,-9.5,5750.0
2023-06-28 12:00:00+00:00,KOKX,14.0,2.3000000000000007,4.2,-11.1,5734.0
2023-06-29 12:00:00+00:00,KOKX,11.6,4.0,5.8,-9.1,5790.0
2023-06-30 12:00:00+00:00,KOKX,11.6,4.6,6.8,-9.7,5837.0
2023-07-01 12:00:00+00:00,KOKX,,,7.6,,
2023-07-02 12:00:00+00:00,KOKX,15.4,1.5,6.4,-7.5,5829.0
2023-07-03 12:00:00+00:00,KOKX,18.0,6.0,8.4,-7.1,5825.0
2023-07-04 12:00:00+00:00,KOKX,16.0,2.4000000000000004,6.4,-7.5,5822.0
2023-07-05 12:00:00+00:00,KOKX,16.6,6.000000000000002,6.4,-7.1,5856.0
2023-07-06 12:00:00+00:00,KOKX,16.4,4.599999999999998,6.8,,
2023-07-07 12:00:00+00:00,KOKX,18.0,12.0,6.8,-7.3,5833.0
2023-07-08 12:00:00+00:00,KOKX,17.6,14.000000000000002,8.2,-8.9,5821.0
2023-07-09 12:00:00+00:00,KOKX,17.8,15.0,7.0,-9.3,5817.0
2023-07-10 12:00:00+00:00,KOKX,15.4,1.9000000000000004,7.6,-7.7,5791.0
2023-07-11 12:00:00+00:00,KOKX,14.8,16.0,5.4,-8.7,5787.0
2023-07-12 12:00:00+00:00,KOKX,16.0,7.0,5.6,-9.3,5812.0
2023-07-13 12:00:00+00:00,KOKX,15.2,6.0,7.6,-8.9,5826.0
2023-07-14 12:00:00+00:00,KOKX,18.2,7.0,5.8,-11.7,5812.0
2023-07-15 12:00:00+00:00,KOKX,16.8,4.300000000000001,7.4,-7.3,5853.0
2023-07-16 12:00:00+00:00,KOKX,17.0,2.9000000000000004,8.2,-6.9,5839.0
2023-07-17 12:00:00+00:00,KOKX,16.3,4.9,8.0,-6.1,5852.0
2023-07-18 12:00:00+00:00,KOKX,16.0,3.9000000000000004,7.2,-7.7,5854.0
2023-07-19 12:00:00+00:00,KOKX,14.8,7.000000000000001,5.6,-7.5,5830.0
2023-07-20 12:00:00+00:00,KOKX,14.8,8.0,3.2,-8.7,5828.0
2023-07-21 12:00:00+00:00,KOKX,15.2,4.0,5.0,-10.3,5764.0
2023-07-22 12:00:00+00:00,KOKX,14.6,8.0,3.4,-9.7,5747.0
2023-07-23 12:00:00+00:00,KOKX,13.4,12.0,5.0,-11.3,5773.0
2023-07-24 12:00:00+00:00,KOKX,14.2,6.0,2.4,-9.7,5834.0
2023-07-25 12:00:00+00:00,KOKX,14.8,5.0,4.2,-9.7,5839.0
2023-07-26 12:00:00+00:00,KOKX,15.0,9.0,6.4,-10.3,5850.0
2023-07-27 12:00:00+00:00,KOKX,18.4,10.999999999999998,8.2,-6.3,5892.0
2023-07-28 12:00:00+00:00,KOKX,16.4,1.3999999999999986,9.4,-5.7,5896.0
2023-07-29 12:00:00+00:00,KOKX,17.8,4.9,7.8,-4.9,5852.0
2023-07-30 12:00:00+00:00,KOKX,14.0,13.0,5.4,-7.3,5778.0
2023-07-31 12:00:00+00:00,KOKX,9.8,6.000000000000001,1.8,-15.9,5724.0
2023-08-01 12:00:00+00:00,KOKX,10.9,8.100000000000001,-0.9,-15.7,5736.0
2023-08-02 12:00:00+00:00,KOKX,7.6,8.0,0.2,-14.7,5754.0
2023-08-03 12:00:00+00:00,KOKX,10.0,7.0,3.0,-11.7,5786.0
2023-08-04 12:00:00+00:00,KOKX,12.2,2.0999999999999996,3.6,-12.3,5772.0
2023-08-05 12:00:00+00:00,KOKX,13.8,5.0,6.0,-11.5,5789.0
2023-08-06 12:00:00+00:00,KOKX,11.8,3.5,7.6,-8.1,5830.0
2023-08-07 12:00:00+00:00,KOKX,14.0,8.0,6.6,-6.3,5835.0
2023-08-08 12:00:00+00:00,KOKX,16.2,1.0999999999999996,7.0,-7.3,5773.0
2023-08-09 12:00:00+00:00,KOKX,11.4,3.7,6.4,-9.9,5716.0
2023-08-10 12:00:00+00:00,KOKX,14.6,4.4,3.2,-10.5,5738.0
2023-08-11 12:00:00+00:00,KOKX,14.2,10.0,3.2,-7.3,5730.0
2023-08-12 12:00:00+00:00,KOKX,13.0,4.1,6.6,-8.5,5802.0
2023-08-13 12:00:00+00:00,KOKX,17.8,7.0,6.1,-8.5,5811.0
2023-08-14 12:00:00+00:00,KOKX,14.4,6.0,9.4,-7.5,5854.0
2023-08-15 12:00:00+00:00,KOKX,16.2,0.8999999999999986,9.0,-4.9,5817.0
2023-08-16 12:00:00+00:00,KOKX,14.0,1.5,6.2,-8.3,5796.0
2023-08-17 12:00:00+00:00,KOKX,13.8,2.4000000000000004,9.8,-6.7,5855.0
2023-08-18 12:00:00+00:00,KOKX,16.2,0.6999999999999993,5.8,-5.1,5775.0
2023-08-19 12:00:00+00:00,KOKX,11.4,9.0,4.4,-10.1,5752.0
2023-08-20 12:00:00+00:00,KOKX,15.8,41.0,9.2,-9.5,5871.0
2023-08-21 12:00:00+00:00,KOKX,16.2,11.0,8.8,-5.3,5909.0
2023-08-22 12:00:00+00:00,KOKX,11.4,3.8000000000000007,4.8,-6.7,5813.0
2023-08-23 12:00:00+00:00,KOKX,10.0,16.0,0.8,-11.5,5777.0
2023-08-24 12:00:00+00:00,KOKX,9.8,14.0,1.4,-7.7,5794.0
2023-08-25 12:00:00+00:00,KOKX,14.2,0.7999999999999989,5.8,-9.1,5812.0
2023-08-26 12:00:00+00:00,KOKX,16.1,2.3000000000000007,5.8,-8.5,5807.0
2023-08-27 12:00:00+00:00,KOKX,15.2,9.0,4.0,-10.7,5766.0
2023-08-28 12:00:00+00:00,KOKX,13.8,9.0,4.0,-7.9,5821.0
2023-08-29 12:00:00+00:00,KOKX,14.4,1.3000000000000007,5.8,-8.1,5825.0
2023-08-30 12:00:00+00:00,KOKX,16.4,1.799999999999999,7.6,-8.5,5782.0
2023-08-31 12:00:00+00:00,KOKX,11.0,6.0,8.2,-7.5,5777.0
2023-09-01 12:00:00+00:00,KOKX,11.2,31.0,7.2,-9.3,5844.0
2023-09-02 12:00:00+00:00,KOKX,15.2,27.0,8.4,-10.3,5882.0
2023-09-03 12:00:00+00:00,KOKX,16.0,9.0,5.0,-11.3,5813.0
2023-09-04 12:00:00+00:00,KOKX,17.0,11.0,9.4,-9.9,5834.0
2023-09-05 12:00:00+00:00,KOKX,18.2,11.0,9.6,-8.5,5874.0
2023-09-06 12:00:00+00:00,KOKX,17.2,4.6,11.8,-6.5,5870.0
2023-09-07 12:00:00+00:00,KOKX,17.6,3.8000000000000007,9.8,-9.5,5832.0
2023-09-08 12:00:00+00:00,KOKX,17.8,2.200000000000001,8.6,-10.1,5851.0
2023-09-09 12:00:00+00:00,KOKX,16.6,3.5000000000000018,6.6,-8.7,5864.0
2023-09-10 12:00:00+00:00,KOKX,15.4,3.5999999999999996,4.8,-10.5,5872.0
2023-09-11 12:00:00+00:00,KOKX,13.6,4.1,5.4,-9.7,5821.0
2023-09-12 12:00:00+00:00,KOKX,14.0,2.5999999999999996,5.8,-7.1,5827.0
2023-09-13 12:00:00+00:00,KOKX,13.6,2.6999999999999993,4.8,-9.9,5796.0
2023-09-14 12:00:00+00:00,KOKX,11.2,3.3999999999999995,1.8,-12.3,5764.0
2023-09-15 12:00:00+00:00,KOKX,7.6,6.0,3.8,-11.3,5755.0
2023-09-16 12:00:00+00:00,KOKX,11.4,16.0,,,
2023-09-17 12:00:00+00:00,KOKX,13.2,35.0,5.4,-10.3,5768.0
2023-09-18 12:00:00+00:00,KOKX,10.8,2.0,3.4,-10.9,5729.0
2023-09-19 12:00:00+00:00,KOKX,9.0,8.0,1.8,-16.3,5666.0
2023-09-20 12:00:00+00:00,KOKX,7.8,16.0,2.2,-12.3,5767.0
2023-09-21 12:00:00+00:00,KOKX,10.2,43.0,1.8,-11.9,5800.0
2023-09-22 12:00:00+00:00,KOKX,6.2,6.0,4.0,-11.3,5831.0
2023-09-23 12:00:00+00:00,KOKX,10.4,0.9000000000000004,4.0,-7.7,5830.0
2023-09-24 12:00:00+00:00,KOKX,12.4,1.0999999999999996,6.2,-9.1,5814.0
2023-09-25 12:00:00+00:00,KOKX,11.2,0.6999999999999993,4.2,-10.5,5776.0
2023-09-26 12:00:00+00:00,KOKX,3.4,3.4,2.4,-13.1,5794.0
2023-09-27 12:00:00+00:00,KOKX,9.4,40.0,2.0,-12.5,5816.0
2023-09-28 12:00:00+00:00,KOKX,12.6,20.0,3.2,-12.1,5818.0
2023-09-29 12:00:00+00:00,KOKX,12.8,1.700000000000001,2.9,-11.5,5817.0
2023-09-30 12:00:00+00:00,KOKX,9.6,2.1999999999999993,1.0,-16.9,5747.0
2023-10-01 12:00:00+00:00,KOKX,12.4,19.0,4.6,-10.3,5820.0
2023-10-02 12:00:00+00:00,KOKX,11.6,3.5999999999999996,3.4,-9.1,5850.0
2023-10-03 12:00:00+00:00,KOKX,13.8,38.0,7.4,-9.5,5870.0
2023-10-04 12:00:00+00:00,KOKX,16.4,8.999999999999998,6.2,-10.3,5890.0
2023-10-05 12:00:00+00:00,KOKX,16.2,20.0,5.6,-8.1,5890.0
2023-10-06 12:00:00+00:00,KOKX,11.2,1.0,4.8,-10.9,5810.0
2023-10-07 12:00:00+00:00,KOKX,11.2,1.0,4.0,-12.5,5710.0
2023-10-08 12:00:00+00:00,KOKX,4.0,7.0,-5.1,-15.9,5480.0
2023-10-09 12:00:00+00:00,KOKX,1.0,5.0,-7.7,-21.9,5490.0
2023-10-10 12:00:00+00:00,KOKX,3.0,3.0,-6.7,-18.3,5550.0
2023-10-11 12:00:00+00:00,KOKX,4.8,7.0,-5.7,-17.1,5570.0
2023-10-12 12:00:00+00:00,KOKX,5.6,6.0,-1.7,-14.3,5650.0
2023-10-13 12:00:00+00:00,KOKX,5.8,21.0,-3.5,-14.5,5620.0
2023-10-14 12:00:00+00:00,KOKX,2.6,4.6,-0.7,-16.1,5620.0
2023-10-15 12:00:00+00:00,KOKX,1.8,3.7,-2.1,-17.5,5470.0
2023-10-16 12:00:00+00:00,KOKX,2.4,3.5999999999999996,-6.3,-17.5,5450.0
2023-10-17 12:00:00+00:00,KOKX,1.2,2.1,-7.1,-19.7,5520.0
2023-10-18 12:00:00+00:00,KOKX,2.8,3.1999999999999997,-5.3,-19.5,5630.0
2023-10-19 12:00:00+00:00,KOKX,3.6,7.0,-1.1,-14.9,5710.0
2023-10-20 12:00:00+00:00,KOKX,8.8,3.3000000000000007,-1.7,-16.1,5650.0
2023-10-21 12:00:00+00:00,KOKX,7.8,3.0,-1.7,-16.5,5480.0
2023-10-22 12:00:00+00:00,KOKX,1.6,1.8,-3.1,-22.7,5460.0
2023-10-23 12:00:00+00:00,KOKX,2.0,3.1,-1.1,-17.5,5610.0
2023-10-24 12:00:00+00:00,KOKX,8.0,34.0,0.8,-15.9,5770.0
2023-10-25 12:00:00+00:00,KOKX,14.4,18.0,4.2,-12.3,5850.0
2023-10-26 12:00:00+00:00,KOKX,15.0,26.0,4.2,-10.7,5860.0
2023-10-27 12:00:00+00:00,KOKX,14.4,14.0,5.2,-9.3,5840.0
2023-10-28 12:00:00+00:00,KOKX,14.0,6.0,4.8,-10.1,5810.0
2023-10-30 12:00:00+00:00,KOKX,12.4,1.200000000000001,4.2,-10.9,5730.0
2023-10-31 12:00:00+00:00,KOKX,-2.5,5.0,-2.7,-15.1,5610.0
2023-11-01 12:00:00+00:00,KOKX,-4.3,1.7999999999999998,-11.3,-23.1,5450.0
2023-11-02 12:00:00+00:00,KOKX,-7.5,10.0,-9.7,-25.3,5540.0
2023-11-03 12:00:00+00:00,KOKX,-1.1,28.0,-8.5,-21.9,5650.0
2023-11-04 12:00:00+00:00,KOKX,6.6,20.0,-2.1,-15.1,5710.0
2023-11-05 12:00:00+00:00,KOKX,6.2,8.0,-2.3,-18.9,5640.0
2023-11-06 12:00:00+00:00,KOKX,2.6,11.0,-3.5,-15.1,5650.0
2023-11-07 12:00:00+00:00,KOKX,8.6,7.0,-1.3,-17.1,5620.0
2023-11-08 12:00:00+00:00,KOKX,-0.5,25.0,-0.5,-17.7,5600.0
2023-11-09 12:00:00+00:00,KOKX,7.2,2.2,1.4,-12.1,5670.0
2023-11-10 12:00:00+00:00,KOKX,3.6,30.0,-6.5,-15.1,5630.0
2023-11-11 12:00:00+00:00,KOKX,-1.9,9.0,-8.9,-17.1,5590.0
2023-11-12 12:00:00+00:00,KOKX,-3.7,7.999999999999999,-7.5,-20.3,5640.0
2023-11-13 12:00:00+00:00,KOKX,-1.3,19.0,-7.9,-19.5,5590.0
2023-11-14 12:00:00+00:00,KOKX,-1.7,5.0,-12.9,-25.5,5490.0
2023-11-15 12:00:00+00:00,KOKX,4.6,49.0,-4.7,-17.9,5700.0
2023-11-16 12:00:00+00:00,KOKX,5.4,22.0,-1.9,-19.5,5700.0
2023-11-17 12:00:00+00:00,KOKX,10.0,25.0,-1.3,-13.9,5720.0
2023-11-18 12:00:00+00:00,KOKX,7.8,1.2999999999999998,-1.7,-16.7,5590.0
2023-11-19 12:00:00+00:00,KOKX,-1.7,7.999999999999999,-4.1,-17.3,5540.0
2023-11-20 12:00:00+00:00,KOKX,-2.7,35.0,-5.1,-16.9,5610.0
2023-11-21 12:00:00+00:00,KOKX,1.0,49.0,-2.9,-20.5,5700.0
2023-11-22 12:00:00+00:00,KOKX,9.4,0.3000000000000007,0.4,-15.1,5620.0
2023-11-23 12:00:00+00:00,KOKX,2.8,6.0,1.2,-16.7,5550.0
2023-11-24 12:00:00+00:00,KOKX,-1.9,6.0,-0.7,-15.3,5630.0
2023-11-25 12:00:00+00:00,KOKX,-3.5,14.0,-8.7,-20.9,5590.0
2023-11-26 12:00:00+00:00,KOKX,-0.7,18.0,-4.5,-21.3,5610.0
2023-11-27 12:00:00+00:00,KOKX,3.6,8.0,-6.1,-20.7,5470.0
2023-11-28 12:00:00+00:00,KOKX,-8.9,8.999999999999998,-17.1,-30.7,5270.0
2023-11-29 12:00:00+00:00,KOKX,-11.9,10.999999999999998,-16.7,-29.5,5360.0
2023-11-30 12:00:00+00:00,KOKX,-4.9,7.0,-9.5,-23.5,5510.0
2023-12-01 12:00:00+00:00,KOKX,2.4,11.0,-3.1,-17.5,5650.0
2023-12-02 12:00:00+00:00,KOKX,7.6,2.5999999999999996,0.6,-15.1,5670.0
2023-12-03 12:00:00+00:00,KOKX,5.6,1.3999999999999995,-0.7,-13.7,5650.0
2023-12-04 12:00:00+00:00,KOKX,-0.3,5.0,-6.5,-24.3,5460.0
2023-12-05 12:00:00+00:00,KOKX,-1.7,21.0,-9.7,-28.3,5440.0
2023-12-06 12:00:00+00:00,KOKX,-9.1,2.3000000000000007,-15.3,-32.3,5350.0
2023-12-07 12:00:00+00:00,KOKX,-6.9,27.0,-12.7,-24.9,5420.0
2023-12-08 12:00:00+00:00,KOKX,-4.9,4.0,-3.3,-19.3,5590.0
2023-12-09 12:00:00+00:00,KOKX,6.2,9.0,-0.3,-16.7,5710.0
2023-12-10 12:00:00+00:00,KOKX,8.4,1.8000000000000007,1.4,-15.7,5710.0
2023-12-11 12:00:00+00:00,KOKX,3.2,2.0,2.0,-12.5,5560.0
2023-12-12 12:00:00+00:00,KOKX,-1.7,33.0,-7.5,-24.1,5560.0
2023-12-13 12:00:00+00:00,KOKX,-1.6,-36.300000000000004,-8.9,-20.9,5602.0
2023-12-14 12:00:00+00:00,KOKX,-11.1,17.0,-15.5,-25.7,5540.0
2023-12-15 12:00:00+00:00,KOKX,5.6,14.0,-0.7,-17.7,5730.0
2023-12-16 12:00:00+00:00,KOKX,5.0,11.0,-4.3,-19.3,5710.0
2023-12-17 12:00:00+00:00,KOKX,3.2,2.2,-1.9,-17.9,5720.0
2023-12-18 12:00:00+00:00,KOKX,11.2,0.5,3.2,-11.3,5560.0
2023-12-19 12:00:00+00:00,KOKX,-3.3,14.0,-13.7,-22.1,5360.0
2023-12-20 12:00:00+00:00,KOKX,-1.9,21.0,-5.9,-22.5,5570.0
2023-12-21 12:00:00+00:00,KOKX,0.2,49.0,-4.9,-22.7,5620.0
2023-12-22 12:00:00+00:00,KOKX,-1.9,48.0,-5.9,-22.7,5610.0
2023-12-23 12:00:00+00:00,KOKX,0.2,5.0,-6.9,-21.1,5650.0
2023-12-24 12:00:00+00:00,KOKX,0.8,3.2,-5.1,-22.7,5660.0
2023-12-25 12:00:00+00:00,KOKX,2.0,4.1,-7.9,-22.7,5640.0
2023-12-26 12:00:00+00:00,KOKX,4.0,8.0,-2.9,-16.3,5710.0
2023-12-27 12:00:00+00:00,KOKX,5.1,-3.3000000000000007,-1.8,-17.8,5679.0
2023-12-28 12:00:00+00:00,KOKX,7.8,0.0,-0.3,-15.7,5610.0
2023-12-29 12:00:00+00:00,KOKX,3.0,1.5,-2.1,-21.9,5500.0
2023-12-30 12:00:00+00:00,KOKX,-2.1,2.6,-9.1,-29.3,5350.0
2023-12-31 12:00:00+00:00,KOKX,-6.9,6.0,-4.5,-22.1,5490.0
2024-01-01 12:00:00+00:00,KOKX,-4.9,3.4000000000000004,-11.9,-29.5,5410.0
2024-01-02 12:00:00+00:00,KOKX,-3.5,19.0,-10.5,-25.5,5470.0
2024-01-03 12:00:00+00:00,KOKX,2.0,21.0,-4.7,-24.7,5520.0
2024-01-04 12:00:00+00:00,KOKX,-6.5,2.0999999999999996,-10.7,-25.3,5420.0
2024-01-05 12:00:00+00:00,KOKX,-6.5,24.0,-10.3,-25.7,5480.0
2024-01-06 12:00:00+00:00,KOKX,-1.7,32.0,-4.3,-19.5,5590.0
2024-01-07 12:00:00+00:00,KOKX,2.2,0.0,-4.1,-23.1,5440.0
2024-01-08 12:00:00+00:00,KOKX,-5.9,6.0,-13.3,-29.5,5440.0
2024-01-09 12:00:00+00:00,KOKX,-0.7,18.0,-6.5,-18.3,5620.0
2024-01-10 12:00:00+00:00,KOKX,4.6,1.3999999999999995,-3.5,-20.1,5320.0
2024-01-11 12:00:00+00:00,KOKX,-6.9,2.0,-5.5,-19.7,5470.0
2024-01-13 12:00:00+00:00,KOKX,11.2,0.5,1.4,-15.3,5520.0
2024-01-14 12:00:00+00:00,KOKX,-5.3,10.0,-11.5,-27.5,5360.0
2024-01-15 12:00:00+00:00,KOKX,-10.7,15.0,-12.5,-24.7,5440.0
2024-01-16 12:00:00+00:00,KOKX,-2.3,1.4000000000000004,-6.9,-23.1,5510.0
2024-01-17 12:00:00+00:00,KOKX,-12.7,10.0,-15.9,-30.9,5277.0
2024-01-18 12:00:00+00:00,KOKX,-12.5,7.0,-14.1,-22.9,5422.0
2024-01-19 12:00:00+00:00,KOKX,-10.1,3.5,-10.5,-23.1,5407.0
2024-01-20 12:00:00+00:00,KOKX,-13.9,14.999999999999998,-19.5,-33.9,5238.0
2024-01-21 12:00:00+00:00,KOKX,-8.7,9.0,-16.9,-31.5,5347.0
2024-01-22 12:00:00+00:00,KOKX,-6.5,13.0,-5.5,-20.1,5629.0
2024-01-23 12:00:00+00:00,KOKX,3.6,3.6,-0.9,-15.9,5717.0
2024-01-24 12:00:00+00:00,KOKX,3.6,1.4,-3.5,-17.5,5736.0
2024-01-25 12:00:00+00:00,KOKX,9.4,0.0,1.6,-12.5,5764.0
2024-01-26 12:00:00+00:00,KOKX,10.4,0.0,1.6,-11.9,5730.0
2024-01-27 12:00:00+00:00,KOKX,1.0,2.1,1.0,-15.3,5670.0
2024-01-28 12:00:00+00:00,KOKX,2.0,1.0,-1.1,-13.9,5623.0
2024-01-29 12:00:00+00:00,KOKX,-3.3,0.7000000000000002,-8.9,-23.5,5399.0
2024-01-30 12:00:00+00:00,KOKX,-7.7,5.999999999999999,-10.3,-22.7,5491.0
2024-01-31 12:00:00+00:00,KOKX,-3.1,7.0,-9.9,-25.5,5481.0
2024-02-01 12:00:00+00:00,KOKX,-0.5,11.0,-4.3,-20.5,5548.0
2024-02-02 12:00:00+00:00,KOKX,-3.1,2.6,-8.7,-24.7,5443.0
2024-02-03 12:00:00+00:00,KOKX,-7.9,3.1999999999999993,-8.7,-23.1,5461.0
2024-02-04 12:00:00+00:00,KOKX,-5.9,9.0,-7.1,-24.1,5462.0
2024-02-05 12:00:00+00:00,KOKX,0.8,23.0,-6.1,-21.3,5492.0
2024-02-06 12:00:00+00:00,KOKX,-7.9,6.0,-8.9,-22.7,5489.0
2024-02-07 12:00:00+00:00,KOKX,-2.9,5.0,-4.9,-21.7,5580.0
2024-02-08 12:00:00+00:00,KOKX,0.8,12.0,-5.9,-20.3,5619.0
2024-02-09 12:00:00+00:00,KOKX,5.2,29.0,-1.3,-18.1,5666.0
2024-02-10 12:00:00+00:00,KOKX,5.6,8.0,-2.9,-21.5,5572.0
2024-02-11 12:00:00+00:00,KOKX,4.2,16.0,-2.5,-18.7,5564.0
2024-02-12 12:00:00+00:00,KOKX,2.8,27.0,-4.3,-19.9,5537.0
2024-02-13 12:00:00+00:00,KOKX,-0.7,1.2,-1.5,-17.7,5444.0
2024-02-14 12:00:00+00:00,KOKX,-12.5,4.100000000000001,-14.7,-26.9,5307.0
2024-02-15 12:00:00+00:00,KOKX,-5.1,38.0,-11.9,-29.9,5434.0
2024-02-16 12:00:00+00:00,KOKX,-9.3,6.0,-17.3,-24.7,5336.0
2024-02-17 12:00:00+00:00,KOKX,-8.1,2.5999999999999996,-13.7,-29.5,5326.0
2024-02-18 12:00:00+00:00,KOKX,-11.1,11.000000000000002,-16.5,-29.3,5310.0
2024-02-19 12:00:00+00:00,KOKX,-9.9,6.999999999999998,-7.3,-20.9,5477.0
2024-02-20 12:00:00+00:00,KOKX,-3.3,24.0,-6.7,-22.7,5581.0
2024-02-21 12:00:00+00:00,KOKX,-3.9,18.0,-7.3,-23.5,5601.0
2024-02-22 12:00:00+00:00,KOKX,-0.5,13.0,-6.5,-23.1,5549.0
2024-02-23 12:00:00+00:00,KOKX,5.0,6.0,-4.9,-20.1,5459.0
2024-02-24 12:00:00+00:00,KOKX,-1.1,10.0,-10.3,-26.5,5339.0
2024-02-25 12:00:00+00:00,KOKX,-6.9,20.0,-11.3,-26.9,5428.0
2024-02-26 12:00:00+00:00,KOKX,0.4,10.0,-9.1,-27.1,5497.0
2024-02-27 12:00:00+00:00,KOKX,5.2,7.0,-5.3,-21.5,5591.0
2024-02-28 12:00:00+00:00,KOKX,7.6,0.39999999999999947,-0.5,-18.7,5613.0
2024-02-29 12:00:00+00:00,KOKX,-14.3,4.199999999999999,-12.9,-30.3,5372.0
2024-03-01 12:00:00+00:00,KOKX,-5.9,10.0,-6.9,-23.3,5596.0
2024-03-02 12:00:00+00:00,KOKX,-1.7,2.8,-5.1,-18.9,5700.0
2024-03-03 12:00:00+00:00,KOKX,8.6,8.0,0.6,-17.9,5686.0
2024-03-04 12:00:00+00:00,KOKX,5.2,7.0,2.2,-15.5,5778.0
2024-03-05 12:00:00+00:00,KOKX,8.4,1.0,-0.1,-15.1,5742.0
2024-03-06 12:00:00+00:00,KOKX,9.4,8.0,1.0,-16.1,5706.0
2024-03-07 12:00:00+00:00,KOKX,,,-0.1,-14.1,5592.0
2024-03-08 12:00:00+00:00,KOKX,3.6,47.0,,,
2024-03-09 12:00:00+00:00,KOKX,4.6,49.0,,,
2024-03-10 12:00:00+00:00,KOKX,,,-3.7,-22.5,5388.0
2024-03-11 12:00:00+00:00,KOKX,-8.9,3.4000000000000004,-13.9,,
2024-03-12 12:00:00+00:00,KOKX,,,,,
2024-03-13 12:00:00+00:00,KOKX,,,,,
2024-03-14 12:00:00+00:00,KOKX,,,,,
2024-03-15 12:00:00+00:00,KOKX,11.4,9.0,-0.5,-20.1,5610.0
2024-03-16 12:00:00+00:00,KOKX,-2.9,1.5000000000000004,-6.1,-20.3,5500.0
2024-03-17 12:00:00+00:00,KOKX,,,,,
2024-03-18 12:00:00+00:00,KOKX,-3.7,12.0,-12.7,-20.7,5390.0
2024-03-19 12:00:00+00:00,KOKX,,,-18.5,,
2024-03-20 12:00:00+00:00,KOKX,,,,,
2024-03-21 12:00:00+00:00,KOKX,,,,,
2024-03-22 12:00:00+00:00,KOKX,-6.3,46.0,-9.9,-22.9,5540.0
2024-03-23 12:00:00+00:00,KOKX,3.4,4.0,,,
2024-03-24 12:00:00+00:00,KOKX,-1.1,49.0,,,
2024-03-25 12:00:00+00:00,KOKX,,,,,
2024-03-26 12:00:00+00:00,KOKX,,,,-12.9,5745.0
2024-03-27 12:00:00+00:00,KOKX,10.0,4.5,,-12.3,5767.0
2024-03-28 12:00:00+00:00,KOKX,,,-0.1,-14.1,5660.0
2024-03-29 12:00:00+00:00,KOKX,0.0,32.1,,-20.9,5366.0
2024-03-30 12:00:00+00:00,KOKX,,,,,
2024-03-31 12:00:00+00:00,KOKX,0.8,9.0,-5.1,,
2024-04-01 12:00:00+00:00,KOKX,,,-6.9,-20.5,5702.0
2024-04-02 12:00:00+00:00,KOKX,,,,,
2024-04-03 12:00:00+00:00,KOKX,2.2,0.20000000000000018,,,
2024-04-04 12:00:00+00:00,KOKX,1.6,0.0,,,
2024-04-05 12:00:00+00:00,KOKX,,,,,
2024-04-06 12:00:00+00:00,KOKX,,,,,
2024-04-07 12:00:00+00:00,KOKX,,,-11.9,-26.1,5447.0
2024-04-08 12:00:00+00:00,KOKX,,,,,
2024-04-09 12:00:00+00:00,KOKX,,,,-18.5,5675.0
2024-04-10 12:00:00+00:00,KOKX,,,,,
2024-04-11 12:00:00+00:00,KOKX,9.2,3.8999999999999995,0.0,-14.5,5706.0
2024-04-12 12:00:00+00:00,KOKX,11.2,0.5,2.6,,
2024-04-13 12:00:00+00:00,KOKX,,,,-20.3,5378.0
2024-04-14 12:00:00+00:00,KOKX,,,-3.7,-19.9,5540.0
2024-04-15 12:00:00+00:00,KOKX,,,,,
2024-04-16 12:00:00+00:00,KOKX,0.5,-7.3,-3.5,-17.0,5643.0
2024-04-17 12:00:00+00:00,KOKX,5.8,11.0,0.8,-15.3,5730.0
2024-04-18 12:00:00+00:00,KOKX,9.2,0.0,0.4,-16.7,5670.0
2024-04-19 12:00:00+00:00,KOKX,2.4,1.0999999999999999,2.0,-14.9,5690.0
2024-04-20 12:00:00+00:00,KOKX,,,,,
2024-04-21 12:00:00+00:00,KOKX,-3.3,12.0,-5.3,-16.5,5560.0
2024-04-22 12:00:00+00:00,KOKX,,,,,
2024-04-23 12:00:00+00:00,KOKX,,,,,
2024-04-24 12:00:00+00:00,KOKX,,,,-19.1,5538.0
2024-04-25 12:00:00+00:00,KOKX,,,,,
2024-04-26 12:00:00+00:00,KOKX,-2.1,14.000000000000002,-8.3,-23.7,5620.0
2024-04-27 12:00:00+00:00,KOKX,-0.1,11.0,-3.1,-18.5,5740.0
2024-04-28 12:00:00+00:00,KOKX,9.8,2.500000000000001,-0.3,-14.1,5760.0
2024-04-29 12:00:00+00:00,KOKX,13.8,6.000000000000001,3.4,-13.1,5770.0
2024-04-30 12:00:00+00:00,KOKX,14.6,5.0,4.0,-16.3,5750.0
2024-05-01 12:00:00+00:00,KOKX,9.4,2.4000000000000004,1.8,-14.9,5690.0
2024-05-02 12:00:00+00:00,KOKX,12.8,8.0,1.6,-15.7,5720.0
2024-05-03 12:00:00+00:00,KOKX,9.4,13.0,,,
2024-05-04 12:00:00+00:00,KOKX,7.2,9.0,1.8,-12.3,5780.0
2024-05-05 12:00:00+00:00,KOKX,8.6,0.5999999999999996,2.0,-13.7,5780.0
2024-05-06 12:00:00+00:00,KOKX,10.6,0.6999999999999993,2.4,-13.9,5750.0
2024-05-07 12:00:00+00:00,KOKX,10.6,49.0,3.4,-14.1,5680.0
2024-05-08 12:00:00+00:00,KOKX,,,2.6,,
2024-05-09 12:00:00+00:00,KOKX,7.8,6.0,,,
2024-05-10 12:00:00+00:00,KOKX,1.2,2.0,-1.7,,
2024-05-11 12:00:00+00:00,KOKX,,,,,
2024-05-12 12:00:00+00:00,KOKX,,,,,
2024-05-13 12:00:00+00:00,KOKX,,,-4.9,,
2024-05-14 12:00:00+00:00,KOKX,11.2,15.0,,,
2024-05-15 12:00:00+00:00,KOKX,7.6,0.8999999999999995,-0.3,,
2024-05-16 12:00:00+00:00,KOKX,9.6,0.5,3.4,,
2024-05-17 12:00:00+00:00,KOKX,,,,,
2024-05-18 12:00:00+00:00,KOKX,,,,,
2024-05-19 12:00:00+00:00,KOKX,9.0,0.5999999999999996,2.0,-11.7,5718.0
2024-05-20 12:00:00+00:00,KOKX,,,5.8,-11.1,5736.0
2024-05-21 12:00:00+00:00,KOKX,,,,,
2024-05-22 12:00:00+00:00,KOKX,13.8,15.0,4.2,-9.3,5810.0
2024-05-23 12:00:00+00:00,KOKX,15.8,3.0,4.2,-10.3,5770.0
2024-05-24 12:00:00+00:00,KOKX,12.4,7.0,3.6,-13.1,5720.0
2024-05-25 12:00:00+00:00,KOKX,12.6,8.0,3.8,-12.3,5750.0
2024-05-26 12:00:00+00:00,KOKX,13.2,7.999999999999999,2.4,-12.3,5750.0
2024-05-27 12:00:00+00:00,KOKX,13.2,2.6999999999999993,3.6,-10.5,5770.0
2024-05-28 12:00:00+00:00,KOKX,13.6,3.799999999999999,3.2,-11.1,5720.0
2024-05-29 12:00:00+00:00,KOKX,8.6,4.5,-0.5,-17.7,5660.0
2024-05-30 12:00:00+00:00,KOKX,6.4,0.8000000000000007,-2.5,-18.9,5610.0
2024-05-31 12:00:00+00:00,KOKX,4.4,9.0,-5.9,-23.3,5620.0
2024-06-01 12:00:00+00:00,KOKX,8.8,16.0,-1.5,-13.3,5750.0
2024-06-02 12:00:00+00:00,KOKX,11.6,11.0,4.6,-13.3,5790.0
2024-06-03 12:00:00+00:00,KOKX,11.2,3.6999999999999993,2.6,-13.5,5740.0
2024-06-04 12:00:00+00:00,KOKX,13.6,9.0,2.0,-13.3,5780.0
2024-06-05 12:00:00+00:00,KOKX,14.2,12.0,2.2,-12.1,5770.0
2024-06-06 12:00:00+00:00,KOKX,14.6,1.1999999999999993,5.6,-7.9,5720.0
2024-06-07 12:00:00+00:00,KOKX,13.8,4.600000000000001,3.0,-7.3,5690.0
2024-06-08 12:00:00+00:00,KOKX,8.6,7.0,-0.3,-11.3,5620.0
2024-06-09 12:00:00+00:00,KOKX,12.4,5.0,2.0,-12.9,5660.0
2024-06-10 12:00:00+00:00,KOKX,8.2,6.999999999999999,2.0,-15.3,5600.0
2024-06-11 12:00:00+00:00,KOKX,7.8,4.0,-0.5,-16.5,5650.0
2024-06-12 12:00:00+00:00,KOKX,7.8,3.8,-1.9,-14.7,5710.0
2024-06-13 12:00:00+00:00,KOKX,10.8,5.000000000000001,4.0,-11.1,5780.0
2024-06-14 12:00:00+00:00,KOKX,14.6,2.5999999999999996,3.0,-7.9,5790.0
2024-06-15 12:00:00+00:00,KOKX,12.2,9.0,0.4,-14.5,5720.0
2024-06-16 12:00:00+00:00,KOKX,8.2,5.999999999999999,3.6,-10.3,5810.0
2024-06-17 12:00:00+00:00,KOKX,12.4,2.5999999999999996,8.2,-9.5,5880.0
2024-06-18 12:00:00+00:00,KOKX,15.8,3.3000000000000007,7.8,-6.1,5930.0
2024-06-19 12:00:00+00:00,KOKX,17.0,4.800000000000001,8.8,-6.7,5980.0
2024-06-20 12:00:00+00:00,KOKX,18.2,11.0,9.0,-6.7,5970.0
2024-06-21 12:00:00+00:00,KOKX,17.6,3.3000000000000007,8.6,-9.1,5930.0
2024-06-22 12:00:00+00:00,KOKX,17.8,4.100000000000001,6.2,-7.9,5890.0
2024-06-23 12:00:00+00:00,KOKX,18.8,4.4,7.8,-7.9,5840.0
2024-06-24 12:00:00+00:00,KOKX,17.0,8.0,8.4,-7.9,5750.0
2024-06-25 12:00:00+00:00,KOKX,13.4,8.0,6.0,-11.7,5760.0
2024-06-26 12:00:00+00:00,KOKX,17.0,6.0,7.0,-6.9,5800.0
2024-06-27 12:00:00+00:00,KOKX,13.6,6.0,6.6,-8.5,5730.0
2024-06-28 12:00:00+00:00,KOKX,8.8,18.0,6.2,-8.1,5800.0
2024-06-29 12:00:00+00:00,KOKX,11.8,1.0,8.0,-5.3,5890.0
2024-06-30 12:00:00+00:00,KOKX,20.5,5.9,9.0,-6.4,5912.0
2024-07-01 12:00:00+00:00,KOKX,12.4,8.7,5.5,-9.8,5780.0
2024-07-02 12:00:00+00:00,KOKX,11.4,7.7,4.2,-11.7,5850.0
2024-07-03 12:00:00+00:00,KOKX,11.4,11.6,6.6,-5.5,5890.0
2024-07-04 12:00:00+00:00,KOKX,16.8,3.0,9.0,-5.6,5889.0
2024-07-05 12:00:00+00:00,KOKX,17.8,1.8000000000000007,7.9,-5.0,5855.0
2024-07-06 12:00:00+00:00,KOKX,18.4,2.799999999999999,9.2,-5.9,5865.0
2024-07-07 12:00:00+00:00,KOKX,18.5,4.6,8.0,-6.3,5900.0
2024-07-08 12:00:00+00:00,KOKX,17.6,7.400000000000002,10.4,-5.6,5906.0
2024-07-09 12:00:00+00:00,KOKX,17.9,4.199999999999999,7.3,-4.9,5900.0
2024-07-10 12:00:00+00:00,KOKX,19.1,6.200000000000001,9.5,-4.5,5897.0
2024-07-11 12:00:00+00:00,KOKX,19.1,1.5,9.8,-2.1,5898.0
2024-07-12 12:00:00+00:00,KOKX,16.6,0.9000000000000021,8.2,-5.4,5939.0
2024-07-13 12:00:00+00:00,KOKX,16.0,1.4000000000000004,6.5,-7.3,5919.0
2024-07-14 12:00:00+00:00,KOKX,17.6,7.100000000000001,5.9,-7.4,5882.0
2024-07-15 12:00:00+00:00,KOKX,18.1,4.800000000000001,7.0,-7.3,5852.0
2024-07-16 12:00:00+00:00,KOKX,20.3,7.100000000000001,8.3,-8.2,5840.0
2024-07-17 12:00:00+00:00,KOKX,18.7,5.899999999999999,8.2,-5.9,5856.0
2024-07-18 12:00:00+00:00,KOKX,17.6,5.700000000000001,7.5,-6.9,5827.0
2024-07-19 12:00:00+00:00,KOKX,11.3,9.5,6.7,-9.7,5817.0
2024-07-20 12:00:00+00:00,KOKX,12.0,4.8,6.4,-6.9,5862.0
2024-07-21 12:00:00+00:00,KOKX,13.6,7.3,4.7,-9.2,5833.0
2024-07-22 12:00:00+00:00,KOKX,14.8,4.200000000000001,5.3,-9.2,5854.0
2024-07-23 12:00:00+00:00,KOKX,14.5,1.9000000000000004,6.4,-8.7,5831.0
2024-07-24 12:00:00+00:00,KOKX,15.4,3.9000000000000004,6.3,-8.3,5881.0
2024-07-25 12:00:00+00:00,KOKX,15.8,5.0,6.6,-8.1,5863.0
2024-07-26 12:00:00+00:00,KOKX,12.5,10.0,5.4,-9.0,5824.0
2024-07-27 12:00:00+00:00,KOKX,11.4,6.0,6.0,-9.9,5838.0
2024-07-28 12:00:00+00:00,KOKX,12.1,4.6,7.0,-11.1,5851.0
2024-07-29 12:00:00+00:00,KOKX,12.8,2.5,2.5,-13.3,5771.0
2024-07-30 12:00:00+00:00,KOKX,17.9,8.399999999999999,5.6,-7.3,5844.0
2024-07-31 12:00:00+00:00,KOKX,16.7,2.799999999999999,8.2,-5.9,5855.0
2024-08-01 12:00:00+00:00,KOKX,17.8,10.8,7.0,-7.0,5848.0
2024-08-02 12:00:00+00:00,KOKX,18.2,3.5999999999999996,7.7,-6.8,5870.0
2024-08-03 12:00:00+00:00,KOKX,18.3,4.200000000000001,9.3,-6.5,5855.0
2024-08-04 12:00:00+00:00,KOKX,17.5,4.1,7.9,-8.9,5842.0
2024-08-05 12:00:00+00:00,KOKX,16.9,9.7,5.8,-9.1,5853.0
2024-08-06 12:00:00+00:00,KOKX,17.5,4.6,7.2,-6.9,5868.0
2024-08-07 12:00:00+00:00,KOKX,13.3,0.7000000000000011,6.4,-8.3,5807.0
2024-08-08 12:00:00+00:00,KOKX,15.0,0.8000000000000007,5.9,-6.6,5866.0
2024-08-09 12:00:00+00:00,KOKX,17.1,3.700000000000001,8.1,-6.2,5892.0
2024-08-10 12:00:00+00:00,KOKX,15.9,2.5999999999999996,10.6,-5.1,5866.0
2024-08-11 12:00:00+00:00,KOKX,12.4,6.9,5.7,-7.2,5825.0
2024-08-12 12:00:00+00:00,KOKX,10.8,8.4,5.5,-11.7,5773.0
2024-08-13 12:00:00+00:00,KOKX,9.4,5.7,3.8,-11.0,5775.0
2024-08-14 12:00:00+00:00,KOKX,11.5,5.6,2.9,-13.6,5774.0
2024-08-15 12:00:00+00:00,KOKX,12.9,6.300000000000001,2.5,-13.8,5777.0
2024-08-16 12:00:00+00:00,KOKX,14.4,5.800000000000001,3.5,-9.4,5823.0
2024-08-17 12:00:00+00:00,KOKX,13.8,5.0,7.1,-7.8,5846.0
2024-08-18 12:00:00+00:00,KOKX,11.3,7.000000000000001,6.0,-8.7,5807.0
2024-08-19 12:00:00+00:00,KOKX,16.1,0.9000000000000021,7.2,-8.8,5697.0
2024-08-20 12:00:00+00:00,KOKX,11.3,1.0,3.0,-10.9,5709.0
2024-08-21 12:00:00+00:00,KOKX,6.2,6.0,0.1,-14.1,5690.0
2024-08-22 12:00:00+00:00,KOKX,7.1,6.0,1.0,-14.3,5735.0
2024-08-23 12:00:00+00:00,KOKX,9.6,8.799999999999999,2.6,-11.7,5899.0
2024-08-24 12:00:00+00:00,KOKX,10.5,4.6,7.0,-9.4,5867.0
2024-08-25 12:00:00+00:00,KOKX,11.2,4.199999999999999,5.0,-12.9,5849.0
2024-08-26 12:00:00+00:00,KOKX,13.3,5.200000000000001,1.3,-11.8,5823.0
2024-08-27 12:00:00+00:00,KOKX,13.3,7.4,4.7,-9.7,5834.0
2024-08-28 12:00:00+00:00,KOKX,18.0,3.5999999999999996,7.7,-5.4,5880.0
2024-08-29 12:00:00+00:00,KOKX,14.0,1.1999999999999993,7.2,-6.9,5885.0
2024-08-30 12:00:00+00:00,KOKX,14.4,4.6,4.0,-11.2,5874.0
2024-08-31 12:00:00+00:00,KOKX,12.5,1.5999999999999996,5.1,-6.7,5873.0
2024-09-01 12:00:00+00:00,KOKX,15.1,2.0999999999999996,6.2,-8.5,5828.0
2024-09-02 12:00:00+00:00,KOKX,13.8,5.300000000000001,4.3,-9.4,5778.0
2024-09-03 12:00:00+00:00,KOKX,6.2,22.9,3.8,-9.9,5818.0
2024-09-04 12:00:00+00:00,KOKX,9.3,16.3,5.5,-11.9,5878.0
2024-09-05 12:00:00+00:00,KOKX,12.8,13.3,4.3,-13.4,5880.0
2024-09-06 12:00:00+00:00,KOKX,11.3,3.500000000000001,4.3,-11.0,5832.0
2024-09-07 12:00:00+00:00,KOKX,10.7,2.299999999999999,7.2,-9.0,5771.0
2024-09-08 12:00:00+00:00,KOKX,6.5,12.1,1.8,-9.3,5706.0
2024-09-09 12:00:00+00:00,KOKX,4.9,8.100000000000001,1.2,-14.4,5713.0
2024-09-10 12:00:00+00:00,KOKX,9.2,2.6999999999999993,1.1,-15.1,5736.0
2024-09-11 12:00:00+00:00,KOKX,12.0,24.4,5.6,-11.7,5828.0
2024-09-12 12:00:00+00:00,KOKX,13.2,12.5,4.8,-13.1,5851.0
2024-09-13 12:00:00+00:00,KOKX,14.0,14.4,3.7,-14.7,5847.0
2024-09-14 12:00:00+00:00,KOKX,12.1,3.0999999999999996,5.6,-10.9,5873.0
2024-09-15 12:00:00+00:00,KOKX,11.6,6.699999999999999,6.3,-9.5,5895.0
2024-09-16 12:00:00+00:00,KOKX,14.6,14.299999999999999,6.1,-9.9,5903.0
2024-09-17 12:00:00+00:00,KOKX,15.7,20.799999999999997,7.2,-8.8,5892.0
2024-09-18 12:00:00+00:00,KOKX,14.4,23.1,7.6,-8.5,5854.0
2024-09-19 12:00:00+00:00,KOKX,15.3,6.4,6.5,-8.1,5799.0
2024-09-20 12:00:00+00:00,KOKX,11.8,2.9000000000000004,3.0,-11.9,5753.0
2024-09-21 12:00:00+00:00,KOKX,12.4,4.4,4.2,-10.8,5765.0
2024-09-22 12:00:00+00:00,KOKX,9.8,4.1000000000000005,2.2,-11.6,5740.0
2024-09-23 12:00:00+00:00,KOKX,10.8,21.200000000000003,5.9,-9.3,5783.0
2024-09-24 12:00:00+00:00,KOKX,12.0,25.9,4.2,-9.0,5797.0
2024-09-25 12:00:00+00:00,KOKX,12.5,3.4000000000000004,4.9,-10.2,5837.0
2024-09-26 12:00:00+00:00,KOKX,12.7,1.299999999999999,5.7,-8.5,5841.0
2024-09-27 12:00:00+00:00,KOKX,13.9,1.200000000000001,5.7,-6.8,5836.0
2024-09-28 12:00:00+00:00,KOKX,13.7,2.5,7.3,-7.6,5846.0
2024-09-29 12:00:00+00:00,KOKX,11.8,1.6000000000000014,8.7,-7.8,5815.0
2024-09-30 12:00:00+00:00,KOKX,12.2,3.3999999999999986,6.0,-9.7,5804.0
2024-10-01 12:00:00+00:00,KOKX,7.9,5.0,5.0,-11.2,5786.0
2024-10-02 12:00:00+00:00,KOKX,8.0,15.1,4.7,-11.9,5740.0
2024-10-03 12:00:00+00:00,KOKX,7.1,1.0,7.4,-9.1,5809.0
2024-10-04 12:00:00+00:00,KOKX,13.0,13.9,9.1,-9.0,5873.0
2024-10-05 12:00:00+00:00,KOKX,9.1,2.0,0.8,-12.6,5774.0
2024-10-06 12:00:00+00:00,KOKX,6.1,6.0,4.6,-11.8,5781.0
2024-10-07 12:00:00+00:00,KOKX,10.5,2.1999999999999993,2.3,-17.0,5687.0
2024-10-08 12:00:00+00:00,KOKX,3.3,6.5,0.7,-15.6,5632.0
2024-10-09 12:00:00+00:00,KOKX,4.7,7.300000000000001,-6.0,-17.8,5560.0
2024-10-10 12:00:00+00:00,KOKX,1.8,13.9,-5.4,-17.7,5564.0
2024-10-11 12:00:00+00:00,KOKX,5.6,12.3,-1.6,-15.9,5679.0
2024-10-12 12:00:00+00:00,KOKX,13.7,9.2,2.0,-13.3,5705.0
2024-10-13 12:00:00+00:00,KOKX,9.2,4.299999999999999,0.0,-14.1,5684.0
2024-10-14 12:00:00+00:00,KOKX,11.3,9.3,1.2,-15.2,5611.0
2024-10-15 12:00:00+00:00,KOKX,-1.3,8.6,-7.7,-19.8,5499.0
2024-10-16 12:00:00+00:00,KOKX,-1.2,6.2,-9.7,-24.3,5476.0
2024-10-17 12:00:00+00:00,KOKX,1.2,13.299999999999999,-1.4,-16.6,5679.0
2024-10-18 12:00:00+00:00,KOKX,8.6,39.2,2.4,-12.1,5796.0
2024-10-19 12:00:00+00:00,KOKX,9.7,12.899999999999999,4.7,-11.1,5908.0
2024-10-20 12:00:00+00:00,KOKX,11.8,16.1,5.0,-12.0,5870.0
2024-10-21 12:00:00+00:00,KOKX,13.9,28.5,4.8,-11.0,5839.0
2024-10-22 12:00:00+00:00,KOKX,12.6,6.8999999999999995,5.4,-12.0,5866.0
2024-10-23 12:00:00+00:00,KOKX,12.9,18.5,3.7,-14.0,5804.0
2024-10-24 12:00:00+00:00,KOKX,10.1,7.3999999999999995,-0.4,-17.2,5649.0
2024-10-25 12:00:00+00:00,KOKX,6.0,20.2,2.0,-12.7,5735.0
2024-10-26 12:00:00+00:00,KOKX,6.5,3.1,0.9,-16.0,5694.0
2024-10-27 12:00:00+00:00,KOKX,-1.6,24.7,-6.1,-19.5,5646.0
2024-10-28 12:00:00+00:00,KOKX,-0.5,6.9,-5.9,-19.4,5663.0
2024-10-29 12:00:00+00:00,KOKX,0.1,1.8,0.7,-15.4,5779.0
2024-10-30 12:00:00+00:00,KOKX,11.6,4.0,4.6,-10.5,5862.0
2024-10-31 12:00:00+00:00,KOKX,13.5,14.3,6.4,-10.1,5862.0
2024-11-01 12:00:00+00:00,KOKX,14.6,7.3999999999999995,4.5,-10.1,5784.0
2024-11-02 12:00:00+00:00,KOKX,3.4,7.4,1.6,-12.7,5737.0
2024-11-03 12:00:00+00:00,KOKX,2.5,48.9,-4.0,-13.2,5741.0
2024-11-04 12:00:00+00:00,KOKX,5.1,51.800000000000004,2.4,-11.4,5819.0
2024-11-05 12:00:00+00:00,KOKX,12.3,4.6000000000000005,7.1,-11.1,5847.0
2024-11-06 12:00:00+00:00,KOKX,13.8,3.3000000000000007,3.6,-8.1,5841.0
2024-11-07 12:00:00+00:00,KOKX,10.6,5.199999999999999,4.9,-11.7,5785.0
2024-11-08 12:00:00+00:00,KOKX,6.8,28.1,0.0,-15.4,5683.0
2024-11-09 12:00:00+00:00,KOKX,-3.8,14.399999999999999,-1.0,-14.5,5650.0
2024-11-10 12:00:00+00:00,KOKX,6.9,32.1,2.6,-12.6,5783.0
2024-11-11 12:00:00+00:00,KOKX,8.3,1.8000000000000007,0.8,-13.4,5642.0
2024-11-12 12:00:00+00:00,KOKX,1.0,5.7,-4.7,-22.8,5520.0
2024-11-13 12:00:00+00:00,KOKX,2.0,50.6,-1.5,-14.9,5714.0
2024-11-14 12:00:00+00:00,KOKX,3.3,40.099999999999994,0.0,-14.1,5738.0
2024-11-15 12:00:00+00:00,KOKX,3.5,20.8,-2.2,-18.2,5598.0
2024-11-16 12:00:00+00:00,KOKX,7.0,14.7,-0.7,-13.9,5587.0
2024-11-17 12:00:00+00:00,KOKX,6.8,16.8,2.7,-15.0,5680.0
2024-11-18 12:00:00+00:00,KOKX,10.2,29.7,1.5,-16.9,5631.0
2024-11-19 12:00:00+00:00,KOKX,4.7,17.7,0.4,-11.6,5647.0
2024-11-20 12:00:00+00:00,KOKX,7.8,8.2,1.5,-11.2,5656.0
2024-11-21 12:00:00+00:00,KOKX,0.8,1.1,-1.5,-15.8,5536.0
2024-11-22 12:00:00+00:00,KOKX,-3.8,2.2,-11.8,-30.7,5244.0
2024-11-23 12:00:00+00:00,KOKX,-2.5,1.5999999999999996,-10.1,-29.1,5293.0
2024-11-24 12:00:00+00:00,KOKX,-4.0,3.9000000000000004,-7.2,-19.0,5476.0
2024-11-25 12:00:00+00:00,KOKX,2.9,17.8,-3.1,-15.8,5613.0
2024-11-26 12:00:00+00:00,KOKX,8.0,3.9000000000000004,-1.1,-16.1,5638.0
2024-11-27 12:00:00+00:00,KOKX,1.7,18.4,-6.0,-24.1,5530.0
2024-11-28 12:00:00+00:00,KOKX,-1.4,2.6999999999999997,-4.7,-16.2,5542.0
2024-11-29 12:00:00+00:00,KOKX,-5.4,6.299999999999999,-7.3,-22.0,5448.0
2024-11-30 12:00:00+00:00,KOKX,-9.4,8.6,-17.8,-32.5,5313.0
2024-12-01 12:00:00+00:00,KOKX,-11.4,5.9,-15.5,-33.8,5343.0
2024-12-02 12:00:00+00:00,KOKX,-10.4,5.799999999999999,-19.6,-34.8,5321.0
2024-12-03 12:00:00+00:00,KOKX,-10.9,4.0,-18.4,-34.4,5349.0
2024-12-04 12:00:00+00:00,KOKX,-9.1,10.9,-17.7,-26.5,5422.0
2024-12-05 12:00:00+00:00,KOKX,-1.5,3.2,-10.7,-30.0,5333.0
2024-12-06 12:00:00+00:00,KOKX,-12.7,3.6000000000000014,-15.8,-28.4,5326.0
2024-12-07 12:00:00+00:00,KOKX,-10.0,5.5,-18.6,-27.1,5386.0
2024-12-08 12:00:00+00:00,KOKX,3.8,7.4,-6.6,-18.1,5505.0
2024-12-09 12:00:00+00:00,KOKX,5.5,16.7,-2.5,-13.9,5651.0
2024-12-10 12:00:00+00:00,KOKX,5.0,2.0,-0.1,-14.5,5669.0
2024-12-11 12:00:00+00:00,KOKX,9.5,1.4000000000000004,0.6,-12.9,5681.0
2024-12-12 12:00:00+00:00,KOKX,-8.3,7.899999999999999,-8.6,-23.6,5455.0
2024-12-13 12:00:00+00:00,KOKX,-7.6,7.300000000000001,-13.3,-22.9,5530.0
2024-12-14 12:00:00+00:00,KOKX,-7.8,26.8,-10.7,-20.9,5654.0
2024-12-15 12:00:00+00:00,KOKX,-4.4,28.4,-2.9,-19.3,5744.0
2024-12-16 12:00:00+00:00,KOKX,-0.8,1.0999999999999999,-6.8,-24.6,5657.0
2024-12-17 12:00:00+00:00,KOKX,7.8,4.6,-2.6,-15.3,5690.0
2024-12-18 12:00:00+00:00,KOKX,3.4,18.4,-0.7,-17.9,5700.0
2024-12-19 12:00:00+00:00,KOKX,-4.4,1.8999999999999995,-7.7,-20.4,5530.0
2024-12-20 12:00:00+00:00,KOKX,-6.6,4.200000000000001,-6.0,-20.0,5554.0
2024-12-21 12:00:00+00:00,KOKX,-7.9,1.9000000000000004,-16.5,-32.0,5307.0
2024-12-22 12:00:00+00:00,KOKX,-17.4,12.100000000000001,-19.3,-28.6,5366.0
2024-12-23 12:00:00+00:00,KOKX,-9.7,33.3,-11.6,-21.3,5560.0
2024-12-24 12:00:00+00:00,KOKX,-2.5,27.3,-6.3,-20.5,5584.0
2024-12-25 12:00:00+00:00,KOKX,-6.3,13.399999999999999,-3.0,-23.5,5586.0
2024-12-26 12:00:00+00:00,KOKX,-1.5,25.7,-5.5,-22.6,5642.0
2024-12-27 12:00:00+00:00,KOKX,4.1,28.4,-0.5,-16.0,5736.0
2024-12-28 12:00:00+00:00,KOKX,6.3,0.0,-0.5,-15.3,5734.0
2024-12-29 12:00:00+00:00,KOKX,8.3,0.0,-0.6,-14.6,5739.0
2024-12-30 12:00:00+00:00,KOKX,6.2,0.0,-0.1,-15.3,5582.0
2024-12-31 12:00:00+00:00,KOKX,3.3,17.7,-5.5,-20.1,5555.0
2025-01-01 12:00:00+00:00,KOKX,4.0,6.3,-6.7,-22.9,5418.0
2025-01-02 12:00:00+00:00,KOKX,-7.8,4.3,-15.8,-31.0,5307.0
2025-01-03 12:00:00+00:00,KOKX,-11.8,4.0,-16.5,-32.1,5295.0
2025-01-04 12:00:00+00:00,KOKX,-13.0,5.300000000000001,-21.1,-34.2,5204.0
2025-01-05 12:00:00+00:00,KOKX,-14.2,3.400000000000002,-16.2,-29.7,5311.0
2025-01-06 12:00:00+00:00,KOKX,-7.6,9.200000000000001,-8.6,-18.7,5456.0
2025-01-07 12:00:00+00:00,KOKX,-9.2,10.0,-16.6,-31.1,5224.0
2025-01-08 12:00:00+00:00,KOKX,-15.9,3.9000000000000004,-16.4,-32.4,5276.0
2025-01-09 12:00:00+00:00,KOKX,-6.6,7.300000000000001,-16.1,-31.8,5235.0
2025-01-10 12:00:00+00:00,KOKX,-1.2,9.4,-9.9,-24.6,5429.0
2025-01-11 12:00:00+00:00,KOKX,-7.9,2.6999999999999993,-10.2,-26.5,5301.0
2025-01-12 12:00:00+00:00,KOKX,-7.6,7.300000000000001,-11.5,-20.6,5416.0
2025-01-13 12:00:00+00:00,KOKX,-5.7,12.400000000000002,-9.0,-20.8,5464.0
2025-01-14 12:00:00+00:00,KOKX,-13.4,3.799999999999999,-14.1,-28.2,5340.0
2025-01-15 12:00:00+00:00,KOKX,-13.2,5.800000000000001,-19.5,-34.6,5265.0
2025-01-16 12:00:00+00:00,KOKX,-14.5,4.899999999999999,-18.1,-24.8,5334.0
2025-01-17 12:00:00+00:00,KOKX,-10.9,6.499999999999998,-15.4,-34.1,5316.0
2025-01-18 12:00:00+00:00,KOKX,-1.3,15.7,-4.9,-20.2,5564.0
2025-01-19 12:00:00+00:00,KOKX,-1.0,4.4,-9.3,-19.9,5486.0
2025-01-20 12:00:00+00:00,KOKX,-11.4,6.6,-18.9,-25.6,5336.0
2025-01-21 12:00:00+00:00,KOKX,-18.4,17.5,-19.5,-29.5,5375.0
2025-01-22 12:00:00+00:00,KOKX,-21.7,11.2,-16.2,-25.4,5408.0
2025-01-23 12:00:00+00:00,KOKX,-9.8,36.5,-13.8,-26.0,5464.0
2025-01-24 12:00:00+00:00,KOKX,-12.2,5.5,-14.7,-29.1,5372.0
2025-01-25 12:00:00+00:00,KOKX,-15.4,3.4000000000000004,-21.5,-29.9,5353.0
2025-01-27 12:00:00+00:00,KOKX,-7.3,46.800000000000004,-16.1,-29.9,5350.0
2025-01-28 12:00:00+00:00,KOKX,-6.0,6.4,-7.5,-23.1,5324.0
2025-01-29 12:00:00+00:00,KOKX,-2.3,7.2,-9.3,-20.3,5369.0
2025-01-30 12:00:00+00:00,KOKX,-12.2,12.100000000000001,-15.5,-24.0,5374.0
2025-01-31 12:00:00+00:00,KOKX,0.3,1.6,-5.8,-17.9,5591.0
2025-02-01 12:00:00+00:00,KOKX,-1.1,2.5,-5.7,-19.0,5469.0
2025-02-02 12:00:00+00:00,KOKX,-8.4,44.9,-6.1,-20.4,5608.0
2025-02-03 12:00:00+00:00,KOKX,1.1,4.1,-5.8,-22.8,5564.0
2025-02-04 12:00:00+00:00,KOKX,2.7,3.0,-1.0,-19.0,5553.0
2025-02-05 12:00:00+00:00,KOKX,-9.0,19.7,-9.9,-21.9,5515.0
2025-02-06 12:00:00+00:00,KOKX,-1.8,0.5999999999999999,-2.3,-17.8,5618.0
2025-02-07 12:00:00+00:00,KOKX,1.8,25.6,-1.1,-19.2,5495.0
2025-02-08 12:00:00+00:00,KOKX,-8.4,13.499999999999998,-8.6,-23.2,5518.0
2025-02-09 12:00:00+00:00,KOKX,-4.4,1.5999999999999996,-2.4,-16.2,5484.0
2025-02-10 12:00:00+00:00,KOKX,-11.4,2.5999999999999996,-14.2,-23.6,5451.0
2025-02-11 12:00:00+00:00,KOKX,-10.1,20.5,-15.1,-22.9,5484.0
2025-02-12 12:00:00+00:00,KOKX,-6.2,2.1000000000000005,-5.1,-19.9,5565.0
2025-02-13 12:00:00+00:00,KOKX,5.4,0.5,0.7,-14.7,5661.0
2025-02-14 12:00:00+00:00,KOKX,-12.8,8.5,-16.4,-27.0,5421.0
2025-02-15 12:00:00+00:00,KOKX,-5.2,16.900000000000002,-9.4,-20.0,5594.0
2025-02-16 12:00:00+00:00,KOKX,7.6,0.09999999999999964,0.3,-14.5,5596.0
2025-02-17 12:00:00+00:00,KOKX,-13.0,4.300000000000001,-15.9,-31.7,5198.0
2025-02-18 12:00:00+00:00,KOKX,-19.0,6.100000000000001,-13.2,-25.5,5359.0
2025-02-19 12:00:00+00:00,KOKX,-13.1,7.700000000000001,-13.7,-24.1,5434.0
2025-02-20 12:00:00+00:00,KOKX,-8.0,13.600000000000001,-11.0,-25.3,5396.0
2025-02-21 12:00:00+00:00,KOKX,-8.9,7.0,-17.9,-33.8,5313.0
2025-02-22 12:00:00+00:00,KOKX,-4.8,16.599999999999998,-14.8,-29.3,5450.0
2025-02-23 12:00:00+00:00,KOKX,-5.3,47.7,-13.3,-29.0,5417.0
2025-02-24 12:00:00+00:00,KOKX,-5.6,4.4,-12.7,-25.7,5468.0
2025-02-25 12:00:00+00:00,KOKX,3.4,11.0,-4.3,-20.5,5550.0
2025-02-26 12:00:00+00:00,KOKX,0.0,9.8,-8.3,-25.0,5437.0
2025-02-27 12:00:00+00:00,KOKX,5.7,7.7,-5.9,-22.1,5549.0
2025-02-28 12:00:00+00:00,KOKX,-4.0,6.4,-12.3,-23.9,5337.0
2025-03-01 12:00:00+00:00,KOKX,4.9,12.9,-7.4,-23.4,5434.0
2025-03-02 12:00:00+00:00,KOKX,-17.9,5.400000000000002,-19.5,-32.1,5247.0
2025-03-03 12:00:00+00:00,KOKX,-15.8,10.0,-22.0,-33.0,5290.0
2025-03-04 12:00:00+00:00,KOKX,-4.0,14.8,-7.9,-20.5,5568.0
2025-03-05 12:00:00+00:00,KOKX,3.9,2.0,-3.9,-13.6,5647.0
2025-03-06 12:00:00+00:00,KOKX,5.3,2.3,-5.0,-17.2,5419.0
2025-03-07 12:00:00+00:00,KOKX,-10.9,3.799999999999999,-12.6,-23.2,5271.0
2025-03-08 12:00:00+00:00,KOKX,-6.2,4.3999999999999995,-13.2,-23.7,5315.0
2025-03-09 12:00:00+00:00,KOKX,-6.7,21.0,-14.5,-24.5,5370.0
2025-03-10 12:00:00+00:00,KOKX,1.6,9.799999999999999,-7.3,-25.9,5474.0
2025-03-11 12:00:00+00:00,KOKX,3.6,12.0,-5.1,-19.5,5550.0
2025-03-12 12:00:00+00:00,KOKX,6.4,10.0,-3.9,-21.1,5570.0
2025-03-13 12:00:00+00:00,KOKX,1.6,14.0,-4.1,-19.1,5590.0
2025-03-14 12:00:00+00:00,KOKX,7.0,17.0,-3.3,-21.1,5630.0
2025-03-15 12:00:00+00:00,KOKX,9.2,17.0,-0.5,-18.9,5680.0
2025-03-16 12:00:00+00:00,KOKX,7.4,1.8000000000000007,4.8,-14.9,5740.0
2025-03-17 12:00:00+00:00,KOKX,7.0,4.8,0.0,-13.3,5640.0
2025-03-18 12:00:00+00:00,KOKX,2.2,7.0,-4.1,-19.7,5560.0
2025-03-19 12:00:00+00:00,KOKX,9.0,18.0,0.6,-16.7,5700.0
2025-03-20 12:00:00+00:00,KOKX,12.0,30.0,3.6,-16.5,5680.0
2025-03-21 12:00:00+00:00,KOKX,-0.9,3.3000000000000003,-7.5,-22.9,5400.0
2025-03-22 12:00:00+00:00,KOKX,0.2,18.0,-5.7,-24.9,5490.0
2025-03-23 12:00:00+00:00,KOKX,-4.3,37.0,-9.1,-25.3,5450.0
2025-03-24 12:00:00+00:00,KOKX,3.4,2.0999999999999996,-5.1,-19.5,5590.0
2025-03-25 12:00:00+00:00,KOKX,-0.7,17.0,-10.1,-24.9,5450.0
2025-03-26 12:00:00+00:00,KOKX,-3.1,8.0,-12.1,-32.3,5410.0
2025-03-27 12:00:00+00:00,KOKX,-10.9,4.699999999999999,-17.5,-31.1,5370.0
2025-03-28 12:00:00+00:00,KOKX,-0.7,6.0,-10.5,-22.7,5550.0
2025-03-29 12:00:00+00:00,KOKX,12.6,10.0,-1.3,-17.1,5680.0
2025-03-30 12:00:00+00:00,KOKX,11.8,8.0,0.2,-16.1,5710.0
2025-03-31 12:00:00+00:00,KOKX,11.0,3.9000000000000004,4.4,-14.3,5690.0
2025-04-01 12:00:00+00:00,KOKX,5.2,1.0,-4.3,-18.9,5520.0
2025-04-02 12:00:00+00:00,KOKX,-0.9,49.0,-3.7,-18.5,5670.0
2025-04-03 12:00:00+00:00,KOKX,10.8,0.0,3.2,-13.5,5790.0
2025-04-04 12:00:00+00:00,KOKX,13.2,4.399999999999999,3.4,-11.5,5780.0
2025-04-05 12:00:00+00:00,KOKX,7.6,35.0,1.8,-11.9,5790.0
2025-04-06 12:00:00+00:00,KOKX,12.8,1.5,3.8,-8.9,5710.0
2025-04-07 12:00:00+00:00,KOKX,3.2,0.20000000000000018,1.2,-14.3,5610.0
2025-04-08 12:00:00+00:00,KOKX,-2.9,2.1,-9.7,-20.5,5410.0
2025-04-09 12:00:00+00:00,KOKX,-9.9,13.999999999999998,-19.1,-21.9,5410.0
2025-04-10 12:00:00+00:00,KOKX,-5.3,11.0,-5.5,-20.3,5620.0
2025-04-11 12:00:00+00:00,KOKX,1.8,14.0,-7.3,-23.3,5570.0
2025-04-12 12:00:00+00:00,KOKX,3.2,0.0,-5.3,-22.5,5540.0
2025-04-13 12:00:00+00:00,KOKX,2.2,8.0,-6.3,-22.7,5490.0
2025-04-14 12:00:00+00:00,KOKX,2.2,12.0,-2.9,-17.7,5580.0
2025-04-15 12:00:00+00:00,KOKX,10.4,6.0,0.6,-18.3,5560.0
2025-04-16 12:00:00+00:00,KOKX,-5.1,2.8000000000000007,-13.5,-31.1,5320.0
2025-04-17 12:00:00+00:00,KOKX,0.2,11.0,-10.7,-26.3,5480.0
2025-04-18 12:00:00+00:00,KOKX,4.8,36.0,-1.9,-18.5,5710.0
2025-04-19 12:00:00+00:00,KOKX,16.6,17.0,4.4,-12.9,5790.0
2025-04-20 12:00:00+00:00,KOKX,7.8,5.0,1.8,-12.9,5750.0
2025-04-21 12:00:00+00:00,KOKX,5.8,40.0,1.8,-14.3,5780.0
2025-04-22 12:00:00+00:00,KOKX,11.6,6.0,0.4,-13.5,5720.0
2025-04-23 12:00:00+00:00,KOKX,9.4,24.0,-1.5,-16.9,5730.0
2025-04-24 12:00:00+00:00,KOKX,8.6,9.0,-0.9,-17.9,5750.0
2025-04-25 12:00:00+00:00,KOKX,11.6,16.0,-0.3,-15.7,5770.0
2025-04-26 12:00:00+00:00,KOKX,10.8,1.6000000000000014,1.0,-12.9,5720.0
2025-04-27 12:00:00+00:00,KOKX,-2.9,4.199999999999999,-4.5,-20.3,5530.0
2025-04-28 12:00:00+00:00,KOKX,4.4,15.0,-3.3,-20.5,5690.0
2025-04-29 12:00:00+00:00,KOKX,8.6,28.0,1.4,-13.5,5780.0
2025-04-30 12:00:00+00:00,KOKX,12.8,8.0,3.0,-13.1,5730.0
2025-05-01 12:00:00+00:00,KOKX,8.2,15.0,3.2,-12.7,5760.0
2025-05-02 12:00:00+00:00,KOKX,13.8,5.0,3.4,-11.7,5740.0
2025-05-03 12:00:00+00:00,KOKX,13.6,4.699999999999999,1.8,-13.5,5740.0
2025-05-04 12:00:00+00:00,KOKX,10.2,3.6999999999999993,5.2,-13.3,5730.0
2025-05-05 12:00:00+00:00,KOKX,9.4,1.7000000000000002,2.0,-13.5,5760.0
2025-05-06 12:00:00+00:00,KOKX,10.6,2.5999999999999996,2.2,-15.3,5770.0
2025-05-07 12:00:00+00:00,KOKX,6.8,4.4,-3.3,-17.9,5640.0
2025-05-08 12:00:00+00:00,KOKX,9.0,5.0,1.8,-16.3,5710.0
2025-05-09 12:00:00+00:00,KOKX,9.4,3.9000000000000004,-1.1,-16.7,5680.0
2025-05-10 12:00:00+00:00,KOKX,2.4,1.0999999999999999,-4.3,-20.7,5540.0
2025-05-11 12:00:00+00:00,KOKX,9.2,13.0,-0.5,-13.7,5740.0
2025-05-12 12:00:00+00:00,KOKX,7.4,10.0,2.4,-12.9,5820.0
2025-05-13 12:00:00+00:00,KOKX,11.5,8.1,2.5,-13.0,5811.0
2025-05-14 12:00:00+00:00,KOKX,9.8,2.500000000000001,1.4,-12.7,5770.0
2025-05-15 12:00:00+00:00,KOKX,12.2,1.799999999999999,2.8,-13.3,5740.0
2025-05-16 12:00:00+00:00,KOKX,12.6,5.0,3.6,-12.1,5720.0
2025-05-17 12:00:00+00:00,KOKX,15.0,10.0,6.4,-11.9,5720.0
2025-05-18 12:00:00+00:00,KOKX,6.6,7.0,-0.7,-13.9,5580.0
2025-05-19 12:00:00+00:00,KOKX,9.8,14.0,0.6,-17.9,5600.0
2025-05-20 12:00:00+00:00,KOKX,3.0,4.9,0.2,-15.3,5620.0
2025-05-21 12:00:00+00:00,KOKX,1.4,1.4,1.8,-11.3,5670.0
2025-05-22 12:00:00+00:00,KOKX,4.6,1.3999999999999995,-1.9,,
2025-05-23 12:00:00+00:00,KOKX,3.6,2.0,-3.7,-18.3,5540.0
2025-05-24 12:00:00+00:00,KOKX,1.2,4.3,-9.3,-22.5,5510.0
2025-05-25 12:00:00+00:00,KOKX,1.8,4.2,-4.7,-19.1,5610.0
2025-05-26 12:00:00+00:00,KOKX,3.6,5.0,-6.1,-20.5,5640.0
2025-05-27 12:00:00+00:00,KOKX,6.6,7.0,-3.5,-15.3,5750.0
2025-05-28 12:00:00+00:00,KOKX,6.6,6.0,-0.9,-13.1,5780.0
2025-05-29 12:00:00+00:00,KOKX,9.8,0.9000000000000004,2.8,-10.3,5770.0
2025-05-30 12:00:00+00:00,KOKX,10.6,4.5,0.6,-12.5,5680.0
2025-05-31 12:00:00+00:00,KOKX,9.8,1.8000000000000007,2.8,-18.1,5470.0
2025-06-01 12:00:00+00:00,KOKX,1.4,4.3,-3.7,-20.9,5480.0
2025-06-02 12:00:00+00:00,KOKX,4.0,6.0,-3.9,-18.9,5590.0
2025-06-03 12:00:00+00:00,KOKX,7.2,10.0,-2.3,-11.9,5710.0
2025-06-04 12:00:00+00:00,KOKX,15.6,32.0,7.6,-7.9,5900.0
2025-06-05 12:00:00+00:00,KOKX,16.0,7.0,7.6,-8.3,5880.0
2025-06-06 12:00:00+00:00,KOKX,16.4,8.999999999999998,6.0,-12.9,5820.0
2025-06-07 12:00:00+00:00,KOKX,14.2,2.799999999999999,4.8,-10.9,5750.0
2025-06-08 12:00:00+00:00,KOKX,12.0,4.9,3.2,-11.3,5730.0
2025-06-09 12:00:00+00:00,KOKX,11.8,0.7000000000000011,4.4,-12.1,5760.0
2025-06-10 12:00:00+00:00,KOKX,15.4,3.200000000000001,5.0,-9.7,5770.0
2025-06-11 12:00:00+00:00,KOKX,11.2,4.999999999999999,2.6,-11.7,5780.0
2025-06-12 12:00:00+00:00,KOKX,15.0,9.0,5.4,-10.1,5820.0
2025-06-13 12:00:00+00:00,KOKX,14.6,3.9000000000000004,5.6,-10.7,5820.0
2025-06-14 12:00:00+00:00,KOKX,12.4,1.0999999999999996,4.2,-9.7,5820.0
2025-06-15 12:00:00+00:00,KOKX,11.0,1.0,4.6,-8.1,5830.0
2025-06-16 12:00:00+00:00,KOKX,11.0,1.3000000000000007,4.0,-8.1,5830.0
2025-06-17 12:00:00+00:00,KOKX,12.6,1.0,5.4,-9.9,5820.0
2025-06-18 12:00:00+00:00,KOKX,15.2,0.0,7.4,-7.3,5850.0
2025-06-19 12:00:00+00:00,KOKX,17.6,6.000000000000002,8.2,-6.9,5840.0
2025-06-20 12:00:00+00:00,KOKX,11.6,7.0,6.0,-10.3,5740.0
2025-06-21 12:00:00+00:00,KOKX,13.2,6.299999999999999,3.5,-13.2,5810.0
2025-06-22 12:00:00+00:00,KOKX,17.6,7.000000000000002,7.6,-10.3,5880.0
2025-06-23 12:00:00+00:00,KOKX,18.2,1.6999999999999993,12.2,-7.1,5960.0
2025-06-24 12:00:00+00:00,KOKX,22.0,20.0,11.4,-5.5,5960.0
2025-06-25 12:00:00+00:00,KOKX,19.8,8.0,9.0,-4.5,5930.0
2025-06-26 12:00:00+00:00,KOKX,16.2,0.7999999999999989,8.4,-5.7,5890.0
2025-06-27 12:00:00+00:00,KOKX,14.4,0.0,6.6,-7.3,5900.0
2025-06-28 12:00:00+00:00,KOKX,15.6,0.6999999999999993,6.8,-7.1,5890.0
2025-06-29 12:00:00+00:00,KOKX,16.8,2.200000000000001,8.4,-8.3,5880.0
2025-06-30 12:00:00+00:00,KOKX,16.6,8.000000000000002,7.8,-7.1,5880.0
2025-07-01 12:00:00+00:00,KOKX,18.8,4.800000000000001,7.8,-7.1,5860.0
2025-07-02 12:00:00+00:00,KOKX,15.6,7.0,6.8,-7.1,5820.0
2025-07-03 12:00:00+00:00,KOKX,14.4,6.0,7.4,-10.1,5780.0
2025-07-04 12:00:00+00:00,KOKX,11.6,7.0,4.2,-12.3,5760.0
2025-07-05 12:00:00+00:00,KOKX,11.4,7.0,7.8,-9.1,5880.0
2025-07-06 12:00:00+00:00,KOKX,15.4,3.8000000000000007,8.8,-6.1,5900.0
2025-07-07 12:00:00+00:00,KOKX,15.8,1.0,8.6,-4.9,5900.0
2025-07-08 12:00:00+00:00,KOKX,19.6,6.000000000000002,9.4,-6.3,5890.0
2025-07-09 12:00:00+00:00,KOKX,18.2,9.0,8.2,-6.5,5880.0
2025-07-10 12:00:00+00:00,KOKX,15.4,2.0999999999999996,6.4,-7.7,5840.0
2025-07-11 12:00:00+00:00,KOKX,16.2,8.0,6.4,-6.3,5860.0
2025-07-12 12:00:00+00:00,KOKX,17.4,10.999999999999998,6.4,-7.3,5880.0
2025-07-13 12:00:00+00:00,KOKX,17.4,6.999999999999998,8.2,-6.3,5890.0
2025-07-14 12:00:00+00:00,KOKX,16.4,2.599999999999998,8.2,-6.5,5900.0
2025-07-15 12:00:00+00:00,KOKX,15.8,1.4000000000000004,7.6,-5.7,5890.0
2025-07-16 12:00:00+00:00,KOKX,17.0,4.9,8.0,-7.7,5910.0
2025-07-17 12:00:00+00:00,KOKX,18.6,3.8000000000000007,9.4,-7.3,5870.0
2025-07-18 12:00:00+00:00,KOKX,15.0,8.0,10.0,-5.3,5880.0
2025-07-19 12:00:00+00:00,KOKX,13.8,15.0,7.0,-6.5,5880.0
2025-07-20 12:00:00+00:00,KOKX,16.0,2.0999999999999996,8.0,-8.5,5830.0
2025-07-21 12:00:00+00:00,KOKX,14.8,13.0,7.2,-7.5,5790.0
2025-07-22 12:00:00+00:00,KOKX,9.4,6.0,5.4,-8.1,5810.0
2025-07-23 12:00:00+00:00,KOKX,9.4,4.6000000000000005,8.4,-6.5,5890.0
2025-07-24 12:00:00+00:00,KOKX,13.0,2.6999999999999993,10.4,-4.3,5940.0
2025-07-25 12:00:00+00:00,KOKX,18.4,4.199999999999999,10.8,-5.1,5910.0
2025-07-26 12:00:00+00:00,KOKX,15.2,2.8999999999999986,7.6,-6.5,5890.0
2025-07-27 12:00:00+00:00,KOKX,15.2,1.1999999999999993,6.4,-6.7,5880.0
2025-07-28 12:00:00+00:00,KOKX,17.2,3.1999999999999993,9.6,-3.5,5890.0
2025-07-29 12:00:00+00:00,KOKX,19.2,11.0,8.8,-7.3,5900.0
2025-07-30 12:00:00+00:00,KOKX,19.0,6.0,8.2,-7.7,5890.0
2025-07-31 12:00:00+00:00,KOKX,18.0,2.4000000000000004,8.8,-6.7,5880.0
2025-08-01 12:00:00+00:00,KOKX,11.2,0.6999999999999993,6.0,-8.3,5840.0
2025-08-02 12:00:00+00:00,KOKX,9.0,6.0,4.4,-10.9,5830.0
2025-08-03 12:00:00+00:00,KOKX,9.2,5.999999999999999,4.8,-11.5,5830.0
2025-08-04 12:00:00+00:00,KOKX,14.6,16.0,6.4,-11.7,5840.0
2025-08-05 12:00:00+00:00,KOKX,13.4,8.0,6.6,-9.5,5900.0
2025-08-06 12:00:00+00:00,KOKX,13.0,3.6999999999999993,3.6,-9.5,5910.0
2025-08-07 12:00:00+00:00,KOKX,12.6,8.0,1.2,-10.7,5870.0
2025-08-08 12:00:00+00:00,KOKX,11.8,22.0,5.8,-10.5,5860.0
2025-08-09 12:00:00+00:00,KOKX,13.6,28.0,5.8,-10.3,5860.0
2025-08-10 12:00:00+00:00,KOKX,13.8,4.200000000000001,6.8,-9.1,5900.0
2025-08-11 12:00:00+00:00,KOKX,14.6,7.0,6.8,-5.5,5920.0
2025-08-12 12:00:00+00:00,KOKX,17.2,38.0,7.0,-6.1,5890.0
2025-08-13 12:00:00+00:00,KOKX,16.4,1.9999999999999982,7.4,-7.7,5850.0
2025-08-14 12:00:00+00:00,KOKX,17.0,4.5,8.2,-7.1,5830.0
2025-08-15 12:00:00+00:00,KOKX,16.8,6.0,6.8,-6.1,5900.0
2025-08-16 12:00:00+00:00,KOKX,15.0,3.1999999999999993,6.0,-7.3,5890.0
2025-08-17 12:00:00+00:00,KOKX,15.8,3.0,6.4,-7.3,5850.0
2025-08-18 12:00:00+00:00,KOKX,14.4,0.3000000000000007,5.4,-4.5,5850.0
2025-08-19 12:00:00+00:00,KOKX,11.2,20.0,6.2,-7.5,5880.0
2025-08-20 12:00:00+00:00,KOKX,13.0,27.0,7.0,-5.9,5860.0
2025-08-21 12:00:00+00:00,KOKX,12.2,1.0,6.0,-7.5,5810.0
2025-08-22 12:00:00+00:00,KOKX,9.0,8.0,7.4,-7.3,5800.0
2025-08-23 12:00:00+00:00,KOKX,12.0,7.0,5.8,-10.7,5840.0
2025-08-24 12:00:00+00:00,KOKX,13.0,12.0,8.2,-9.7,5820.0
2025-08-25 12:00:00+00:00,KOKX,14.1,3.799999999999999,5.2,-10.2,5760.0
2025-08-26 12:00:00+00:00,KOKX,10.0,12.0,-0.7,-13.1,5720.0
2025-08-27 12:00:00+00:00,KOKX,9.0,9.0,-3.7,-19.3,5670.0
2025-08-28 12:00:00+00:00,KOKX,7.2,6.0,3.0,-14.1,5760.0
2025-08-29 12:00:00+00:00,KOKX,9.0,3.4000000000000004,-1.9,-16.3,5700.0
2025-08-30 12:00:00+00:00,KOKX,6.8,4.3,1.6,-16.1,5690.0
2025-08-31 12:00:00+00:00,KOKX,7.2,5.800000000000001,-0.5,-13.1,5758.0
2025-09-01 12:00:00+00:00,KOKX,8.0,2.4000000000000004,1.4,-14.7,5780.0
2025-09-02 12:00:00+00:00,KOKX,9.6,10.0,0.8,-14.9,5770.0
2025-09-03 12:00:00+00:00,KOKX,10.2,12.0,0.2,-14.7,5720.0
2025-09-04 12:00:00+00:00,KOKX,10.6,6.0,5.4,-11.5,5740.0
2025-09-05 12:00:00+00:00,KOKX,12.8,1.9000000000000004,4.8,-9.3,5780.0
2025-09-06 12:00:00+00:00,KOKX,16.2,5.0,6.4,-8.9,5840.0
2025-09-07 12:00:00+00:00,KOKX,12.8,0.5,4.2,-9.1,5800.0
2025-09-08 12:00:00+00:00,KOKX,6.6,10.0,3.2,-9.3,5800.0
2025-09-09 12:00:00+00:00,KOKX,8.6,19.0,6.6,-10.9,5850.0
2025-09-10 12:00:00+00:00,KOKX,12.6,1.0,3.8,-8.9,5850.0
2025-09-11 12:00:00+00:00,KOKX,10.6,15.0,6.6,-7.7,5820.0
2025-09-12 12:00:00+00:00,KOKX,10.0,4.2,3.2,-12.5,5800.0
2025-09-13 12:00:00+00:00,KOKX,8.8,2.500000000000001,5.4,-11.3,5800.0
2025-09-14 12:00:00+00:00,KOKX,11.4,6.0,0.4,-10.9,5780.0
2025-09-15 12:00:00+00:00,KOKX,10.6,8.0,6.8,-7.5,5860.0
2025-09-16 12:00:00+00:00,KOKX,10.6,15.0,7.0,-9.1,5870.0
2025-09-17 12:00:00+00:00,KOKX,15.2,5.0,6.4,-10.7,5830.0
2025-09-18 12:00:00+00:00,KOKX,11.8,1.1000000000000014,4.4,-10.7,5770.0
2025-09-19 12:00:00+00:00,KOKX,13.4,6.0,5.2,-10.9,5800.0
2025-09-20 12:00:00+00:00,KOKX,10.0,6.0,5.4,-9.3,5840.0
2025-09-21 12:00:00+00:00,KOKX,10.4,46.0,5.4,-11.5,5840.0
2025-09-22 12:00:00+00:00,KOKX,12.0,6.0,5.4,-8.3,5830.0
2025-09-23 12:00:00+00:00,KOKX,15.0,5.0,5.4,-8.7,5830.0
2025-09-24 12:00:00+00:00,KOKX,13.8,3.200000000000001,3.8,-9.5,5810.0
2025-09-25 12:00:00+00:00,KOKX,14.4,1.200000000000001,6.0,-9.1,5830.0
2025-09-26 12:00:00+00:00,KOKX,14.4,6.0,8.2,-10.5,5770.0
2025-09-27 12:00:00+00:00,KOKX,12.8,9.0,7.4,-7.7,5820.0
2025-09-28 12:00:00+00:00,KOKX,12.6,7.0,6.6,-8.7,5830.0
2025-09-29 12:00:00+00:00,KOKX,15.4,49.0,9.0,-8.9,5900.0
2025-09-30 12:00:00+00:00,KOKX,16.2,23.0,6.8,-11.1,5850.0
2025-10-01 12:00:00+00:00,KOKX,6.8,14.0,6.8,-11.3,5790.0
2025-10-02 12:00:00+00:00,KOKX,3.4,10.0,4.6,-10.1,5840.0
2025-10-03 12:00:00+00:00,KOKX,8.6,34.0,4.2,-11.1,5880.0
2025-10-04 12:00:00+00:00,KOKX,12.2,25.0,4.8,-11.9,5840.0
2025-10-05 12:00:00+00:00,KOKX,13.4,5.0,5.2,-13.3,5880.0
2025-10-06 12:00:00+00:00,KOKX,14.0,11.0,7.0,-11.3,5890.0
2025-10-07 12:00:00+00:00,KOKX,13.0,9.0,5.4,-11.1,5850.0
2025-10-08 12:00:00+00:00,KOKX,12.6,0.40000000000000036,4.2,-12.9,5770.0
2025-10-09 12:00:00+00:00,KOKX,2.0,4.5,-1.1,-14.5,5740.0
2025-10-10 12:00:00+00:00,KOKX,5.2,49.0,1.2,-15.5,5790.0
2025-10-11 12:00:00+00:00,KOKX,6.4,3.8000000000000003,3.2,-12.5,5770.0
2025-10-12 12:00:00+00:00,KOKX,7.8,3.3999999999999995,3.8,-11.5,5760.0
2025-10-13 12:00:00+00:00,KOKX,9.4,0.09999999999999964,4.8,-10.1,5750.0
2025-10-14 12:00:00+00:00,KOKX,13.0,2.1999999999999993,4.4,-11.1,5770.0
2025-10-15 12:00:00+00:00,KOKX,9.2,6.999999999999999,4.2,-10.7,5740.0
2025-10-16 12:00:00+00:00,KOKX,0.4,11.0,-4.5,-24.5,5520.0
2025-10-17 12:00:00+00:00,KOKX,2.8,6.0,-3.3,-14.5,5630.0
2025-10-18 12:00:00+00:00,KOKX,8.4,34.0,3.0,-10.5,5720.0
2025-10-19 12:00:00+00:00,KOKX,12.8,6.000000000000001,5.8,-10.3,5790.0
2025-10-20 12:00:00+00:00,KOKX,9.8,2.000000000000001,2.8,-13.5,5660.0
2025-10-21 12:00:00+00:00,KOKX,4.0,12.0,4.6,-11.9,5680.0
2025-10-22 12:00:00+00:00,KOKX,6.0,2.4,-3.5,-19.5,5540.0
2025-10-23 12:00:00+00:00,KOKX,2.4,8.0,-8.3,-24.5,5520.0
2025-10-24 12:00:00+00:00,KOKX,1.6,8.0,-9.1,-20.9,5550.0
2025-10-25 12:00:00+00:00,KOKX,-1.3,6.0,-5.5,-22.1,5620.0
2025-10-26 12:00:00+00:00,KOKX,-0.5,5.0,-8.5,-20.5,5640.0
2025-10-27 12:00:00+00:00,KOKX,-2.3,9.0,-8.7,-22.1,5620.0
2025-10-28 12:00:00+00:00,KOKX,-1.9,7.0,-5.7,-20.1,5620.0
2025-10-29 12:00:00+00:00,KOKX,1.4,1.4,-4.9,-15.3,5640.0
2025-10-30 12:00:00+00:00,KOKX,7.4,2.4000000000000004,2.4,-13.1,5710.0
2025-10-31 12:00:00+00:00,KOKX,3.4,3.6999999999999997,-1.3,-16.3,5450.0
2025-11-01 12:00:00+00:00,KOKX,2.2,19.0,-1.3,-18.9,5550.0
2025-11-02 12:00:00+00:00,KOKX,0.2,10.0,-1.3,-18.5,5650.0
2025-11-03 12:00:00+00:00,KOKX,4.8,14.0,-1.3,-16.7,5690.0
2025-11-04 12:00:00+00:00,KOKX,-2.1,4.9,-9.5,-12.3,5570.0
2025-11-05 12:00:00+00:00,KOKX,2.2,26.0,-3.1,-16.3,5640.0
2025-11-06 12:00:00+00:00,KOKX,-2.1,6.0,-11.9,-27.1,5420.0
2025-11-07 12:00:00+00:00,KOKX,-2.5,7.0,-1.5,-16.7,5630.0
2025-11-08 12:00:00+00:00,KOKX,7.2,2.2,-2.1,-17.9,5560.0
2025-11-09 12:00:00+00:00,KOKX,6.6,13.0,-4.3,-21.1,5600.0
2025-11-10 12:00:00+00:00,KOKX,7.0,1.9000000000000004,-1.1,-16.9,5580.0
2025-11-11 12:00:00+00:00,KOKX,-8.1,10.000000000000002,-15.5,-31.9,5250.0
2025-11-12 12:00:00+00:00,KOKX,-4.7,5.999999999999999,-10.3,-23.5,5450.0
2025-11-13 12:00:00+00:00,KOKX,-1.9,9.0,-8.9,-27.7,5430.0
2025-11-14 12:00:00+00:00,KOKX,-6.3,5.000000000000001,-14.3,-28.3,5430.0
2025-11-15 12:00:00+00:00,KOKX,-5.1,7.0,-6.3,-18.7,5500.0
2025-11-16 12:00:00+00:00,KOKX,7.6,8.0,-3.5,-19.3,5390.0
2025-11-17 12:00:00+00:00,KOKX,-8.5,4.6,-15.1,-29.5,5260.0
2025-11-18 12:00:00+00:00,KOKX,-3.3,13.0,-10.5,-19.7,5500.0
2025-11-19 12:00:00+00:00,KOKX,-2.3,1.2000000000000002,-3.5,-17.1,5620.0
2025-11-20 12:00:00+00:00,KOKX,-0.7,28.0,-0.3,-17.7,5670.0
2025-11-21 12:00:00+00:00,KOKX,1.6,1.1,-0.3,-15.9,5650.0
2025-11-22 12:00:00+00:00,KOKX,4.4,0.0,-2.3,-15.9,5600.0
2025-11-23 12:00:00+00:00,KOKX,-3.3,9.0,-6.5,-18.5,5540.0
2025-11-24 12:00:00+00:00,KOKX,-4.1,4.5,-8.9,-19.9,5520.0
2025-11-25 12:00:00+00:00,KOKX,4.2,27.0,-4.3,-15.1,5680.0
2025-11-26 12:00:00+00:00,KOKX,9.6,4.199999999999999,-0.5,-15.5,5670.0
2025-11-27 12:00:00+00:00,KOKX,-6.3,4.500000000000001,-2.1,-18.1,5530.0
2025-11-28 12:00:00+00:00,KOKX,-9.1,6.0,-20.1,-31.1,5290.0
2025-11-29 12:00:00+00:00,KOKX,-9.5,7.0,-13.5,-22.9,5500.0
2025-11-30 12:00:00+00:00,KOKX,-7.1,4.6,-4.5,-20.7,5640.0
2025-12-01 12:00:00+00:00,KOKX,-4.5,11.0,-9.1,-21.1,5540.0
2025-12-02 12:00:00+00:00,KOKX,-5.7,1.5999999999999996,-4.7,-19.5,5570.0
2025-12-03 12:00:00+00:00,KOKX,-2.1,7.0,-4.7,-20.3,5500.0
2025-12-04 12:00:00+00:00,KOKX,-1.5,12.0,-9.7,-19.3,5520.0
2025-12-05 12:00:00+00:00,KOKX,-12.1,41.0,-12.5,-25.1,5460.0
2025-12-06 12:00:00+00:00,KOKX,-5.9,2.0999999999999996,-9.5,-22.1,5460.0
2025-12-07 12:00:00+00:00,KOKX,-1.7,19.0,-11.7,-23.7,5460.0
2025-12-08 12:00:00+00:00,KOKX,-11.5,8.0,-10.3,-26.9,5430.0
2025-12-09 12:00:00+00:00,KOKX,-11.1,30.0,-15.5,-32.3,5380.0
2025-12-10 12:00:00+00:00,KOKX,0.6,7.0,-9.7,-23.9,5430.0
2025-12-11 12:00:00+00:00,KOKX,-8.3,1.799999999999999,-13.9,-29.5,5260.0
2025-12-12 12:00:00+00:00,KOKX,-12.3,10.0,-18.5,-34.5,5260.0
2025-12-13 12:00:00+00:00,KOKX,-5.9,20.700000000000003,-12.6,-29.3,5424.0
2025-12-14 12:00:00+00:00,KOKX,-6.3,2.000000000000001,-9.7,-21.7,5450.0
2025-12-15 12:00:00+00:00,KOKX,-13.1,6.9,-18.8,-28.4,5319.0
2025-12-16 12:00:00+00:00,KOKX,-9.3,19.0,-7.7,-28.5,5450.0
2025-12-17 12:00:00+00:00,KOKX,0.2,9.0,0.8,-15.9,5640.0
2025-12-18 12:00:00+00:00,KOKX,4.2,49.0,-1.3,-20.7,5690.0
2025-12-19 12:00:00+00:00,KOKX,8.4,3.8000000000000007,-2.5,-13.5,5610.0
2025-12-20 12:00:00+00:00,KOKX,-3.5,16.0,-5.3,-19.9,5540.0
2025-12-21 12:00:00+00:00,KOKX,2.6,13.0,-4.7,-16.7,5570.0
2025-12-22 12:00:00+00:00,KOKX,-6.1,16.0,-16.3,-36.1,5420.0
2025-12-23 12:00:00+00:00,KOKX,-6.7,2.999999999999999,-10.7,-21.3,5550.0
2025-12-24 12:00:00+00:00,KOKX,-5.1,3.200000000000001,-9.5,-21.9,5440.0
2025-12-25 12:00:00+00:00,KOKX,0.6,10.0,-6.9,-22.9,5540.0
2025-12-26 12:00:00+00:00,KOKX,-5.1,31.0,-5.7,-18.7,5540.0
2025-12-27 12:00:00+00:00,KOKX,-5.1,1.8000000000000007,-5.3,-21.7,5490.0
2025-12-28 12:00:00+00:00,KOKX,4.0,17.0,-2.3,-21.1,5610.0
2025-12-29 12:00:00+00:00,KOKX,9.6,2.5,4.6,-12.7,5580.0
2025-12-30 12:00:00+00:00,KOKX,-13.5,2.6000000000000014,-16.5,-27.3,5240.0
2025-12-31 12:00:00+00:00,KOKX,-14.7,4.100000000000001,-16.1,-26.9,5290.0
2026-01-01 12:00:00+00:00,KOKX,-7.5,3.0,-18.5,-33.7,5200.0
2026-01-02 12:00:00+00:00,KOKX,-14.3,7.0,-16.3,-30.5,5230.0
2026-01-03 12:00:00+00:00,KOKX,-14.1,6.000000000000002,-9.7,-21.3,5410.0
2026-01-04 12:00:00+00:00,KOKX,-8.9,1.5999999999999996,-14.1,-28.5,5370.0
2026-01-05 12:00:00+00:00,KOKX,-5.1,19.0,-8.1,-21.7,5520.0
2026-01-06 12:00:00+00:00,KOKX,-1.7,2.5,-3.1,-20.3,5560.0
2026-01-07 12:00:00+00:00,KOKX,3.6,2.2,-6.9,-25.5,5450.0
2026-01-08 12:00:00+00:00,KOKX,0.8,4.6,-6.1,-17.9,5590.0
2026-01-09 12:00:00+00:00,KOKX,6.0,15.0,-0.1,-15.1,5740.0
2026-01-10 12:00:00+00:00,KOKX,8.6,49.0,-0.1,-15.7,5710.0
2026-01-11 12:00:00+00:00,KOKX,3.6,7.0,-1.9,-17.3,5560.0
2026-01-12 12:00:00+00:00,KOKX,-7.1,16.0,-8.7,-24.1,5500.0
2026-01-13 12:00:00+00:00,KOKX,-0.7,9.0,-9.7,-25.3,5500.0
2026-01-14 12:00:00+00:00,KOKX,4.8,13.0,-5.1,-21.3,5500.0
2026-01-15 12:00:00+00:00,KOKX,0.4,3.3,-6.7,-23.1,5360.0
2026-01-16 12:00:00+00:00,KOKX,-16.5,4.800000000000001,-14.9,-32.9,5220.0
2026-01-17 12:00:00+00:00,KOKX,-4.7,12.0,-6.5,-23.3,5520.0
2026-01-18 12:00:00+00:00,KOKX,-4.7,1.5999999999999996,-9.7,-22.9,5520.0
2026-01-19 12:00:00+00:00,KOKX,-9.5,3.3000000000000007,-13.3,-26.3,5340.0
2026-01-20 12:00:00+00:00,KOKX,-15.1,11.000000000000002,-19.3,-30.9,5320.0
2026-01-21 12:00:00+00:00,KOKX,-12.7,22.000000000000004,-13.5,-27.1,5470.0
2026-01-22 12:00:00+00:00,KOKX,-1.1,6.0,-7.9,-23.7,5490.0
2026-01-23 12:00:00+00:00,KOKX,-9.1,16.0,-11.7,-27.1,5440.0
2026-01-24 12:00:00+00:00,KOKX,-18.7,18.000000000000004,-18.5,-22.9,5420.0
2026-01-25 12:00:00+00:00,KOKX,-12.5,2.5999999999999996,-10.3,-17.1,5560.0
2026-01-26 12:00:00+00:00,KOKX,-5.5,1.7999999999999998,-4.9,-17.5,5460.0
2026-01-27 12:00:00+00:00,KOKX,-16.3,11.0,-17.9,-29.5,5300.0
2026-01-28 12:00:00+00:00,KOKX,-17.3,8.0,-23.5,-32.5,5250.0
2026-01-29 12:00:00+00:00,KOKX,-18.3,6.0,-25.3,-40.1,5160.0
2026-01-30 12:00:00+00:00,KOKX,-18.3,13.999999999999996,-24.3,-34.3,5210.0
2026-01-31 12:00:00+00:00,KOKX,-12.1,5.000000000000002,-16.7,-31.7,5330.0
2026-02-01 12:00:00+00:00,KOKX,-10.9,5.999999999999998,-12.7,-27.5,5320.0
2026-02-02 12:00:00+00:00,KOKX,-7.3,18.0,-15.7,-30.5,5320.0
2026-02-03 12:00:00+00:00,KOKX,-8.1,10.000000000000002,-14.1,-28.1,5400.0
2026-02-04 12:00:00+00:00,KOKX,-12.9,3.799999999999999,-13.7,-26.9,5400.0
2026-02-05 12:00:00+00:00,KOKX,-8.5,18.0,-11.1,-27.5,5410.0
2026-02-06 12:00:00+00:00,KOKX,-6.9,9.0,-14.1,-27.3,5320.0
2026-02-07 12:00:00+00:00,KOKX,-12.1,2.0,-19.5,-34.7,5140.0
2026-02-08 12:00:00+00:00,KOKX,-15.3,7.0,-23.9,-36.5,5190.0
2026-02-09 12:00:00+00:00,KOKX,-8.9,20.0,-17.3,-30.7,5370.0
2026-02-10 12:00:00+00:00,KOKX,-3.9,48.0,-8.7,-23.5,5500.0
2026-02-11 12:00:00+00:00,KOKX,-0.7,12.0,-6.5,-20.7,5440.0
2026-02-12 12:00:00+00:00,KOKX,-12.1,3.700000000000001,-16.3,-28.9,5310.0
2026-02-13 12:00:00+00:00,KOKX,-8.3,11.0,-16.5,-32.3,5350.0
2026-02-14 12:00:00+00:00,KOKX,-6.1,4.1,-15.3,-28.9,5390.0
2026-02-15 12:00:00+00:00,KOKX,-3.1,9.0,-9.3,-22.9,5490.0
2026-02-16 12:00:00+00:00,KOKX,-2.7,2.0,-10.3,-25.7,5470.0
2026-02-17 12:00:00+00:00,KOKX,-2.1,5.0,-8.1,-27.5,5520.0
2026-02-18 12:00:00+00:00,KOKX,4.0,8.0,-5.9,-19.1,5570.0
2026-02-19 12:00:00+00:00,KOKX,1.0,0.8,-4.3,-23.1,5530.0
2026-02-20 12:00:00+00:00,KOKX,1.0,2.9,-3.1,-19.1,5550.0
2026-02-21 12:00:00+00:00,KOKX,-5.7,2.8,-12.3,-21.1,5410.0
2026-02-22 12:00:00+00:00,KOKX,-6.5,1.5999999999999996,-8.3,-25.1,5490.0
2026-02-23 12:00:00+00:00,KOKX,-6.7,1.7999999999999998,-11.7,-24.7,5240.0
2026-02-24 12:00:00+00:00,KOKX,-11.0,6.100000000000001,-18.8,-30.3,5261.0
2026-02-25 12:00:00+00:00,KOKX,-7.7,2.8,-10.5,-25.7,5380.0
2026-02-26 12:00:00+00:00,KOKX,-2.9,10.0,-10.1,-25.7,5430.0
2026-02-27 12:00:00+00:00,KOKX,-5.5,11.0,-12.1,-24.5,5470.0
2026-02-28 12:00:00+00:00,KOKX,0.2,10.0,-6.9,-18.9,5590.0
2026-03-01 12:00:00+00:00,KOKX,2.8,5.0,-5.9,-23.7,5550.0
2026-03-02 12:00:00+00:00,KOKX,-11.5,11.0,-13.9,-24.9,5540.0
2026-03-03 12:00:00+00:00,KOKX,-1.9,2.0,-8.9,-22.7,5660.0
2026-03-04 12:00:00+00:00,KOKX,6.2,4.1,-2.5,-18.5,5680.0
2026-03-05 12:00:00+00:00,KOKX,6.6,3.8999999999999995,-2.9,-17.5,5700.0
2026-03-06 12:00:00+00:00,KOKX,6.2,0.2999999999999998,-2.3,-19.5,5690.0
2026-03-07 12:00:00+00:00,KOKX,10.2,0.09999999999999964,1.2,-16.1,5760.0
2026-03-08 12:00:00+00:00,KOKX,10.8,3.3000000000000007,2.8,-13.3,5680.0
2026-03-09 12:00:00+00:00,KOKX,8.6,16.0,-1.1,-17.3,5670.0
2026-03-10 12:00:00+00:00,KOKX,9.2,17.0,3.2,-14.5,5740.0
2026-03-11 12:00:00+00:00,KOKX,13.2,11.0,0.8,-13.7,5740.0
2026-03-12 12:00:00+00:00,KOKX,13.0,5.0,4.0,-12.1,5650.0
2026-03-13 12:00:00+00:00,KOKX,-9.9,15.999999999999998,-9.9,-27.5,5430.0
2026-03-14 12:00:00+00:00,KOKX,-2.3,10.0,-16.5,-23.7,5380.0
2026-03-15 12:00:00+00:00,KOKX,-3.5,35.0,-5.3,-20.9,5650.0
2026-03-16 12:00:00+00:00,KOKX,9.8,0.9000000000000004,0.4,-15.3,5670.0
2026-03-17 12:00:00+00:00,KOKX,-9.1,1.9000000000000004,-4.3,-12.3,5470.0
2026-03-18 12:00:00+00:00,KOKX,-14.1,9.000000000000002,-16.1,-19.1,5480.0
2026-03-19 12:00:00+00:00,KOKX,-8.5,6.0,-10.1,-23.9,5530.0
2026-03-20 12:00:00+00:00,KOKX,-1.1,3.8000000000000003,-5.9,-25.1,5560.0
2026-03-21 12:00:00+00:00,KOKX,2.6,4.0,-3.7,-26.2,5501.0
2026-03-22 12:00:00+00:00,KOKX,5.2,0.9000000000000004,-2.7,-18.9,5590.0
2026-03-23 12:00:00+00:00,KOKX,6.2,0.0,-1.1,-15.7,5580.0
2026-03-24 12:00:00+00:00,KOKX,-10.3,8.0,-15.3,-23.9,5470.0
2026-03-25 12:00:00+00:00,KOKX,-3.3,10.0,-12.1,-25.3,5560.0
2026-03-26 12:00:00+00:00,KOKX,7.6,13.0,-3.9,-22.3,5610.0
2026-03-27 12:00:00+00:00,KOKX,4.2,2.5,1.0,-14.5,5630.0
2026-03-28 12:00:00+00:00,KOKX,-9.3,6.0,-19.9,-21.5,5420.0
2026-03-29 12:00:00+00:00,KOKX,-8.5,21.0,-16.7,-28.3,5510.0
2026-03-30 12:00:00+00:00,KOKX,7.2,18.0,-7.3,-21.7,5650.0
2026-03-31 12:00:00+00:00,KOKX,10.4,3.5,0.6,-17.7,5720.0
2026-04-01 12:00:00+00:00,KOKX,12.4,6.0,1.4,-16.7,5720.0
2026-04-02 12:00:00+00:00,KOKX,8.8,0.3000000000000007,1.0,-14.3,5780.0
2026-04-03 12:00:00+00:00,KOKX,10.6,1.9000000000000004,3.8,-12.9,5810.0
2026-04-04 12:00:00+00:00,KOKX,13.8,14.0,2.4,-13.3,5800.0
2026-04-05 12:00:00+00:00,KOKX,12.0,2.0999999999999996,1.8,-12.9,5730.0
2026-04-06 12:00:00+00:00,KOKX,-7.1,4.200000000000001,-7.9,-21.1,5490.0
2026-04-07 12:00:00+00:00,KOKX,-2.9,4.1,-12.9,-22.9,5480.0
2026-04-08 12:00:00+00:00,KOKX,-3.9,31.0,-9.9,-21.7,5620.0
2026-04-09 12:00:00+00:00,KOKX,2.8,49.0,-2.7,-21.3,5730.0
2026-04-10 12:00:00+00:00,KOKX,9.0,10.0,-3.3,-19.1,5740.0
2026-04-11 12:00:00+00:00,KOKX,5.8,4.8,-0.7,-19.5,5680.0
2026-04-12 12:00:00+00:00,KOKX,2.2,30.0,-1.9,-18.5,5730.0
2026-04-13 12:00:00+00:00,KOKX,11.6,4.6,0.6,-14.0,5762.0
2026-04-14 12:00:00+00:00,KOKX,12.8,9.0,2.6,-13.5,5750.0
2026-04-15 12:00:00+00:00,KOKX,14.6,10.0,2.4,-12.7,5770.0
2026-04-16 12:00:00+00:00,KOKX,15.8,6.0,5.0,-12.1,5780.0
2026-04-17 12:00:00+00:00,KOKX,12.2,3.8999999999999986,1.6,-14.1,5690.0
2026-04-18 12:00:00+00:00,KOKX,10.4,17.0,3.4,-13.5,5750.0
2026-04-19 12:00:00+00:00,KOKX,13.8,2.9000000000000004,2.4,-13.5,5680.0
2026-04-20 12:00:00+00:00,KOKX,-4.7,6.999999999999999,-16.1,-25.9,5440.0
2026-04-21 12:00:00+00:00,KOKX,-9.3,6.0,-12.9,-25.5,5510.0
2026-04-22 12:00:00+00:00,KOKX,0.2,2.0,-4.7,-21.1,5610.0
2026-04-23 12:00:00+00:00,KOKX,5.2,14.0,-2.9,-18.9,5610.0
2026-04-24 12:00:00+00:00,KOKX,3.6,9.0,-3.1,-18.7,5560.0
2026-04-25 12:00:00+00:00,KOKX,0.6,9.0,-2.1,-16.9,5610.0
2026-04-26 12:00:00+00:00,KOKX,2.0,1.2,-2.9,-16.5,5600.0
2026-04-27 12:00:00+00:00,KOKX,4.2,9.0,-4.3,-18.5,5650.0
2026-04-28 12:00:00+00:00,KOKX,4.8,8.0,0.4,-14.9,5720.0
2026-04-29 12:00:00+00:00,KOKX,6.4,10.8,1.5,-16.3,5678.0
2026-04-30 12:00:00+00:00,KOKX,5.8,0.5999999999999996,-1.5,-18.1,5580.0
2026-05-01 12:00:00+00:00,KOKX,-0.3,10.0,-6.5,-22.5,5500.0
2026-05-02 12:00:00+00:00,KOKX,2.4,12.0,-7.1,-22.7,5510.0
2026-05-03 12:00:00+00:00,KOKX,-2.7,10.0,-14.9,-25.1,5410.0
2026-05-04 12:00:00+00:00,KOKX,2.8,9.0,-7.7,-25.3,5530.0
2026-05-05 12:00:00+00:00,KOKX,10.8,8.0,-2.3,-17.3,5650.0
2026-05-06 12:00:00+00:00,KOKX,11.4,7.0,2.4,-14.9,5690.0
2026-05-07 12:00:00+00:00,KOKX,6.8,9.0,0.2,-15.7,5610.0
2026-05-08 12:00:00+00:00,KOKX,-0.7,3.3999999999999995,-10.7,-24.5,5460.0
2026-05-09 12:00:00+00:00,KOKX,6.6,8.0,-5.7,-20.5,5580.0
2026-05-10 12:00:00+00:00,KOKX,8.0,3.8,-2.1,-15.3,5650.0
2026-05-11 12:00:00+00:00,KOKX,4.0,2.4,-0.9,-18.1,5650.0
2026-05-12 12:00:00+00:00,KOKX,-0.9,12.0,-8.9,-24.1,5550.0
2026-05-13 12:00:00+00:00,KOKX,6.6,7.0,-2.1,-17.3,5660.0
2026-05-14 12:00:00+00:00,KOKX,6.2,2.2,-2.7,-18.5,5580.0
2026-05-15 12:00:00+00:00,KOKX,2.6,2.2,-7.5,-21.3,5510.0
2026-05-16 12:00:00+00:00,KOKX,6.8,7.0,1.4,-12.1,5740.0
2026-05-17 12:00:00+00:00,KOKX,14.2,11.0,3.8,-11.1,5780.0
2026-05-18 12:00:00+00:00,KOKX,15.2,7.0,5.6,-11.1,5870.0
2026-05-19 12:00:00+00:00,KOKX,18.8,10.0,7.4,-10.1,5880.0
2026-05-20 12:00:00+00:00,KOKX,18.4,9.999999999999998,7.8,-7.7,5860.0
2026-05-21 12:00:00+00:00,KOKX,12.4,3.5,4.0,-11.1,5810.0
2026-05-22 12:00:00+00:00,KOKX,3.4,3.1,2.2,-11.5,5780.0
2026-05-23 12:00:00+00:00,KOKX,6.0,23.0,0.4,-10.9,5830.0
2026-05-24 12:00:00+00:00,KOKX,11.0,0.0,3.6,-10.1,5860.0
2026-05-25 12:00:00+00:00,KOKX,14.6,4.5,4.8,-9.9,5830.0
2026-05-26 12:00:00+00:00,KOKX,13.2,29.0,5.0,-10.9,5810.0
2026-05-27 12:00:00+00:00,KOKX,15.2,7.0,3.0,-10.7,5790.0
2026-05-28 12:00:00+00:00,KOKX,9.6,6.0,0.4,-16.7,5650.0
2026-05-29 12:00:00+00:00,KOKX,4.8,5.0,-1.1,-13.5,5660.0
2026-05-30 12:00:00+00:00,KOKX,2.4,6.0,-4.3,-22.9,5500.0
2026-05-31 12:00:00+00:00,KOKX,3.6,14.0,-1.3,-16.7,5650.0
2026-06-01 12:00:00+00:00,KOKX,5.8,5.0,-5.5,-19.7,5590.0
2026-06-02 12:00:00+00:00,KOKX,4.8,8.0,-5.5,-21.7,5640.0
2026-06-03 12:00:00+00:00,KOKX,8.8,16.0,1.6,-12.9,5780.0
2026-06-04 12:00:00+00:00,KOKX,12.6,12.0,3.6,-10.9,5830.0
2026-06-05 12:00:00+00:00,KOKX,13.6,10.0,5.2,-10.3,5820.0
2026-06-06 12:00:00+00:00,KOKX,15.2,9.0,6.4,-10.1,5810.0
2026-06-07 12:00:00+00:00,KOKX,14.4,9.0,2.0,-13.3,5710.0
2026-06-08 12:00:00+00:00,KOKX,10.2,20.0,7.6,-11.7,5830.0
2026-06-09 12:00:00+00:00,KOKX,11.0,22.0,9.2,-9.5,5890.0
2026-06-10 12:00:00+00:00,KOKX,16.0,3.4000000000000004,7.4,-8.7,5850.0
2026-06-11 12:00:00+00:00,KOKX,16.8,3.1000000000000014,9.0,-7.1,5810.0
2026-06-12 12:00:00+00:00,KOKX,18.0,4.5,8.0,-5.3,5810.0
2026-06-13 12:00:00+00:00,KOKX,16.8,23.0,9.2,-7.7,5820.0
2026-06-14 12:00:00+00:00,KOKX,15.0,9.0,6.2,-8.9,5800.0
2026-06-15 12:00:00+00:00,KOKX,15.0,2.5999999999999996,6.6,-7.5,5730.0
2026-06-16 12:00:00+00:00,KOKX,6.8,7.0,3.0,-13.3,5670.0
2026-06-17 12:00:00+00:00,KOKX,8.8,7.000000000000001,1.0,-14.1,5670.0
2026-06-18 12:00:00+00:00,KOKX,14.4,5.0,4.4,-8.5,5740.0
2026-06-19 12:00:00+00:00,KOKX,13.4,12.0,7.6,-8.1,5720.0
2026-06-20 12:00:00+00:00,KOKX,8.6,6.0,2.0,-15.7,5640.0
2026-06-21 12:00:00+00:00,KOKX,10.2,5.999999999999999,-1.9,-16.7,5660.0
2026-06-22 12:00:00+00:00,KOKX,12.2,5.999999999999999,3.0,-11.5,5790.0
2026-06-23 12:00:00+00:00,KOKX,15.8,3.1000000000000014,7.0,-8.5,5800.0
2026-06-24 12:00:00+00:00,KOKX,10.6,4.3999999999999995,3.0,-13.3,5740.0
2026-06-25 12:00:00+00:00,KOKX,11.2,5.999999999999999,4.4,-12.5,5790.0
2026-06-26 12:00:00+00:00,KOKX,13.2,1.5,3.4,-11.7,5800.0
2026-06-27 12:00:00+00:00,KOKX,14.0,9.0,4.4,-10.9,5820.0
2026-06-28 12:00:00+00:00,KOKX,13.0,1.5999999999999996,5.2,-8.1,5810.0
2026-06-29 12:00:00+00:00,KOKX,13.4,4.9,2.6,-8.5,5830.0
2026-06-30 12:00:00+00:00,KOKX,14.6,5.0,6.4,-7.9,5870.0
2026-07-01 12:00:00+00:00,KOKX,19.0,3.5999999999999996,8.8,-7.1,5900.0
2026-07-02 12:00:00+00:00,KOKX,20.6,3.3000000000000007,9.4,-5.7,5920.0
2026-07-03 12:00:00+00:00,KOKX,21.0,9.0,10.4,-5.7,5920.0
2026-07-04 12:00:00+00:00,KOKX,20.4,9.999999999999998,9.4,-6.5,5880.0
2026-07-05 12:00:00+00:00,KOKX,17.6,4.700000000000001,6.8,-8.3,5840.0
2026-07-06 12:00:00+00:00,KOKX,15.4,3.0,5.4,-7.3,5850.0
2026-07-08 12:00:00+00:00,KOKX,13.0,3.5999999999999996,6.2,-6.5,5850.0
2026-07-09 12:00:00+00:00,KOKX,16.4,14.999999999999998,8.2,-6.1,5860.0
2026-07-10 12:00:00+00:00,KOKX,17.2,4.6,6.8,-6.7,5810.0
2026-07-11 12:00:00+00:00,KOKX,15.4,4.0,5.4,-7.9,5810.0
2026-07-12 12:00:00+00:00,KOKX,12.6,4.199999999999999,3.6,-10.1,5830.0
2026-07-13 12:00:00+00:00,KOKX,12.2,3.5999999999999996,5.6,-9.1,5870.0
2026-07-14 12:00:00+00:00,KOKX,16.4,4.399999999999999,6.8,-6.1,5890.0
2026-07-15 12:00:00+00:00,KOKX,22.0,9.0,13.4,-7.9,5900.0
2026-07-16 12:00:00+00:00,KOKX,16.0,12.0,6.6,-9.5,5820.0
2026-07-17 12:00:00+00:00,KOKX,12.6,8.0,7.8,-8.7,5840.0
2026-07-18 12:00:00+00:00,KOKX,16.0,10.0,7.0,-7.3,5850.0
2026-07-19 12:00:00+00:00,KOKX,14.6,7.0,8.8,-9.3,5770.0
2026-07-20 12:00:00+00:00,KOKX,9.2,5.999999999999999,7.2,-9.7,5790.0
2026-07-21 12:00:00+00:00,KOKX,14.2,3.0999999999999996,7.6,-7.5,5830.0
2026-07-22 12:00:00+00:00,KOKX,18.0,6.0,7.0,-9.7,5770.0
2026-07-23 12:00:00+00:00,KOKX,10.2,5.999999999999999,6.6,-10.3,5800.0
2026-07-24 12:00:00+00:00,KOKX,10.4,11.0,5.8,-12.1,5850.0
2026-07-25 12:00:00+00:00,KOKX,11.6,12.0,6.8,-8.7,5840.0
2026-07-26 12:00:00+00:00,KOKX,12.0,12.0,5.0,-7.9,5780.0
2026-07-27 12:00:00+00:00,KOKX,13.0,3.0999999999999996,3.4,-10.9,5740.0
2026-07-28 12:00:00+00:00,KOKX,14.2,2.1999999999999993,4.0,-9.9,5750.0
2026-07-29 12:00:00+00:00,KOKX,13.0,0.0,5.4,-8.3,5680.0
2026-07-30 12:00:00+00:00,KOKX,12.6,1.6999999999999993,3.6,-10.5,5700.0
2026-07-31 12:00:00+00:00,KOKX,13.6,6.0,2.6,-11.3,5780.0
2026-08-01 12:00:00+00:00,KOKX,14.4,3.0,3.0,-6.7,5830.0
2026-08-02 12:00:00+00:00,KOKX,14.4,4.0,8.0,-7.9,5850.0
2026-08-03 12:00:00+00:00,KOKX,17.0,0.0,8.2,-6.5,5830.0
2026-08-04 12:00:00+00:00,KOKX,15.2,14.0,10.8,-6.3,5900.0
2026-08-05 12:00:00+00:00,KOKX,17.8,8.0,10.4,-5.9,5930.0
2026-08-06 12:00:00+00:00,KOKX,17.4,2.1999999999999993,10.6,-5.9,5950.0
2026-08-07 12:00:00+00:00,KOKX,18.2,3.0999999999999996,9.6,-6.9,5940.0
2026-08-08 12:00:00+00:00,KOKX,17.4,3.9999999999999982,7.0,-8.7,5880.0
2026-08-09 12:00:00+00:00,KOKX,18.6,8.000000000000002,6.6,-8.3,5860.0
2026-08-10 12:00:00+00:00,KOKX,14.8,2.4000000000000004,8.6,-9.3,5860.0
2026-08-11 12:00:00+00:00,KOKX,16.8,7.0,7.4,-7.3,5820.0
2026-08-12 12:00:00+00:00,KOKX,14.2,12.0,5.8,-10.9,5770.0
2026-08-13 12:00:00+00:00,KOKX,15.0,2.5,4.6,-10.9,5760.0
2026-08-14 12:00:00+00:00,KOKX,14.0,7.0,4.4,-9.1,5830.0
2026-08-15 12:00:00+00:00,KOKX,12.8,10.0,5.8,-7.5,5860.0
2026-08-16 12:00:00+00:00,KOKX,11.0,1.9000000000000004,7.0,-6.5,5870.0
2026-08-17 12:00:00+00:00,KOKX,15.8,0.0,7.4,-5.5,5830.0
2026-08-18 12:00:00+00:00,KOKX,15.8,2.8000000000000007,8.0,-5.1,5840.0
2026-08-19 12:00:00+00:00,KOKX,14.2,3.3999999999999986,9.6,-5.3,5840.0
2026-08-20 12:00:00+00:00,KOKX,14.8,6.0,6.6,-6.7,5840.0
2026-08-21 12:00:00+00:00,KOKX,13.6,0.0,5.8,-6.1,5840.0
2026-08-22 12:00:00+00:00,KOKX,13.4,1.0,6.2,-8.7,5830.0
2026-08-23 12:00:00+00:00,KOKX,13.8,0.5,4.4,-8.5,5760.0
2026-08-24 12:00:00+00:00,KOKX,11.8,7.000000000000001,1.4,-13.1,5750.0
2026-08-25 12:00:00+00:00,KOKX,11.4,7.0,4.0,-13.1,5750.0
2026-08-26 12:00:00+00:00,KOKX,10.2,3.3999999999999995,6.2,-9.9,5830.0
2026-08-27 12:00:00+00:00,KOKX,13.2,4.5,5.4,-10.7,5820.0
2026-08-28 12:00:00+00:00,KOKX,16.4,3.299999999999999,6.8,-11.5,5830.0
2026-08-29 12:00:00+00:00,KOKX,11.2,2.5999999999999996,7.2,-11.5,5840.0
2026-08-30 12:00:00+00:00,KOKX,12.2,6.999999999999999,5.4,-10.1,5860.0
2026-08-31 12:00:00+00:00,KOKX,13.4,3.5999999999999996,7.2,-9.9,5860.0
2026-09-01 12:00:00+00:00,KOKX,14.6,0.09999999999999964,6.4,-8.5,5850.0
2026-09-02 12:00:00+00:00,KOKX,13.8,1.0,7.0,-7.1,5870.0
2026-09-03 12:00:00+00:00,KOKX,16.2,4.199999999999999,7.0,-8.5,5850.0
2026-09-04 12:00:00+00:00,KOKX,16.8,3.700000000000001,6.2,-7.1,5820.0
