date,tmax,tmin,precip,cloud,wind,hum,gust
2020-01-01,39.9,31.2,0.0,46,17.5,60,33.1
2020-01-02,47.7,28.2,0.0,45,10.3,69,20.6
2020-01-03,48.9,36.1,0.169,99,6.5,87,11.6
2020-01-04,49.4,42.5,0.236,100,14.6,97,25.7
2020-01-05,41.1,29.8,0.031,61,22.8,61,42.7
2020-01-06,45.5,31.0,0.051,51,14.8,66,29.1
2020-01-07,42.8,31.0,0.035,81,12.4,63,23.3
2020-01-08,40.9,29.2,0.004,32,20.1,64,41.8
2020-01-09,33.0,22.7,0.0,45,14.5,49,26.8
2020-01-10,51.9,29.9,0.0,77,14.5,78,26.2
2020-01-11,64.8,46.7,0.008,93,20.8,79,39.1
2020-01-12,65.2,44.1,0.102,58,28.0,71,62.2
2020-01-13,47.9,34.3,0.008,98,11.2,81,19.7
2020-01-14,44.0,34.1,0.024,100,8.9,91,17.7
2020-01-15,48.5,37.5,0.004,45,9.6,81,19.7
2020-01-16,47.4,34.3,0.114,49,22.8,69,47.4
2020-01-17,33.4,22.2,0.0,30,21.3,42,39.6
2020-01-18,36.2,20.6,0.327,100,13.8,57,24.8
2020-01-19,44.0,30.0,0.051,65,15.6,69,29.1
2020-01-20,30.3,19.0,0.0,11,16.2,45,30.4
2020-01-21,34.3,19.8,0.0,18,9.9,49,18.3
2020-01-22,37.2,21.9,0.0,6,6.5,65,11.0
2020-01-23,44.7,24.5,0.0,87,6.0,62,11.2
2020-01-24,49.5,26.8,0.0,55,7.5,69,13.6
2020-01-25,50.2,34.3,1.039,82,20.2,93,42.7
2020-01-26,45.9,33.9,0.0,33,13.9,75,26.6
2020-01-27,45.4,31.3,0.0,56,13.4,67,25.9
2020-01-28,41.8,31.3,0.0,71,13.3,63,25.7
2020-01-29,39.7,27.6,0.0,22,11.5,59,21.0
2020-01-30,34.5,21.7,0.0,51,9.9,67,17.9
2020-01-31,43.3,27.1,0.039,82,7.2,83,15.2
2020-02-01,41.6,31.2,0.02,86,3.8,94,9.6
2020-02-02,43.1,33.1,0.126,90,11.6,84,22.8
2020-02-03,53.9,33.5,0.02,43,10.8,77,21.7
2020-02-04,55.7,37.0,0.102,96,9.8,90,18.1
2020-02-05,49.3,38.0,0.035,100,11.9,70,21.7
2020-02-06,43.1,36.5,0.579,100,11.9,92,21.0
2020-02-07,56.2,33.0,0.409,91,27.2,80,51.5
2020-02-08,40.1,27.4,0.0,39,16.8,53,30.6
2020-02-09,43.0,27.9,0.0,72,8.1,81,16.6
2020-02-10,47.1,35.5,0.402,100,14.3,87,26.2
2020-02-11,46.0,41.3,0.37,99,11.5,96,20.1
2020-02-12,45.1,33.3,0.012,90,14.6,62,26.2
2020-02-13,43.5,35.6,0.74,100,12.4,91,22.4
2020-02-14,37.1,19.4,0.0,13,15.9,52,31.5
2020-02-15,29.1,15.3,0.0,37,12.1,52,23.7
2020-02-16,45.1,26.2,0.0,86,10.6,66,19.5
2020-02-17,49.2,29.9,0.0,57,8.5,67,16.1
2020-02-18,48.3,32.5,0.059,96,11.0,84,20.1
2020-02-19,46.0,30.9,0.0,39,14.4,61,28.9
2020-02-20,37.6,26.1,0.0,74,11.8,53,24.8
2020-02-21,35.2,20.3,0.0,0,11.4,46,21.5
2020-02-22,47.8,25.9,0.0,5,13.0,46,25.1
2020-02-23,53.1,28.0,0.0,4,10.9,48,21.3
2020-02-24,55.7,28.9,0.0,49,9.1,63,17.9
2020-02-25,49.7,39.8,0.091,100,7.4,84,14.1
2020-02-26,49.2,41.9,0.004,99,12.5,93,21.9
2020-02-27,47.8,30.3,0.492,48,24.1,63,45.9
2020-02-28,40.8,27.1,0.0,29,21.7,42,41.6
2020-02-29,36.1,25.1,0.0,27,17.8,44,34.2
2020-03-01,44.1,23.4,0.0,5,13.5,51,27.3
2020-03-02,56.0,29.4,0.0,48,17.2,64,30.2
2020-03-03,56.8,44.2,0.213,85,15.2,86,30.6
2020-03-04,55.1,41.0,0.118,36,21.1,57,40.3
2020-03-05,50.9,34.0,0.0,35,11.2,62,20.4
2020-03-06,44.1,32.5,0.165,76,12.2,86,22.8
2020-03-07,46.7,33.7,0.02,43,16.8,55,32.9
2020-03-08,56.4,28.8,0.0,20,12.4,45,24.4
2020-03-09,67.7,38.5,0.0,27,12.7,45,24.2
2020-03-10,60.5,46.7,0.039,84,16.3,67,30.4
2020-03-11,54.7,37.7,0.0,66,15.9,64,28.4
2020-03-12,49.1,34.7,0.024,73,11.0,77,19.2
2020-03-13,67.1,44.6,0.445,68,19.9,72,36.5
2020-03-14,54.1,38.7,0.0,48,13.3,44,25.1
2020-03-15,52.1,36.4,0.004,34,8.9,52,15.9
2020-03-16,44.4,28.3,0.0,48,12.7,57,25.3
2020-03-17,53.3,37.9,0.228,82,11.4,82,22.6
2020-03-18,50.7,33.8,0.0,56,10.3,65,21.3
2020-03-19,55.0,40.5,0.646,96,12.6,84,24.2
2020-03-20,74.8,44.5,0.228,94,21.5,80,38.3
2020-03-21,62.7,39.4,0.0,60,15.4,45,30.0
2020-03-22,42.4,30.4,0.0,72,12.7,51,24.4
2020-03-23,40.8,35.4,1.083,98,16.4,85,36.9
2020-03-24,56.8,33.6,0.0,37,12.3,71,23.5
2020-03-25,45.5,36.8,0.02,89,15.0,77,29.1
2020-03-26,56.8,33.4,0.0,25,12.5,74,24.4
2020-03-27,64.4,46.0,0.008,37,9.8,61,20.6
2020-03-28,49.3,41.4,0.413,86,11.7,77,23.7
2020-03-29,51.2,44.5,0.126,100,14.3,93,26.8
2020-03-30,54.1,39.7,0.291,78,7.4,88,23.3
2020-03-31,47.6,39.9,0.083,99,10.5,81,19.9
2020-04-01,54.4,36.2,0.0,80,12.0,60,23.5
2020-04-02,56.8,36.6,0.0,46,20.8,50,38.7
2020-04-03,49.5,42.3,0.268,99,17.2,77,33.3
2020-04-04,58.7,44.7,0.024,96,11.7,75,24.2
2020-04-05,61.0,41.8,0.0,68,10.6,83,21.7
2020-04-06,62.6,45.1,0.047,38,10.3,62,19.7
2020-04-07,63.8,45.2,0.0,74,13.9,51,26.4
2020-04-08,65.8,47.5,0.201,56,10.1,76,21.5
2020-04-09,61.4,43.9,0.354,50,19.8,75,48.8
2020-04-10,48.5,37.9,0.055,63,23.9,53,47.9
2020-04-11,52.3,36.1,0.0,25,17.1,44,32.7
2020-04-12,59.3,35.9,0.0,61,17.2,66,30.2
2020-04-13,64.5,54.3,1.642,77,31.1,85,69.6
2020-04-14,56.4,43.3,0.0,62,14.6,50,28.2
2020-04-15,51.3,39.8,0.055,70,15.2,50,30.0
2020-04-16,48.4,38.0,0.0,52,16.5,44,32.7
2020-04-17,50.0,31.8,0.067,58,13.2,59,26.2
2020-04-18,47.7,38.7,0.35,82,16.0,79,30.9
2020-04-19,59.9,34.9,0.0,38,17.9,55,34.0
2020-04-20,53.4,43.6,0.0,88,12.6,58,24.2
2020-04-21,59.7,40.6,0.366,45,16.3,72,46.5
2020-04-22,48.7,33.4,0.0,28,19.5,41,36.9
2020-04-23,50.3,33.6,0.012,83,8.3,56,18.1
2020-04-24,48.1,40.3,0.622,83,14.9,91,28.6
2020-04-25,61.9,36.5,0.0,53,10.4,73,21.3
2020-04-26,48.9,42.7,0.299,100,22.3,83,40.3
2020-04-27,46.8,39.8,0.047,97,16.1,79,30.2
2020-04-28,63.1,36.0,0.0,30,13.1,67,25.3
2020-04-29,57.0,40.0,0.059,70,14.2,83,27.5
2020-04-30,60.2,48.5,0.98,100,25.6,89,54.4
2020-05-01,65.5,52.4,0.48,82,13.8,87,37.4
2020-05-02,70.6,48.4,0.0,36,15.5,55,28.2
2020-05-03,75.9,52.6,0.205,64,11.1,64,22.4
2020-05-04,67.7,48.5,0.016,50,19.2,58,36.5
2020-05-05,58.9,44.0,0.0,51,12.7,51,25.3
2020-05-06,52.8,42.9,0.13,85,11.9,76,23.0
2020-05-07,62.2,41.8,0.0,47,13.2,55,25.9
2020-05-08,52.0,42.3,0.406,80,8.8,70,19.2
2020-05-09,46.7,32.9,0.091,35,21.9,51,42.3
2020-05-10,60.4,36.9,0.0,35,18.3,48,36.0
2020-05-11,59.2,43.0,0.126,48,14.6,70,30.2
2020-05-12,58.3,40.7,0.0,28,18.8,49,35.8
2020-05-13,59.8,36.3,0.0,16,14.9,48,29.8
2020-05-14,62.2,38.8,0.0,49,10.3,61,21.7
2020-05-15,81.1,55.1,0.13,66,14.9,71,35.8
2020-05-16,73.6,59.6,0.039,94,14.3,66,28.2
2020-05-17,63.7,50.5,0.0,93,10.8,72,22.6
2020-05-18,67.9,51.0,0.0,96,11.2,68,22.6
2020-05-19,64.1,51.7,0.0,95,21.2,53,40.7
2020-05-20,63.6,46.9,0.0,88,12.6,55,25.9
2020-05-21,62.8,42.6,0.0,2,10.0,75,22.1
2020-05-22,72.3,52.3,0.087,58,11.8,80,23.5
2020-05-23,68.5,53.8,0.583,96,15.4,93,29.5
2020-05-24,66.9,49.7,0.0,85,10.8,68,23.3
2020-05-25,68.8,54.6,0.0,80,7.2,85,15.4
2020-05-26,73.0,55.9,0.0,69,9.3,89,19.0
2020-05-27,72.9,58.4,0.0,99,12.0,91,24.2
2020-05-28,74.1,60.7,0.075,96,16.1,94,31.3
2020-05-29,78.4,64.0,0.051,97,12.6,89,29.8
2020-05-30,78.4,67.3,0.193,57,12.1,67,21.9
2020-05-31,68.9,54.7,0.0,6,17.6,48,34.2
2020-06-01,67.5,48.5,0.0,34,13.3,52,26.8
2020-06-02,70.8,54.2,0.0,77,13.7,58,26.4
2020-06-03,82.0,59.2,0.291,71,12.5,77,24.4
2020-06-04,84.1,64.4,0.0,68,13.9,73,28.0
2020-06-05,74.9,68.9,0.902,100,9.5,90,24.2
2020-06-06,83.9,69.0,0.173,67,14.7,72,26.2
2020-06-07,75.8,60.6,0.0,23,16.2,54,30.4
2020-06-08,77.8,56.3,0.0,32,9.0,56,18.6
2020-06-09,86.8,57.7,0.0,15,10.6,61,20.8
2020-06-10,81.5,66.1,0.0,71,15.5,78,29.5
2020-06-11,82.8,71.8,0.795,95,16.2,84,31.3
2020-06-12,82.5,66.1,0.0,42,12.9,60,24.4
2020-06-13,73.0,58.6,0.0,5,14.0,50,25.7
2020-06-14,72.1,53.5,0.0,18,12.8,59,25.7
2020-06-15,72.9,58.2,0.0,72,10.2,69,20.4
2020-06-16,76.3,57.5,0.0,62,12.2,68,25.3
2020-06-17,77.4,58.6,0.0,50,10.8,76,23.0
2020-06-18,75.6,64.0,0.067,85,9.3,88,18.8
2020-06-19,77.3,65.9,0.043,96,10.3,85,21.7
2020-06-20,81.3,65.9,0.008,95,10.6,83,22.1
2020-06-21,82.6,67.0,0.0,54,11.7,80,23.3
2020-06-22,86.9,68.9,0.004,22,11.7,75,23.5
2020-06-23,82.2,69.2,0.0,56,15.0,77,29.5
2020-06-24,86.1,71.3,0.008,53,14.3,63,28.6
2020-06-25,83.6,65.8,0.0,68,13.5,57,25.3
2020-06-26,86.6,65.8,0.0,31,9.3,56,20.8
2020-06-27,79.3,64.4,0.228,86,14.7,75,30.4
2020-06-28,83.3,67.9,0.264,36,9.9,82,20.8
2020-06-29,84.2,68.0,0.031,21,11.6,73,24.4
2020-06-30,77.2,65.7,0.268,52,8.1,76,17.7
2020-07-01,80.6,67.0,0.398,65,9.3,81,21.9
2020-07-02,88.7,67.7,0.0,27,9.1,71,19.9
2020-07-03,88.7,72.5,0.476,46,9.2,70,19.0
2020-07-04,84.1,69.2,0.177,50,10.6,78,22.1
2020-07-05,91.3,70.7,0.0,39,11.4,70,23.9
2020-07-06,90.8,70.3,0.02,41,10.1,65,19.9
2020-07-07,80.8,72.0,0.071,78,12.4,83,25.1
2020-07-08,82.9,73.4,0.091,78,11.4,87,23.3
2020-07-09,86.1,71.4,0.0,35,11.9,82,23.9
2020-07-10,75.5,72.4,1.5,98,21.9,95,40.5
2020-07-11,81.8,72.3,0.402,64,19.3,87,36.5
2020-07-12,87.7,69.9,0.0,24,12.5,64,23.7
2020-07-13,87.5,70.9,0.047,44,11.0,64,20.1
2020-07-14,82.9,67.9,0.0,24,8.6,65,19.2
2020-07-15,78.6,68.5,0.047,48,10.6,78,20.4
2020-07-16,76.3,68.7,0.0,60,13.2,73,25.3
2020-07-17,84.7,68.1,0.126,71,9.7,80,23.3
2020-07-18,91.9,69.1,0.0,45,9.2,70,19.0
2020-07-19,92.8,71.7,0.0,51,16.5,69,30.6
2020-07-20,95.2,78.0,0.0,80,11.7,64,22.1
2020-07-21,90.8,71.3,0.0,18,12.9,64,25.3
2020-07-22,89.7,74.4,0.177,70,13.5,77,25.5
2020-07-23,88.2,73.6,0.311,86,11.4,84,23.9
2020-07-24,78.7,73.3,1.063,94,10.3,87,20.4
2020-07-25,85.6,69.4,0.0,27,9.2,79,17.4
2020-07-26,93.1,73.9,0.0,61,12.5,62,24.2
2020-07-27,95.4,71.4,0.0,73,11.8,52,22.4
2020-07-28,92.9,77.3,0.059,35,12.0,63,23.3
2020-07-29,89.0,72.1,0.0,35,10.7,69,21.3
2020-07-30,90.8,73.6,0.004,93,8.4,61,21.3
2020-07-31,80.8,72.2,0.421,71,7.4,78,14.5
2020-08-01,85.6,68.5,0.0,39,12.1,70,22.8
2020-08-02,84.2,74.9,0.177,83,13.1,83,32.2
2020-08-03,89.5,74.8,0.094,38,12.5,66,22.1
2020-08-04,80.7,72.8,0.917,73,35.3,85,66.2
2020-08-05,86.5,70.9,0.0,16,12.2,68,23.0
2020-08-06,79.1,66.4,0.059,76,9.3,76,18.8
2020-08-07,80.7,70.8,0.122,86,8.6,78,18.3
2020-08-08,80.5,69.1,0.406,61,7.1,86,14.8
2020-08-09,84.1,69.4,0.047,25,11.4,83,22.1
2020-08-10,88.9,72.4,0.008,10,9.9,78,20.6
2020-08-11,85.2,75.0,0.047,39,14.0,82,28.0
2020-08-12,87.8,74.0,0.252,72,7.2,83,16.1
2020-08-13,79.4,73.9,0.189,92,8.0,83,14.8
2020-08-14,85.7,72.4,0.0,64,11.6,71,23.0
2020-08-15,83.5,69.4,0.004,83,11.2,69,22.4
2020-08-16,71.2,66.2,0.492,83,15.3,86,28.4
2020-08-17,79.2,62.1,0.193,25,13.2,82,25.7
2020-08-18,82.6,65.2,0.055,29,8.0,72,16.8
2020-08-19,75.2,65.9,0.201,52,6.6,83,17.7
2020-08-20,79.0,62.2,0.0,25,7.2,70,15.7
2020-08-21,83.8,64.4,0.0,87,11.4,72,22.4
2020-08-22,85.8,70.4,0.024,73,9.6,76,19.9
2020-08-23,83.8,69.4,0.0,64,9.2,82,18.8
2020-08-24,88.2,71.3,0.012,35,9.4,80,21.3
2020-08-25,91.3,72.9,0.012,19,16.1,69,31.1
2020-08-26,79.0,66.5,0.0,34,14.2,51,28.2
2020-08-27,92.0,66.6,0.079,59,16.8,68,35.1
2020-08-28,89.1,69.2,0.055,42,13.5,76,27.7
2020-08-29,78.1,71.8,0.815,76,12.5,90,24.2
2020-08-30,78.2,64.9,0.004,20,15.8,60,29.8
2020-08-31,74.3,61.0,0.0,89,8.1,69,16.1
2020-09-01,77.3,67.6,0.043,74,11.2,79,22.6
2020-09-02,77.2,67.2,0.37,93,9.9,91,19.5
2020-09-03,85.6,73.2,0.898,82,12.2,78,23.0
2020-09-04,83.6,67.6,0.0,20,9.7,72,19.5
2020-09-05,77.7,61.6,0.0,34,11.2,62,20.1
2020-09-06,79.8,62.6,0.0,21,11.7,65,23.0
2020-09-07,77.3,62.8,0.0,19,14.7,78,29.1
2020-09-08,81.1,63.1,0.0,41,10.1,84,19.9
2020-09-09,79.8,66.5,0.02,95,6.7,88,14.3
2020-09-10,80.5,71.8,0.689,100,9.1,92,19.0
2020-09-11,76.1,62.6,0.028,52,12.7,75,25.3
2020-09-12,70.3,60.4,0.0,50,9.2,72,18.3
2020-09-13,73.4,60.5,0.008,76,13.0,80,24.6
2020-09-14,76.9,60.3,0.0,41,12.9,64,24.6
2020-09-15,66.6,52.5,0.0,0,11.3,62,20.8
2020-09-16,71.8,53.5,0.0,6,13.7,74,25.3
2020-09-17,72.3,60.8,0.0,93,9.5,83,18.8
2020-09-18,67.6,57.9,0.0,53,16.1,67,29.1
2020-09-19,62.4,49.1,0.0,0,16.8,47,31.1
2020-09-20,62.8,48.8,0.0,23,11.2,53,23.0
2020-09-21,65.3,46.8,0.0,0,9.7,61,20.6
2020-09-22,72.0,48.0,0.0,0,11.9,55,23.9
2020-09-23,78.8,54.8,0.0,0,14.2,56,27.3
2020-09-24,76.3,55.0,0.0,85,9.7,71,18.1
2020-09-25,76.8,56.5,0.0,73,8.6,80,15.7
2020-09-26,73.7,59.1,0.067,52,10.8,87,21.3
2020-09-27,77.3,64.1,0.008,71,10.5,88,19.9
2020-09-28,75.0,67.2,0.071,64,13.2,89,25.7
2020-09-29,74.5,64.9,0.531,65,14.8,92,32.4
2020-09-30,70.6,60.4,1.197,46,18.6,73,35.8
2020-10-01,71.4,57.4,0.0,39,11.4,63,20.8
2020-10-02,64.7,55.4,0.165,59,10.2,72,19.9
2020-10-03,65.2,50.2,0.0,3,7.3,65,15.2
2020-10-04,65.3,49.6,0.035,38,8.0,74,15.9
2020-10-05,67.4,51.7,0.0,24,7.5,77,17.0
2020-10-06,68.0,52.3,0.016,12,10.7,73,21.0
2020-10-07,75.4,55.6,0.004,36,17.9,64,37.6
2020-10-08,63.5,51.3,0.0,5,17.1,54,32.9
2020-10-09,67.6,49.1,0.0,26,13.2,63,23.5
2020-10-10,75.0,56.4,0.0,58,14.8,70,27.5
2020-10-11,66.0,59.1,0.016,98,12.9,74,22.6
2020-10-12,58.3,51.6,0.913,100,15.7,89,30.4
2020-10-13,58.7,54.3,0.402,87,15.2,91,27.7
2020-10-14,68.8,49.0,0.0,4,9.8,68,19.2
2020-10-15,71.5,51.9,0.0,56,16.8,78,30.9
2020-10-16,63.1,50.5,0.874,92,13.6,88,24.8
2020-10-17,59.5,44.9,0.138,23,11.0,67,20.8
2020-10-18,62.6,46.8,0.0,46,14.7,72,28.4
2020-10-19,64.1,49.2,0.004,80,9.7,83,18.6
2020-10-20,70.7,55.9,0.0,61,6.6,90,12.5
2020-10-21,67.8,58.8,0.004,87,8.5,96,17.9
2020-10-22,70.2,61.6,0.0,81,6.1,94,13.0
2020-10-23,68.8,61.0,0.024,89,8.4,94,17.2
2020-10-24,69.9,49.8,0.008,80,12.8,79,23.3
2020-10-25,51.6,44.6,0.043,100,10.3,66,19.9
2020-10-26,62.2,51.4,0.043,100,11.9,88,22.4
2020-10-27,59.9,54.2,0.028,94,8.4,77,15.9
2020-10-28,61.2,52.3,0.146,96,6.5,84,13.9
2020-10-29,53.8,47.3,1.591,100,17.6,91,32.0
2020-10-30,47.1,37.9,0.705,82,19.2,87,36.9
2020-10-31,44.8,31.8,0.0,26,9.6,70,17.9
2020-11-01,57.2,40.7,0.315,77,18.6,78,34.4
2020-11-02,43.7,37.4,0.012,31,25.4,53,48.1
2020-11-03,53.1,39.3,0.0,50,16.2,53,29.5
2020-11-04,61.3,39.5,0.0,10,11.9,70,21.5
2020-11-05,65.5,45.1,0.0,42,12.3,75,23.9
2020-11-06,68.4,49.4,0.0,44,9.3,76,18.8
2020-11-07,71.2,46.9,0.0,13,7.2,69,12.1
2020-11-08,71.0,46.5,0.0,10,5.9,75,10.7
2020-11-09,70.3,45.8,0.0,0,5.6,81,9.4
2020-11-10,71.2,53.0,0.0,14,9.6,88,18.8
2020-11-11,70.7,59.7,0.614,68,11.1,94,20.1
2020-11-12,65.1,47.3,0.39,100,15.4,88,30.2
2020-11-13,51.9,43.9,0.122,71,9.0,90,17.0
2020-11-14,52.1,39.5,0.0,15,11.1,68,21.5
2020-11-15,63.1,37.1,0.165,58,27.8,76,61.3
2020-11-16,52.2,41.3,0.0,8,15.9,54,30.0
2020-11-17,47.3,36.7,0.051,46,13.4,62,28.2
2020-11-18,35.6,29.6,0.0,19,15.5,50,30.2
2020-11-19,44.8,26.8,0.0,42,13.5,62,25.7
2020-11-20,58.6,41.1,0.0,14,12.5,64,22.4
2020-11-21,60.0,45.1,0.0,31,10.1,62,19.5
2020-11-22,54.2,40.1,0.012,95,15.0,74,26.8
2020-11-23,57.2,41.0,0.583,52,19.1,74,35.6
2020-11-24,47.2,36.5,0.0,46,10.8,66,21.3
2020-11-25,52.6,38.7,0.016,88,10.6,75,19.9
2020-11-26,62.8,48.8,0.445,60,12.8,87,30.6
2020-11-27,60.5,44.8,0.0,25,9.6,77,16.8
2020-11-28,55.0,40.8,0.0,37,10.9,69,21.0
2020-11-29,51.6,35.5,0.0,20,7.5,68,14.5
2020-11-30,62.1,41.0,1.48,95,29.4,88,66.9
2020-12-01,58.8,38.0,0.035,57,17.3,78,34.0
2020-12-02,44.6,34.6,0.0,43,18.9,61,36.5
2020-12-03,49.6,32.9,0.004,40,12.2,57,21.5
2020-12-04,52.7,40.0,0.157,82,13.2,73,23.7
2020-12-05,44.5,38.3,0.89,73,19.9,82,37.1
2020-12-06,38.7,33.0,0.0,21,18.3,56,35.1
2020-12-07,39.7,29.1,0.0,37,9.9,65,19.9
2020-12-08,38.4,29.3,0.0,63,13.4,61,25.9
2020-12-09,39.3,28.8,0.02,72,12.4,70,25.3
2020-12-10,48.7,32.4,0.0,11,12.0,74,23.5
2020-12-11,51.4,30.2,0.0,32,9.0,82,18.6
2020-12-12,54.7,36.7,0.047,77,8.5,94,15.7
2020-12-13,58.2,42.1,0.051,66,12.2,81,22.6
2020-12-14,40.4,36.0,0.252,84,12.7,84,22.8
2020-12-15,38.7,28.8,0.0,45,11.6,56,23.5
2020-12-16,32.6,24.4,0.488,95,19.2,64,38.9
2020-12-17,31.9,23.6,0.72,86,23.5,81,50.1
2020-12-18,29.8,18.5,0.0,41,10.1,75,19.0
2020-12-19,28.3,14.8,0.0,56,8.0,82,14.1
2020-12-20,36.9,18.4,0.028,88,5.4,85,8.1
2020-12-21,37.5,31.1,0.0,82,7.6,93,13.2
2020-12-22,42.4,29.9,0.0,41,13.1,80,24.8
2020-12-23,41.0,25.3,0.0,67,9.4,75,17.0
2020-12-24,58.4,37.7,0.201,93,27.1,84,56.4
2020-12-25,59.1,30.2,1.488,94,34.1,84,72.0
2020-12-26,31.7,23.1,0.0,1,16.4,55,31.1
2020-12-27,37.2,23.9,0.0,31,10.5,64,19.5
2020-12-28,48.9,31.4,0.0,57,11.2,76,21.3
2020-12-29,38.2,27.1,0.0,21,16.8,56,32.0
2020-12-30,38.8,25.5,0.0,91,13.8,64,24.6
2020-12-31,47.3,33.6,0.346,92,17.8,74,31.5
2021-01-01,38.7,27.7,0.331,83,11.4,78,20.8
2021-01-02,50.1,34.7,0.154,65,18.5,81,33.8
2021-01-03,38.7,29.5,0.268,98,14.5,88,26.2
2021-01-04,44.2,33.2,0.059,79,10.6,84,19.7
2021-01-05,41.0,33.6,0.0,84,7.0,77,13.6
2021-01-06,40.6,30.5,0.0,32,13.6,70,26.2
2021-01-07,42.9,28.9,0.0,8,10.8,61,21.3
2021-01-08,41.6,25.3,0.0,56,13.4,64,23.5
2021-01-09,35.2,24.7,0.0,49,16.8,50,32.2
2021-01-10,41.4,26.8,0.0,39,10.7,65,21.3
2021-01-11,35.6,24.2,0.0,69,6.1,75,10.7
2021-01-12,42.8,28.0,0.0,13,6.1,73,13.2
2021-01-13,42.8,25.7,0.0,49,9.3,76,18.3
2021-01-14,48.2,31.2,0.0,77,6.3,80,11.2
2021-01-15,44.8,30.4,0.122,88,16.6,89,31.1
2021-01-16,46.3,36.0,0.854,85,22.0,84,43.6
2021-01-17,45.1,32.0,0.0,27,19.0,59,37.8
2021-01-18,44.4,32.0,0.0,19,13.7,68,31.5
2021-01-19,40.6,29.5,0.0,36,16.1,65,30.9
2021-01-20,40.1,25.6,0.039,37,18.3,59,34.4
2021-01-21,41.8,23.7,0.0,27,12.4,61,25.1
2021-01-22,44.2,30.7,0.0,17,16.4,61,30.9
2021-01-23,32.5,23.7,0.0,34,21.2,48,40.0
2021-01-24,32.3,21.7,0.0,39,15.7,44,30.9
2021-01-25,38.5,23.4,0.0,68,8.2,52,15.2
2021-01-26,34.9,29.2,0.161,95,11.7,71,21.3
2021-01-27,39.7,27.9,0.02,76,13.8,73,26.4
2021-01-28,32.1,20.2,0.0,58,20.3,54,38.0
2021-01-29,24.4,15.3,0.0,11,23.0,43,44.1
2021-01-30,33.4,15.9,0.0,0,12.9,44,23.7
2021-01-31,26.9,17.8,0.094,91,12.5,57,23.0
2021-02-01,33.4,23.6,1.547,100,27.7,86,52.1
2021-02-02,34.9,28.6,0.161,100,23.9,82,42.3
2021-02-03,34.9,28.2,0.004,88,13.0,74,23.5
2021-02-04,39.1,26.4,0.0,14,12.0,72,22.6
2021-02-05,41.6,26.6,0.075,62,12.5,82,21.9
2021-02-06,39.5,22.6,0.0,21,17.3,69,33.8
2021-02-07,32.3,22.4,0.28,83,15.3,85,28.0
2021-02-08,26.1,12.2,0.0,10,14.6,67,25.9
2021-02-09,33.6,13.3,0.091,82,10.4,84,18.6
2021-02-10,32.4,15.9,0.0,60,8.1,71,14.1
2021-02-11,33.0,23.0,0.161,96,10.1,77,18.8
2021-02-12,27.5,11.5,0.0,70,8.8,68,15.9
2021-02-13,27.4,18.1,0.047,98,10.7,68,19.2
2021-02-14,37.9,27.0,0.02,99,9.2,79,16.1
2021-02-15,33.4,27.2,0.047,100,10.6,82,18.8
2021-02-16,48.2,31.5,1.244,59,16.7,83,39.4
2021-02-17,31.2,20.4,0.0,48,13.7,59,25.5
2021-02-18,27.6,23.7,0.496,99,12.0,74,22.4
2021-02-19,31.5,25.8,0.228,100,10.4,89,18.6
2021-02-20,32.1,22.4,0.0,51,11.5,72,21.9
2021-02-21,33.6,18.1,0.0,16,9.7,68,18.1
2021-02-22,36.3,20.3,0.551,91,14.8,85,26.4
2021-02-23,44.1,29.2,0.024,66,14.7,76,26.8
2021-02-24,51.6,31.6,0.0,36,14.9,70,28.9
2021-02-25,47.1,30.7,0.0,12,17.1,54,30.4
2021-02-26,43.9,26.2,0.0,69,9.3,63,16.8
2021-02-27,52.8,34.7,0.472,76,11.7,87,23.0
2021-02-28,45.7,32.9,0.177,99,11.5,82,20.8
2021-03-01,47.8,35.0,0.291,82,23.7,79,42.5
2021-03-02,31.7,19.2,0.0,8,20.9,43,38.5
2021-03-03,51.1,26.6,0.0,10,12.8,52,24.6
2021-03-04,42.2,27.3,0.0,40,20.1,57,38.3
2021-03-05,35.8,20.4,0.0,3,18.6,42,34.7
2021-03-06,34.6,24.0,0.0,61,14.7,53,29.1
2021-03-07,40.1,22.6,0.0,12,10.2,54,20.6
2021-03-08,42.7,20.1,0.0,10,8.3,51,18.3
2021-03-09,60.4,32.5,0.0,22,13.3,50,25.9
2021-03-10,51.9,30.2,0.0,13,11.6,76,23.9
2021-03-11,67.5,36.8,0.0,55,11.2,71,22.8
2021-03-12,65.0,52.4,0.012,48,16.2,52,30.2
2021-03-13,48.9,29.4,0.0,0,19.1,39,35.1
2021-03-14,50.3,30.8,0.0,17,23.7,40,45.9
2021-03-15,37.1,21.4,0.0,23,20.2,34,37.4
2021-03-16,36.9,24.9,0.0,92,9.1,55,19.2
2021-03-17,46.3,33.0,0.0,99,7.4,79,15.9
2021-03-18,45.1,39.7,0.661,100,16.9,94,30.4
2021-03-19,41.9,27.5,0.126,52,21.0,45,39.1
2021-03-20,56.2,26.4,0.0,0,8.3,56,14.5
2021-03-21,59.3,31.6,0.0,2,8.9,63,18.1
2021-03-22,56.6,29.6,0.0,0,8.8,73,18.6
2021-03-23,62.2,34.5,0.0,51,7.9,83,16.6
2021-03-24,56.2,39.5,1.126,90,10.2,92,17.9
2021-03-25,67.4,48.7,0.071,99,10.9,93,22.4
2021-03-26,77.7,49.8,0.106,50,24.9,74,44.3
2021-03-27,64.2,44.5,0.0,44,13.5,64,26.8
2021-03-28,66.1,46.0,0.732,84,18.7,89,44.1
2021-03-29,52.8,40.0,0.004,33,22.0,49,42.1
2021-03-30,55.2,33.1,0.0,17,17.0,68,32.2
2021-03-31,61.7,45.2,0.472,99,17.0,85,31.8
2021-04-01,52.3,37.4,0.256,65,17.7,68,33.3
2021-04-02,38.5,25.8,0.0,43,16.1,44,31.8
2021-04-03,51.6,28.1,0.0,11,9.9,44,21.3
2021-04-04,61.3,38.3,0.0,54,11.5,50,20.6
2021-04-05,64.6,42.3,0.0,5,16.0,42,30.4
2021-04-06,65.2,40.8,0.0,6,13.6,43,24.2
2021-04-07,67.7,44.2,0.02,49,9.7,56,21.5
2021-04-08,64.9,42.2,0.0,5,11.2,69,21.9
2021-04-09,56.3,42.4,0.0,71,9.8,87,21.0
2021-04-10,62.8,46.1,0.047,97,9.0,87,19.7
2021-04-11,57.7,47.5,0.996,100,16.0,97,30.0
2021-04-12,47.8,44.2,0.535,100,14.5,87,26.2
2021-04-13,65.1,42.7,0.177,61,9.0,71,17.4
2021-04-14,67.6,42.0,0.0,61,12.9,77,24.6
2021-04-15,55.5,46.0,0.626,96,10.8,94,19.9
2021-04-16,53.5,38.9,0.114,57,14.6,74,30.4
2021-04-17,53.5,41.0,0.012,89,10.6,71,20.1
2021-04-18,59.5,41.7,0.008,57,8.2,67,17.7
2021-04-19,62.7,41.3,0.0,41,9.1,73,19.2
2021-04-20,70.7,43.9,0.0,26,16.2,63,34.9
2021-04-21,65.0,38.9,0.146,48,18.6,62,36.7
2021-04-22,46.5,34.5,0.0,49,21.1,45,40.0
2021-04-23,60.1,35.9,0.0,17,17.9,45,35.6
2021-04-24,67.6,43.1,0.0,54,16.6,48,30.6
2021-04-25,62.2,47.8,0.5,81,11.9,72,23.3
2021-04-26,56.9,38.8,0.0,11,17.0,47,32.7
2021-04-27,58.9,39.8,0.0,55,9.5,52,21.3
2021-04-28,79.3,46.4,0.0,88,9.5,73,21.5
2021-04-29,72.8,55.4,0.15,98,15.9,83,31.5
2021-04-30,68.0,46.0,0.016,43,22.9,56,51.0
2021-05-01,63.4,41.3,0.0,35,19.7,48,39.4
2021-05-02,79.6,52.5,0.0,73,14.3,48,27.3
2021-05-03,60.7,52.7,0.224,98,9.0,78,29.3
2021-05-04,72.1,52.2,0.52,96,11.8,87,26.6
2021-05-05,59.5,51.7,0.39,94,13.3,92,26.4
2021-05-06,63.4,47.8,0.0,41,14.0,56,27.1
2021-05-07,61.8,46.0,0.0,83,9.8,58,20.1
2021-05-08,53.2,46.0,0.169,80,10.9,78,22.6
2021-05-09,62.3,42.6,0.339,67,11.7,73,24.2
2021-05-10,59.0,47.1,0.13,86,11.7,75,36.2
2021-05-11,62.2,47.0,0.0,64,16.8,56,31.8
2021-05-12,64.4,42.7,0.0,15,12.4,53,25.5
2021-05-13,66.7,45.2,0.0,11,9.8,49,17.0
2021-05-14,71.1,45.8,0.0,17,8.9,52,15.7
2021-05-15,72.5,47.8,0.0,28,7.8,53,14.8
2021-05-16,72.4,51.4,0.004,81,14.8,55,28.6
2021-05-17,73.5,49.6,0.0,21,11.0,60,22.4
2021-05-18,79.3,52.4,0.0,26,9.6,50,18.1
2021-05-19,83.0,56.8,0.0,11,12.2,53,25.1
2021-05-20,72.1,54.8,0.0,58,11.8,60,23.7
2021-05-21,75.2,52.6,0.0,33,11.9,64,23.9
2021-05-22,87.2,62.0,0.0,82,11.9,53,22.6
2021-05-23,88.8,67.8,0.0,69,17.7,58,33.8
2021-05-24,66.3,56.8,0.0,73,13.9,56,27.5
2021-05-25,71.6,55.7,0.0,73,15.1,64,29.8
2021-05-26,85.4,63.5,0.004,52,14.5,73,28.4
2021-05-27,81.6,65.2,0.094,38,14.6,60,26.2
2021-05-28,67.2,51.4,0.984,81,15.9,63,29.8
2021-05-29,52.1,47.6,0.988,100,18.6,85,35.3
2021-05-30,53.0,47.6,0.539,100,17.5,89,32.4
2021-05-31,68.8,49.0,0.028,83,13.0,73,25.3
2021-06-01,74.5,49.7,0.0,88,11.0,72,19.9
2021-06-02,72.5,55.6,0.0,94,10.4,77,21.7
2021-06-03,73.7,56.0,0.469,98,8.5,91,24.2
2021-06-04,77.8,63.5,0.256,79,11.1,87,23.5
2021-06-05,88.5,63.3,0.0,13,13.0,71,27.3
2021-06-06,88.0,68.2,0.0,17,10.3,65,20.1
2021-06-07,88.1,69.5,0.004,54,10.3,77,21.7
2021-06-08,86.5,71.9,0.232,84,10.3,86,21.5
2021-06-09,86.5,70.8,0.043,76,7.3,81,17.4
2021-06-10,80.3,62.4,0.0,59,13.0,64,25.1
2021-06-11,69.5,59.7,0.047,85,8.2,69,16.8
2021-06-12,70.3,61.7,0.016,80,9.6,80,19.5
2021-06-13,75.3,59.2,0.008,61,11.0,77,22.1
2021-06-14,70.8,63.8,0.854,77,13.1,84,30.2
2021-06-15,77.5,63.5,0.039,44,11.0,74,21.0
2021-06-16,73.9,59.5,0.0,11,12.5,56,24.8
2021-06-17,75.2,54.1,0.0,17,8.3,54,17.0
2021-06-18,81.6,57.1,0.0,50,12.7,58,25.1
2021-06-19,89.0,67.3,0.047,96,13.1,66,23.7
2021-06-20,83.8,63.4,0.012,38,12.1,77,24.8
2021-06-21,82.7,71.3,0.02,74,15.1,83,29.1
2021-06-22,75.7,59.5,0.335,91,13.8,85,26.8
2021-06-23,73.8,54.2,0.0,32,10.2,58,19.7
2021-06-24,73.9,56.6,0.0,22,12.2,66,24.8
2021-06-25,76.6,60.3,0.0,76,13.0,77,25.5
2021-06-26,79.9,65.8,0.051,87,14.7,87,32.9
2021-06-27,84.8,72.2,0.02,82,12.2,81,28.2
2021-06-28,90.3,73.4,0.0,66,12.4,72,23.5
2021-06-29,92.4,75.5,0.028,17,12.1,71,24.8
2021-06-30,95.6,77.0,0.004,22,12.8,64,23.0
2021-07-01,82.3,72.1,0.992,71,6.6,79,20.6
2021-07-02,76.0,66.8,1.165,100,8.8,89,17.2
2021-07-03,66.9,62.1,0.634,98,14.9,88,29.3
2021-07-04,76.6,60.6,0.055,42,7.3,77,16.8
2021-07-05,79.8,63.4,0.028,30,11.7,82,21.5
2021-07-06,92.7,71.7,0.083,81,13.5,73,30.9
2021-07-07,88.8,72.1,0.055,24,10.8,80,23.5
2021-07-08,83.2,70.6,0.598,91,10.5,88,30.0
2021-07-09,85.9,71.9,1.378,85,19.3,82,34.7
2021-07-10,78.1,69.5,0.02,47,9.0,83,18.6
2021-07-11,77.0,67.9,0.098,88,9.8,88,21.9
2021-07-12,83.7,71.9,0.382,95,7.4,91,19.7
2021-07-13,77.2,69.6,0.094,100,8.1,91,16.3
2021-07-14,87.3,71.0,0.031,78,9.0,85,22.4
2021-07-15,84.9,70.4,0.004,47,8.5,81,17.0
2021-07-16,90.4,73.9,0.012,43,7.6,73,20.6
2021-07-17,87.6,74.2,0.201,87,11.1,83,22.6
2021-07-18,83.4,73.9,0.488,77,12.2,79,24.4
2021-07-19,81.7,69.6,0.02,52,8.0,74,18.6
2021-07-20,87.9,70.2,0.0,10,8.3,74,16.6
2021-07-21,82.0,69.8,0.055,30,9.9,77,19.5
2021-07-22,80.2,63.7,0.0,39,9.5,67,17.7
2021-07-23,79.4,63.3,0.0,18,7.0,62,16.8
2021-07-24,80.5,65.0,0.0,40,10.1,72,19.7
2021-07-25,82.6,68.7,0.287,71,13.0,78,26.8
2021-07-26,88.7,71.4,0.0,63,8.1,70,15.9
2021-07-27,86.9,66.6,0.008,21,12.1,67,24.2
2021-07-28,80.2,68.6,0.028,25,10.4,73,21.3
2021-07-29,77.7,68.9,1.299,62,16.2,87,31.5
2021-07-30,82.0,66.7,0.0,12,15.0,68,28.4
2021-07-31,78.3,58.3,0.0,8,10.4,62,21.0
2021-08-01,76.1,62.2,0.031,49,12.3,73,24.4
2021-08-02,79.7,63.1,0.0,19,11.4,68,23.3
2021-08-03,75.8,59.8,0.0,85,6.6,65,13.2
2021-08-04,76.0,63.7,0.004,99,8.5,72,17.0
2021-08-05,81.1,63.6,0.004,52,8.2,76,16.8
2021-08-06,84.3,63.6,0.0,26,11.2,69,23.7
2021-08-07,85.6,68.0,0.0,93,15.0,65,28.0
2021-08-08,73.5,67.2,0.5,96,12.4,80,22.4
2021-08-09,79.3,68.5,0.043,85,10.7,84,21.5
2021-08-10,81.3,69.0,0.15,68,11.2,89,22.4
2021-08-11,88.3,73.9,0.11,64,14.7,83,27.7
2021-08-12,95.5,73.9,0.0,45,13.0,72,29.5
2021-08-13,92.0,76.8,0.0,41,11.3,70,21.7
2021-08-14,88.6,75.8,0.098,71,10.5,71,20.4
2021-08-15,82.4,68.3,0.0,69,10.3,56,20.6
2021-08-16,80.2,68.1,0.0,81,11.0,69,21.0
2021-08-17,79.8,72.2,0.063,96,12.6,76,24.4
2021-08-18,80.9,70.2,0.059,94,15.3,88,29.1
2021-08-19,86.5,74.4,0.465,84,16.3,79,33.1
2021-08-20,80.7,71.8,0.043,92,7.7,79,13.6
2021-08-21,81.2,73.7,0.031,87,8.9,86,18.3
2021-08-22,75.3,72.7,2.213,100,12.3,94,22.4
2021-08-23,83.8,71.9,1.421,61,17.0,85,30.6
2021-08-24,87.4,71.6,0.0,4,8.6,76,17.4
2021-08-25,88.3,68.4,0.0,31,6.3,74,11.6
2021-08-26,89.4,73.3,0.004,16,9.2,79,18.1
2021-08-27,90.1,74.4,0.055,33,5.9,81,13.9
2021-08-28,79.3,68.5,0.154,91,14.6,84,28.0
2021-08-29,76.4,67.6,0.098,90,8.5,83,15.9
2021-08-30,83.8,71.2,0.154,69,9.1,88,21.0
2021-08-31,83.6,70.3,0.0,92,9.7,76,18.6
2021-09-01,74.0,65.3,4.791,100,26.8,89,48.8
2021-09-02,76.4,59.2,0.969,35,26.7,67,51.9
2021-09-03,71.6,57.4,0.0,25,9.0,69,18.8
2021-09-04,77.6,58.3,0.0,51,9.6,73,16.8
2021-09-05,76.3,62.7,0.039,86,9.6,83,26.4
2021-09-06,80.6,65.4,0.0,33,12.2,75,23.5
2021-09-07,78.9,59.6,0.0,4,7.8,72,15.9
2021-09-08,79.8,67.6,0.028,39,16.6,77,34.7
2021-09-09,72.6,67.9,0.724,96,10.9,92,24.4
2021-09-10,73.5,61.1,0.0,10,15.1,67,29.3
2021-09-11,76.6,55.5,0.0,20,10.3,66,21.3
2021-09-12,84.1,65.2,0.0,38,15.1,69,29.1
2021-09-13,84.1,71.5,0.043,65,12.5,70,22.8
2021-09-14,79.0,66.5,0.008,80,11.2,80,22.1
2021-09-15,85.6,69.4,0.012,74,13.4,79,25.3
2021-09-16,75.2,66.6,0.157,90,11.7,85,23.5
2021-09-17,74.7,68.4,0.039,89,12.6,90,24.2
2021-09-18,81.0,66.8,0.008,42,9.1,83,16.1
2021-09-19,74.7,62.4,0.0,4,10.9,68,22.1
2021-09-20,73.8,59.1,0.0,23,10.6,79,21.3
2021-09-21,73.8,61.7,0.0,80,8.8,79,18.3
2021-09-22,77.7,68.1,0.201,87,18.2,89,34.2
2021-09-23,79.3,64.7,0.614,95,25.3,84,48.1
2021-09-24,72.5,60.3,1.024,39,8.8,70,18.6
2021-09-25,73.3,57.4,0.0,35,4.9,74,9.8
2021-09-26,70.8,60.3,0.0,12,14.6,61,28.0
2021-09-27,78.8,58.6,0.0,28,15.0,57,28.0
2021-09-28,72.0,61.5,0.488,70,11.9,76,23.9
2021-09-29,68.1,52.5,0.0,44,12.8,62,25.9
2021-09-30,66.1,55.8,0.0,54,11.2,65,23.3
2021-10-01,67.2,49.4,0.0,4,8.6,69,17.4
2021-10-02,74.8,51.7,0.0,48,10.5,71,21.3
2021-10-03,78.8,55.3,0.0,55,7.4,78,15.0
2021-10-04,69.4,61.8,0.858,97,12.9,94,26.6
2021-10-05,68.0,59.3,0.0,100,9.0,86,17.4
2021-10-06,68.8,61.0,0.004,96,4.0,85,8.7
2021-10-07,72.6,60.4,0.016,68,6.5,86,12.8
2021-10-08,74.8,58.4,0.0,61,8.1,85,13.9
2021-10-09,68.6,59.6,0.047,98,14.2,79,26.6
2021-10-10,65.6,61.1,0.094,97,16.9,86,32.7
2021-10-11,71.2,61.5,0.0,80,15.9,82,30.9
2021-10-12,71.2,59.5,0.0,55,7.3,86,14.8
2021-10-13,71.3,58.9,0.004,74,7.6,90,14.3
2021-10-14,77.2,59.9,0.0,51,9.6,79,18.6
2021-10-15,77.2,58.4,0.0,44,10.4,79,17.7
2021-10-16,76.0,59.2,0.689,86,16.0,80,28.9
2021-10-17,63.4,52.2,0.008,13,14.9,67,27.3
2021-10-18,60.6,48.7,0.0,16,20.1,59,36.2
2021-10-19,66.6,47.1,0.0,3,15.3,56,28.0
2021-10-20,75.6,57.0,0.0,32,13.4,55,23.0
2021-10-21,73.5,53.9,0.0,33,10.6,71,19.7
2021-10-22,68.8,58.2,0.0,44,11.2,67,19.5
2021-10-23,60.9,51.0,0.008,86,9.0,67,16.6
2021-10-24,60.2,45.9,0.028,50,8.1,73,14.8
2021-10-25,73.2,56.5,0.421,97,11.7,86,20.8
2021-10-26,62.6,57.0,3.327,100,17.8,90,33.3
2021-10-27,61.2,54.1,0.26,92,20.7,72,39.1
2021-10-28,59.6,46.5,0.0,42,11.9,74,21.5
2021-10-29,57.1,47.1,0.366,91,25.4,75,45.9
2021-10-30,64.3,53.8,0.307,72,23.9,86,42.3
2021-10-31,65.1,54.7,0.146,50,14.2,81,25.5
2021-11-01,58.1,46.6,0.0,19,12.9,64,23.9
2021-11-02,52.7,44.9,0.024,91,8.8,68,17.4
2021-11-03,51.5,39.0,0.004,21,9.7,68,19.0
2021-11-04,50.1,37.6,0.0,67,6.7,67,13.2
2021-11-05,51.4,37.9,0.0,0,9.2,69,18.8
2021-11-06,51.2,38.4,0.0,0,5.9,72,11.0
2021-11-07,54.1,37.0,0.0,64,6.2,74,12.8
2021-11-08,61.9,43.8,0.0,20,10.8,66,21.0
2021-11-09,67.4,42.4,0.0,15,6.4,78,12.5
2021-11-10,63.2,46.2,0.012,45,12.9,67,23.9
2021-11-11,59.2,39.8,0.012,91,14.0,75,23.7
2021-11-12,65.5,48.3,0.591,62,24.7,82,46.3
2021-11-13,61.1,40.9,0.197,26,22.6,76,40.9
2021-11-14,47.3,37.5,0.024,62,12.9,65,22.6
2021-11-15,47.7,36.5,0.035,48,18.6,74,35.1
2021-11-16,49.4,35.7,0.0,9,13.2,60,23.7
2021-11-17,54.0,33.2,0.0,64,12.2,77,22.1
2021-11-18,65.9,48.8,0.067,43,16.7,81,29.1
2021-11-19,49.5,38.7,0.13,26,17.6,58,32.4
2021-11-20,44.4,32.6,0.0,64,8.6,71,15.9
2021-11-21,53.4,41.2,0.031,89,12.2,77,21.0
2021-11-22,52.5,36.6,0.051,91,14.2,72,26.6
2021-11-23,42.0,31.6,0.012,18,17.3,51,32.9
2021-11-24,44.8,29.3,0.0,23,11.5,58,20.6
2021-11-25,53.2,34.3,0.0,79,7.4,64,13.6
2021-11-26,46.0,35.2,0.331,71,17.8,72,33.3
2021-11-27,40.2,32.3,0.0,47,17.7,53,35.1
2021-11-28,40.1,32.6,0.055,92,6.9,76,13.0
2021-11-29,42.6,30.8,0.016,38,12.8,67,23.7
2021-11-30,40.6,27.9,0.004,65,11.9,73,21.7
2021-12-01,47.8,34.1,0.004,81,10.3,70,18.3
2021-12-02,56.0,41.9,0.134,83,17.4,77,29.1
2021-12-03,49.0,33.9,0.0,42,17.2,57,33.1
2021-12-04,47.2,31.0,0.0,55,8.4,67,16.1
2021-12-05,45.9,32.3,0.0,90,9.4,64,16.8
2021-12-06,61.5,46.1,0.248,94,21.8,83,40.7
2021-12-07,47.8,33.7,0.004,84,16.9,54,30.6
2021-12-08,40.7,33.8,0.028,99,9.0,76,15.4
2021-12-09,38.8,28.6,0.004,61,11.9,64,21.0
2021-12-10,47.6,35.2,0.0,82,6.1,71,12.8
2021-12-11,63.4,41.2,0.319,100,21.8,90,41.6
2021-12-12,55.6,38.3,0.02,33,20.1,48,38.9
2021-12-13,50.6,35.6,0.0,36,12.2,50,21.9
2021-12-14,50.9,37.8,0.0,47,11.5,55,19.5
2021-12-15,50.7,35.4,0.039,88,12.8,77,23.7
2021-12-16,58.5,50.1,0.0,100,13.9,76,23.9
2021-12-17,57.3,43.3,0.0,91,13.3,52,23.0
2021-12-18,43.6,40.3,0.15,96,7.6,79,15.2
2021-12-19,45.0,29.0,0.02,70,16.4,68,29.5
2021-12-20,35.4,24.3,0.0,6,11.1,62,20.4
2021-12-21,42.5,28.0,0.0,69,8.4,73,15.2
2021-12-22,46.8,32.2,0.165,54,16.6,70,29.8
2021-12-23,36.0,28.1,0.0,56,12.5,56,22.1
2021-12-24,42.5,30.3,0.039,84,7.7,81,13.4
2021-12-25,48.0,33.2,0.24,92,9.0,95,15.4
2021-12-26,48.2,38.3,0.0,60,13.6,72,24.2
2021-12-27,37.1,29.7,0.083,90,8.4,74,14.3
2021-12-28,47.5,36.1,0.0,96,7.8,84,13.6
2021-12-29,45.9,39.7,0.319,100,7.6,90,15.0
2021-12-30,47.1,41.3,0.071,93,6.1,95,11.0
2021-12-31,52.2,45.1,0.106,100,9.3,96,18.1
2022-01-01,53.3,45.8,0.764,100,8.6,99,13.9
2022-01-02,55.8,37.0,0.63,100,15.6,88,32.7
2022-01-03,35.8,24.3,0.055,87,18.2,50,34.4
2022-01-04,33.5,20.2,0.0,26,12.4,51,22.6
2022-01-05,44.7,28.5,0.02,89,13.5,84,23.7
2022-01-06,39.7,30.9,0.0,83,12.5,65,23.7
2022-01-07,32.2,22.0,0.354,61,16.6,72,30.2
2022-01-08,26.2,17.2,0.0,9,13.4,71,23.5
2022-01-09,39.4,22.7,0.201,96,14.8,85,26.2
2022-01-10,39.7,24.5,0.0,37,15.0,55,27.5
2022-01-11,24.7,16.4,0.0,7,16.6,40,31.5
2022-01-12,40.6,19.0,0.0,63,12.8,53,24.4
2022-01-13,45.0,25.6,0.0,92,6.0,74,11.6
2022-01-14,41.2,23.2,0.0,81,21.5,75,38.9
2022-01-15,22.7,12.2,0.0,46,13.9,36,28.6
2022-01-16,34.5,8.0,0.173,56,17.5,57,29.3
2022-01-17,49.6,32.9,1.323,95,33.6,81,62.0
2022-01-18,35.3,23.4,0.0,51,19.2,57,36.2
2022-01-19,45.9,23.5,0.0,79,14.6,69,26.8
2022-01-20,41.6,22.3,0.287,85,13.8,69,24.8
2022-01-21,22.6,11.4,0.0,81,13.6,47,24.8
2022-01-22,29.8,10.0,0.0,41,11.4,50,20.4
2022-01-23,37.2,21.2,0.02,66,8.8,45,17.4
2022-01-24,32.6,27.3,0.012,91,9.4,72,19.2
2022-01-25,43.5,25.3,0.0,63,10.5,68,21.0
2022-01-26,26.7,17.8,0.0,0,12.7,50,24.6
2022-01-27,31.6,14.9,0.0,16,11.6,51,23.0
2022-01-28,34.0,26.7,0.094,100,11.6,69,19.5
2022-01-29,29.1,9.0,0.693,98,24.7,71,45.2
2022-01-30,22.6,7.3,0.0,28,17.7,63,31.1
2022-01-31,26.1,1.4,0.0,38,7.6,73,11.2
2022-02-01,30.7,8.1,0.0,31,7.6,76,13.2
2022-02-02,39.0,19.3,0.0,96,6.6,94,10.1
2022-02-03,48.7,36.3,0.516,100,9.2,98,14.8
2022-02-04,54.8,28.0,1.047,100,18.4,91,31.3
2022-02-05,28.8,19.9,0.016,42,16.6,54,31.3
2022-02-06,29.8,16.4,0.0,29,10.1,55,19.7
2022-02-07,37.3,23.4,0.169,96,8.5,87,15.2
2022-02-08,46.5,29.8,0.154,37,15.5,74,27.5
2022-02-09,41.6,23.9,0.0,1,10.3,68,20.8
2022-02-10,51.7,31.8,0.0,28,20.2,68,36.9
2022-02-11,53.5,25.5,0.0,17,16.5,65,29.5
2022-02-12,55.9,42.9,0.0,84,15.5,51,27.5
2022-02-13,41.1,26.3,0.205,100,10.8,72,18.8
2022-02-14,26.1,13.6,0.0,14,16.4,52,30.6
2022-02-15,31.8,15.6,0.0,6,8.0,43,17.7
2022-02-16,43.4,23.1,0.0,66,13.1,68,25.5
2022-02-17,62.2,41.4,0.087,100,19.7,74,35.1
2022-02-18,60.4,27.2,0.469,48,27.4,63,49.2
2022-02-19,38.1,22.3,0.016,29,22.0,53,40.0
2022-02-20,36.6,20.3,0.0,22,14.6,45,27.5
2022-02-21,50.0,28.9,0.0,29,11.9,68,21.9
2022-02-22,56.7,31.9,0.185,95,23.9,88,47.2
2022-02-23,65.9,38.5,0.004,88,18.1,74,33.8
2022-02-24,36.0,29.0,0.0,98,14.5,47,25.5
2022-02-25,43.4,28.0,0.705,82,16.1,77,32.9
2022-02-26,37.3,20.2,0.0,74,16.1,55,30.2
2022-02-27,46.6,25.3,0.0,20,20.6,52,36.7
2022-02-28,34.9,23.6,0.0,37,14.2,48,26.6
2022-03-01,42.7,25.6,0.008,91,13.9,70,25.7
2022-03-02,50.8,35.0,0.0,41,10.6,67,21.5
2022-03-03,41.6,26.9,0.154,50,15.3,55,28.0
2022-03-04,37.9,19.5,0.0,21,12.6,48,23.9
2022-03-05,42.6,24.3,0.004,94,11.0,62,19.7
2022-03-06,67.4,37.6,0.063,99,18.6,83,34.0
2022-03-07,73.1,52.4,0.185,97,23.5,73,44.7
2022-03-08,55.9,34.7,0.0,80,20.1,51,41.4
2022-03-09,38.0,33.7,0.661,100,10.9,87,20.1
2022-03-10,48.5,29.5,0.0,84,7.7,81,14.8
2022-03-11,51.4,30.5,0.0,28,12.7,76,24.4
2022-03-12,44.0,24.4,0.602,91,22.3,80,39.8
2022-03-13,37.2,21.2,0.008,53,20.8,47,38.9
2022-03-14,55.8,28.0,0.0,53,13.0,59,22.6
2022-03-15,60.6,37.9,0.0,78,13.4,62,22.6
2022-03-16,61.2,38.0,0.012,21,11.7,75,22.6
2022-03-17,54.4,39.2,0.256,95,10.4,96,19.7
2022-03-18,69.7,45.6,0.0,54,10.0,89,19.7
2022-03-19,65.2,44.1,0.366,81,10.1,90,20.4
2022-03-20,58.8,44.6,0.004,58,16.8,69,30.4
2022-03-21,60.4,41.2,0.0,30,18.6,46,33.3
2022-03-22,55.3,39.3,0.0,74,14.4,41,27.5
2022-03-23,47.3,34.6,0.087,99,12.2,58,21.5
2022-03-24,50.0,38.6,0.843,100,16.9,91,31.5
2022-03-25,60.3,41.8,0.224,76,17.2,72,32.4
2022-03-26,50.5,41.1,0.24,82,13.4,66,25.5
2022-03-27,45.8,30.3,0.012,56,16.4,55,29.5
2022-03-28,32.3,22.8,0.012,61,19.5,36,36.7
2022-03-29,38.1,22.8,0.0,25,18.2,43,33.8
2022-03-30,42.9,25.9,0.0,66,10.6,54,19.0
2022-03-31,66.4,38.6,0.472,93,23.5,81,41.8
2022-04-01,59.6,41.8,0.055,68,20.6,70,38.5
2022-04-02,52.3,34.7,0.0,50,16.3,54,29.8
2022-04-03,47.2,38.3,0.122,91,13.6,79,23.7
2022-04-04,54.2,37.0,0.004,65,14.7,58,25.7
2022-04-05,54.0,34.1,0.067,72,10.4,73,20.4
2022-04-06,54.8,43.3,0.689,100,19.4,88,38.7
2022-04-07,53.0,42.4,2.917,99,21.7,91,40.3
2022-04-08,62.0,45.1,0.205,40,13.2,68,26.6
2022-04-09,56.8,41.3,0.189,65,12.5,72,26.6
2022-04-10,49.9,38.5,0.0,69,18.2,56,33.8
2022-04-11,55.9,35.4,0.0,49,11.6,61,22.6
2022-04-12,68.9,46.1,0.063,50,11.1,69,22.4
2022-04-13,66.2,45.1,0.0,70,11.6,73,23.3
2022-04-14,82.8,57.3,0.008,89,16.1,70,28.6
2022-04-15,66.7,43.5,0.004,25,16.7,44,28.6
2022-04-16,67.0,45.5,0.268,94,15.2,58,29.5
2022-04-17,50.3,39.2,0.02,29,18.7,56,35.1
2022-04-18,51.3,34.9,0.24,65,19.1,65,32.9
2022-04-19,52.0,40.4,1.067,54,25.6,65,52.8
2022-04-20,57.2,38.3,0.0,23,16.6,52,30.4
2022-04-21,55.6,39.0,0.02,89,20.3,75,37.4
2022-04-22,64.9,47.5,0.0,26,13.2,60,26.8
2022-04-23,58.6,43.6,0.0,86,9.3,62,18.1
2022-04-24,60.7,44.9,0.0,38,13.5,64,26.8
2022-04-25,59.5,43.2,0.0,94,13.0,60,25.7
2022-04-26,60.4,50.0,0.138,100,7.9,85,15.7
2022-04-27,56.2,40.9,0.031,57,19.0,56,35.1
2022-04-28,54.3,37.8,0.0,23,20.6,40,38.0
2022-04-29,59.6,37.7,0.0,0,16.5,33,31.8
2022-04-30,64.0,39.5,0.0,9,12.0,42,21.9
2022-05-01,65.9,41.8,0.035,66,11.1,61,21.9
2022-05-02,57.7,49.7,0.114,90,10.1,86,19.0
2022-05-03,65.2,45.5,0.0,66,12.5,80,23.9
2022-05-04,68.5,48.6,0.213,88,10.8,86,20.4
2022-05-05,70.8,51.7,0.0,74,10.5,68,20.4
2022-05-06,57.3,49.9,0.878,100,8.1,88,14.8
2022-05-07,51.0,45.1,1.193,100,19.1,86,35.1
2022-05-08,55.9,44.8,0.094,98,17.4,57,32.2
2022-05-09,66.1,42.5,0.0,6,14.3,44,27.1
2022-05-10,68.3,46.0,0.0,14,14.0,39,26.2
2022-05-11,69.6,47.8,0.0,37,12.4,57,23.5
2022-05-12,70.6,52.2,0.0,72,10.4,84,20.4
2022-05-13,70.8,56.5,0.051,100,8.5,93,16.6
2022-05-14,70.8,58.0,0.276,100,10.2,95,20.6
2022-05-15,76.6,58.2,0.043,87,12.3,90,24.8
2022-05-16,74.6,60.4,0.299,65,14.7,88,31.1
2022-05-17,73.7,53.4,0.004,7,19.7,58,37.1
2022-05-18,70.4,52.2,0.0,61,11.4,54,19.9
2022-05-19,71.7,54.7,0.567,82,7.4,80,15.4
2022-05-20,72.1,51.4,0.142,78,12.9,88,25.3
2022-05-21,89.0,60.7,0.0,51,12.2,82,22.8
2022-05-22,86.9,68.8,0.008,53,12.3,73,23.9
2022-05-23,72.4,60.1,0.0,100,13.3,53,23.3
2022-05-24,67.4,56.0,0.004,98,11.3,69,22.1
2022-05-25,67.6,52.5,0.0,95,10.8,69,21.0
2022-05-26,68.0,52.0,0.0,89,14.2,77,26.6
2022-05-27,74.8,61.4,0.189,100,13.8,89,32.0
2022-05-28,73.9,64.6,0.48,76,13.7,84,27.3
2022-05-29,76.7,56.8,0.0,38,9.9,70,17.9
2022-05-30,85.0,59.3,0.0,60,13.7,74,25.9
2022-05-31,91.9,68.1,0.0,67,10.4,61,19.7
2022-06-01,72.9,60.2,0.535,99,11.1,79,23.3
2022-06-02,80.2,60.9,0.429,98,8.3,86,16.3
2022-06-03,77.7,64.7,0.02,89,8.8,78,19.9
2022-06-04,80.8,56.3,0.0,4,13.0,63,24.8
2022-06-05,76.5,56.1,0.0,30,8.8,52,17.0
2022-06-06,79.6,56.3,0.0,35,14.4,55,26.2
2022-06-07,76.3,58.1,0.059,87,20.4,67,37.8
2022-06-08,84.0,66.7,0.016,76,14.5,71,29.1
2022-06-09,82.6,65.6,0.524,55,17.5,72,32.4
2022-06-10,79.3,59.5,0.0,63,13.6,56,23.9
2022-06-11,75.4,60.6,0.008,80,7.1,62,14.1
2022-06-12,73.0,61.1,0.366,92,14.6,85,27.7
2022-06-13,82.1,64.3,0.268,60,7.5,76,19.9
2022-06-14,84.4,65.7,0.0,67,11.9,56,24.8
2022-06-15,82.0,63.5,0.0,71,16.9,67,32.0
2022-06-16,73.8,64.2,0.362,92,17.6,77,31.3
2022-06-17,89.5,66.7,0.0,37,18.9,62,34.4
2022-06-18,71.1,59.7,0.0,46,19.2,53,36.9
2022-06-19,72.5,54.6,0.0,24,18.8,42,36.5
2022-06-20,79.9,55.4,0.0,57,11.4,45,19.7
2022-06-21,79.1,58.5,0.039,100,8.1,56,15.0
2022-06-22,69.4,62.2,0.13,99,14.4,83,27.3
2022-06-23,73.0,60.5,0.031,83,9.7,78,19.5
2022-06-24,80.3,58.5,0.039,28,12.0,78,23.3
2022-06-25,90.8,64.8,0.0,12,15.5,66,29.3
2022-06-26,87.7,68.1,0.0,35,19.2,64,34.7
2022-06-27,79.4,67.8,0.461,84,12.7,76,26.8
2022-06-28,81.7,66.6,0.0,61,8.9,54,17.7
2022-06-29,84.4,64.0,0.0,33,16.9,62,32.0
2022-06-30,88.4,63.4,0.0,15,11.9,57,23.3
2022-07-01,92.9,68.5,0.004,43,20.0,67,36.0
2022-07-02,87.7,73.8,0.157,91,12.0,77,24.8
2022-07-03,88.4,70.0,0.0,49,9.8,60,19.5
2022-07-04,87.8,63.7,0.0,26,9.6,43,17.0
2022-07-05,86.2,68.7,0.02,89,18.9,64,35.1
2022-07-06,89.2,71.3,0.008,85,11.8,66,23.0
2022-07-07,81.7,68.5,0.0,87,11.9,66,23.3
2022-07-08,85.6,67.0,0.071,97,9.3,77,19.2
2022-07-09,86.2,69.1,0.0,92,12.9,65,27.3
2022-07-10,82.0,65.1,0.0,13,14.4,56,27.1
2022-07-11,84.4,63.9,0.0,6,20.3,64,36.9
2022-07-12,92.9,67.1,0.012,41,19.4,61,36.0
2022-07-13,91.6,70.3,0.0,51,16.7,60,32.2
2022-07-14,89.8,70.2,0.031,43,10.1,59,21.0
2022-07-15,84.6,68.7,0.0,24,12.4,58,25.1
2022-07-16,82.9,69.1,0.173,87,9.7,80,20.8
2022-07-17,83.1,68.4,0.102,81,11.0,80,21.9
2022-07-18,86.0,72.6,0.614,96,14.9,84,30.6
2022-07-19,91.5,70.3,0.0,44,13.6,65,25.3
2022-07-20,93.4,72.4,0.004,11,11.0,62,21.7
2022-07-21,91.9,76.5,0.224,24,14.9,68,33.1
2022-07-22,94.4,71.6,0.0,12,17.1,63,32.2
2022-07-23,95.5,73.9,0.0,43,14.7,60,29.3
2022-07-24,97.0,75.7,0.0,88,17.6,52,32.2
2022-07-25,88.6,76.6,0.681,73,13.8,74,30.4
2022-07-26,84.8,68.4,0.0,71,12.1,57,24.2
2022-07-27,83.9,64.6,0.0,62,12.8,64,24.4
2022-07-28,88.9,72.5,0.063,64,14.7,78,28.2
2022-07-29,87.9,72.6,0.008,91,11.4,64,21.7
2022-07-30,90.2,72.1,0.039,46,13.7,55,26.2
2022-07-31,85.1,66.8,0.0,67,11.8,64,22.6
2022-08-01,80.3,70.0,0.476,74,12.1,76,21.3
2022-08-02,91.7,70.7,0.004,31,10.5,65,21.0
2022-08-03,90.3,70.3,0.0,18,13.2,64,25.1
2022-08-04,92.8,71.0,0.0,19,16.2,67,29.8
2022-08-05,90.9,73.9,0.004,78,8.5,64,17.2
2022-08-06,90.7,74.4,0.012,58,15.7,71,30.2
2022-08-07,93.8,74.8,0.142,68,16.7,73,32.4
2022-08-08,94.1,77.7,0.039,47,13.8,65,27.1
2022-08-09,98.3,79.2,0.232,54,12.2,69,28.2
2022-08-10,89.6,73.4,0.004,52,13.0,69,25.5
2022-08-11,89.9,73.0,0.02,84,9.6,65,18.8
2022-08-12,84.3,70.3,0.0,42,13.2,47,25.3
2022-08-13,80.9,63.8,0.0,4,12.5,49,24.6
2022-08-14,82.2,62.3,0.0,49,15.2,56,28.0
2022-08-15,82.9,64.3,0.0,55,10.5,60,22.4
2022-08-16,82.6,64.9,0.0,71,14.1,62,28.0
2022-08-17,80.5,65.3,0.016,61,12.5,62,20.4
2022-08-18,87.4,63.3,0.0,13,10.9,56,21.9
2022-08-19,89.3,64.3,0.0,33,16.7,54,30.9
2022-08-20,89.2,70.6,0.0,40,12.2,61,24.2
2022-08-21,82.7,69.1,0.0,79,13.0,75,25.1
2022-08-22,76.6,70.9,0.783,95,10.6,88,21.3
2022-08-23,84.8,70.1,0.28,46,9.1,77,18.1
2022-08-24,88.2,67.9,0.0,10,9.0,60,17.7
2022-08-25,90.1,67.6,0.0,29,12.4,58,22.4
2022-08-26,85.8,70.9,1.067,50,13.7,73,25.9
2022-08-27,85.0,68.7,0.0,10,7.9,71,16.3
2022-08-28,81.8,71.2,0.031,54,10.8,81,20.8
2022-08-29,83.8,70.3,0.004,29,14.8,83,27.7
2022-08-30,86.4,71.0,0.106,47,17.4,81,32.7
2022-08-31,83.8,69.0,0.031,23,12.8,63,25.1
2022-09-01,85.0,67.3,0.0,5,11.2,47,22.1
2022-09-02,77.6,60.2,0.0,16,9.2,63,17.9
2022-09-03,80.4,63.4,0.0,75,10.7,73,19.9
2022-09-04,85.9,69.0,0.047,92,7.4,75,17.0
2022-09-05,83.1,69.4,0.165,100,8.4,80,19.7
2022-09-06,72.5,68.7,1.224,95,12.4,90,22.1
2022-09-07,73.0,65.3,0.075,100,13.6,82,24.2
2022-09-08,75.3,64.1,0.0,54,9.6,76,19.0
2022-09-09,79.5,61.6,0.0,0,7.3,72,14.8
2022-09-10,81.5,59.7,0.0,48,7.9,72,15.4
2022-09-11,76.3,66.2,0.508,100,7.7,81,13.6
2022-09-12,82.6,68.6,0.35,93,9.2,84,16.6
2022-09-13,79.1,69.1,0.327,70,12.1,83,21.0
2022-09-14,79.7,60.6,0.0,7,12.5,68,23.0
2022-09-15,71.7,60.4,0.0,4,11.3,62,23.0
2022-09-16,74.8,53.6,0.0,33,6.4,62,13.4
2022-09-17,73.5,62.4,0.0,54,10.5,73,19.9
2022-09-18,83.9,63.0,0.0,42,12.5,70,22.8
2022-09-19,86.5,66.5,0.193,51,13.9,71,27.5
2022-09-20,78.4,64.0,0.0,19,11.8,72,21.9
2022-09-21,80.0,61.1,0.0,38,12.0,74,22.8
2022-09-22,77.0,58.0,0.358,56,15.3,72,27.7
2022-09-23,61.8,50.3,0.0,4,19.3,54,35.3
2022-09-24,69.4,49.4,0.0,38,11.7,57,23.3
2022-09-25,75.0,53.5,0.012,75,13.8,70,25.5
2022-09-26,74.8,55.9,0.0,12,15.5,65,28.4
2022-09-27,70.7,56.8,0.0,56,12.6,56,24.4
2022-09-28,69.8,50.8,0.0,38,10.9,59,21.5
2022-09-29,66.7,52.3,0.0,48,12.0,63,23.0
2022-09-30,62.4,50.9,0.0,100,10.0,68,19.5
2022-10-01,63.6,52.9,0.634,100,19.2,82,34.7
2022-10-02,59.0,51.9,0.248,100,19.2,65,36.2
2022-10-03,53.5,48.8,0.61,100,17.6,67,32.4
2022-10-04,55.2,47.2,6.189,100,18.7,88,37.4
2022-10-05,60.7,54.7,0.413,88,16.3,90,29.5
2022-10-06,72.6,52.3,0.0,32,7.9,78,13.2
2022-10-07,75.0,53.1,0.012,40,10.5,73,19.7
2022-10-08,58.6,44.9,0.024,41,12.3,61,21.9
2022-10-09,61.8,42.9,0.0,6,12.1,64,23.0
2022-10-10,67.7,45.5,0.0,34,10.5,62,20.8
2022-10-11,68.0,46.6,0.0,0,8.8,75,16.1
2022-10-12,67.1,48.7,0.0,59,14.5,72,26.2
2022-10-13,70.0,56.3,0.185,100,17.0,88,30.6
2022-10-14,66.4,50.6,0.264,36,14.0,74,28.9
2022-10-15,66.5,46.3,0.0,5,14.8,73,26.6
2022-10-16,64.0,50.0,0.0,45,7.7,74,15.0
2022-10-17,65.8,51.5,0.13,97,10.2,79,22.1
2022-10-18,56.7,45.4,0.055,44,10.5,60,18.6
2022-10-19,53.9,39.8,0.0,21,15.7,60,30.6
2022-10-20,57.7,41.4,0.0,2,15.7,59,29.5
2022-10-21,60.9,41.5,0.0,0,7.0,65,12.5
2022-10-22,64.0,42.9,0.0,36,7.0,73,14.5
2022-10-23,60.4,49.6,0.594,100,12.2,82,21.0
2022-10-24,61.5,53.8,0.937,100,11.3,94,22.1
2022-10-25,70.1,59.0,0.169,93,7.8,96,15.9
2022-10-26,70.2,60.4,0.008,79,10.1,92,18.1
2022-10-27,63.4,50.6,0.0,2,15.0,63,28.0
2022-10-28,55.9,43.7,0.0,74,11.9,62,20.4
2022-10-29,58.4,42.0,0.0,8,6.5,72,14.1
2022-10-30,61.3,39.3,0.0,49,5.9,75,11.2
2022-10-31,63.2,49.7,0.189,96,9.0,84,18.1
2022-11-01,67.1,56.2,0.22,73,9.6,90,17.7
2022-11-02,68.3,51.0,0.0,1,10.4,75,18.3
2022-11-03,64.3,47.6,0.0,1,6.7,81,12.8
2022-11-04,68.2,45.4,0.0,59,8.5,89,15.9
2022-11-05,73.0,59.0,0.0,73,16.8,85,28.9
2022-11-06,74.1,63.8,0.122,75,13.7,81,25.7
2022-11-07,74.8,57.9,0.028,18,13.8,64,24.4
2022-11-08,56.2,45.9,0.0,11,14.3,47,24.8
2022-11-09,51.1,39.6,0.0,11,11.3,63,19.9
2022-11-10,63.5,44.3,0.0,19,8.6,82,16.8
2022-11-11,65.9,52.3,0.862,100,20.8,93,36.2
2022-11-12,68.5,57.0,0.075,58,20.1,80,36.2
2022-11-13,56.7,42.6,0.126,64,16.3,68,30.9
2022-11-14,45.6,35.9,0.0,3,12.4,56,21.9
2022-11-15,45.4,35.0,0.287,75,13.3,73,22.8
2022-11-16,52.3,39.0,0.476,88,17.3,77,31.5
2022-11-17,46.8,36.1,0.0,45,19.2,59,35.8
2022-11-18,43.1,32.6,0.02,24,18.4,57,34.2
2022-11-19,39.6,28.9,0.0,10,11.9,55,23.3
2022-11-20,36.0,27.9,0.008,8,20.4,49,37.8
2022-11-21,39.2,25.7,0.0,22,14.6,52,25.5
2022-11-22,49.1,32.4,0.0,1,12.4,59,22.8
2022-11-23,53.0,35.4,0.0,0,8.3,59,16.1
2022-11-24,51.1,33.8,0.0,37,8.3,81,14.1
2022-11-25,53.4,40.7,0.161,73,15.6,81,29.8
2022-11-26,54.1,40.3,0.0,32,12.8,59,23.0
2022-11-27,57.3,41.5,0.417,96,15.8,76,31.5
2022-11-28,53.6,40.4,0.0,41,16.4,69,29.8
2022-11-29,43.3,32.2,0.0,61,8.7,75,15.7
2022-11-30,55.4,33.6,0.535,92,23.5,85,40.9
2022-12-01,42.9,32.7,0.0,21,18.3,51,33.6
2022-12-02,41.0,26.9,0.0,13,7.2,70,15.2
2022-12-03,56.2,39.7,0.323,81,19.9,82,39.1
2022-12-04,44.2,32.5,0.0,20,13.5,60,23.3
2022-12-05,43.4,27.2,0.0,42,7.7,73,15.2
2022-12-06,54.1,33.4,0.461,100,13.8,92,25.5
2022-12-07,58.0,52.6,0.402,89,13.8,96,25.3
2022-12-08,52.7,42.3,0.0,68,12.1,74,21.5
2022-12-09,44.4,33.2,0.0,2,12.5,63,21.5
2022-12-10,40.8,29.0,0.0,35,10.8,63,20.1
2022-12-11,39.5,33.9,0.386,100,11.2,83,20.8
2022-12-12,39.4,27.6,0.047,48,13.6,80,24.6
2022-12-13,40.6,23.7,0.0,0,9.1,68,17.0
2022-12-14,39.9,28.7,0.0,52,13.8,61,24.6
2022-12-15,40.6,29.1,0.654,100,19.7,82,35.1
2022-12-16,43.7,37.9,0.705,100,20.9,92,37.1
2022-12-17,44.2,33.7,0.012,34,14.7,69,27.3
2022-12-18,39.2,27.6,0.0,29,13.5,64,25.1
2022-12-19,38.3,28.1,0.0,6,14.0,59,26.6
2022-12-20,38.8,28.0,0.0,7,11.4,65,21.5
2022-12-21,37.9,25.0,0.0,46,5.6,75,11.0
2022-12-22,44.4,27.4,0.287,100,19.7,89,34.7
2022-12-23,55.4,9.0,0.803,74,27.7,79,51.7
2022-12-24,19.8,7.5,0.0,20,20.6,34,40.9
2022-12-25,29.1,14.1,0.0,0,15.1,41,27.7
2022-12-26,30.7,17.6,0.0,49,11.9,43,21.0
2022-12-27,39.1,23.4,0.0,41,10.4,53,19.2
2022-12-28,43.8,24.8,0.0,62,11.3,67,21.5
2022-12-29,47.0,30.2,0.0,69,9.3,76,18.3
2022-12-30,55.8,36.0,0.0,49,8.5,75,16.1
2022-12-31,52.2,42.7,0.217,100,8.6,97,17.7
2023-01-01,52.7,40.5,0.083,46,10.7,83,20.4
2023-01-02,54.6,40.6,0.031,90,6.0,84,10.1
2023-01-03,55.5,44.8,0.469,100,12.0,96,20.1
2023-01-04,64.0,51.1,0.083,97,10.8,94,19.5
2023-01-05,55.5,45.2,0.0,97,7.9,92,14.8
2023-01-06,46.9,38.0,0.311,71,10.3,86,17.9
2023-01-07,46.6,32.6,0.0,49,11.9,69,23.0
2023-01-08,39.7,28.1,0.0,37,8.7,69,15.2
2023-01-09,44.7,33.3,0.067,43,10.7,76,19.9
2023-01-10,43.3,32.8,0.0,80,9.7,67,18.6
2023-01-11,38.1,29.5,0.0,82,8.2,69,14.5
2023-01-12,50.4,31.1,0.425,89,12.5,89,22.8
2023-01-13,55.0,37.8,0.087,100,16.3,79,29.3
2023-01-14,37.3,30.6,0.0,99,15.9,57,28.4
2023-01-15,40.6,28.5,0.0,38,18.3,51,33.3
2023-01-16,46.7,27.4,0.0,13,14.5,42,25.7
2023-01-17,45.0,28.0,0.035,69,8.2,56,15.2
2023-01-18,51.0,37.3,0.012,54,15.4,77,28.9
2023-01-19,41.6,37.0,0.661,99,9.4,91,25.7
2023-01-20,47.4,35.4,0.02,63,18.0,81,32.7
2023-01-21,42.9,28.1,0.008,53,11.7,67,21.9
2023-01-22,41.7,25.4,0.209,85,9.9,80,21.3
2023-01-23,37.3,33.9,0.65,90,14.3,90,25.5
2023-01-24,45.6,29.9,0.0,45,17.3,65,31.5
2023-01-25,51.5,27.6,0.74,100,24.8,85,52.8
2023-01-26,53.4,37.4,0.551,60,21.3,70,48.1
2023-01-27,43.0,29.3,0.0,21,11.8,65,22.1
2023-01-28,51.1,30.4,0.0,65,14.1,61,26.6
2023-01-29,50.5,31.9,0.0,94,12.7,73,22.8
2023-01-30,52.6,37.0,0.0,67,7.8,83,14.1
2023-01-31,43.7,32.2,0.098,99,11.6,68,20.6
2023-02-01,37.2,26.0,0.071,47,9.2,52,17.2
2023-02-02,39.0,24.1,0.0,72,11.2,52,21.3
2023-02-03,32.6,12.4,0.0,39,26.3,41,46.3
2023-02-04,24.7,1.6,0.0,21,25.0,32,46.5
2023-02-05,47.9,23.1,0.0,97,11.8,53,22.6
2023-02-06,49.8,30.1,0.0,28,17.5,69,31.5
2023-02-07,38.4,24.2,0.047,64,12.5,70,23.5
2023-02-08,50.3,34.2,0.075,35,13.5,74,25.3
2023-02-09,51.4,28.0,0.0,86,12.8,81,23.0
2023-02-10,56.5,42.2,0.0,43,16.9,67,31.1
2023-02-11,44.1,31.6,0.0,22,15.6,55,27.3
2023-02-12,44.4,29.5,0.028,100,10.4,68,17.2
2023-02-13,55.1,35.9,0.024,51,13.6,48,23.0
2023-02-14,51.9,36.4,0.0,18,14.6,54,25.3
2023-02-15,62.0,37.9,0.0,77,16.0,63,29.3
2023-02-16,66.7,48.6,0.114,90,10.8,72,20.4
2023-02-17,59.6,32.2,0.272,91,20.5,83,41.8
2023-02-18,42.4,26.8,0.0,11,16.2,51,29.8
2023-02-19,46.6,31.4,0.059,91,17.7,70,31.5
2023-02-20,59.1,41.7,0.0,77,14.3,77,25.9
2023-02-21,46.1,34.6,0.213,84,9.9,84,25.1
2023-02-22,41.9,31.1,0.181,77,9.5,78,18.6
2023-02-23,45.1,36.4,0.028,87,10.1,89,18.1
2023-02-24,44.6,27.7,0.0,42,20.7,61,38.7
2023-02-25,31.9,21.7,0.031,70,11.8,63,22.8
2023-02-26,49.9,24.6,0.0,23,20.6,71,39.1
2023-02-27,41.1,27.6,0.142,63,14.0,65,24.6
2023-02-28,35.9,31.3,0.504,81,14.8,93,26.6
2023-03-01,42.6,27.5,0.102,57,12.4,80,26.2
2023-03-02,56.5,36.0,0.067,100,14.1,79,24.6
2023-03-03,45.4,29.0,0.091,85,17.9,70,30.9
2023-03-04,43.2,37.2,1.618,96,22.0,84,42.7
2023-03-05,53.5,31.4,0.0,40,16.2,65,30.9
2023-03-06,50.1,34.5,0.0,46,13.9,57,26.2
2023-03-07,45.1,33.7,0.087,60,21.3,50,39.8
2023-03-08,47.7,28.0,0.0,28,18.9,54,37.6
2023-03-09,50.7,30.9,0.0,36,14.0,61,24.4
2023-03-10,45.2,29.2,0.28,87,10.4,75,17.7
2023-03-11,44.6,34.8,0.524,80,16.2,82,29.8
2023-03-12,46.5,29.8,0.0,59,11.3,67,19.5
2023-03-13,42.6,38.3,0.61,100,12.5,90,21.5
2023-03-14,37.8,33.9,0.65,100,24.5,77,49.4
2023-03-15,44.4,33.4,0.0,59,23.4,52,42.1
2023-03-16,55.6,29.8,0.0,45,12.3,47,22.4
2023-03-17,56.6,36.9,0.0,98,12.8,62,22.1
2023-03-18,51.4,37.5,0.024,70,15.6,58,28.9
2023-03-19,38.5,27.1,0.0,24,16.5,43,31.3
2023-03-20,51.0,26.2,0.0,0,10.7,51,21.5
2023-03-21,59.8,31.3,0.0,29,12.9,48,24.4
2023-03-22,55.8,36.8,0.0,78,12.9,66,25.3
2023-03-23,58.4,41.5,0.15,99,13.8,88,25.1
2023-03-24,54.7,42.1,0.0,97,12.0,59,21.0
2023-03-25,44.3,37.9,0.476,99,17.0,84,30.6
2023-03-26,58.7,37.5,0.0,7,14.3,63,27.3
2023-03-27,58.6,36.1,0.138,50,12.8,63,24.6
2023-03-28,52.1,37.8,0.024,75,12.0,72,24.2
2023-03-29,52.2,32.0,0.0,44,14.0,61,25.7
2023-03-30,45.2,29.0,0.004,21,17.0,47,30.0
2023-03-31,49.5,31.8,0.0,94,16.9,73,31.5
2023-04-01,67.3,47.0,0.354,93,15.9,79,34.4
2023-04-02,50.5,37.2,0.0,20,20.1,47,38.0
2023-04-03,55.6,31.3,0.0,26,18.4,66,34.0
2023-04-04,66.4,41.9,0.0,40,9.4,82,19.2
2023-04-05,55.9,47.1,0.008,96,12.9,89,23.0
2023-04-06,77.5,49.8,0.102,94,11.4,83,21.7
2023-04-07,56.8,44.0,0.0,99,13.0,40,23.9
2023-04-08,51.5,34.7,0.0,97,11.8,47,20.8
2023-04-09,54.0,34.1,0.0,22,13.3,62,28.0
2023-04-10,64.0,36.1,0.0,1,10.6,66,21.0
2023-04-11,72.7,43.6,0.0,70,15.9,40,29.3
2023-04-12,80.9,60.3,0.0,55,16.1,37,29.1
2023-04-13,86.7,55.0,0.0,0,12.5,45,21.9
2023-04-14,84.7,58.0,0.0,72,10.9,44,20.8
2023-04-15,70.2,59.4,0.106,90,12.4,83,24.8
2023-04-16,69.7,54.5,0.0,100,11.0,88,23.0
2023-04-17,67.6,53.2,0.217,73,14.2,75,26.6
2023-04-18,56.9,44.8,0.012,30,21.3,44,43.4
2023-04-19,63.0,39.7,0.0,38,15.0,50,29.5
2023-04-20,61.5,42.1,0.0,59,9.9,64,19.7
2023-04-21,67.8,46.1,0.0,43,13.1,72,25.9
2023-04-22,67.6,49.2,0.567,96,16.9,86,34.9
2023-04-23,65.1,51.9,0.803,69,11.4,76,22.8
2023-04-24,60.9,42.9,0.0,34,9.9,56,19.7
2023-04-25,58.4,41.6,0.016,44,7.7,57,15.2
2023-04-26,57.0,42.8,0.059,50,12.1,72,23.7
2023-04-27,56.6,46.0,0.055,62,9.9,84,20.4
2023-04-28,55.7,43.7,0.173,95,13.5,77,24.6
2023-04-29,54.0,47.8,2.087,100,19.1,92,34.9
2023-04-30,59.2,50.6,0.98,100,15.8,97,29.1
2023-05-01,60.1,45.4,0.071,59,21.7,63,40.9
2023-05-02,55.9,47.2,0.059,86,15.7,67,28.9
2023-05-03,54.5,42.4,0.012,81,7.8,69,17.0
2023-05-04,57.7,43.3,0.063,81,9.2,80,17.9
2023-05-05,62.7,44.8,0.012,28,7.8,77,16.6
2023-05-06,69.5,44.6,0.0,34,10.1,65,19.5
2023-05-07,75.4,49.1,0.016,56,12.3,59,24.4
2023-05-08,74.5,54.7,0.012,55,12.4,63,23.7
2023-05-09,67.9,49.4,0.0,71,12.7,53,23.9
2023-05-10,70.3,44.8,0.0,3,11.4,63,20.8
2023-05-11,77.9,48.3,0.0,10,10.4,55,21.3
2023-05-12,83.8,54.8,0.0,66,8.8,56,17.2
2023-05-13,80.6,63.1,0.0,91,12.0,49,20.8
2023-05-14,72.3,54.1,0.0,73,13.0,44,22.8
2023-05-15,76.6,48.9,0.0,9,11.1,39,19.7
2023-05-16,81.1,54.7,0.0,58,15.5,37,27.5
2023-05-17,64.7,50.5,0.0,24,15.4,41,29.1
2023-05-18,58.4,44.0,0.0,0,12.5,54,25.1
2023-05-19,67.6,50.7,0.0,67,19.6,71,35.8
2023-05-20,63.7,55.9,0.969,100,10.1,92,19.7
2023-05-21,70.9,55.1,0.016,70,13.7,67,25.9
2023-05-22,72.8,54.6,0.008,15,11.7,70,22.4
2023-05-23,67.6,51.9,0.0,48,12.7,73,25.3
2023-05-24,71.9,49.5,0.004,37,14.8,68,26.4
2023-05-25,66.2,49.9,0.0,29,15.0,55,27.1
2023-05-26,71.3,50.1,0.0,2,7.6,55,16.8
2023-05-27,75.7,50.5,0.0,38,12.3,54,22.6
2023-05-28,75.2,53.2,0.0,24,11.5,56,21.9
2023-05-29,77.4,56.9,0.0,15,15.7,56,29.8
2023-05-30,69.9,52.9,0.0,0,9.4,68,19.9
2023-05-31,73.8,51.3,0.0,8,9.5,73,18.8
2023-06-01,82.6,53.2,0.0,13,11.0,70,21.9
2023-06-02,88.2,58.0,0.0,27,10.1,62,20.4
2023-06-03,68.7,57.3,0.13,95,13.2,75,26.4
2023-06-04,70.3,50.5,0.0,45,15.3,58,28.2
2023-06-05,74.5,52.7,0.0,55,13.1,53,25.5
2023-06-06,78.4,58.1,0.02,39,17.6,50,34.0
2023-06-07,76.7,55.4,0.0,5,13.4,45,24.4
2023-06-08,71.6,50.4,0.0,23,12.2,58,23.9
2023-06-09,72.6,52.7,0.055,52,11.3,66,21.7
2023-06-10,79.0,53.9,0.079,38,10.3,62,21.5
2023-06-11,81.7,60.8,0.02,85,10.9,66,23.0
2023-06-12,76.3,66.7,0.24,100,16.9,78,31.3
2023-06-13,79.1,61.1,0.0,41,12.6,63,23.5
2023-06-14,75.6,58.2,0.366,55,13.8,74,29.1
2023-06-15,79.2,58.9,0.0,33,12.8,59,23.7
2023-06-16,78.5,58.7,0.602,63,13.0,74,25.5
2023-06-17,77.6,58.3,0.0,25,18.8,63,35.1
2023-06-18,79.4,60.3,0.0,49,12.5,56,22.1
2023-06-19,77.5,60.8,0.039,42,11.0,72,21.0
2023-06-20,76.3,61.4,0.0,99,11.8,71,23.5
2023-06-21,73.1,59.5,0.02,99,14.3,69,28.6
2023-06-22,69.3,59.7,0.012,99,14.0,72,26.8
2023-06-23,73.6,62.2,0.685,91,12.5,88,23.9
2023-06-24,78.8,66.8,0.756,96,10.8,91,22.6
2023-06-25,83.5,66.6,0.035,51,11.0,84,21.5
2023-06-26,79.1,66.4,0.492,100,12.2,90,24.2
2023-06-27,79.6,66.8,0.618,95,11.9,90,23.3
2023-06-28,82.7,65.7,0.055,74,8.3,80,18.3
2023-06-29,83.2,62.1,0.0,28,8.0,69,15.4
2023-06-30,84.0,63.1,0.0,53,12.6,74,24.4
2023-07-01,80.6,63.8,0.0,63,14.5,70,28.6
2023-07-02,87.9,68.5,0.906,89,11.3,83,25.1
2023-07-03,87.4,72.1,0.886,44,10.2,83,18.1
2023-07-04,84.3,70.5,0.177,56,8.0,84,17.0
2023-07-05,89.4,70.0,0.0,29,8.5,77,17.0
2023-07-06,87.8,70.9,0.0,3,11.8,76,23.3
2023-07-07,85.2,71.5,0.059,87,10.8,84,22.8
2023-07-08,84.8,71.8,0.169,90,8.5,85,17.0
2023-07-09,80.5,71.1,0.894,99,8.8,90,20.6
2023-07-10,83.0,70.3,0.079,72,10.6,79,21.0
2023-07-11,87.8,64.3,0.0,6,6.3,65,12.3
2023-07-12,90.8,68.0,0.0,25,8.6,62,17.9
2023-07-13,88.5,70.7,0.008,62,14.7,68,28.6
2023-07-14,81.1,70.1,0.634,89,12.0,85,25.1
2023-07-15,84.7,69.8,0.291,79,10.8,88,21.7
2023-07-16,78.4,69.9,1.142,93,11.0,93,23.3
2023-07-17,89.2,69.4,0.008,31,10.7,79,20.6
2023-07-18,84.9,70.2,0.437,43,8.8,81,22.1
2023-07-19,81.5,66.7,0.154,54,7.2,83,14.1
2023-07-20,83.8,68.5,0.043,51,9.1,77,18.6
2023-07-21,84.8,71.5,0.043,51,9.7,82,21.3
2023-07-22,83.1,65.2,0.0,32,8.8,65,17.2
2023-07-23,85.8,64.0,0.008,12,10.6,62,21.3
2023-07-24,83.9,65.8,0.004,48,14.0,67,27.3
2023-07-25,83.3,67.4,0.236,46,8.7,86,21.0
2023-07-26,85.9,63.9,0.008,27,12.3,76,24.2
2023-07-27,92.4,72.1,0.008,72,16.4,75,36.7
2023-07-28,93.2,71.2,0.0,14,9.3,73,18.3
2023-07-29,92.4,72.4,0.15,70,19.0,69,33.8
2023-07-30,78.7,63.6,0.0,29,12.6,59,24.8
2023-07-31,84.5,60.4,0.0,18,6.8,57,16.1
2023-08-01,80.1,62.5,0.0,16,9.8,55,19.0
2023-08-02,81.2,58.5,0.0,31,9.2,58,17.7
2023-08-03,79.4,61.0,0.051,52,17.4,63,33.6
2023-08-04,81.1,65.0,0.035,60,12.2,70,25.3
2023-08-05,86.4,64.3,0.004,57,7.9,66,16.6
2023-08-06,86.8,64.4,0.0,37,13.1,61,25.5
2023-08-07,81.1,71.5,1.508,86,19.5,85,37.4
2023-08-08,80.5,71.2,0.567,62,18.2,75,35.1
2023-08-09,84.7,67.7,0.004,13,13.5,56,27.5
2023-08-10,77.9,66.3,0.575,76,9.2,83,19.0
2023-08-11,83.5,64.9,0.004,15,12.1,71,23.9
2023-08-12,81.6,63.4,0.406,66,9.3,79,24.2
2023-08-13,86.2,70.5,0.102,46,12.7,74,24.2
2023-08-14,87.2,65.9,0.008,82,10.6,70,23.7
2023-08-15,79.7,69.4,1.075,85,12.8,85,24.8
2023-08-16,79.8,69.0,0.161,71,8.8,87,18.6
2023-08-17,77.9,68.6,0.146,74,11.8,89,24.4
2023-08-18,80.2,67.6,0.177,38,14.9,71,27.7
2023-08-19,79.0,60.4,0.0,23,12.5,59,23.9
2023-08-20,85.3,60.6,0.0,22,8.2,63,17.2
2023-08-21,87.3,66.2,0.012,81,8.7,68,16.8
2023-08-22,78.4,63.9,0.0,81,13.7,59,24.8
2023-08-23,78.1,61.1,0.0,35,10.5,64,21.3
2023-08-24,75.5,67.3,0.059,93,15.9,76,30.2
2023-08-25,81.9,68.5,0.276,82,12.8,84,24.4
2023-08-26,85.7,68.1,0.035,41,6.9,79,19.2
2023-08-27,82.1,64.9,0.004,15,7.8,74,17.9
2023-08-28,77.1,66.1,0.031,95,10.7,84,20.6
2023-08-29,80.9,64.6,0.024,96,7.7,81,15.4
2023-08-30,84.4,69.5,0.028,74,12.8,73,23.7
2023-08-31,76.4,62.5,0.0,40,13.2,58,25.3
2023-09-01,75.5,56.8,0.0,0,8.7,61,16.1
2023-09-02,80.6,55.4,0.0,43,13.8,71,26.4
2023-09-03,89.0,64.5,0.012,29,9.5,64,19.9
2023-09-04,91.3,66.9,0.0,53,9.7,69,19.0
2023-09-05,93.2,71.3,0.0,72,8.5,73,15.2
2023-09-06,94.2,73.0,0.0,6,5.8,68,12.5
2023-09-07,93.1,71.1,0.083,48,11.0,69,21.3
2023-09-08,87.5,68.7,0.516,89,9.3,85,20.4
2023-09-09,83.4,69.2,0.409,97,7.7,89,18.8
2023-09-10,75.7,67.5,0.689,93,6.2,92,16.3
2023-09-11,82.0,68.0,0.343,73,7.4,85,15.0
2023-09-12,83.0,66.5,0.008,52,8.1,80,14.1
2023-09-13,79.3,67.4,0.669,78,6.5,87,14.5
2023-09-14,76.7,62.2,0.0,13,10.1,68,19.7
2023-09-15,70.3,56.7,0.0,64,13.6,63,26.4
2023-09-16,75.6,59.9,0.0,78,13.0,55,25.3
2023-09-17,75.3,54.5,0.055,49,8.8,67,17.0
2023-09-18,70.1,62.0,0.594,87,10.6,90,21.5
2023-09-19,73.9,56.4,0.0,3,13.0,69,25.5
2023-09-20,74.0,54.1,0.0,31,8.5,68,17.9
2023-09-21,72.8,53.0,0.0,35,7.6,71,17.2
2023-09-22,71.2,55.8,0.0,100,13.0,73,25.9
2023-09-23,61.4,56.1,1.295,100,18.0,87,34.4
2023-09-24,66.1,60.7,0.587,100,20.6,91,38.9
2023-09-25,62.7,57.7,0.646,100,18.8,91,34.4
2023-09-26,62.9,55.2,0.339,84,14.3,80,27.5
2023-09-27,63.7,49.1,0.0,35,11.3,67,23.0
2023-09-28,64.9,51.1,0.004,82,10.4,81,21.0
2023-09-29,62.2,55.8,3.693,99,14.7,92,28.4
2023-09-30,71.0,55.2,0.051,78,11.7,85,22.1
2023-10-01,76.7,57.9,0.0,0,11.0,76,21.7
2023-10-02,76.9,60.1,0.0,24,9.2,77,17.9
2023-10-03,80.7,54.5,0.0,25,6.1,82,10.5
2023-10-04,81.6,59.2,0.0,9,7.6,84,15.0
2023-10-05,75.2,55.0,0.0,58,10.2,88,20.6
2023-10-06,72.1,63.5,0.091,100,9.3,93,19.5
2023-10-07,69.4,53.2,2.327,80,17.2,89,31.5
2023-10-08,62.1,49.2,0.0,35,14.8,60,29.1
2023-10-09,60.2,45.4,0.004,28,14.4,62,27.7
2023-10-10,64.0,47.1,0.0,70,11.6,67,22.4
2023-10-11,68.7,46.1,0.0,17,8.3,70,17.4
2023-10-12,69.1,46.0,0.0,10,7.2,72,14.1
2023-10-13,63.4,47.9,0.0,22,8.5,66,17.7
2023-10-14,52.5,49.8,0.496,97,10.8,83,19.7
2023-10-15,61.6,49.4,0.043,59,15.0,70,28.9
2023-10-16,63.8,45.7,0.012,22,10.9,75,24.8
2023-10-17,62.4,47.1,0.008,47,7.7,78,14.5
2023-10-18,62.8,45.1,0.004,36,4.7,80,11.0
2023-10-19,64.4,44.5,0.0,51,10.9,80,22.1
2023-10-20,62.4,55.1,1.366,99,15.0,92,30.6
2023-10-21,63.4,55.3,0.22,78,15.8,82,30.0
2023-10-22,56.2,48.3,0.0,65,16.8,61,32.4
2023-10-23,61.3,46.0,0.0,19,14.1,66,25.3
2023-10-24,63.6,40.3,0.0,18,7.7,77,15.4
2023-10-25,71.2,46.6,0.0,37,8.7,67,18.6
2023-10-26,78.5,49.7,0.0,44,8.6,65,14.8
2023-10-27,76.5,55.3,0.0,58,10.5,69,17.7
2023-10-28,80.1,61.7,0.0,21,11.1,72,21.5
2023-10-29,61.1,50.4,1.343,99,11.7,80,23.7
2023-10-30,65.1,50.7,0.118,100,14.9,86,27.1
2023-10-31,51.4,43.2,0.008,91,11.2,60,20.6
2023-11-01,49.2,38.4,0.11,58,13.7,68,27.7
2023-11-02,49.4,32.8,0.0,5,8.2,64,16.3
2023-11-03,55.3,34.0,0.0,7,11.0,68,22.1
2023-11-04,58.8,39.4,0.0,89,7.8,71,13.4
2023-11-05,62.6,40.7,0.0,49,8.4,73,15.0
2023-11-06,53.8,39.3,0.0,54,8.3,71,14.1
2023-11-07,68.3,51.0,0.15,64,13.1,76,24.8
2023-11-08,51.7,40.8,0.0,44,11.9,56,22.8
2023-11-09,58.8,37.9,0.008,45,7.4,77,12.8
2023-11-10,51.2,42.4,0.008,70,10.1,76,18.8
2023-11-11,53.5,39.5,0.0,19,11.1,69,22.1
2023-11-12,44.9,31.8,0.0,26,8.4,69,16.3
2023-11-13,47.7,29.0,0.0,23,8.2,69,16.6
2023-11-14,51.5,36.0,0.0,21,17.0,69,31.5
2023-11-15,51.0,31.4,0.0,55,9.0,76,17.9
2023-11-16,63.8,37.8,0.0,15,7.7,71,13.2
2023-11-17,66.2,41.5,0.0,68,11.2,77,21.7
2023-11-18,56.0,38.7,0.063,51,15.2,69,29.5
2023-11-19,54.0,35.0,0.0,5,12.1,59,23.3
2023-11-20,44.5,31.2,0.0,35,12.1,56,21.0
2023-11-21,46.5,29.7,0.307,85,17.1,68,29.8
2023-11-22,57.4,46.8,1.122,74,23.1,84,42.5
2023-11-23,51.8,41.5,0.0,21,12.8,67,24.2
2023-11-24,49.2,32.1,0.0,36,14.3,60,25.5
2023-11-25,39.3,26.6,0.0,44,10.2,63,21.0
2023-11-26,50.7,27.5,0.22,94,20.2,80,39.1
2023-11-27,55.2,37.4,0.169,34,22.1,73,41.6
2023-11-28,38.4,29.3,0.0,5,17.4,43,32.9
2023-11-29,36.5,24.8,0.0,34,13.8,53,24.8
2023-11-30,48.8,27.8,0.0,32,10.7,58,20.4
2023-12-01,45.9,33.4,0.197,83,8.9,82,15.4
2023-12-02,61.3,42.4,0.004,97,9.4,91,18.1
2023-12-03,49.9,42.4,0.626,100,11.5,97,20.6
2023-12-04,51.3,41.0,0.0,56,12.4,77,24.6
2023-12-05,43.9,35.2,0.0,61,9.7,65,17.2
2023-12-06,40.9,28.7,0.004,47,12.9,67,25.1
2023-12-07,38.1,27.0,0.0,75,10.8,72,19.9
2023-12-08,48.5,29.0,0.0,32,7.1,82,14.5
2023-12-09,56.3,33.7,0.0,64,7.4,91,14.1
2023-12-10,61.8,42.7,1.228,84,18.6,93,38.5
2023-12-11,57.4,36.9,1.016,62,19.7,72,38.3
2023-12-12,42.9,28.6,0.0,5,11.5,63,20.1
2023-12-13,45.1,33.0,0.0,2,10.6,60,20.1
2023-12-14,40.2,27.4,0.0,18,8.6,61,16.3
2023-12-15,54.9,31.8,0.0,23,9.2,64,17.7
2023-12-16,52.7,39.7,0.0,46,7.6,67,15.2
2023-12-17,55.7,41.5,0.807,100,13.0,90,25.1
2023-12-18,60.2,42.6,3.209,72,31.4,83,59.7
2023-12-19,42.6,30.6,0.0,26,14.4,58,27.5
2023-12-20,45.5,26.4,0.0,3,10.5,59,18.6
2023-12-21,39.3,27.2,0.0,12,12.8,56,24.4
2023-12-22,37.0,22.4,0.0,62,8.8,59,17.2
2023-12-23,42.0,26.4,0.024,81,5.2,82,11.9
2023-12-24,46.9,34.4,0.0,85,4.7,91,8.1
2023-12-25,51.6,35.3,0.0,78,5.4,90,12.3
2023-12-26,45.4,37.1,0.0,100,4.0,98,10.7
2023-12-27,47.0,41.2,0.165,100,10.3,98,17.2
2023-12-28,52.8,47.2,1.677,100,15.9,94,28.9
2023-12-29,55.5,45.8,0.016,81,9.7,83,19.2
2023-12-30,46.4,34.9,0.004,73,15.7,69,29.8
2023-12-31,43.4,29.8,0.0,63,9.5,67,18.6
2024-01-01,45.4,31.8,0.004,73,9.1,75,15.9
2024-01-02,42.1,24.3,0.0,0,8.6,72,15.0
2024-01-03,46.4,29.3,0.0,56,8.9,72,18.1
2024-01-04,44.0,28.2,0.012,60,16.0,64,30.4
2024-01-05,37.4,23.1,0.0,21,12.6,59,23.3
2024-01-06,36.9,23.5,0.5,90,18.6,85,34.4
2024-01-07,37.5,32.2,0.343,89,16.8,90,32.4
2024-01-08,43.1,26.1,0.0,11,11.2,70,25.1
2024-01-09,54.9,24.3,1.256,92,34.2,87,62.6
2024-01-10,56.8,40.8,1.142,65,30.9,68,64.9
2024-01-11,46.1,32.4,0.004,37,13.8,63,25.9
2024-01-12,46.7,29.3,0.028,66,13.3,76,23.7
2024-01-13,58.0,35.4,0.839,61,21.7,70,39.6
2024-01-14,42.6,25.8,0.031,19,21.7,47,45.4
2024-01-15,30.5,21.6,0.031,70,7.9,47,19.9
2024-01-16,30.6,21.8,0.37,91,15.4,81,28.0
2024-01-17,24.4,16.2,0.0,0,14.4,51,28.4
2024-01-18,32.3,20.0,0.02,89,10.9,53,21.7
2024-01-19,30.5,24.3,0.098,100,10.2,71,19.5
2024-01-20,25.7,17.5,0.0,52,15.6,52,29.5
2024-01-21,29.8,18.4,0.0,20,14.2,52,27.3
2024-01-22,38.6,20.1,0.0,48,10.9,55,19.9
2024-01-23,39.6,29.5,0.087,95,11.7,69,20.4
2024-01-24,41.3,32.3,0.118,100,5.0,95,8.9
2024-01-25,51.0,41.8,0.244,100,13.5,97,23.7
2024-01-26,46.3,38.4,0.165,97,10.1,96,18.6
2024-01-27,47.0,36.7,0.0,98,7.7,85,14.8
2024-01-28,38.8,36.3,0.831,100,18.0,95,33.6
2024-01-29,42.1,32.9,0.024,79,16.2,74,31.5
2024-01-30,39.5,25.1,0.0,58,7.5,72,15.0
2024-01-31,39.7,30.7,0.004,89,7.2,75,13.0
2024-02-01,47.7,26.7,0.02,67,11.5,81,22.8
2024-02-02,42.8,35.8,0.24,77,13.2,84,23.3
2024-02-03,42.3,26.3,0.0,12,14.6,57,26.2
2024-02-04,45.6,25.5,0.0,2,9.4,58,16.6
2024-02-05,44.2,26.4,0.0,2,16.5,51,28.9
2024-02-06,41.9,23.4,0.0,0,11.9,52,20.8
2024-02-07,46.5,25.8,0.0,19,8.5,59,14.5
2024-02-08,49.8,26.2,0.0,44,6.7,70,12.3
2024-02-09,52.1,34.9,0.0,71,9.2,84,19.5
2024-02-10,60.4,36.4,0.008,99,9.7,82,19.2
2024-02-11,48.0,38.6,0.0,99,10.0,72,17.7
2024-02-12,48.6,28.9,0.0,95,7.1,72,12.5
2024-02-13,38.8,30.1,1.028,70,16.4,79,29.5
2024-02-14,32.5,25.1,0.0,14,16.2,61,30.4
2024-02-15,35.0,22.6,0.016,40,14.2,62,24.8
2024-02-16,37.9,26.2,0.0,28,17.2,60,32.7
2024-02-17,35.9,24.3,0.224,61,13.8,71,27.7
2024-02-18,38.5,20.6,0.0,2,15.9,60,30.6
2024-02-19,38.9,26.0,0.0,0,13.6,49,25.9
2024-02-20,36.6,20.7,0.0,4,8.2,53,14.5
2024-02-21,40.4,21.8,0.0,54,9.2,72,18.1
2024-02-22,44.0,23.5,0.02,61,11.7,81,23.0
2024-02-23,45.7,34.3,0.138,100,7.3,92,15.7
2024-02-24,42.0,26.7,0.0,49,12.4,57,25.1
2024-02-25,39.7,19.3,0.0,9,9.7,55,19.7
2024-02-26,52.4,28.2,0.051,67,8.9,75,18.1
2024-02-27,56.8,31.2,0.146,78,16.3,85,29.8
2024-02-28,62.5,50.3,0.724,100,20.4,89,42.1
2024-02-29,43.1,27.1,0.004,26,19.8,43,38.5
2024-03-01,42.7,23.4,0.0,33,11.8,58,23.9
2024-03-02,50.5,35.6,1.106,100,15.3,91,29.5
2024-03-03,65.3,43.3,0.0,23,10.1,79,17.9
2024-03-04,58.0,38.9,0.0,52,12.3,87,24.6
2024-03-05,46.5,39.0,0.839,100,13.2,96,24.6
2024-03-06,49.7,39.6,1.224,97,13.1,95,25.9
2024-03-07,54.5,42.3,0.181,91,17.0,79,31.8
2024-03-08,54.5,33.4,0.0,61,13.5,65,24.4
2024-03-09,45.7,38.5,1.22,100,19.3,84,40.7
2024-03-10,51.3,36.0,0.764,79,18.0,71,34.7
2024-03-11,49.4,34.0,0.0,36,28.7,41,51.9
2024-03-12,62.9,36.9,0.0,27,13.3,50,25.3
2024-03-13,60.0,36.3,0.0,47,9.4,70,19.9
2024-03-14,69.7,39.2,0.0,56,8.7,67,17.7
2024-03-15,69.8,46.7,0.0,97,13.7,61,28.2
2024-03-16,57.5,40.5,0.0,35,11.5,68,23.9
2024-03-17,59.6,45.1,0.028,59,17.7,58,34.2
2024-03-18,47.9,36.4,0.0,72,12.4,44,24.6
2024-03-19,45.0,32.8,0.02,60,16.8,51,32.7
2024-03-20,51.8,34.1,0.051,59,17.9,62,33.8
2024-03-21,41.4,25.5,0.0,20,17.8,41,34.7
2024-03-22,42.4,23.8,0.0,32,11.3,54,22.8
2024-03-23,48.7,34.3,2.583,98,20.2,88,41.4
2024-03-24,47.0,27.8,0.0,0,20.1,42,35.6
2024-03-25,50.5,29.5,0.0,0,11.8,52,24.4
2024-03-26,49.9,32.3,0.0,73,10.5,62,22.8
2024-03-27,50.6,40.3,0.0,100,7.9,80,16.1
2024-03-28,50.8,43.6,0.831,100,11.7,94,22.6
2024-03-29,54.5,39.0,0.016,51,20.0,45,38.3
2024-03-30,57.8,36.6,0.0,74,15.0,52,28.6
2024-03-31,60.1,40.0,0.008,69,12.3,61,24.8
2024-04-01,53.0,42.1,0.106,91,8.1,76,16.8
2024-04-02,48.1,43.1,0.693,100,13.0,92,25.7
2024-04-03,43.7,39.3,0.992,100,27.6,90,48.5
2024-04-04,47.8,37.2,0.287,87,26.4,76,49.4
2024-04-05,48.7,34.6,0.0,56,16.9,61,33.1
2024-04-06,52.3,38.0,0.008,70,16.7,58,33.1
2024-04-07,57.2,35.2,0.004,31,13.9,58,28.0
2024-04-08,63.8,35.1,0.0,59,8.1,63,16.3
2024-04-09,74.5,41.5,0.0,77,11.0,62,19.5
2024-04-10,60.9,47.1,0.051,93,10.1,78,21.3
2024-04-11,63.1,48.1,0.713,100,18.7,90,33.8
2024-04-12,66.5,54.8,0.768,66,23.8,77,47.0
2024-04-13,53.9,45.8,0.083,68,21.0,64,37.8
2024-04-14,71.0,43.2,0.051,74,14.6,51,30.4
2024-04-15,74.9,51.7,0.0,27,14.3,62,27.1
2024-04-16,68.5,45.5,0.0,2,11.5,48,24.2
2024-04-17,61.2,45.5,0.11,75,10.8,70,21.5
2024-04-18,48.5,42.4,0.083,89,15.1,84,28.9
2024-04-19,56.5,39.4,0.0,79,11.9,78,25.1
2024-04-20,67.4,46.9,0.067,58,17.1,66,32.4
2024-04-21,52.9,37.0,0.0,75,13.0,50,25.7
2024-04-22,58.4,36.8,0.0,11,10.8,53,21.0
2024-04-23,58.9,35.9,0.0,23,16.5,60,31.8
2024-04-24,68.8,47.3,0.059,60,18.2,55,35.1
2024-04-25,54.9,37.5,0.0,30,13.3,53,23.9
2024-04-26,58.8,35.5,0.0,14,11.6,65,23.7
2024-04-27,58.1,36.8,0.012,91,16.3,62,31.5
2024-04-28,73.0,47.7,0.02,96,10.4,75,21.5
2024-04-29,82.7,56.8,0.299,60,8.8,81,19.2
2024-04-30,71.4,51.4,0.106,99,9.8,82,20.1
2024-05-01,76.3,50.4,0.039,60,12.4,79,24.4
2024-05-02,82.0,50.4,0.016,49,13.9,67,25.1
2024-05-03,63.1,49.1,0.0,87,10.7,70,22.4
2024-05-04,63.7,46.4,0.0,94,12.8,76,26.2
2024-05-05,53.3,48.3,0.398,100,13.5,87,25.9
2024-05-06,72.3,53.0,0.035,100,6.7,88,13.9
2024-05-07,78.3,53.6,0.0,44,10.0,60,19.7
2024-05-08,86.6,60.8,0.031,76,16.0,63,32.4
2024-05-09,68.9,57.4,0.0,99,9.3,59,19.5
2024-05-10,58.8,49.0,0.425,98,13.7,82,24.8
2024-05-11,61.9,45.1,0.0,71,12.5,72,25.7
2024-05-12,56.3,48.2,0.28,78,8.6,78,19.5
2024-05-13,67.6,43.6,0.0,38,13.3,78,25.1
2024-05-14,72.0,49.7,0.173,88,12.4,81,24.8
2024-05-15,66.0,56.6,0.291,98,14.5,89,29.5
2024-05-16,65.6,58.7,0.161,91,17.3,86,33.3
2024-05-17,72.5,53.3,0.0,73,11.0,76,22.1
2024-05-18,72.3,55.9,0.071,99,9.5,78,21.3
2024-05-19,73.9,54.6,0.004,69,11.1,80,21.5
2024-05-20,76.6,52.0,0.0,53,11.4,81,23.3
2024-05-21,81.1,54.7,0.0,53,10.0,82,21.3
2024-05-22,83.5,60.4,0.0,37,13.9,73,27.7
2024-05-23,81.2,66.6,0.087,82,9.4,75,17.4
2024-05-24,83.5,61.1,0.0,26,11.1,60,20.8
2024-05-25,79.3,58.2,0.0,55,10.4,63,22.1
2024-05-26,79.4,60.1,0.008,74,9.9,86,21.5
2024-05-27,72.2,62.7,1.551,100,16.1,95,32.7
2024-05-28,80.2,64.0,0.0,27,16.5,69,31.3
2024-05-29,76.2,57.3,0.484,32,9.8,71,18.6
2024-05-30,70.6,57.1,0.126,57,12.7,67,25.3
2024-05-31,75.7,55.4,0.0,43,11.5,46,25.3
2024-06-01,81.9,57.1,0.0,19,9.4,44,17.4
2024-06-02,81.5,58.8,0.0,91,13.0,55,25.5
2024-06-03,85.3,63.8,0.0,46,10.7,63,20.8
2024-06-04,78.8,62.1,0.0,56,10.9,75,21.7
2024-06-05,79.8,59.2,0.575,89,14.4,86,28.0
2024-06-06,82.0,66.9,1.327,81,17.1,85,30.9
2024-06-07,83.2,64.3,0.028,41,13.5,63,28.9
2024-06-08,77.3,60.5,0.0,23,15.9,54,30.9
2024-06-09,77.0,59.7,0.0,44,15.0,59,32.2
2024-06-10,75.6,58.6,0.0,44,10.8,55,22.1
2024-06-11,73.9,57.4,0.004,58,6.3,66,13.4
2024-06-12,77.4,58.3,0.0,49,9.3,67,19.2
2024-06-13,84.4,57.1,0.0,33,18.1,66,34.2
2024-06-14,85.0,66.8,0.913,58,9.9,77,20.1
2024-06-15,80.7,62.5,0.0,16,12.7,62,24.8
2024-06-16,75.8,57.7,0.0,68,10.9,61,21.7
2024-06-17,85.6,61.5,0.0,45,16.0,73,30.9
2024-06-18,86.0,68.8,0.0,66,13.8,69,27.1
2024-06-19,88.2,68.2,0.0,72,15.0,64,29.1
2024-06-20,92.2,68.2,0.0,52,12.9,60,25.3
2024-06-21,95.4,73.0,0.15,47,9.7,61,24.2
2024-06-22,93.1,71.5,0.114,68,9.8,74,24.6
2024-06-23,95.9,72.9,0.016,94,16.6,62,32.0
2024-06-24,80.8,71.9,0.0,35,23.2,54,43.6
2024-06-25,92.1,68.4,0.0,41,13.3,42,26.6
2024-06-26,95.5,73.7,0.02,91,15.8,53,29.3
2024-06-27,86.2,70.3,0.35,44,12.6,62,24.4
2024-06-28,78.2,59.9,0.0,43,12.8,50,25.1
2024-06-29,79.9,64.2,0.063,94,20.2,77,38.7
2024-06-30,91.9,71.5,1.268,83,16.4,84,30.2
2024-07-01,79.4,61.9,0.008,16,14.9,60,29.1
2024-07-02,82.9,61.5,0.0,37,9.6,54,18.3
2024-07-03,81.9,63.2,0.0,71,15.7,58,30.2
2024-07-04,86.5,66.8,0.087,90,11.3,69,22.8
2024-07-05,89.7,71.5,0.224,92,10.9,83,23.0
2024-07-06,90.7,72.8,0.035,58,9.9,78,22.1
2024-07-07,90.1,73.9,0.035,47,8.5,71,17.2
2024-07-08,90.9,74.1,0.0,72,9.9,77,19.5
2024-07-09,88.8,72.3,0.004,91,14.3,80,28.0
2024-07-10,88.9,76.5,0.059,70,20.6,77,39.1
2024-07-11,93.6,75.4,0.189,50,16.6,66,34.0
2024-07-12,84.7,71.0,0.665,61,12.8,77,28.9
2024-07-13,86.6,71.4,1.228,56,12.0,83,21.7
2024-07-14,88.3,71.1,0.039,20,9.7,77,20.1
2024-07-15,94.3,73.9,0.02,38,13.1,71,25.1
2024-07-16,93.4,73.3,0.031,37,15.2,65,37.1
2024-07-17,89.2,74.4,1.394,72,10.5,78,26.2
2024-07-18,86.4,70.7,0.059,71,8.7,69,15.7
2024-07-19,82.9,64.2,0.0,9,10.0,56,17.0
2024-07-20,82.9,64.0,0.035,99,11.0,69,21.5
2024-07-21,88.0,67.3,0.0,37,13.5,65,25.9
2024-07-22,82.4,70.0,0.165,98,12.4,78,23.9
2024-07-23,84.0,70.1,0.106,92,5.3,83,13.0
2024-07-24,84.7,70.1,0.394,94,9.0,86,18.1
2024-07-25,86.3,68.6,0.0,81,10.2,72,19.9
2024-07-26,83.9,64.9,0.0,31,11.9,51,23.5
2024-07-27,85.6,63.7,0.0,28,7.6,57,14.3
2024-07-28,88.0,64.9,0.0,52,11.6,61,25.7
2024-07-29,84.1,71.0,0.161,73,10.4,77,21.7
2024-07-30,88.2,70.7,0.0,70,17.1,75,33.1
2024-07-31,89.2,73.7,0.531,73,10.6,81,22.6
2024-08-01,94.3,69.0,0.0,17,9.5,71,20.8
2024-08-02,91.7,74.0,0.157,72,15.6,77,29.1
2024-08-03,91.9,74.6,0.437,80,9.6,81,24.8
2024-08-04,82.9,73.8,0.201,81,9.6,87,19.7
2024-08-05,89.3,70.0,0.0,40,12.0,69,23.7
2024-08-06,89.6,71.2,1.26,57,10.3,80,23.0
2024-08-07,72.0,65.8,1.004,100,12.4,87,23.5
2024-08-08,73.3,65.5,0.453,100,13.7,88,25.9
2024-08-09,82.8,71.2,0.945,99,27.0,89,51.7
2024-08-10,84.5,71.2,0.047,33,11.0,71,21.7
2024-08-11,82.0,65.5,0.0,54,12.4,61,23.5
2024-08-12,79.0,61.9,0.016,23,11.8,64,24.4
2024-08-13,81.0,62.0,0.0,29,8.2,65,17.2
2024-08-14,82.8,64.3,0.0,33,8.7,66,18.1
2024-08-15,85.9,63.6,0.0,14,6.2,66,13.2
2024-08-16,86.0,65.8,0.0,25,10.6,72,20.8
2024-08-17,79.5,69.5,0.339,74,14.3,85,27.7
2024-08-18,78.0,70.1,0.902,95,14.9,89,28.0
2024-08-19,82.9,68.3,0.591,79,12.0,86,22.8
2024-08-20,72.2,62.0,0.0,38,14.0,60,26.4
2024-08-21,72.7,55.9,0.0,9,12.6,59,24.4
2024-08-22,75.8,55.9,0.0,18,10.6,63,21.7
2024-08-23,80.7,56.1,0.0,10,8.3,66,16.8
2024-08-24,84.3,59.1,0.0,30,9.4,65,19.2
2024-08-25,85.8,62.2,0.008,37,10.0,65,18.6
2024-08-26,86.3,65.3,0.016,16,14.8,71,28.4
2024-08-27,86.5,64.5,0.0,22,11.6,76,23.5
2024-08-28,92.0,70.8,0.0,47,9.6,70,20.1
2024-08-29,78.5,67.6,0.26,80,11.0,73,20.6
2024-08-30,75.7,64.8,0.272,78,9.3,74,19.9
2024-08-31,77.8,63.1,0.031,75,10.2,82,20.8
2024-09-01,83.4,69.5,0.059,82,11.3,81,24.4
2024-09-02,78.4,63.4,0.0,36,12.5,58,22.4
2024-09-03,72.7,54.2,0.0,0,10.7,54,21.7
2024-09-04,77.0,54.8,0.0,0,7.7,65,16.8
2024-09-05,77.5,55.1,0.0,0,8.4,69,17.4
2024-09-06,79.7,57.9,0.0,35,10.6,78,19.9
2024-09-07,75.3,57.7,0.205,84,15.1,84,30.4
2024-09-08,71.0,52.6,0.0,3,12.5,59,25.1
2024-09-09,76.0,52.3,0.0,11,11.7,52,21.9
2024-09-10,78.1,57.6,0.0,5,8.1,58,16.8
2024-09-11,77.6,54.1,0.0,59,7.2,66,14.8
2024-09-12,79.0,57.9,0.0,32,9.3,78,18.8
2024-09-13,81.3,56.6,0.0,13,8.0,77,16.6
2024-09-14,83.8,58.7,0.0,14,9.6,74,19.0
2024-09-15,81.6,60.0,0.0,6,10.6,71,19.7
2024-09-16,77.6,56.1,0.0,69,7.5,74,17.0
2024-09-17,80.3,57.8,0.0,94,9.2,77,18.3
2024-09-18,74.3,64.0,0.008,100,9.4,77,18.3
2024-09-19,84.7,61.1,0.0,95,9.7,64,19.7
2024-09-20,81.1,63.1,0.0,27,12.2,72,21.3
2024-09-21,79.5,59.5,0.0,37,10.0,67,20.1
2024-09-22,76.2,56.3,0.0,34,10.1,68,21.9
2024-09-23,68.7,55.9,0.012,82,10.6,66,21.5
2024-09-24,67.3,56.2,0.008,98,9.9,69,19.7
2024-09-25,68.8,60.3,0.035,100,11.6,72,22.1
2024-09-26,73.9,62.1,0.173,100,9.9,90,23.0
2024-09-27,71.8,65.6,0.031,100,8.7,82,16.1
2024-09-28,67.9,61.2,0.299,90,13.3,83,25.5
2024-09-29,64.6,61.8,0.098,99,11.2,84,20.8
2024-09-30,71.9,57.8,0.0,94,11.0,75,22.6
2024-10-01,70.2,58.6,0.004,78,10.4,76,21.5
2024-10-02,69.0,55.8,0.008,68,8.4,76,15.7
2024-10-03,72.2,59.2,0.004,77,8.9,77,18.1
2024-10-04,74.4,53.6,0.008,87,10.2,83,20.6
2024-10-05,74.6,57.6,0.012,18,10.4,68,21.5
2024-10-06,71.6,50.6,0.0,17,10.2,72,19.2
2024-10-07,73.7,59.0,0.244,48,11.6,67,22.4
2024-10-08,68.7,51.3,0.0,28,9.7,56,19.9
2024-10-09,66.8,48.7,0.0,34,13.6,56,23.3
2024-10-10,64.0,46.0,0.0,5,12.6,55,25.5
2024-10-11,69.3,44.7,0.0,1,11.7,58,21.7
2024-10-12,72.6,54.4,0.0,14,13.9,46,28.2
2024-10-13,73.4,49.6,0.0,58,9.8,63,19.5
2024-10-14,66.0,47.1,0.004,42,21.4,70,41.6
2024-10-15,57.8,41.9,0.004,26,12.2,58,24.4
2024-10-16,59.3,42.3,0.0,19,13.1,55,25.3
2024-10-17,58.6,39.4,0.0,23,13.4,58,24.6
2024-10-18,66.2,44.7,0.0,0,11.6,50,23.5
2024-10-19,70.3,45.8,0.0,0,6.9,58,11.4
2024-10-20,74.8,43.3,0.0,3,6.2,57,11.4
2024-10-21,80.8,47.1,0.0,1,7.6,54,13.9
2024-10-22,81.1,55.0,0.0,1,7.6,65,15.4
2024-10-23,76.7,52.5,0.0,7,11.1,65,22.1
2024-10-24,68.4,52.6,0.004,16,14.8,55,28.9
2024-10-25,64.2,43.9,0.0,17,9.8,53,17.2
2024-10-26,63.9,50.0,0.0,19,15.3,47,29.3
2024-10-27,57.9,41.6,0.0,39,12.0,48,21.3
2024-10-28,61.0,37.5,0.0,28,8.8,62,16.8
2024-10-29,63.2,44.2,0.035,67,13.8,81,26.2
2024-10-30,78.3,52.3,0.0,79,8.6,74,16.8
2024-10-31,81.7,54.3,0.0,75,13.2,66,23.0
2024-11-01,78.6,58.6,0.02,48,17.3,51,32.9
2024-11-02,60.3,46.6,0.0,4,11.7,50,23.9
2024-11-03,55.3,38.8,0.0,11,9.1,48,18.1
2024-11-04,57.6,38.7,0.0,69,11.4,70,23.7
2024-11-05,72.2,48.9,0.0,25,12.1,78,24.2
2024-11-06,79.9,61.4,0.0,20,13.8,66,25.5
2024-11-07,72.4,54.0,0.0,39,12.3,66,24.4
2024-11-08,68.6,45.1,0.0,5,16.6,54,30.9
2024-11-09,55.0,40.1,0.0,7,15.5,40,29.8
2024-11-10,58.0,36.7,0.039,89,12.2,63,23.9
2024-11-11,69.1,52.8,0.126,44,15.6,72,28.9
2024-11-12,54.3,42.0,0.0,6,16.4,49,37.6
2024-11-13,48.6,34.5,0.0,3,9.1,42,20.8
2024-11-14,46.0,34.6,0.0,82,6.5,47,15.2
2024-11-15,58.7,38.2,0.0,59,9.2,45,20.4
2024-11-16,61.6,43.7,0.0,0,10.6,37,25.7
2024-11-17,64.6,44.1,0.0,55,8.8,37,19.0
2024-11-18,64.1,46.4,0.0,44,8.8,49,21.9
2024-11-19,58.4,43.5,0.0,62,8.5,51,18.8
2024-11-20,60.4,45.8,0.0,55,7.2,58,15.4
2024-11-21,53.4,40.3,1.567,100,10.3,91,21.9
2024-11-22,40.5,36.0,0.744,100,15.6,90,34.7
2024-11-23,47.8,36.6,0.043,66,16.1,77,40.3
2024-11-24,51.0,41.5,0.0,56,14.3,63,35.3
2024-11-25,51.3,37.3,0.0,49,7.2,69,15.9
2024-11-26,58.4,44.2,0.138,56,9.4,74,22.1
2024-11-27,50.5,37.0,0.0,65,6.3,68,17.0
2024-11-28,51.8,41.3,0.433,84,12.9,84,29.3
2024-11-29,45.9,34.5,0.016,29,11.5,71,27.3
2024-11-30,38.3,28.6,0.0,13,10.7,57,27.5
2024-12-01,37.0,25.7,0.0,30,11.2,55,28.4
2024-12-02,39.1,27.7,0.0,11,6.5,59,16.8
2024-12-03,41.2,28.9,0.0,11,7.2,64,18.1
2024-12-04,38.7,26.9,0.0,61,9.8,63,21.9
2024-12-05,40.2,32.3,0.126,64,17.2,68,40.7
2024-12-06,32.0,28.3,0.0,63,11.7,56,28.9
2024-12-07,40.5,27.4,0.0,48,8.9,58,22.8
2024-12-08,52.1,34.6,0.004,64,12.6,55,29.1
2024-12-09,50.4,34.2,0.272,78,7.7,85,18.3
2024-12-10,51.1,43.3,0.118,100,7.7,96,16.8
2024-12-11,60.5,42.6,1.465,100,14.8,94,32.4
2024-12-12,41.2,28.6,0.004,23,16.3,55,40.7
2024-12-13,32.3,25.3,0.0,3,7.6,52,18.8
2024-12-14,33.3,22.3,0.0,7,5.0,54,15.0
2024-12-15,37.4,23.9,0.004,95,5.3,66,14.5
2024-12-16,48.3,34.1,0.516,100,7.7,95,15.4
2024-12-17,58.2,45.1,0.102,68,10.1,84,21.9
2024-12-18,49.9,34.4,0.118,38,6.1,80,14.3
2024-12-19,44.0,33.6,0.087,70,9.6,71,20.4
2024-12-20,36.5,30.1,0.071,100,8.8,80,19.9
2024-12-21,32.6,20.2,0.154,71,13.9,74,32.9
2024-12-22,19.6,11.2,0.0,8,9.1,60,21.5
2024-12-23,24.2,6.2,0.0,33,5.6,60,11.0
2024-12-24,35.4,25.4,0.075,77,6.5,80,13.9
2024-12-25,32.0,22.1,0.0,57,6.5,80,15.7
2024-12-26,31.6,17.8,0.0,14,5.4,71,11.9
2024-12-27,36.6,15.6,0.0,61,3.2,78,8.7
2024-12-28,45.5,35.0,0.209,100,4.6,96,10.5
2024-12-29,59.8,40.2,0.098,99,13.8,93,30.0
2024-12-30,55.4,46.0,0.173,46,15.3,77,37.4
2024-12-31,49.5,34.9,0.173,43,8.2,77,18.1
2025-01-01,51.7,38.8,0.189,49,14.4,81,35.3
2025-01-02,41.6,32.9,0.0,31,16.0,55,38.7
2025-01-03,37.9,28.9,0.0,37,11.1,58,26.4
2025-01-04,31.8,27.7,0.0,51,15.7,50,37.1
2025-01-05,32.5,25.7,0.0,54,12.0,52,29.5
2025-01-06,29.3,23.7,0.063,100,11.3,75,25.3
2025-01-07,26.9,16.6,0.0,77,19.4,62,44.5
2025-01-08,27.7,20.1,0.0,52,16.6,48,38.7
2025-01-09,28.9,20.2,0.0,57,19.3,52,43.6
2025-01-10,37.9,25.4,0.0,59,14.6,54,32.9
2025-01-11,32.6,27.0,0.075,80,10.8,72,24.6
2025-01-12,40.3,29.1,0.0,34,9.8,65,22.4
2025-01-13,43.4,28.6,0.0,36,11.1,65,25.5
2025-01-14,32.5,25.4,0.0,33,13.8,49,32.7
2025-01-15,29.8,22.0,0.0,35,15.7,49,36.7
2025-01-16,30.7,22.2,0.016,77,6.7,57,18.6
2025-01-17,40.6,24.1,0.0,24,6.7,65,16.1
2025-01-18,43.6,30.6,0.087,85,9.0,81,20.4
2025-01-19,36.6,27.8,0.331,67,11.8,89,25.5
2025-01-20,27.1,14.1,0.008,43,10.6,66,24.8
2025-01-21,17.2,4.1,0.012,65,6.4,62,13.6
2025-01-22,17.2,2.7,0.0,28,6.9,54,14.5
2025-01-23,25.4,9.2,0.0,46,5.3,54,12.1
2025-01-24,30.4,15.9,0.0,11,6.8,62,16.6
2025-01-25,28.1,9.4,0.0,30,7.5,66,18.1
2025-01-26,39.3,22.7,0.0,87,10.7,64,24.4
2025-01-27,35.5,23.5,0.0,30,11.3,58,24.8
2025-01-28,39.4,26.5,0.0,67,14.5,54,33.6
2025-01-29,48.1,31.9,0.0,39,13.8,53,33.6
2025-01-30,33.6,20.8,0.0,38,9.8,51,24.4
2025-01-31,41.9,32.9,0.327,100,7.3,91,14.5
2025-02-01,41.6,21.5,0.067,61,11.7,69,29.8
2025-02-02,33.1,14.7,0.079,83,7.6,56,17.7
2025-02-03,42.4,26.6,0.008,87,8.3,85,17.7
2025-02-04,42.9,30.9,0.0,50,14.1,67,33.3
2025-02-05,35.0,25.9,0.0,93,9.2,51,22.1
2025-02-06,37.4,28.8,0.382,87,8.8,88,19.9
2025-02-07,40.5,27.7,0.0,53,16.3,64,38.3
2025-02-08,33.6,23.9,0.244,86,6.3,57,14.8
2025-02-09,34.3,28.9,0.248,85,7.8,86,17.2
2025-02-10,32.5,21.6,0.0,58,7.8,71,19.9
2025-02-11,31.3,14.8,0.043,93,3.5,75,8.1
2025-02-12,33.0,28.1,0.177,100,8.4,87,19.0
2025-02-13,42.4,33.3,0.244,87,11.9,89,26.6
2025-02-14,32.5,26.2,0.0,37,11.8,57,27.5
2025-02-15,34.7,24.9,0.26,100,7.7,67,19.9
2025-02-16,44.9,33.1,0.827,95,17.9,95,37.8
2025-02-17,34.5,26.2,0.0,59,17.7,50,40.9
2025-02-18,26.3,16.4,0.0,21,13.8,35,35.8
2025-02-19,29.8,15.4,0.0,61,10.4,46,28.0
2025-02-20,29.8,15.9,0.035,67,11.8,57,27.3
2025-02-21,31.1,20.8,0.0,33,13.0,55,31.3
2025-02-22,38.3,19.0,0.0,35,9.5,57,22.8
2025-02-23,46.0,29.1,0.0,68,7.1,56,17.4
2025-02-24,46.6,29.4,0.0,75,10.9,67,23.5
2025-02-25,54.3,38.4,0.0,77,8.4,67,19.9
2025-02-26,55.1,36.1,0.004,38,11.8,68,28.6
2025-02-27,53.3,39.4,0.079,100,9.4,80,21.7
2025-02-28,48.7,35.2,0.0,46,11.0,58,27.5
2025-03-01,59.9,29.6,0.0,48,16.9,52,39.1
2025-03-02,32.5,18.5,0.0,26,12.6,40,31.1
2025-03-03,38.1,22.1,0.0,26,7.5,44,20.1
2025-03-04,54.5,28.5,0.0,33,8.2,60,21.3
2025-03-05,54.2,42.1,1.504,84,18.0,81,39.1
2025-03-06,53.5,36.2,0.13,72,15.6,70,40.0
2025-03-07,45.9,30.6,0.0,37,19.1,46,45.4
2025-03-08,42.4,33.9,0.0,42,14.3,49,34.4
2025-03-09,50.3,28.1,0.0,24,14.3,53,37.1
2025-03-10,62.9,38.5,0.0,7,8.3,57,17.4
2025-03-11,60.9,37.2,0.0,8,7.7,66,20.1
2025-03-12,51.9,37.5,0.0,52,8.7,52,19.5
2025-03-13,51.0,35.4,0.0,42,8.1,72,19.9
2025-03-14,55.3,33.4,0.0,50,6.5,77,17.0
2025-03-15,48.9,39.2,0.02,100,7.5,92,18.1
2025-03-16,60.4,45.6,0.028,100,17.1,93,42.3
2025-03-17,58.7,38.1,1.047,87,14.8,80,32.9
2025-03-18,57.4,33.4,0.0,7,11.5,53,26.2
2025-03-19,58.5,37.0,0.0,37,6.2,66,16.3
2025-03-20,50.5,42.0,0.421,100,10.3,94,24.8
2025-03-21,48.6,36.5,0.319,29,16.0,56,38.3
2025-03-22,60.6,36.6,0.004,55,13.4,57,32.0
2025-03-23,46.5,27.6,0.0,45,11.3,51,28.0
2025-03-24,50.7,39.1,0.512,86,9.6,88,19.7
2025-03-25,57.4,40.7,0.0,69,15.3,57,35.8
2025-03-26,49.7,35.5,0.004,62,10.9,57,27.5
2025-03-27,49.5,31.3,0.0,0,9.7,52,25.5
2025-03-28,59.6,39.9,0.016,80,8.4,56,17.9
2025-03-29,78.4,43.2,0.189,64,14.0,70,31.8
2025-03-30,57.0,41.5,0.012,93,6.6,86,16.3
2025-03-31,74.8,46.2,1.413,95,12.2,86,30.9
2025-04-01,60.3,40.0,0.264,38,14.3,58,29.8
2025-04-02,47.3,32.2,0.0,81,9.8,60,26.6
2025-04-03,70.8,43.8,0.114,100,13.5,85,36.2
2025-04-04,69.7,54.5,0.272,100,10.1,63,24.8
2025-04-05,54.4,42.8,0.13,97,10.0,73,24.4
2025-04-06,59.1,42.8,0.173,100,7.9,76,20.1
2025-04-07,48.3,39.8,0.319,100,7.9,84,18.8
2025-04-08,43.4,35.2,0.0,47,17.2,58,40.3
2025-04-09,46.7,28.8,0.0,4,8.9,49,21.9
2025-04-10,48.9,35.3,0.028,79,10.5,68,26.6
2025-04-11,44.8,39.7,0.425,100,11.8,86,23.9
2025-04-12,42.2,35.1,0.673,100,14.9,88,31.1
2025-04-13,56.9,38.9,0.0,86,12.1,67,31.1
2025-04-14,61.1,41.8,0.0,78,7.1,64,17.0
2025-04-15,65.3,47.8,0.083,64,16.8,67,39.8
2025-04-16,49.7,41.7,0.0,73,16.0,55,38.9
2025-04-17,59.4,38.3,0.0,2,8.9,54,22.6
2025-04-18,64.0,39.6,0.0,44,11.2,64,25.7
2025-04-19,79.6,58.8,0.024,92,11.2,63,26.4
2025-04-20,70.8,50.6,0.0,89,12.1,53,31.1
2025-04-21,56.2,44.2,0.012,99,8.8,60,21.9
2025-04-22,78.4,51.1,0.004,50,10.2,64,25.1
2025-04-23,75.8,48.9,0.0,62,9.1,44,22.1
2025-04-24,79.8,52.5,0.0,36,9.9,39,25.7
2025-04-25,77.4,58.3,0.0,90,10.7,47,25.3
2025-04-26,70.5,56.3,0.563,94,13.9,84,31.3
2025-04-27,57.2,47.1,0.0,57,19.2,53,44.1
2025-04-28,72.4,47.9,0.0,10,8.2,42,21.0
2025-04-29,81.1,52.2,0.0,57,12.4,44,29.1
2025-04-30,72.9,61.5,0.0,71,11.2,41,28.6
2025-05-01,71.4,50.2,0.0,72,9.0,40,24.6
2025-05-02,86.1,57.3,0.083,81,9.4,62,26.4
2025-05-03,83.9,64.8,0.429,83,10.2,66,34.2
2025-05-04,69.6,59.8,0.469,99,8.9,87,22.8
2025-05-05,66.4,57.9,0.457,100,9.1,95,22.8
2025-05-06,65.7,57.3,0.772,85,9.6,91,24.2
2025-05-07,71.8,56.8,0.008,60,7.1,68,19.2
2025-05-08,73.9,55.9,0.055,63,7.6,77,17.4
2025-05-09,60.7,53.3,0.634,95,7.7,90,19.0
2025-05-10,68.6,50.3,0.0,50,14.3,63,34.2
2025-05-11,73.5,52.4,0.0,29,7.2,61,18.6
2025-05-12,68.7,51.5,0.0,57,6.8,62,18.8
2025-05-13,67.6,58.3,0.157,100,6.6,85,17.2
2025-05-14,67.4,58.0,1.031,99,12.9,91,30.0
2025-05-15,72.7,59.5,0.047,93,6.1,90,19.2
2025-05-16,73.4,59.6,0.02,100,8.9,92,25.7
2025-05-17,79.2,63.3,0.075,65,12.5,79,31.3
2025-05-18,72.8,58.7,0.012,28,15.3,61,40.3
2025-05-19,67.1,53.3,0.0,22,13.2,57,30.9
2025-05-20,64.1,47.3,0.0,37,9.0,58,24.2
2025-05-21,56.7,49.4,0.11,100,10.8,74,25.5
2025-05-22,54.5,48.0,0.913,100,12.7,87,29.8
2025-05-23,61.1,47.6,0.071,78,8.5,78,24.4
2025-05-24,62.2,47.5,0.016,46,11.1,68,28.6
2025-05-25,66.1,50.9,0.0,58,10.9,64,25.9
2025-05-26,70.5,50.5,0.0,17,7.0,62,18.6
2025-05-27,76.6,53.1,0.0,91,8.9,59,22.6
2025-05-28,66.6,54.0,0.413,100,7.5,66,20.1
2025-05-29,70.3,54.4,0.094,98,7.7,85,18.1
2025-05-30,73.7,61.1,0.142,93,7.0,85,18.3
2025-05-31,66.7,53.9,1.012,88,15.7,79,36.5
2025-06-01,65.3,49.6,0.0,56,13.1,59,30.9
2025-06-02,70.0,49.9,0.0,29,6.7,61,18.3
2025-06-03,79.3,52.3,0.0,3,6.7,56,15.4
2025-06-04,85.0,58.1,0.0,32,9.5,56,24.4
2025-06-05,94.1,67.9,0.0,73,10.0,55,25.7
2025-06-06,88.6,71.0,0.024,69,10.4,60,25.3
2025-06-07,80.0,68.1,0.264,92,10.4,77,22.6
2025-06-08,75.0,62.0,0.051,100,8.8,80,22.1
2025-06-09,69.4,59.4,0.228,100,7.4,88,17.7
2025-06-10,77.4,62.4,0.85,89,7.4,85,20.1
2025-06-11,82.4,62.2,0.0,8,11.4,61,28.0
2025-06-12,89.2,66.7,0.004,37,9.5,54,25.5
2025-06-13,85.3,67.0,0.0,99,7.0,43,20.6
2025-06-14,69.5,60.6,0.185,100,9.0,73,22.8
2025-06-15,66.8,58.8,0.217,100,6.6,82,16.1
2025-06-16,68.3,60.5,0.122,100,8.0,85,19.5
2025-06-17,70.5,62.6,0.516,100,6.5,91,16.6
2025-06-18,83.0,64.8,0.37,100,8.4,91,21.3
2025-06-19,88.1,71.3,0.358,50,10.8,82,28.4
2025-06-20,82.0,65.0,0.012,33,11.3,62,30.4
2025-06-21,89.7,67.6,0.0,37,9.3,58,20.1
2025-06-22,91.7,75.3,0.008,92,12.0,63,30.0
2025-06-23,102.5,78.7,0.0,53,5.9,61,18.3
2025-06-24,102.7,83.3,0.0,8,10.1,43,26.4
2025-06-25,99.1,82.3,0.016,33,8.5,47,21.9
2025-06-26,86.5,67.6,0.0,62,12.0,61,28.9
2025-06-27,72.8,63.9,0.055,75,8.4,62,21.7
2025-06-28,86.2,64.0,0.02,89,8.8,75,21.9
2025-06-29,88.6,73.8,0.0,59,7.6,65,18.6
2025-06-30,94.4,71.5,0.016,71,9.6,58,26.8
2025-07-01,90.1,75.1,0.437,97,11.0,79,27.1
2025-07-02,85.2,73.0,0.083,83,5.1,80,13.0
2025-07-03,87.5,70.7,0.039,19,11.3,66,26.4
2025-07-04,82.2,65.0,0.0,2,6.7,55,18.3
2025-07-05,90.0,65.8,0.0,40,9.2,52,23.3
2025-07-06,93.7,71.1,0.0,40,9.0,51,24.6
2025-07-07,88.9,75.6,0.181,60,10.6,75,27.1
2025-07-08,95.6,74.8,0.543,55,8.4,76,23.3
2025-07-09,88.5,73.4,0.043,40,5.4,74,15.0
2025-07-10,81.0,72.4,0.591,98,4.4,82,10.1
2025-07-11,84.3,71.2,0.031,43,7.5,82,20.4
2025-07-12,86.8,72.5,0.004,76,8.2,81,21.9
2025-07-13,84.8,72.3,0.004,82,8.4,76,20.6
2025-07-14,88.3,73.4,0.866,84,8.7,84,21.0
2025-07-15,84.7,73.0,0.114,50,5.7,85,13.9
2025-07-16,87.2,73.9,0.075,43,7.9,82,20.4
2025-07-17,91.4,74.8,0.307,67,11.1,76,31.1
2025-07-18,85.6,72.1,0.0,60,9.7,51,24.4
2025-07-19,83.9,70.5,0.0,52,8.4,58,23.3
2025-07-20,92.3,74.0,0.043,68,9.3,68,22.6
2025-07-21,88.3,70.3,0.0,16,11.0,51,27.7
2025-07-22,83.2,66.9,0.0,36,9.1,47,23.7
2025-07-23,84.2,68.4,0.0,54,8.5,58,21.5
2025-07-24,88.3,68.2,0.0,79,8.8,58,23.5
2025-07-25,97.1,76.3,0.165,37,13.0,66,29.8
2025-07-26,88.4,74.2,0.0,85,8.5,60,23.0
2025-07-27,87.4,72.2,0.217,81,8.9,76,21.7
2025-07-28,94.3,74.0,0.0,3,7.3,60,17.4
2025-07-29,101.2,76.9,0.0,33,6.5,52,19.7
2025-07-30,99.8,80.3,0.102,47,8.8,56,25.5
2025-07-31,87.7,67.4,0.386,75,9.5,74,22.8
2025-08-01,73.3,64.0,0.071,91,10.2,79,23.0
2025-08-02,77.7,62.4,0.0,48,6.1,67,15.9
2025-08-03,82.7,61.9,0.0,4,7.0,62,16.3
2025-08-04,92.0,63.3,0.0,18,8.7,55,20.8
2025-08-05,86.6,68.8,0.008,89,5.6,62,15.2
2025-08-06,83.6,69.8,0.031,100,7.6,64,19.7
2025-08-07,83.0,66.2,0.016,22,7.6,61,21.5
2025-08-08,83.1,63.2,0.0,4,7.7,54,21.5
2025-08-09,86.9,64.0,0.0,6,7.1,51,19.5
2025-08-10,92.6,66.0,0.0,22,9.6,45,24.6
2025-08-11,90.6,70.4,0.0,12,8.1,47,21.5
2025-08-12,92.9,71.0,0.0,13,9.6,60,25.7
2025-08-13,90.7,74.9,0.228,53,8.7,72,25.1
2025-08-14,87.7,72.9,0.087,61,4.7,78,12.5
2025-08-15,90.7,73.0,0.0,9,7.7,63,20.1
2025-08-16,87.4,73.3,0.13,46,7.1,72,19.5
2025-08-17,95.6,71.9,0.138,67,7.1,68,23.5
2025-08-18,75.4,65.2,0.0,71,9.9,66,24.4
2025-08-19,76.2,63.6,0.0,54,7.8,55,20.8
2025-08-20,72.3,60.2,0.142,88,10.5,75,23.0
2025-08-21,70.9,59.8,0.004,77,14.1,76,32.9
2025-08-22,80.3,59.0,0.0,0,8.2,58,17.7
2025-08-23,82.7,63.5,0.0,11,13.3,58,31.3
2025-08-24,79.5,64.0,0.008,40,11.3,72,28.4
2025-08-25,88.5,67.2,0.0,32,11.2,58,29.8
2025-08-26,80.9,63.8,0.0,23,9.3,42,24.2
2025-08-27,76.8,61.9,0.004,21,9.7,48,24.6
2025-08-28,80.6,59.9,0.0,73,9.0,46,23.7
2025-08-29,81.2,64.7,0.0,52,10.0,50,23.9
2025-08-30,78.0,57.6,0.0,18,8.5,42,22.1
2025-08-31,81.1,58.8,0.0,37,7.6,44,21.0
2025-09-01,78.8,61.6,0.0,47,10.2,54,26.4
2025-09-02,80.4,61.8,0.0,13,7.6,59,20.1
2025-09-03,80.6,60.4,0.0,9,9.1,64,24.8
2025-09-04,77.8,61.4,0.157,34,12.6,73,31.1
2025-09-05,83.0,65.4,0.161,37,11.0,73,27.5
2025-09-06,86.3,66.0,0.917,78,14.1,81,32.0
2025-09-07,69.2,62.1,0.843,91,5.5,84,12.8
2025-09-08,70.7,55.7,0.0,13,5.6,62,16.1
2025-09-09,71.1,55.8,0.0,22,8.9,69,23.0
2025-09-10,69.1,59.3,0.126,85,7.7,75,19.9
2025-09-11,79.6,59.6,0.0,12,7.4,56,19.9
2025-09-12,80.3,61.3,0.0,37,6.1,58,16.6
2025-09-13,80.6,62.0,0.004,33,8.5,71,21.7
2025-09-14,85.0,63.1,0.0,32,5.4,62,17.0
2025-09-15,82.3,64.4,0.0,71,8.0,63,22.6
2025-09-16,75.7,63.4,0.0,91,10.8,61,27.5
2025-09-17,70.7,62.7,0.157,91,9.3,74,23.0
2025-09-18,80.5,64.5,0.004,29,4.4,73,11.4
2025-09-19,82.0,64.9,0.0,1,7.2,63,17.7
2025-09-20,73.7,57.7,0.0,15,7.8,55,19.9
2025-09-21,72.1,57.5,0.0,70,5.4,67,15.7
2025-09-22,72.9,53.9,0.0,45,5.9,72,16.3
2025-09-23,84.5,62.2,0.362,68,9.0,74,22.6
2025-09-24,79.1,65.2,0.142,92,7.4,88,21.7
2025-09-25,74.9,67.6,2.055,98,10.6,93,24.2
2025-09-26,79.3,65.5,0.0,61,5.5,78,16.1
2025-09-27,75.7,62.3,0.016,86,4.0,76,10.1
2025-09-28,82.2,63.8,0.028,29,4.0,76,12.5
2025-09-29,75.0,62.8,0.0,93,6.5,70,14.1
2025-09-30,77.7,62.6,0.0,99,9.1,65,19.9
2025-10-01,68.5,53.5,0.0,11,8.8,49,22.4
2025-10-02,66.2,49.4,0.0,35,5.9,56,15.9
2025-10-03,72.1,48.9,0.0,33,5.5,64,16.6
2025-10-04,81.6,54.4,0.0,19,5.7,62,11.9
2025-10-05,85.3,59.0,0.0,2,6.4,62,15.7
2025-10-06,81.1,59.4,0.0,7,8.5,66,21.5
2025-10-07,81.0,62.9,0.0,53,11.8,68,29.5
2025-10-08,71.2,57.8,0.272,57,11.6,69,25.7
2025-10-09,58.6,47.8,0.0,0,9.3,54,23.9
2025-10-10,61.3,41.1,0.0,16,6.8,62,18.6
2025-10-11,66.0,50.8,0.047,80,8.3,78,18.3
2025-10-12,61.8,55.4,0.559,100,15.3,78,32.2
2025-10-13,58.3,53.9,1.283,100,17.3,88,40.7
2025-10-14,60.8,53.9,0.016,100,11.3,81,26.4
2025-10-15,67.6,52.8,0.0,64,8.3,74,21.3
2025-10-16,59.4,45.0,0.0,4,10.9,51,26.6
2025-10-17,62.6,45.1,0.0,15,9.3,52,20.4
2025-10-18,63.6,43.8,0.0,26,5.1,66,10.7
2025-10-19,69.4,49.8,0.0,35,12.6,81,30.0
2025-10-20,67.8,54.6,0.276,60,15.2,73,39.6
2025-10-21,66.5,46.9,0.016,21,7.8,64,20.1
2025-10-22,61.9,52.3,0.11,53,13.7,69,31.8
2025-10-23,58.7,47.3,0.0,18,11.3,62,27.1
2025-10-24,59.1,43.3,0.0,19,7.8,65,20.8
2025-10-25,57.9,43.1,0.0,44,6.1,66,16.1
2025-10-26,58.0,45.1,0.0,32,4.5,63,13.2
2025-10-27,55.2,38.8,0.0,0,7.3,60,16.3
2025-10-28,54.8,39.7,0.0,64,14.2,63,33.6
2025-10-29,57.5,45.0,0.0,86,10.8,65,24.4
2025-10-30,61.3,51.0,1.654,99,15.6,91,36.9
2025-10-31,58.9,50.3,0.008,42,17.7,67,46.1
2025-11-01,57.8,45.8,0.0,38,14.2,54,38.9
2025-11-02,58.6,39.6,0.0,44,5.7,71,13.9
2025-11-03,56.9,43.2,0.0,74,11.4,79,24.8
2025-11-04,58.4,46.6,0.0,7,13.9,49,35.1
2025-11-05,64.0,40.3,0.004,65,14.4,57,33.8
2025-11-06,56.4,40.9,0.035,41,15.0,54,36.7
2025-11-07,59.0,34.8,0.0,89,11.5,63,26.6
2025-11-08,64.7,52.6,0.244,66,9.1,74,19.9
2025-11-09,61.2,47.0,0.008,81,9.7,87,22.6
2025-11-10,56.5,36.0,0.52,70,10.9,84,25.5
2025-11-11,39.8,33.4,0.024,62,17.6,57,41.6
2025-11-12,48.1,36.0,0.004,83,10.0,61,23.3
2025-11-13,50.6,41.7,0.008,25,13.1,64,33.3
2025-11-14,49.8,37.5,0.0,35,10.6,64,27.5
2025-11-15,47.2,34.2,0.173,67,8.1,70,22.8
2025-11-16,54.9,40.1,0.004,34,16.0,61,39.6
2025-11-17,42.8,34.5,0.004,29,16.4,51,39.8
2025-11-18,45.8,33.8,0.0,45,9.9,58,22.8
2025-11-19,46.9,36.1,0.142,68,5.0,76,13.2
2025-11-20,45.9,32.2,0.0,62,4.0,71,8.9
2025-11-21,51.4,37.0,0.0,99,9.2,82,21.9
2025-11-22,51.4,39.7,0.224,65,8.9,80,20.1
2025-11-23,45.4,30.7,0.0,37,7.5,73,18.1
2025-11-24,52.2,39.5,0.0,29,8.7,62,22.1
2025-11-25,54.6,37.2,0.386,100,11.0,80,21.5
2025-11-26,59.4,50.9,0.189,78,11.9,92,24.8
2025-11-27,50.5,36.8,0.0,68,12.7,50,29.1
2025-11-28,42.1,32.5,0.0,14,16.5,50,41.2
2025-11-29,42.3,32.2,0.0,19,10.5,52,24.4
2025-11-30,40.7,32.1,0.11,100,8.4,80,17.0
2025-12-01,42.9,32.1,0.0,53,11.2,56,24.8
2025-12-02,37.3,29.8,0.673,100,10.5,84,22.6
2025-12-03,39.6,29.8,0.0,24,11.2,69,25.5
2025-12-04,41.6,25.5,0.004,34,14.4,65,33.8
2025-12-05,30.0,19.6,0.0,56,9.1,53,25.7
2025-12-06,40.1,29.1,0.012,73,6.5,72,13.2
2025-12-07,40.8,29.5,0.0,51,7.5,68,17.9
2025-12-08,35.4,23.8,0.0,87,12.0,47,28.6
2025-12-09,31.3,18.7,0.0,57,9.8,41,22.1
2025-12-10,43.1,31.0,0.118,98,11.4,77,23.9
2025-12-11,39.0,27.9,0.0,45,15.3,60,36.9
2025-12-12,34.5,23.0,0.0,3,10.5,50,25.7
2025-12-13,38.2,24.4,0.028,88,4.9,66,13.6
2025-12-14,32.8,18.2,0.433,76,12.1,82,25.3
2025-12-15,26.8,16.9,0.0,52,11.3,69,24.6
2025-12-16,28.0,17.3,0.0,56,7.4,74,14.8
2025-12-17,40.3,20.8,0.0,61,8.5,71,17.0
2025-12-18,43.5,25.0,0.0,47,7.3,85,16.6
2025-12-19,57.3,31.6,1.0,83,18.9,81,43.6
2025-12-20,36.6,28.4,0.0,49,11.8,59,28.6
2025-12-21,45.8,28.9,0.0,39,14.2,58,32.7
2025-12-22,37.4,27.1,0.0,34,9.1,56,20.4
2025-12-23,36.8,32.4,0.134,100,6.6,85,15.0
2025-12-24,45.1,30.4,0.0,39,16.2,70,36.9
2025-12-25,46.6,28.9,0.0,76,13.9,63,31.8
2025-12-26,27.1,20.9,0.268,81,7.5,56,18.1
2025-12-27,30.6,18.5,0.205,93,10.0,89,23.0
2025-12-28,33.6,11.4,0.035,83,5.8,88,12.3
2025-12-29,45.0,29.7,0.15,85,15.8,84,36.5
2025-12-30,31.6,26.7,0.0,83,17.9,47,40.9
2025-12-31,31.8,25.6,0.0,77,10.4,49,25.9
2026-01-01,33.1,19.4,0.067,47,15.5,55,36.0
2026-01-02,29.0,19.5,0.012,83,8.7,61,20.8
2026-01-03,30.6,20.0,0.0,71,7.1,49,16.6
2026-01-04,33.6,24.4,0.012,66,7.6,64,19.2
2026-01-05,33.6,23.1,0.035,75,7.6,70,16.1
2026-01-06,38.7,28.4,0.012,97,5.3,82,10.7
2026-01-07,48.1,33.7,0.008,73,11.3,84,29.5
2026-01-08,49.8,35.1,0.0,8,7.3,76,15.4
2026-01-09,51.1,32.1,0.118,69,10.8,85,26.2
2026-01-10,47.8,39.1,0.48,100,8.4,88,17.0
2026-01-11,46.8,34.3,0.012,71,12.4,71,29.5
2026-01-12,40.4,30.1,0.0,30,14.0,57,31.1
2026-01-13,45.0,30.9,0.0,56,10.0,64,21.5
2026-01-14,48.7,39.7,0.004,100,7.1,67,16.1
2026-01-15,43.8,24.4,0.004,49,12.2,62,29.1
2026-01-16,32.1,20.9,0.0,33,13.9,43,35.8
2026-01-17,35.3,24.4,0.177,74,6.8,76,16.6
2026-01-18,33.1,23.8,0.386,95,8.4,96,17.4
2026-01-19,29.5,20.4,0.0,52,10.1,78,22.4
2026-01-20,23.9,12.7,0.0,1,11.2,60,25.3
2026-01-21,33.9,5.7,0.0,48,9.3,63,21.0
2026-01-22,43.7,32.4,0.008,74,11.1,61,23.9
2026-01-23,36.0,18.6,0.0,66,15.7,40,35.6
2026-01-24,18.4,8.4,0.0,75,12.9,35,30.6
2026-01-25,22.7,10.0,1.24,100,15.4,68,42.7
2026-01-26,26.4,17.2,0.024,90,12.8,78,25.9
2026-01-27,18.8,9.0,0.004,32,13.1,66,27.3
2026-01-28,20.0,8.9,0.0,36,9.8,68,21.0
2026-01-29,18.1,5.6,0.0,8,9.2,68,18.6
2026-01-30,15.5,4.8,0.0,0,9.4,62,19.7
2026-01-31,19.8,3.8,0.0,47,11.4,70,23.3
2026-02-01,20.6,6.7,0.0,97,14.8,66,30.6
2026-02-02,30.7,12.4,0.0,7,11.2,62,22.8
2026-02-03,30.3,11.5,0.0,31,6.2,70,12.8
2026-02-04,30.3,14.7,0.0,50,9.1,68,19.5
2026-02-05,27.2,11.8,0.0,9,7.4,73,14.3
2026-02-06,27.7,11.5,0.008,84,5.5,75,10.7
2026-02-07,25.4,2.4,0.047,90,17.5,69,37.8
2026-02-08,13.7,0.3,0.0,2,14.0,60,28.9
2026-02-09,25.2,6.4,0.0,33,9.9,66,20.8
2026-02-10,31.4,15.8,0.0,99,8.8,73,17.7
2026-02-11,37.8,29.2,0.051,75,11.3,74,23.3
2026-02-12,33.4,24.1,0.0,86,10.9,71,27.3
2026-02-13,33.6,16.8,0.0,38,7.9,72,15.9
2026-02-14,38.5,19.7,0.0,34,6.5,77,13.0
2026-02-15,36.3,20.9,0.02,86,6.1,83,12.3
2026-02-16,35.7,28.0,0.067,69,8.1,80,17.0
2026-02-17,42.4,32.6,0.0,60,7.2,86,17.7
2026-02-18,38.1,32.2,0.11,97,5.4,95,10.5
2026-02-19,37.8,34.3,0.0,100,6.2,80,14.1
2026-02-20,38.3,34.1,0.311,100,8.6,92,18.8
2026-02-21,46.4,31.3,0.004,81,7.0,79,17.4
2026-02-22,36.5,30.9,0.531,96,14.1,91,30.2
2026-02-23,34.9,28.9,0.772,100,19.8,78,43.0
2026-02-24,29.4,10.9,0.0,40,12.6,69,28.9
2026-02-25,36.5,9.9,0.075,65,8.4,80,16.8
2026-02-26,39.8,25.5,0.047,64,8.4,73,16.1
2026-02-27,34.2,16.3,0.0,3,8.4,81,16.3
2026-02-28,37.3,19.9,0.0,52,2.8,96,7.8
2026-03-01,37.8,24.1,0.047,52,9.7,77,19.9
2026-03-02,28.3,13.9,0.0,43,7.1,62,14.3
2026-03-03,33.7,20.5,0.35,92,5.3,86,12.1
2026-03-04,45.3,33.1,0.114,86,5.5,91,11.2
2026-03-05,41.4,36.2,0.61,100,10.0,98,20.6
2026-03-06,42.3,36.0,0.543,100,9.9,87,22.6
2026-03-07,49.4,35.7,0.0,100,7.2,91,17.4
2026-03-08,68.4,48.7,0.008,89,9.1,80,19.5
2026-03-09,68.9,40.3,0.0,1,7.6,64,18.6
2026-03-10,75.9,44.2,0.0,3,7.3,66,18.1
2026-03-11,73.2,52.9,0.083,56,9.5,72,22.6
2026-03-12,63.3,34.9,0.555,85,14.4,85,34.7
2026-03-13,41.5,29.2,0.106,51,12.2,58,29.1
2026-03-14,50.0,35.7,0.004,23,17.4,54,41.2
2026-03-15,44.5,34.1,0.0,95,9.8,63,23.9
2026-03-16,62.8,45.5,0.689,100,16.4,93,37.4
2026-03-17,56.2,31.3,0.094,61,21.4,53,51.9
2026-03-18,36.0,24.7,0.0,26,7.9,51,18.3
2026-03-19,40.7,28.8,0.0,65,5.6,67,16.8
2026-03-20,54.1,33.4,0.138,69,12.2,73,25.3
2026-03-21,56.8,42.8,0.008,61,9.9,74,24.4
2026-03-22,61.3,40.7,0.35,94,11.9,79,28.9
2026-03-23,50.0,34.7,0.539,87,10.7,82,24.4
2026-03-24,46.8,31.4,0.0,21,9.1,55,22.8
2026-03-25,51.5,33.4,0.0,90,10.7,62,23.5
2026-03-26,71.7,43.3,0.008,84,13.1,62,28.6
2026-03-27,63.2,39.1,0.165,85,12.5,67,32.9
2026-03-28,42.4,28.5,0.0,31,11.3,47,28.0
2026-03-29,53.9,29.2,0.0,43,9.1,54,24.4
2026-03-30,69.1,43.6,0.0,54,12.1,60,28.9
2026-03-31,78.9,59.5,0.039,84,12.7,58,31.8
2026-04-01,77.5,54.2,0.031,84,11.5,60,26.4
2026-04-02,53.7,42.3,0.201,100,13.7,81,29.1
2026-04-03,69.4,41.4,0.004,97,13.4,78,31.5
2026-04-04,70.1,44.7,0.0,63,12.4,70,30.6
2026-04-05,59.8,43.3,0.343,99,9.5,83,22.8
2026-04-06,54.5,38.8,0.0,35,13.1,50,32.0
2026-04-07,52.3,33.8,0.0,33,14.3,55,34.7
2026-04-08,48.7,29.1,0.0,0,8.8,52,22.6
2026-04-09,49.9,32.4,0.0,22,8.6,70,23.3
2026-04-10,63.4,37.7,0.0,36,9.0,72,23.7
2026-04-11,62.8,49.6,0.012,20,10.6,48,27.1
2026-04-12,55.8,41.3,0.0,48,10.2,47,26.4
2026-04-13,78.7,47.0,0.008,74,15.7,61,37.4
2026-04-14,87.1,60.7,0.0,53,14.2,53,33.1
2026-04-15,89.6,65.5,0.012,84,10.3,53,29.3
2026-04-16,89.9,72.1,0.0,85,9.5,49,25.3
2026-04-17,79.0,63.1,0.13,43,8.9,59,24.2
2026-04-18,68.2,51.2,0.0,51,9.0,75,24.4
2026-04-19,52.7,43.7,0.579,79,12.4,78,32.7
2026-04-20,50.4,37.1,0.02,23,10.7,60,27.1
2026-04-21,52.7,32.0,0.0,32,8.9,48,20.6
2026-04-22,54.1,43.3,0.185,85,10.2,75,24.6
2026-04-23,72.2,44.3,0.055,44,10.3,58,25.7
2026-04-24,69.6,50.0,0.0,69,7.6,42,21.7
2026-04-25,50.2,42.4,0.941,100,8.9,73,22.4
2026-04-26,55.8,41.5,0.217,64,9.7,78,25.3
2026-04-27,66.9,42.4,0.0,1,6.4,65,16.1
2026-04-28,64.4,45.1,0.0,71,5.7,56,15.0
2026-04-29,62.9,49.3,0.102,99,9.1,64,25.1
2026-04-30,59.8,47.8,0.323,84,7.1,79,17.0
2026-05-01,64.9,44.1,0.0,30,9.7,58,22.8
2026-05-02,59.3,48.2,0.098,88,8.3,62,18.6
2026-05-03,57.7,43.5,0.0,61,14.5,45,36.0
2026-05-04,75.5,46.8,0.0,13,13.6,40,32.4
2026-05-05,84.4,58.9,0.0,37,14.0,43,34.9
2026-05-06,72.7,58.5,0.217,85,14.0,68,32.2
2026-05-07,66.4,50.8,0.094,45,11.4,54,28.6
2026-05-08,64.7,46.5,0.012,44,13.3,46,33.6
2026-05-09,65.3,51.3,0.496,81,9.1,76,28.2
2026-05-10,74.8,50.1,0.051,80,9.6,77,26.8
2026-05-11,62.7,52.3,0.0,84,10.6,38,27.7
2026-05-12,68.2,45.3,0.004,19,11.3,41,26.4
2026-05-13,76.5,52.8,0.0,92,13.8,52,33.1
2026-05-14,66.3,55.2,0.118,72,11.0,66,26.6
2026-05-15,66.8,49.4,0.0,53,9.6,55,25.5
2026-05-16,82.9,52.8,0.0,9,11.0,46,26.8
2026-05-17,90.5,67.6,0.0,43,9.2,43,24.8
2026-05-18,90.2,70.3,0.0,42,10.6,51,28.6
2026-05-19,96.5,74.3,0.028,19,13.2,47,32.9
2026-05-20,92.7,71.3,0.193,52,11.5,55,31.1
2026-05-21,69.9,57.3,0.417,98,8.2,66,21.7
2026-05-22,69.1,55.1,0.0,97,9.0,48,24.4
2026-05-23,57.4,50.5,0.602,100,8.9,68,19.9
2026-05-24,59.3,50.5,1.106,100,10.2,91,24.6
2026-05-25,73.6,56.9,0.189,95,6.8,88,17.7
2026-05-26,78.8,58.5,0.0,68,6.3,66,16.6
2026-05-27,81.6,65.8,0.0,87,8.5,71,23.3
2026-05-28,76.5,64.5,0.0,41,15.3,44,36.2
2026-05-29,80.2,57.8,0.004,51,10.5,40,25.9
2026-05-30,69.1,53.1,0.0,48,17.2,47,41.8
2026-05-31,78.0,49.6,0.0,48,11.9,46,28.0
2026-06-01,71.2,57.2,0.0,45,9.9,52,26.4
2026-06-02,77.4,52.1,0.0,35,9.6,47,24.2
2026-06-03,84.7,60.3,0.0,18,9.7,34,23.0
2026-06-04,89.1,62.5,0.0,27,9.4,37,24.2
2026-06-05,92.6,66.0,0.0,65,9.1,42,23.5
2026-06-06,91.9,69.8,0.307,81,12.5,51,39.8
2026-06-07,84.6,68.4,0.024,19,11.5,57,32.9
2026-06-08,76.1,64.0,0.0,45,12.0,48,28.0
2026-06-09,81.9,58.8,0.0,5,9.4,45,25.1
2026-06-10,84.0,69.4,0.11,85,8.9,62,24.8
2026-06-11,94.2,72.7,0.138,77,14.1,67,33.8
2026-06-12,93.9,74.8,0.201,57,10.0,68,29.1
2026-06-13,88.7,70.5,0.0,32,8.2,49,21.3
2026-06-14,91.1,70.8,0.043,85,12.6,51,30.2
2026-06-15,75.3,63.7,0.752,32,11.6,63,28.4
2026-06-16,78.7,57.3,0.0,21,10.8,53,26.4
2026-06-17,78.2,62.1,0.039,57,10.2,66,26.6
2026-06-18,89.2,67.9,0.043,71,19.3,65,49.2
2026-06-19,84.2,70.8,0.0,59,11.5,38,28.4
2026-06-20,84.3,67.1,0.0,6,12.6,38,32.0
2026-06-21,83.3,65.8,0.0,27,6.9,42,19.2
2026-06-22,76.7,69.0,0.331,93,9.5,69,24.6
2026-06-23,71.2,67.8,0.63,96,7.1,91,18.6
2026-06-24,81.5,63.5,0.0,18,9.3,57,19.9
2026-06-25,84.0,63.6,0.0,35,11.0,58,27.3
2026-06-26,81.7,66.6,0.232,95,7.7,75,19.0
2026-06-27,77.5,69.9,0.555,81,4.4,81,15.2
2026-06-28,80.8,67.6,0.075,51,5.1,78,14.1
2026-06-29,87.8,67.2,0.0,33,8.9,64,21.9
2026-06-30,92.0,71.5,0.039,68,9.7,54,24.4
2026-07-01,95.6,74.8,0.15,57,8.0,63,22.6
2026-07-02,102.4,80.1,0.051,12,8.3,57,21.0
2026-07-03,101.3,83.0,0.091,24,11.5,50,27.5
2026-07-04,94.6,77.3,0.067,39,11.4,59,27.3
2026-07-05,83.3,71.5,1.547,97,7.2,87,17.7
2026-07-06,71.5,66.8,2.134,100,11.8,96,26.2
2026-07-07,72.1,64.0,0.079,100,8.9,85,23.0
2026-07-08,85.1,64.3,0.0,15,6.6,73,16.3
2026-07-09,84.7,69.3,0.256,59,9.0,86,21.9
2026-07-10,84.7,72.8,0.02,73,6.7,80,17.4
2026-07-11,80.5,70.9,0.815,80,8.2,80,20.8
2026-07-12,84.0,67.4,0.02,14,6.5,63,15.2
2026-07-13,84.4,67.2,0.012,21,8.5,61,21.9
2026-07-14,91.4,69.8,0.0,26,11.7,59,26.6
2026-07-15,95.6,76.7,0.039,39,12.0,60,29.1
2026-07-16,90.1,73.1,0.012,53,12.3,57,28.2
2026-07-17,85.9,69.8,0.0,42,6.0,49,17.0
2026-07-18,79.2,70.7,1.224,91,10.3,83,23.3
2026-07-19,80.2,70.7,0.059,23,11.6,62,24.8
2026-07-20,84.6,62.2,0.0,13,8.4,48,21.5
2026-07-21,82.2,70.3,0.61,97,14.4,82,33.3
2026-07-22,85.4,71.6,0.008,39,9.8,68,25.3
2026-07-23,81.8,63.4,0.0,10,7.8,48,21.0
2026-07-24,83.6,64.0,0.0,33,8.1,54,23.0
2026-07-25,82.7,64.4,0.0,13,7.1,54,19.5
2026-07-26,84.6,63.7,0.0,30,6.5,56,17.0
2026-07-27,85.6,69.4,0.11,23,9.5,65,25.1
2026-07-28,81.0,69.5,0.854,84,10.2,86,25.9
2026-07-29,82.0,69.3,2.315,64,9.2,84,23.5
2026-07-30,76.7,67.0,0.283,60,8.8,83,22.6
2026-07-31,83.5,66.7,0.031,21,4.7,81,14.8
2026-08-01,84.7,69.7,0.039,66,9.2,74,22.4
2026-08-02,82.0,72.6,0.441,89,12.7,80,30.4
2026-08-03,82.9,72.2,1.563,69,13.7,84,28.4
2026-08-04,83.4,65.1,0.0,67,6.5,68,16.6
2026-08-05,82.6,68.2,0.079,80,6.4,78,17.0
2026-08-06,89.5,73.9,0.106,36,9.8,80,21.3
2026-08-07,91.9,75.9,0.209,37,7.1,78,18.6
2026-08-08,87.6,72.8,0.126,39,11.1,79,28.0
2026-08-09,90.4,74.1,0.0,17,7.3,64,18.8
2026-08-10,90.2,70.7,0.075,47,8.7,65,23.5
2026-08-11,87.2,72.2,0.26,76,6.6,76,19.2
2026-08-12,87.8,72.0,0.016,42,6.9,52,17.9
2026-08-13,84.7,67.9,0.461,60,9.4,72,20.4
2026-08-14,84.2,69.4,0.016,39,7.0,67,22.8
2026-08-15,82.9,65.2,0.0,18,5.8,66,15.9
2026-08-16,80.2,68.0,0.122,69,9.3,77,23.0
2026-08-17,81.0,68.5,0.276,92,7.6,85,17.4
2026-08-18,84.6,71.5,0.177,54,6.0,83,14.8
2026-08-19,85.8,68.1,0.0,28,7.1,68,19.0
2026-08-20,83.3,65.5,1.071,55,13.2,78,27.1
2026-08-21,77.7,63.7,0.004,82,9.5,77,22.4
2026-08-22,76.4,67.5,0.004,79,5.1,80,12.3
2026-08-23,79.9,67.7,0.465,47,8.3,78,21.7
2026-08-24,78.0,63.1,0.02,10,8.5,69,22.8
2026-08-25,77.3,62.9,0.008,19,7.2,69,19.0
2026-08-26,80.8,62.8,0.0,32,7.1,73,17.4
2026-08-27,79.2,68.8,0.189,79,10.8,82,30.2
2026-08-28,82.9,69.9,0.043,70,8.2,77,17.9
2026-08-29,77.9,61.8,0.0,5,8.2,56,18.6
2026-08-30,83.4,63.2,0.232,73,9.0,69,21.9
2026-08-31,79.1,68.5,0.043,89,5.8,79,16.1
2026-09-01,82.2,69.3,1.102,92,9.2,90,20.8
2026-09-02,70.8,67.4,0.126,100,6.4,87,16.6
